i,j,score,accepted,guard_dropped
0,4154,0.9508415943534891,True,False
1,6837,0.9966903738660419,True,False
2,3234,0.9934753990350542,True,False
2,3341,0.9975340164615294,True,False
2,4260,0.9975340164615294,True,False
3,3257,0.9987516343887362,True,False
3,7403,0.9987516343887362,True,False
4,5503,0.9976962095979076,True,False
4,7083,0.9987516343887362,True,False
5,7018,0.9987516343887362,True,False
6,6760,0.9987516343887362,True,False
9,1672,0.9983884245508575,True,False
10,1512,0.9956300099634801,True,False
10,5423,0.9987516343887362,True,False
12,970,0.9934753990350542,True,False
12,1590,0.9934753990350542,True,False
12,3780,0.9737445694382172,True,False
13,1702,0.9950648084917336,True,False
14,5240,0.9934753990350542,True,False
15,3041,0.9987516343887362,True,False
16,6703,0.9975340164615294,True,False
17,745,0.9934753990350542,True,False
19,243,0.9984686580491425,True,False
20,317,0.9953097333751223,True,False
21,2971,0.9987516343887362,True,False
22,2648,0.9966903738660419,True,False
25,5242,0.9987516343887362,True,False
27,631,0.9978563561645535,True,False
28,33,0.9987516343887362,True,False
29,654,0.9976962095979076,True,False
31,4923,0.9979197595370883,True,False
34,5069,0.9984461500974169,True,False
34,5476,0.9987516343887362,True,False
35,4415,0.9976962095979076,True,False
36,5373,0.9982452686441156,True,False
36,5488,0.9982452686441156,True,False
37,1237,0.9939029047180966,True,False
37,2710,0.9976962095979076,True,False
37,7046,0.9966903738660419,True,False
39,7148,0.9987516343887362,True,False
43,6695,0.9987516343887362,True,False
46,1736,0.9966903738660419,True,False
46,4204,0.9987516343887362,True,False
46,4680,0.9966903738660419,True,False
47,6576,0.995400680151444,True,False
50,6925,0.9987516343887362,True,False
51,788,0.9987516343887362,True,False
52,4098,0.9943252407018788,True,False
53,1065,0.9983505803534152,True,False
56,187,0.9871775715711383,True,False
56,2493,0.9951345565222027,True,False
56,6242,0.9951345565222027,True,False
57,5936,0.9987516343887362,True,False
58,2055,0.9869952477161212,True,False
59,3723,0.9987516343887362,True,False
60,3929,0.9958128395225163,True,False
60,5331,0.9958128395225163,True,False
61,3010,0.9987516343887362,True,False
63,1223,0.9987516343887362,True,False
64,1286,0.9976962095979076,True,False
64,4452,0.9987516343887362,True,False
65,2281,0.9934753990350542,True,False
65,2691,0.9987516343887362,True,False
66,5957,0.9950692194805554,True,False
66,7149,0.9950692194805554,True,False
67,6437,0.9966903738660419,True,False
68,6640,0.9987516343887362,True,False
70,3500,0.9950692194805554,True,False
70,3773,0.9987516343887362,True,False
71,2638,0.9956300099634801,True,False
72,2877,0.9987516343887362,True,False
73,4348,0.9939029047180966,True,False
74,4611,0.9966903738660419,True,False
76,923,0.9987516343887362,True,False
76,3817,0.9966903738660419,True,False
76,7035,0.9973151677640237,True,False
77,1025,0.9987516343887362,True,False
77,5720,0.9987516343887362,True,False
77,5759,0.996535470187147,True,False
78,6383,0.9987516343887362,True,False
79,915,0.9987516343887362,True,False
80,5196,0.9948944964858136,True,False
81,448,0.9975340164615294,True,False
81,3566,0.9934753990350542,True,False
82,2030,0.9987516343887362,True,False
82,3268,0.996535470187147,True,False
82,5296,0.9987516343887362,True,False
84,578,0.9983039944199337,True,False
84,6171,0.8200311883083774,True,False
84,6378,0.9983039944199337,True,False
85,1434,0.9974112369640995,True,False
86,1793,0.9966903738660419,True,False
87,5278,0.9966903738660419,True,False
90,5928,0.9987516343887362,True,False
91,4381,0.8474468118784135,True,False
93,2266,0.9987516343887362,True,False
93,5359,0.9970051010599466,True,False
97,4863,0.9987516343887362,True,False
98,202,0.9966903738660419,True,False
98,5673,0.9987516343887362,True,False
99,1676,0.7507351053978171,True,False
99,5899,0.7728238047369974,True,False
100,3961,0.9987516343887362,True,False
101,4146,0.9987516343887362,True,False
102,1153,0.9973151677640237,True,False
103,6278,0.9987516343887362,True,False
105,1483,0.9983039944199337,True,False
106,4367,0.9987516343887362,True,False
107,6293,0.9939029047180966,True,False
108,3985,0.9987516343887362,True,False
109,3808,0.9987516343887362,True,False
110,7246,0.7752217905095999,True,False
111,1091,0.9943252407018788,True,False
111,3680,0.9987516343887362,True,False
111,7469,0.9950648084917336,True,False
113,2142,0.995400680151444,True,False
115,1867,0.9975340164615294,True,False
117,6730,0.9987516343887362,True,False
118,1200,0.9978563561645535,True,False
119,133,0.9951999406776808,True,False
119,479,0.9987516343887362,True,False
120,2023,0.7852511406434748,True,False
122,7488,0.9966903738660419,True,False
123,378,0.9983505803534152,True,False
123,4541,0.9983505803534152,True,False
125,1189,0.9987516343887362,True,False
125,4298,0.9966903738660419,True,False
126,940,0.9950648084917336,True,False
128,7162,0.9968294073503572,True,False
131,7102,0.9957300078086366,True,False
132,7241,0.9987516343887362,True,False
133,479,0.9951999406776808,True,False
135,1703,0.9981689989681672,True,False
138,4192,0.9953097333751223,True,False
140,5310,0.9987516343887362,True,False
140,6312,0.9983505803534152,True,False
141,6264,0.9966903738660419,True,False
145,2155,0.9966903738660419,True,False
145,4841,0.9987516343887362,True,False
147,5123,0.9953097333751223,True,False
147,5684,0.9876356745221663,True,False
148,1865,0.9987516343887362,True,False
148,4565,0.9981382614011772,True,False
149,7007,0.9978563561645535,True,False
150,646,0.9987516343887362,True,False
151,7060,0.9987516343887362,True,False
152,3335,0.9987516343887362,True,False
155,6341,0.995400680151444,True,False
156,4643,0.9956300099634801,True,False
157,667,0.9984686580491425,True,False
159,2646,0.9946380086980074,True,False
159,5776,0.9946380086980074,True,False
160,678,0.9969271015460225,True,False
161,5733,0.9966903738660419,True,False
164,263,0.9981689989681672,True,False
164,2919,0.9966903738660419,True,False
164,4425,0.9981689989681672,True,False
165,207,0.9979749008420777,True,False
165,1649,0.9979749008420777,True,False
166,6095,0.9983505803534152,True,False
167,6981,0.9987516343887362,True,False
168,5425,0.7518957691791132,True,False
168,5788,0.9979749008420777,True,False
168,6131,0.9987516343887362,True,False
169,514,0.9918834695588814,True,False
169,972,0.9946380086980074,True,False
169,2641,0.9979749008420777,True,False
170,947,0.9966903738660419,True,False
171,1601,0.9987516343887362,True,False
172,6895,0.9966903738660419,True,False
173,379,0.9953518047315162,True,False
173,3644,0.9953518047315162,True,False
174,2962,0.9987516343887362,True,False
175,3422,0.9869952477161212,True,False
176,2146,0.9966903738660419,True,False
177,4011,0.9966903738660419,True,False
178,4739,0.9984197686403924,True,False
181,1473,0.9987516343887362,True,False
181,5438,0.8627242056508485,True,False
182,922,0.9983505803534152,True,False
183,7259,0.9987516343887362,True,False
184,572,0.9966903738660419,True,False
184,5279,0.9966903738660419,True,False
185,3515,0.9966903738660419,True,False
186,3628,0.9958128395225163,True,False
186,5389,0.9958128395225163,True,False
187,2493,0.9966903738660419,True,False
187,6242,0.9966903738660419,True,False
193,4932,0.9948785963092984,True,False
194,413,0.9987516343887362,True,False
194,5319,0.9987516343887362,True,False
194,5548,0.8042542670399768,True,False
196,5999,0.9966903738660419,True,False
197,3524,0.9983505803534152,True,False
198,2755,0.9833451615993634,True,False
198,4239,0.9983505803534152,True,False
199,342,0.9987516343887362,True,False
200,1315,0.9966903738660419,True,False
201,2137,0.9954772360045787,True,False
202,5673,0.9966903738660419,True,False
203,270,0.9987516343887362,True,False
204,2260,0.8288667144097164,True,False
207,1649,0.9987516343887362,True,False
208,1208,0.9966903738660419,True,False
209,2782,0.9987516343887362,True,False
210,3050,0.9983505803534152,True,False
210,6367,0.9983505803534152,True,False
210,6797,0.9983505803534152,True,False
211,7111,0.9951999406776808,True,False
212,2078,0.9975340164615294,True,False
216,6886,0.9987516343887362,True,False
217,731,0.9953097333751223,True,False
220,2775,0.9987516343887362,True,False
221,5037,0.9966903738660419,True,False
222,1738,0.9984197686403924,True,False
223,2044,0.9966903738660419,True,False
224,4918,0.981182179498947,True,False
224,5947,0.981182179498947,True,False
225,6561,0.7510097740411201,True,False
225,7391,0.9987516343887362,True,False
226,6914,0.9987516343887362,True,False
228,2766,0.9951999406776808,True,False
228,5451,0.9951999406776808,True,False
229,5569,0.9983505803534152,True,False
230,1235,0.9943252407018788,True,False
231,4836,0.9976962095979076,True,False
232,968,0.9987516343887362,True,False
233,1114,0.8251056158013815,True,False
234,1874,0.9968294073503572,True,False
236,3429,0.9953097333751223,True,False
236,4762,0.9987516343887362,True,False
237,2720,0.9987516343887362,True,False
237,3754,0.9953518047315162,True,False
238,611,0.9987516343887362,True,False
240,2747,0.9987516343887362,True,False
242,3349,0.9950648084917336,True,False
245,296,0.9946380086980074,True,False
246,6586,0.9976962095979076,True,False
248,5513,0.9975340164615294,True,False
250,2990,0.9987516343887362,True,False
250,4856,0.9969271015460225,True,False
251,530,0.9987516343887362,True,False
251,6166,0.9983039944199337,True,False
252,2490,0.9987516343887362,True,False
253,1832,0.9966903738660419,True,False
255,3407,0.9987516343887362,True,False
256,5806,0.9987516343887362,True,False
257,5183,0.9939029047180966,True,False
258,2608,0.9976962095979076,True,False
258,3511,0.9987516343887362,True,False
259,5500,0.9981382614011772,True,False
260,2129,0.9976962095979076,True,False
262,6986,0.9987516343887362,True,False
263,2919,0.995150381172694,True,False
263,4425,0.9987516343887362,True,False
264,5878,0.9987516343887362,True,False
265,3641,0.9983884245508575,True,False
266,2452,0.9987516343887362,True,False
267,2500,0.9957300078086366,True,False
268,799,0.996535470187147,True,False
269,588,0.9983884245508575,True,False
271,3799,0.9987516343887362,True,False
272,3919,0.9975340164615294,True,False
272,4999,0.7745835271034792,True,False
272,5566,0.8142609970643555,True,False
272,5968,0.7745835271034792,True,False
272,7120,0.9975340164615294,True,False
273,921,0.9987516343887362,True,False
273,3320,0.995150381172694,True,False
274,4312,0.9873485260609695,True,False
274,5239,0.9873485260609695,True,False
274,6212,0.9873485260609695,True,False
276,420,0.9987516343887362,True,False
277,918,0.9953518047315162,True,False
277,4700,0.9966903738660419,True,False
280,755,0.9983039944199337,True,False
282,339,0.9983505803534152,True,False
283,3714,0.9987516343887362,True,False
284,1010,0.9957300078086366,True,False
285,1219,0.9935707990230515,True,False
287,1599,0.9920828818225981,True,False
287,4925,0.9970051010599466,True,False
287,6073,0.9966903738660419,True,False
289,4355,0.9978209634883989,True,False
290,3813,0.9981689989681672,True,False
290,7113,0.9795481281357218,True,False
292,5544,0.9987516343887362,True,False
293,785,0.9976962095979076,True,False
293,5724,0.9976962095979076,True,False
293,5726,0.9939029047180966,True,False
294,3415,0.9987516343887362,True,False
294,4708,0.9987516343887362,True,False
295,4608,0.9966903738660419,True,False
300,5224,0.9978563561645535,True,False
300,7117,0.9978563561645535,True,False
301,7470,0.9966903738660419,True,False
302,7356,0.9987516343887362,True,False
304,1246,0.9987516343887362,True,False
304,2004,0.9978209634883989,True,False
305,3245,0.9987516343887362,True,False
305,7284,0.9951999406776808,True,False
306,2929,0.9966903738660419,True,False
308,5165,0.9966903738660419,True,False
309,2430,0.9976962095979076,True,False
311,5021,0.9974112369640995,True,False
312,2021,0.9966903738660419,True,False
312,5396,0.9987516343887362,True,False
312,6908,0.9987516343887362,True,False
313,4015,0.9987516343887362,True,False
314,3097,0.9979749008420777,True,False
316,1109,0.9987516343887362,True,False
318,3839,0.9928989241848947,True,False
320,837,0.9981689989681672,True,False
320,2088,0.9987516343887362,True,False
320,5159,0.9987516343887362,True,False
321,2460,0.8424928871536954,True,False
323,1080,0.9953097333751223,True,False
323,5458,0.9953097333751223,True,False
324,1882,0.9987516343887362,True,False
324,2906,0.9979749008420777,True,False
324,2964,0.9956300099634801,True,False
326,5238,0.9978563561645535,True,False
327,7415,0.9970051010599466,True,False
328,4542,0.9939029047180966,True,False
329,3381,0.9966903738660419,True,False
330,3246,0.9987516343887362,True,False
332,1887,0.9939029047180966,True,False
334,6263,0.9966903738660419,True,False
335,4041,0.9942318844771555,True,False
335,5036,0.9978209634883989,True,False
337,1433,0.9975340164615294,True,False
337,2319,0.9934753990350542,True,False
340,5630,0.9983505803534152,True,False
341,3238,0.9976962095979076,True,False
344,4019,0.9951999406776808,True,False
344,4695,0.9934753990350542,True,False
344,5272,0.9975340164615294,True,False
345,2191,0.9966903738660419,True,False
346,2754,0.9939029047180966,True,False
348,917,0.9987516343887362,True,False
349,5052,0.9987516343887362,True,False
350,1742,0.9987516343887362,True,False
350,6691,0.9987516343887362,True,False
351,852,0.9966903738660419,True,False
353,6222,0.9966903738660419,True,False
355,1465,0.9987516343887362,True,False
355,3675,0.9939029047180966,True,False
355,6303,0.9976962095979076,True,False
356,2744,0.9966903738660419,True,False
358,6541,0.9976962095979076,True,False
360,5084,0.9953097333751223,True,False
361,5099,0.9987516343887362,True,False
363,3462,0.9953097333751223,True,False
364,3002,0.9983505803534152,True,False
366,7331,0.9987516343887362,True,False
367,2480,0.9873485260609695,True,False
367,3081,0.9873485260609695,True,False
367,4062,0.9873485260609695,True,False
369,2323,0.9956300099634801,True,False
369,3297,0.9987516343887362,True,False
373,6810,0.9979749008420777,True,False
374,6197,0.9975340164615294,True,False
375,7496,0.9983884245508575,True,False
376,4652,0.9869952477161212,True,False
377,4624,0.9951999406776808,True,False
377,6528,0.9951999406776808,True,False
378,4541,0.9983505803534152,True,False
379,3644,0.9987516343887362,True,False
380,7157,0.9934753990350542,True,False
381,1567,0.9951999406776808,True,False
381,4674,0.9987516343887362,True,False
381,5967,0.9987516343887362,True,False
382,478,0.9983505803534152,True,False
382,6570,0.9983505803534152,True,False
383,6772,0.9966903738660419,True,False
384,3340,0.9987516343887362,True,False
385,7104,0.9987516343887362,True,False
385,7318,0.9987516343887362,True,False
386,4268,0.9987516343887362,True,False
387,4428,0.9966903738660419,True,False
388,1409,0.9953097333751223,True,False
388,5983,0.9762369269854069,True,False
389,3058,0.9987516343887362,True,False
389,4281,0.9983505803534152,True,False
389,4504,0.9987516343887362,True,False
392,3266,0.9983505803534152,True,False
393,1912,0.9983039944199337,True,False
394,2914,0.9987516343887362,True,False
396,3927,0.9987516343887362,True,False
396,6408,0.9979749008420777,True,False
397,1624,0.995506930508393,True,False
397,2378,0.995506930508393,True,False
399,903,0.9934753990350542,True,False
400,2425,0.9987516343887362,True,False
400,6025,0.9983505803534152,True,False
400,7429,0.9983505803534152,True,False
401,4358,0.7945191195281159,True,False
402,6989,0.9987516343887362,True,False
403,2356,0.9978209634883989,True,False
405,3235,0.9987516343887362,True,False
407,447,0.9975340164615294,True,False
407,5695,0.9934753990350542,True,False
409,3542,0.9978563561645535,True,False
410,5775,0.9966903738660419,True,False
411,5838,0.9957300078086366,True,False
413,5319,0.9987516343887362,True,False
413,5548,0.8042542670399768,True,False
416,3084,0.9951999406776808,True,False
416,6995,0.9951999406776808,True,False
417,4421,0.9966903738660419,True,False
418,3069,0.995506930508393,True,False
419,3251,0.9987516343887362,True,False
421,2285,0.9978563561645535,True,False
422,587,0.9987516343887362,True,False
423,483,0.9954772360045787,True,False
424,3824,0.9931519312245213,True,False
424,7014,0.9974112369640995,True,False
425,4279,0.9982452686441156,True,False
426,3686,0.9951345565222027,True,False
426,6649,0.9987516343887362,True,False
427,6315,0.9987516343887362,True,False
431,4426,0.9987516343887362,True,False
432,2865,0.8277648324232953,True,False
432,3945,0.9953097333751223,True,False
433,2049,0.9966903738660419,True,False
433,5925,0.9987516343887362,True,False
433,6137,0.7575334417930455,True,False
434,6430,0.9966903738660419,True,False
435,3498,0.9939029047180966,True,False
437,5237,0.9956300099634801,True,False
438,6616,0.9987516343887362,True,False
439,1282,0.9976962095979076,True,False
439,5074,0.9987516343887362,True,False
440,1752,0.9987516343887362,True,False
440,3491,0.9983505803534152,True,False
441,4459,0.9987516343887362,True,False
442,1566,0.9976962095979076,True,False
443,4219,0.9953097333751223,True,False
443,4701,0.9987516343887362,True,False
444,3405,0.9939029047180966,True,False
447,5695,0.9966903738660419,True,False
448,3566,0.9966903738660419,True,False
449,2741,0.9987516343887362,True,False
450,3048,0.9966903738660419,True,False
451,5770,0.9966903738660419,True,False
452,2928,0.9987516343887362,True,False
452,3570,0.9966903738660419,True,False
453,2160,0.9876356745221663,True,False
453,6196,0.9876356745221663,True,False
454,5945,0.9987516343887362,True,False
454,7238,0.9966903738660419,True,False
455,4799,0.9958128395225163,True,False
456,6000,0.9966903738660419,True,False
457,4500,0.9926084766360521,True,False
458,5072,0.9983505803534152,True,False
460,2868,0.9987516343887362,True,False
461,4400,0.9987516343887362,True,False
462,1801,0.9943252407018788,True,False
464,4436,0.9976962095979076,True,False
464,5300,0.9987516343887362,True,False
466,4844,0.9926084766360521,True,False
467,1553,0.8220562674733303,True,False
467,7422,0.9987516343887362,True,False
468,5409,0.9983039944199337,True,False
469,6436,0.9966903738660419,True,False
471,4742,0.9987516343887362,True,False
472,6516,0.9983039944199337,True,False
473,7129,0.9939029047180966,True,False
474,4845,0.9987516343887362,True,False
475,3331,0.9939029047180966,True,False
475,5683,0.9987516343887362,True,False
475,6086,0.9976962095979076,True,False
476,4820,0.9983505803534152,True,False
477,613,0.9987516343887362,True,False
478,6570,0.9987516343887362,True,False
480,5233,0.9987516343887362,True,False
482,1308,0.9987516343887362,True,False
482,5912,0.9951999406776808,True,False
484,1508,0.9966903738660419,True,False
485,754,0.9983505803534152,True,False
486,1127,0.9974686442784303,True,False
486,2553,0.9987516343887362,True,False
486,4673,0.8288667144097164,True,False
487,4599,0.9987516343887362,True,False
488,703,0.9966903738660419,True,False
490,2262,0.9966903738660419,True,False
490,3362,0.9976962095979076,True,False
492,645,0.9873485260609695,True,False
492,5005,0.9787233092785311,True,False
493,4439,0.9987516343887362,True,False
493,5646,0.9955425575166709,True,False
493,6805,0.9966903738660419,True,False
495,1535,0.8049375720168671,True,False
496,4941,0.9987516343887362,True,False
497,6319,0.9987516343887362,True,False
499,2389,0.9966903738660419,True,False
500,2757,0.9987516343887362,True,False
500,3724,0.9987516343887362,True,False
500,3928,0.9983505803534152,True,False
501,7073,0.8256011655645904,True,False
502,579,0.7989639939237313,True,False
502,3309,0.7879882939720633,True,False
502,5660,0.7879882939720633,True,False
505,3460,0.9987516343887362,True,False
507,625,0.9983505803534152,True,False
507,3627,0.9983505803534152,True,False
509,5845,0.9957300078086366,True,False
509,6301,0.9987516343887362,True,False
510,1868,0.9958128395225163,True,False
510,4600,0.9958128395225163,True,False
511,670,0.9982452686441156,True,False
514,972,0.9873485260609695,True,False
514,2641,0.9951999406776808,True,False
515,6318,0.9987516343887362,True,False
516,1289,0.9966903738660419,True,False
516,4280,0.9966903738660419,True,False
516,6477,0.9966903738660419,True,False
517,4165,0.9966903738660419,True,False
518,2963,0.9956300099634801,True,False
519,5186,0.9953097333751223,True,False
520,5216,0.8285468785417222,True,False
520,5811,0.9980660562935224,True,False
520,6683,0.9980660562935224,True,False
521,859,0.765805772029778,True,False
521,2399,0.9983884245508575,True,False
521,4505,0.9972048444955496,True,False
522,6183,0.9957300078086366,True,False
523,5346,0.9976962095979076,True,False
524,3133,0.9978209634883989,True,False
525,3957,0.9987516343887362,True,False
526,4743,0.9976962095979076,True,False
526,7204,0.9987516343887362,True,False
527,4121,0.772360579336956,True,False
528,4685,0.9974112369640995,True,False
528,5101,0.9974112369640995,True,False
528,6115,0.9974112369640995,True,False
529,4791,0.9966903738660419,True,False
530,6166,0.9983039944199337,True,False
531,649,0.9970570100901925,True,False
532,3716,0.9987516343887362,True,False
532,6353,0.9876356745221663,True,False
533,1477,0.9987516343887362,True,False
534,4331,0.9987516343887362,True,False
536,4514,0.9987516343887362,True,False
536,5053,0.9987516343887362,True,False
537,6014,0.9953518047315162,True,False
538,5304,0.813984488771746,True,False
539,3206,0.9954772360045787,True,False
540,6688,0.9953097333751223,True,False
543,2774,0.8424928871536954,True,False
545,5505,0.9928989241848947,True,False
546,3336,0.9953518047315162,True,False
546,6298,0.9982452686441156,True,False
548,5227,0.9987516343887362,True,False
549,944,0.8288667144097164,True,False
550,7188,0.9943252407018788,True,False
551,2753,0.9966903738660419,True,False
553,2154,0.9987516343887362,True,False
556,1324,0.9987516343887362,True,False
557,1528,0.9943252407018788,True,False
558,1699,0.9966903738660419,True,False
558,3698,0.9966903738660419,True,False
560,4468,0.9966903738660419,True,False
560,5520,0.9931519312245213,True,False
560,6915,0.9966903738660419,True,False
562,5958,0.9987516343887362,True,False
562,7287,0.9966903738660419,True,False
563,2269,0.9976962095979076,True,False
565,2404,0.9987516343887362,True,False
565,5856,0.9987516343887362,True,False
567,1894,0.9959420546467269,True,False
567,4319,0.9987516343887362,True,False
568,3772,0.9987516343887362,True,False
569,1973,0.9987516343887362,True,False
570,2291,0.8037534054523211,True,False
570,3189,0.8037534054523211,True,False
571,4803,0.9984197686403924,True,False
571,5608,0.9966903738660419,True,False
572,5279,0.9987516343887362,True,False
573,5792,0.8251430496068115,True,False
574,1175,0.9979749008420777,True,False
574,6610,0.9946380086980074,True,False
575,7210,0.9987516343887362,True,False
577,3221,0.9987516343887362,True,False
578,6171,0.8609793155371334,True,False
578,6378,0.9987516343887362,True,False
580,4603,0.9976962095979076,True,False
582,4345,0.9958825633451195,True,False
584,2768,0.780443452109907,True,False
584,3090,0.9934753990350542,True,False
585,4434,0.9966903738660419,True,False
586,2773,0.9987516343887362,True,False
586,3962,0.9939029047180966,True,False
589,6937,0.9956300099634801,True,False
590,5229,0.8256011655645904,True,False
591,4097,0.9939029047180966,True,False
591,7324,0.9987516343887362,True,False
593,2873,0.9966903738660419,True,False
596,2267,0.9957300078086366,True,False
596,6360,0.9983884245508575,True,False
597,1777,0.9983505803534152,True,False
597,2192,0.9833451615993634,True,False
597,6201,0.9983505803534152,True,False
599,6766,0.9953518047315162,True,False
600,2249,0.9987516343887362,True,False
600,6922,0.9987516343887362,True,False
602,2449,0.9943252407018788,True,False
602,4138,0.9943252407018788,True,False
606,7051,0.9966903738660419,True,False
607,1993,0.9987516343887362,True,False
609,5212,0.9987516343887362,True,False
610,638,0.9966903738660419,True,False
610,4661,0.9966903738660419,True,False
616,6472,0.9983039944199337,True,False
618,2856,0.9987516343887362,True,False
618,6177,0.9966903738660419,True,False
619,1875,0.9987516343887362,True,False
619,2588,0.9987516343887362,True,False
619,5322,0.9946380086980074,True,False
620,4765,0.9966903738660419,True,False
620,4865,0.9966903738660419,True,False
621,1670,0.9984197686403924,True,False
621,4898,0.9978209634883989,True,False
622,2684,0.9979749008420777,True,False
622,5938,0.9946380086980074,True,False
625,3627,0.9987516343887362,True,False
628,6739,0.9976962095979076,True,False
629,4529,0.9934753990350542,True,False
630,5481,0.9978563561645535,True,False
630,6078,0.9987516343887362,True,False
634,3428,0.9979749008420777,True,False
635,2223,0.9976962095979076,True,False
635,2311,0.9983884245508575,True,False
636,5118,0.9987516343887362,True,False
638,4661,0.9987516343887362,True,False
639,7090,0.9975340164615294,True,False
640,4106,0.9934753990350542,True,False
640,4607,0.9983505803534152,True,False
643,6283,0.9966903738660419,True,False
645,5005,0.9979749008420777,True,False
645,7252,0.7518957691791132,True,False
647,2796,0.8318839232237752,True,False
647,3618,0.7891897412467536,True,False
647,5062,0.8318839232237752,True,False
648,2872,0.9942318844771555,True,False
650,5056,0.7856037706673499,True,False
650,5966,0.7856037706673499,True,False
652,1949,0.9984197686403924,True,False
652,5197,0.9984197686403924,True,False
653,6591,0.7504356081435468,True,False
655,1305,0.9987516343887362,True,False
656,3507,0.9966903738660419,True,False
656,5424,0.9983505803534152,True,False
656,7031,0.9979749008420777,True,False
657,5452,0.9966903738660419,True,False
658,5141,0.9984461500974169,True,False
659,1047,0.9987516343887362,True,False
659,5461,0.9987516343887362,True,False
659,7089,0.9975340164615294,True,False
660,3334,0.9920828818225981,True,False
661,1142,0.9966903738660419,True,False
662,1992,0.9966903738660419,True,False
663,6823,0.9966903738660419,True,False
664,7396,0.9987516343887362,True,False
665,691,0.9987516343887362,True,False
665,3421,0.9987516343887362,True,False
669,4639,0.9987516343887362,True,False
669,7084,0.9939029047180966,True,False
671,1296,0.8251430496068115,True,False
671,6901,0.9987516343887362,True,False
675,759,0.9987516343887362,True,False
675,4874,0.9987516343887362,True,False
676,716,0.9966903738660419,True,False
677,1781,0.9953518047315162,True,False
679,927,0.9966903738660419,True,False
679,3157,0.9987516343887362,True,False
681,2612,0.9939029047180966,True,False
682,2779,0.9987516343887362,True,False
683,2007,0.9976962095979076,True,False
684,1772,0.9987516343887362,True,False
685,1900,0.9987516343887362,True,False
686,4723,0.9987516343887362,True,False
688,5399,0.9987516343887362,True,False
691,3421,0.9987516343887362,True,False
692,5599,0.9987516343887362,True,False
693,2325,0.9956300099634801,True,False
694,1695,0.9987516343887362,True,False
695,5992,0.9966903738660419,True,False
696,5539,0.9973151677640237,True,False
698,3408,0.9987516343887362,True,False
698,6752,0.9970051010599466,True,False
699,4103,0.9987516343887362,True,False
699,4840,0.9926084766360521,True,False
699,5976,0.9876356745221663,True,False
700,5699,0.9974112369640995,True,False
702,2894,0.9976962095979076,True,False
702,5028,0.9976962095979076,True,False
704,6806,0.9966903738660419,True,False
705,1413,0.996535470187147,True,False
705,2015,0.9987516343887362,True,False
705,3125,0.9984461500974169,True,False
706,6741,0.9975340164615294,True,False
707,3898,0.9987516343887362,True,False
708,1240,0.9974112369640995,True,False
709,1748,0.9934753990350542,True,False
710,6750,0.9946380086980074,True,False
712,3858,0.9979197595370883,True,False
714,7002,0.9987516343887362,True,False
717,6705,0.9983884245508575,True,False
718,6291,0.9987516343887362,True,False
720,4012,0.9956300099634801,True,False
720,6767,0.9956300099634801,True,False
721,3278,0.9939029047180966,True,False
722,1745,0.9953097333751223,True,False
722,2198,0.9953097333751223,True,False
723,4408,0.9987516343887362,True,False
723,4988,0.9987516343887362,True,False
724,3071,0.9873485260609695,True,False
725,2355,0.9987516343887362,True,False
726,5787,0.9987516343887362,True,False
728,6710,0.9987516343887362,True,False
729,1117,0.9976962095979076,True,False
730,783,0.9978563561645535,True,False
730,1814,0.9983039944199337,True,False
730,6136,0.9987516343887362,True,False
732,3000,0.9966903738660419,True,False
734,1074,0.9966903738660419,True,False
735,4443,0.9966903738660419,True,False
737,1269,0.9966903738660419,True,False
737,6565,0.9957300078086366,True,False
737,7395,0.9966903738660419,True,False
738,4020,0.9987516343887362,True,False
743,5288,0.9975340164615294,True,False
744,4031,0.9939029047180966,True,False
748,2534,0.9984197686403924,True,False
748,5283,0.9984197686403924,True,False
748,6269,0.9941831843025435,True,False
749,7137,0.9966903738660419,True,False
750,3471,0.9966903738660419,True,False
750,4144,0.9966903738660419,True,False
750,4927,0.9987516343887362,True,False
751,5839,0.9983505803534152,True,False
752,1038,0.7914042385561849,True,False
753,4651,0.9939029047180966,True,False
757,3286,0.9987516343887362,True,False
757,4442,0.9966903738660419,True,False
757,6579,0.9983039944199337,True,False
759,4874,0.9987516343887362,True,False
760,7420,0.995150381172694,True,False
761,3711,0.9939029047180966,True,False
761,7450,0.9939029047180966,True,False
762,3841,0.9987516343887362,True,False
763,3089,0.9987516343887362,True,False
763,5380,0.8288667144097164,True,False
764,6780,0.8658398612528319,True,False
765,863,0.9984686580491425,True,False
766,1654,0.9987516343887362,True,False
768,5658,0.9987516343887362,True,False
769,4277,0.9987516343887362,True,False
770,1057,0.9950648084917336,True,False
770,3086,0.9910816926541293,True,False
771,4069,0.995506930508393,True,False
772,2902,0.9987516343887362,True,False
773,1571,0.9987516343887362,True,False
774,5745,0.9983884245508575,True,False
776,6567,0.9966903738660419,True,False
776,6971,0.9966903738660419,True,False
777,6998,0.9987516343887362,True,False
778,1892,0.9987516343887362,True,False
779,6674,0.9987516343887362,True,False
780,4414,0.9983884245508575,True,False
781,1079,0.9939029047180966,True,False
781,2076,0.9939029047180966,True,False
781,6624,0.9939029047180966,True,False
782,6375,0.9987516343887362,True,False
782,6778,0.9946380086980074,True,False
783,1814,0.9978563561645535,True,False
783,6136,0.9978563561645535,True,False
785,5724,0.9987516343887362,True,False
785,5726,0.9957300078086366,True,False
786,2512,0.9966903738660419,True,False
787,6168,0.9982452686441156,True,False
787,6394,0.9982452686441156,True,False
789,2407,0.9987516343887362,True,False
789,2760,0.9978563561645535,True,False
790,7354,0.9966903738660419,True,False
792,2235,0.9972048444955496,True,False
794,1351,0.9976962095979076,True,False
795,4110,0.9987516343887362,True,False
796,6664,0.9976962095979076,True,False
797,5835,0.9978563561645535,True,False
798,865,0.9956300099634801,True,False
800,2546,0.9987516343887362,True,False
801,2382,0.9934753990350542,True,False
801,7103,0.9934753990350542,True,False
802,4754,0.9955425575166709,True,False
804,4530,0.9987516343887362,True,False
806,3768,0.9987516343887362,True,False
808,4757,0.9966903738660419,True,False
810,6167,0.9953097333751223,True,False
811,4328,0.9975340164615294,True,False
812,1706,0.9987516343887362,True,False
813,1159,0.9987516343887362,True,False
814,3504,0.9987516343887362,True,False
815,5714,0.9950648084917336,True,False
816,6510,0.9987516343887362,True,False
818,2549,0.9975340164615294,True,False
818,4337,0.9975340164615294,True,False
818,6958,0.9975340164615294,True,False
819,7311,0.9987516343887362,True,False
821,1811,0.9953097333751223,True,False
821,5542,0.9953097333751223,True,False
821,5834,0.9939511732868848,True,False
822,6259,0.9987516343887362,True,False
822,6617,0.9987516343887362,True,False
823,7036,0.9987516343887362,True,False
825,3509,0.9978209634883989,True,False
825,5126,0.9987516343887362,True,False
825,5305,0.9958128395225163,True,False
826,2630,0.9987516343887362,True,False
827,2020,0.9983884245508575,True,False
828,1826,0.9983505803534152,True,False
830,2360,0.995506930508393,True,False
832,2123,0.9987516343887362,True,False
833,1330,0.9966903738660419,True,False
834,1378,0.9987516343887362,True,False
834,2518,0.9966903738660419,True,False
834,6050,0.9951999406776808,True,False
835,1049,0.8224068652638832,True,False
835,2558,0.9987516343887362,True,False
835,3275,0.9979749008420777,True,False
836,5869,0.8085349400690662,True,False
837,2088,0.9981689989681672,True,False
837,5159,0.9981689989681672,True,False
838,1746,0.9983884245508575,True,False
839,7128,0.9970570100901925,True,False
840,2621,0.9987516343887362,True,False
840,6867,0.9979749008420777,True,False
842,2381,0.9987516343887362,True,False
844,3760,0.9951999406776808,True,False
846,6489,0.9972048444955496,True,False
847,4935,0.9966903738660419,True,False
848,1565,0.9934753990350542,True,False
848,3992,0.9737445694382172,True,False
848,6455,0.9934753990350542,True,False
849,3693,0.9966903738660419,True,False
849,5989,0.996535470187147,True,False
849,6207,0.996535470187147,True,False
850,5653,0.9950648084917336,True,False
851,1153,0.9238373457872029,True,False
851,2440,0.9987516343887362,True,False
851,5003,0.9987516343887362,True,False
853,1901,0.9987516343887362,True,False
853,2290,0.9987516343887362,True,False
853,7313,0.9956300099634801,True,False
854,5545,0.9987516343887362,True,False
855,4005,0.9950648084917336,True,False
855,5117,0.9983039944199337,True,False
855,6284,0.9966903738660419,True,False
856,2476,0.9966903738660419,True,False
859,2399,0.8288667144097164,True,False
860,4220,0.9939029047180966,True,False
861,3878,0.9966903738660419,True,False
861,3879,0.9983884245508575,True,False
861,3904,0.9987516343887362,True,False
862,2821,0.9987516343887362,True,False
866,1666,0.9983505803534152,True,False
866,6276,0.9975340164615294,True,False
867,5882,0.9966903738660419,True,False
869,4494,0.9987516343887362,True,False
870,2282,0.9943252407018788,True,False
870,4482,0.9950648084917336,True,False
870,4527,0.9987516343887362,True,False
871,1092,0.9975340164615294,True,False
871,1656,0.9934753990350542,True,False
871,4217,0.8142609970643555,True,False
872,3027,0.8474468118784135,True,False
874,1509,0.995506930508393,True,False
875,1890,0.9951999406776808,True,False
875,4325,0.9987516343887362,True,False
875,4947,0.9951999406776808,True,False
878,5734,0.9983505803534152,True,False
879,2189,0.9953097333751223,True,False
880,2230,0.9987516343887362,True,False
881,3752,0.9966903738660419,True,False
881,4060,0.9966903738660419,True,False
881,5318,0.9966903738660419,True,False
883,2496,0.9974686442784303,True,False
885,3216,0.9987516343887362,True,False
886,5472,0.9946380086980074,True,False
887,957,0.7606283741987108,True,False
889,3661,0.9943252407018788,True,False
889,4206,0.9966903738660419,True,False
889,6962,0.9943252407018788,True,False
890,4525,0.9979749008420777,True,False
890,5268,0.9946380086980074,True,False
891,5332,0.9966903738660419,True,False
891,7486,0.9958825633451195,True,False
892,1886,0.9979749008420777,True,False
893,2575,0.9953097333751223,True,False
893,2994,0.8474468118784135,True,False
893,4406,0.8643398147587446,True,False
894,4162,0.9976962095979076,True,False
895,3747,0.9987516343887362,True,False
896,3311,0.9975340164615294,True,False
901,1497,0.9908484813446168,True,False
902,1250,0.8424928871536954,True,False
904,1376,0.9943252407018788,True,False
905,2852,0.9987516343887362,True,False
906,3913,0.9987516343887362,True,False
907,2432,0.9966903738660419,True,False
908,3154,0.9934753990350542,True,False
908,7076,0.9966903738660419,True,False
910,2814,0.9987516343887362,True,False
911,6636,0.9984197686403924,True,False
912,2624,0.9987516343887362,True,False
912,5038,0.9873485260609695,True,False
912,6048,0.9975340164615294,True,False
913,2031,0.9987516343887362,True,False
914,1878,0.9966903738660419,True,False
916,6834,0.9975340164615294,True,False
918,4700,0.9982452686441156,True,False
920,3836,0.9987516343887362,True,False
921,3320,0.995150381172694,True,False
923,3817,0.9966903738660419,True,False
923,7035,0.9973151677640237,True,False
926,1145,0.7593517692056968,True,False
926,2302,0.9976962095979076,True,False
926,2510,0.9976962095979076,True,False
926,5393,0.83333672104099,True,False
927,3157,0.9966903738660419,True,False
928,2752,0.9987516343887362,True,False
928,6314,0.9987516343887362,True,False
929,4869,0.9966903738660419,True,False
929,5298,0.9966903738660419,True,False
929,5592,0.9959420546467269,True,False
931,2096,0.9984461500974169,True,False
933,7100,0.9920828818225981,True,False
934,5282,0.9966903738660419,True,False
935,5499,0.9979749008420777,True,False
936,5025,0.9987516343887362,True,False
937,1519,0.9983505803534152,True,False
941,6698,0.9939029047180966,True,False
943,2614,0.9975340164615294,True,False
944,2722,0.7560105898935695,True,False
944,3151,0.8037534054523211,True,False
944,7010,0.7560105898935695,True,False
945,1597,0.9987516343887362,True,False
946,6155,0.9987516343887362,True,False
946,6577,0.9978209634883989,True,False
948,6581,0.9987516343887362,True,False
950,4070,0.9987516343887362,True,False
951,4093,0.801851178184263,True,False
951,6897,0.801851178184263,True,False
952,2321,0.9984461500974169,True,False
953,2960,0.9987516343887362,True,False
958,3087,0.9983884245508575,True,False
958,5161,0.9983884245508575,True,False
959,1461,0.9984461500974169,True,False
960,5974,0.7686309465579456,True,False
961,7381,0.995400680151444,True,False
962,7495,0.9987516343887362,True,False
963,5048,0.9950648084917336,True,False
965,6502,0.9982452686441156,True,False
966,6759,0.9983884245508575,True,False
967,4721,0.8474468118784135,True,False
970,1590,0.9987516343887362,True,False
970,3780,0.9951999406776808,True,False
971,3983,0.9987516343887362,True,False
972,2641,0.9966903738660419,True,False
974,5059,0.9955425575166709,True,False
975,4957,0.9987516343887362,True,False
978,6606,0.9987516343887362,True,False
979,2408,0.9966903738660419,True,False
980,1294,0.9987516343887362,True,False
982,5349,0.9970570100901925,True,False
983,3158,0.9983505803534152,True,False
984,2551,0.9966903738660419,True,False
985,2552,0.9987516343887362,True,False
986,5607,0.9987516343887362,True,False
987,2591,0.9987516343887362,True,False
989,1916,0.9966903738660419,True,False
990,3326,0.9957300078086366,True,False
991,1193,0.9987516343887362,True,False
991,2895,0.9987516343887362,True,False
991,6629,0.996535470187147,True,False
992,3282,0.9946380086980074,True,False
994,5078,0.9987516343887362,True,False
995,3687,0.9987516343887362,True,False
996,4335,0.9966903738660419,True,False
996,6384,0.9873485260609695,True,False
998,3036,0.9972048444955496,True,False
999,3306,0.9939029047180966,True,False
1000,6176,0.9987516343887362,True,False
1000,7047,0.9987516343887362,True,False
1001,5277,0.9984197686403924,True,False
1002,2201,0.9970051010599466,True,False
1003,1040,0.9987516343887362,True,False
1003,1062,0.9987516343887362,True,False
1004,2763,0.9979749008420777,True,False
1004,6134,0.9979749008420777,True,False
1005,1110,0.9973151677640237,True,False
1005,1790,0.9973151677640237,True,False
1007,6217,0.9987516343887362,True,False
1008,1577,0.9987516343887362,True,False
1008,4200,0.9926957433296217,True,False
1008,6499,0.9987516343887362,True,False
1011,5096,0.9966903738660419,True,False
1016,4663,0.8142609970643555,True,False
1016,5667,0.9934753990350542,True,False
1016,6538,0.9966903738660419,True,False
1017,6997,0.9987516343887362,True,False
1018,3850,0.9975340164615294,True,False
1020,2781,0.9966903738660419,True,False
1022,1911,0.9976962095979076,True,False
1023,2212,0.7637132075244999,True,False
1023,2243,0.7637132075244999,True,False
1024,4490,0.9975340164615294,True,False
1025,5720,0.9987516343887362,True,False
1025,5759,0.996535470187147,True,False
1028,2322,0.9966903738660419,True,False
1028,7321,0.9934753990350542,True,False
1029,3931,0.9957300078086366,True,False
1030,1594,0.9987516343887362,True,False
1031,3610,0.9978563561645535,True,False
1032,4171,0.9966903738660419,True,False
1032,6775,0.9966903738660419,True,False
1033,6485,0.9987516343887362,True,False
1034,5576,0.9987516343887362,True,False
1034,6754,0.9987516343887362,True,False
1035,6942,0.9956300099634801,True,False
1036,4636,0.9926084766360521,True,False
1036,6202,0.9983884245508575,True,False
1037,5801,0.9979197595370883,True,False
1039,1182,0.9979197595370883,True,False
1040,1062,0.9987516343887362,True,False
1041,1089,0.9979749008420777,True,False
1041,1157,0.9987516343887362,True,False
1045,6239,0.9948785963092984,True,False
1046,4182,0.9953097333751223,True,False
1047,5461,0.9987516343887362,True,False
1047,7089,0.9975340164615294,True,False
1048,4962,0.9951999406776808,True,False
1049,1194,0.9976962095979076,True,False
1049,2558,0.8224068652638832,True,False
1049,2598,0.9976962095979076,True,False
1049,3275,0.7518957691791132,True,False
1050,3293,0.9972379959967447,True,False
1051,1408,0.8142609970643555,True,False
1051,2005,0.996535470187147,True,False
1051,6769,0.996535470187147,True,False
1052,6650,0.9979749008420777,True,False
1053,2515,0.996535470187147,True,False
1054,2651,0.9987516343887362,True,False
1055,3748,0.8256011655645904,True,False
1055,5385,0.9958825633451195,True,False
1056,7490,0.9987516343887362,True,False
1057,3086,0.9978563561645535,True,False
1059,1066,0.9987516343887362,True,False
1060,6525,0.9966903738660419,True,False
1064,4930,0.9966903738660419,True,False
1068,2489,0.9966903738660419,True,False
1068,4237,0.9987516343887362,True,False
1070,4351,0.9987516343887362,True,False
1073,7183,0.9957300078086366,True,False
1075,1120,0.9966903738660419,True,False
1076,2240,0.9953097333751223,True,False
1077,1470,0.9987516343887362,True,False
1078,4378,0.8474468118784135,True,False
1079,2076,0.9987516343887362,True,False
1079,6624,0.9987516343887362,True,False
1080,5458,0.9939511732868848,True,False
1082,1789,0.9983884245508575,True,False
1082,6737,0.9987516343887362,True,False
1083,3252,0.9883869474072962,True,False
1084,3191,0.9975340164615294,True,False
1085,5874,0.9983039944199337,True,False
1086,1322,0.9979749008420777,True,False
1086,7222,0.9979749008420777,True,False
1087,7169,0.9934753990350542,True,False
1087,7471,0.9987516343887362,True,False
1088,2670,0.9987516343887362,True,False
1089,1157,0.9979749008420777,True,False
1091,3680,0.9943252407018788,True,False
1091,7469,0.9766521302079407,True,False
1092,1656,0.9956300099634801,True,False
1093,3900,0.9955425575166709,True,False
1093,5797,0.9914566014757643,True,False
1094,1981,0.9873485260609695,True,False
1095,3280,0.9976962095979076,True,False
1095,5317,0.9976962095979076,True,False
1095,6285,0.9987516343887362,True,False
1096,3226,0.9975340164615294,True,False
1096,5502,0.9975340164615294,True,False
1097,3840,0.9953097333751223,True,False
1098,2587,0.9966903738660419,True,False
1104,3006,0.9987516343887362,True,False
1104,5725,0.995506930508393,True,False
1104,7304,0.9987516343887362,True,False
1105,1817,0.9983039944199337,True,False
1106,6425,0.9983884245508575,True,False
1107,3605,0.9987516343887362,True,False
1108,3830,0.9951999406776808,True,False
1110,1790,0.9987516343887362,True,False
1111,2730,0.9987516343887362,True,False
1112,2891,0.9966903738660419,True,False
1112,5290,0.9966903738660419,True,False
1115,6250,0.9934753990350542,True,False
1118,1456,0.9948944964858136,True,False
1119,6464,0.9987516343887362,True,False
1121,2037,0.9966903738660419,True,False
1122,6682,0.9982452686441156,True,False
1123,1800,0.9950648084917336,True,False
1125,2564,0.9987516343887362,True,False
1126,3382,0.9966903738660419,True,False
1127,2553,0.9974686442784303,True,False
1129,6226,0.9956300099634801,True,False
1130,7207,0.9983884245508575,True,False
1131,4938,0.9987516343887362,True,False
1131,5708,0.9983884245508575,True,False
1135,2374,0.9976962095979076,True,False
1135,5783,0.9987516343887362,True,False
1137,2101,0.9983884245508575,True,False
1138,1522,0.9939029047180966,True,False
1139,2125,0.9987516343887362,True,False
1140,2759,0.9951345565222027,True,False
1140,3741,0.9987516343887362,True,False
1140,6508,0.9966903738660419,True,False
1141,4195,0.9975340164615294,True,False
1143,6562,0.9966903738660419,True,False
1145,4036,0.7995987297011772,True,False
1145,5393,0.9979197595370883,True,False
1148,3208,0.9973151677640237,True,False
1148,7064,0.9973151677640237,True,False
1149,4087,0.9987516343887362,True,False
1150,2834,0.9966903738660419,True,False
1150,4816,0.9982452686441156,True,False
1150,6550,0.9987516343887362,True,False
1151,3807,0.9966903738660419,True,False
1151,4045,0.9943252407018788,True,False
1151,5217,0.9978563561645535,True,False
1152,6112,0.9948785963092984,True,False
1153,2440,0.9238373457872029,True,False
1153,5003,0.9238373457872029,True,False
1154,6051,0.9984197686403924,True,False
1156,5915,0.9966903738660419,True,False
1158,4637,0.9987516343887362,True,False
1160,6460,0.9987516343887362,True,False
1163,7280,0.9983505803534152,True,False
1164,4511,0.9984461500974169,True,False
1165,6470,0.9966903738660419,True,False
1166,3075,0.9982452686441156,True,False
1168,3014,0.996535470187147,True,False
1168,5151,0.996535470187147,True,False
1168,7448,0.9987516343887362,True,False
1169,3882,0.9883869474072962,True,False
1169,6268,0.9883869474072962,True,False
1171,1771,0.9983884245508575,True,False
1173,6093,0.9950692194805554,True,False
1173,6401,0.9950692194805554,True,False
1175,6610,0.9966903738660419,True,False
1176,6190,0.9983505803534152,True,False
1178,4152,0.9953518047315162,True,False
1178,4294,0.9966903738660419,True,False
1178,4551,0.9953518047315162,True,False
1179,1914,0.9987516343887362,True,False
1179,5700,0.9987516343887362,True,False
1181,3886,0.9974112369640995,True,False
1183,2522,0.7771806836039744,True,False
1187,6426,0.9987516343887362,True,False
1188,4132,0.9983884245508575,True,False
1189,4298,0.9966903738660419,True,False
1190,1689,0.9987516343887362,True,False
1190,5827,0.9987516343887362,True,False
1191,5182,0.9966903738660419,True,False
1192,5474,0.9987516343887362,True,False
1193,2895,0.9987516343887362,True,False
1193,6629,0.996535470187147,True,False
1194,2598,0.9987516343887362,True,False
1195,1836,0.9987516343887362,True,False
1196,3954,0.9966903738660419,True,False
1197,5245,0.9987516343887362,True,False
1199,3473,0.9987516343887362,True,False
1202,2486,0.9987516343887362,True,False
1204,4899,0.9987516343887362,True,False
1205,6235,0.995506930508393,True,False
1207,6128,0.9934753990350542,True,False
1209,1270,0.9987516343887362,True,False
1209,2660,0.9984461500974169,True,False
1209,4534,0.9987516343887362,True,False
1211,6529,0.9983039944199337,True,False
1213,5777,0.9953097333751223,True,False
1214,4139,0.9943252407018788,True,False
1214,5006,0.9943252407018788,True,False
1214,6851,0.9943252407018788,True,False
1215,6344,0.9983884245508575,True,False
1216,7357,0.9987516343887362,True,False
1217,5951,0.9966903738660419,True,False
1218,6953,0.9978563561645535,True,False
1220,6916,0.9966903738660419,True,False
1221,6148,0.9987516343887362,True,False
1224,6841,0.9950648084917336,True,False
1225,4389,0.9987516343887362,True,False
1226,1632,0.9987516343887362,True,False
1228,3832,0.9983884245508575,True,False
1229,4711,0.9983884245508575,True,False
1230,4649,0.9987516343887362,True,False
1231,4114,0.9966903738660419,True,False
1233,5345,0.9928989241848947,True,False
1234,4046,0.9976962095979076,True,False
1237,2710,0.9966903738660419,True,False
1237,7046,0.9939029047180966,True,False
1239,2375,0.9987516343887362,True,False
1242,7457,0.9979197595370883,True,False
1243,1510,0.9987516343887362,True,False
1243,5530,0.9987516343887362,True,False
1244,5810,0.9956300099634801,True,False
1246,2004,0.9978209634883989,True,False
1248,2887,0.7815292891452094,True,False
1250,2900,0.9975340164615294,True,False
1251,2469,0.9975340164615294,True,False
1252,1944,0.9983884245508575,True,False
1259,5920,0.9979749008420777,True,False
1262,5970,0.9976962095979076,True,False
1263,3021,0.9976962095979076,True,False
1264,2988,0.9987516343887362,True,False
1266,1284,0.9987516343887362,True,False
1267,6635,0.9966903738660419,True,False
1268,4179,0.9976962095979076,True,False
1269,6565,0.9983884245508575,True,False
1269,7395,0.9987516343887362,True,False
1270,2660,0.9984461500974169,True,False
1270,4534,0.9987516343887362,True,False
1271,2620,0.9987516343887362,True,False
1272,4567,0.9984686580491425,True,False
1273,5619,0.9976962095979076,True,False
1275,6787,0.9976962095979076,True,False
1276,5885,0.9956300099634801,True,False
1277,6628,0.9987516343887362,True,False
1280,6289,0.9956300099634801,True,False
1282,2299,0.8029554955715746,True,False
1282,3118,0.8029554955715746,True,False
1282,5074,0.9976962095979076,True,False
1283,6111,0.9975340164615294,True,False
1285,4917,0.9973151677640237,True,False
1285,5638,0.995506930508393,True,False
1286,4452,0.9976962095979076,True,False
1288,3318,0.9979749008420777,True,False
1289,4280,0.9987516343887362,True,False
1289,6477,0.9987516343887362,True,False
1291,1763,0.9987516343887362,True,False
1292,1660,0.9966903738660419,True,False
1293,7027,0.9984686580491425,True,False
1295,4499,0.9987516343887362,True,False
1296,6901,0.8251430496068115,True,False
1298,5294,0.9966903738660419,True,False
1299,4055,0.995400680151444,True,False
1299,5623,0.995400680151444,True,False
1300,1548,0.9983039944199337,True,False
1302,7123,0.9966903738660419,True,False
1303,5872,0.9966903738660419,True,False
1304,2927,0.9966903738660419,True,False
1307,1963,0.9975340164615294,True,False
1307,2644,0.9975340164615294,True,False
1307,4519,0.9987516343887362,True,False
1308,5912,0.9951999406776808,True,False
1309,7138,0.9961431011748146,True,False
1311,2687,0.9984461500974169,True,False
1311,4316,0.7593517692056968,True,False
1311,7042,0.9979197595370883,True,False
1312,2276,0.9987516343887362,True,False
1312,6965,0.9987516343887362,True,False
1312,7085,0.9987516343887362,True,False
1314,3182,0.9987516343887362,True,False
1316,5746,0.9987516343887362,True,False
1318,3188,0.9948785963092984,True,False
1318,5255,0.9948785963092984,True,False
1319,4779,0.9987516343887362,True,False
1321,1691,0.9973151677640237,True,False
1322,7222,0.9987516343887362,True,False
1323,7315,0.9983505803534152,True,False
1325,2658,0.7809875947408725,True,False
1326,4563,0.9983039944199337,True,False
1327,4604,0.9966903738660419,True,False
1327,5102,0.9966903738660419,True,False
1329,3881,0.9987516343887362,True,False
1331,4236,0.9983505803534152,True,False
1333,5435,0.9987516343887362,True,False
1336,5287,0.9975340164615294,True,False
1337,1740,0.9987516343887362,True,False
1339,3735,0.9983039944199337,True,False
1340,2409,0.9966903738660419,True,False
1341,6169,0.9966903738660419,True,False
1344,7114,0.9987516343887362,True,False
1346,2364,0.9987516343887362,True,False
1349,6029,0.9987516343887362,True,False
1350,4063,0.9987516343887362,True,False
1350,5241,0.9953097333751223,True,False
1350,6733,0.9953097333751223,True,False
1352,3083,0.9975340164615294,True,False
1352,6736,0.9975340164615294,True,False
1352,6770,0.9934753990350542,True,False
1353,1394,0.9885212927684195,True,False
1353,7333,0.9737445694382172,True,False
1354,6103,0.9987516343887362,True,False
1357,2905,0.9987516343887362,True,False
1357,4959,0.9966903738660419,True,False
1358,3424,0.9968294073503572,True,False
1358,3819,0.9987516343887362,True,False
1359,3337,0.9939029047180966,True,False
1361,6894,0.9869952477161212,True,False
1363,6016,0.9987516343887362,True,False
1365,1532,0.9943252407018788,True,False
1366,7298,0.9976962095979076,True,False
1369,3775,0.9987516343887362,True,False
1371,4322,0.9972048444955496,True,False
1371,4769,0.9987516343887362,True,False
1371,6055,0.9987516343887362,True,False
1373,3072,0.9987516343887362,True,False
1374,3483,0.9966903738660419,True,False
1375,3177,0.9918777317903867,True,False
1377,3032,0.9987516343887362,True,False
1377,7092,0.9934753990350542,True,False
1378,2518,0.9966903738660419,True,False
1378,6050,0.9951999406776808,True,False
1379,6904,0.9975340164615294,True,False
1380,5511,0.9987516343887362,True,False
1381,6679,0.9987516343887362,True,False
1382,7143,0.9987516343887362,True,False
1384,1797,0.9987516343887362,True,False
1384,2172,0.9983884245508575,True,False
1384,5790,0.9983884245508575,True,False
1386,2111,0.9966903738660419,True,False
1386,5312,0.9957300078086366,True,False
1388,4027,0.9966903738660419,True,False
1389,3864,0.9983039944199337,True,False
1389,3999,0.9983039944199337,True,False
1389,5273,0.9978563561645535,True,False
1391,2059,0.9934753990350542,True,False
1391,2920,0.9975340164615294,True,False
1393,6084,0.9876356745221663,True,False
1394,7333,0.9972379959967447,True,False
1395,1839,0.9966903738660419,True,False
1395,3139,0.9966903738660419,True,False
1395,5427,0.9966903738660419,True,False
1400,2590,0.9980660562935224,True,False
1403,2478,0.7624796190624051,True,False
1403,4764,0.7624796190624051,True,False
1405,3425,0.9939029047180966,True,False
1406,5391,0.9987516343887362,True,False
1407,1633,0.9934753990350542,True,False
1407,2258,0.9987516343887362,True,False
1408,2543,0.9978563561645535,True,False
1408,2698,0.9943252407018788,True,False
1409,5983,0.9939029047180966,True,False
1410,3944,0.9926084766360521,True,False
1410,5922,0.9972048444955496,True,False
1412,2889,0.9987516343887362,True,False
1413,2015,0.996535470187147,True,False
1413,3125,0.996535470187147,True,False
1414,3947,0.9987516343887362,True,False
1414,5127,0.9987516343887362,True,False
1416,6684,0.9976962095979076,True,False
1417,7338,0.9987516343887362,True,False
1419,1485,0.9987516343887362,True,False
1420,2043,0.9953097333751223,True,False
1421,6308,0.9987516343887362,True,False
1422,4101,0.9966903738660419,True,False
1423,4502,0.9978563561645535,True,False
1423,5258,0.9987516343887362,True,False
1424,6771,0.9984461500974169,True,False
1424,6899,0.9984461500974169,True,False
1425,6495,0.9987516343887362,True,False
1425,6572,0.9982452686441156,True,False
1426,4671,0.9987516343887362,True,False
1427,6081,0.9966903738660419,True,False
1428,3009,0.9983505803534152,True,False
1429,4071,0.995400680151444,True,False
1430,2016,0.9987516343887362,True,False
1430,4395,0.9966903738660419,True,False
1430,6256,0.9928989241848947,True,False
1431,3684,0.9987516343887362,True,False
1433,2319,0.9956300099634801,True,False
1436,5873,0.9987516343887362,True,False
1437,3419,0.9939029047180966,True,False
1439,1701,0.9956300099634801,True,False
1440,1445,0.9981689989681672,True,False
1441,5491,0.9873485260609695,True,False
1443,4003,0.9984461500974169,True,False
1446,5179,0.9987516343887362,True,False
1448,3769,0.9984461500974169,True,False
1449,1525,0.9987516343887362,True,False
1450,5687,0.9987516343887362,True,False
1452,3356,0.9983505803534152,True,False
1457,7414,0.9987516343887362,True,False
1459,3452,0.9978563561645535,True,False
1462,1823,0.9976962095979076,True,False
1462,2256,0.9976962095979076,True,False
1462,7370,0.9909207098226163,True,False
1463,5032,0.7686309465579456,True,False
1465,3675,0.9939029047180966,True,False
1465,6303,0.9976962095979076,True,False
1467,6461,0.9987516343887362,True,False
1473,5438,0.8627242056508485,True,False
1475,2874,0.9908484813446168,True,False
1478,6213,0.9979197595370883,True,False
1482,3015,0.9987516343887362,True,False
1482,4678,0.9970570100901925,True,False
1484,7389,0.995400680151444,True,False
1486,5140,0.9978563561645535,True,False
1487,6243,0.9966903738660419,True,False
1488,7443,0.9987516343887362,True,False
1493,2161,0.9972048444955496,True,False
1493,3889,0.9972048444955496,True,False
1493,6085,0.9966903738660419,True,False
1495,3137,0.9883925605982291,True,False
1500,1605,0.9934753990350542,True,False
1503,4024,0.9975340164615294,True,False
1505,5618,0.9987516343887362,True,False
1506,7452,0.9976962095979076,True,False
1507,3078,0.9987516343887362,True,False
1510,5530,0.9987516343887362,True,False
1511,7350,0.9987516343887362,True,False
1512,5423,0.9956300099634801,True,False
1513,5948,0.9966903738660419,True,False
1515,1640,0.9966903738660419,True,False
1515,5076,0.9987516343887362,True,False
1517,4913,0.9987516343887362,True,False
1520,2204,0.9983505803534152,True,False
1524,2944,0.9983505803534152,True,False
1524,4042,0.9936650952022188,True,False
1524,6514,0.9983505803534152,True,False
1527,4709,0.8037534054523211,True,False
1527,6918,0.7560105898935695,True,False
1530,2771,0.9987516343887362,True,False
1536,1551,0.9987516343887362,True,False
1537,3834,0.9972048444955496,True,False
1537,4305,0.9966903738660419,True,False
1541,3553,0.9987516343887362,True,False
1542,5406,0.7624796190624051,True,False
1543,4034,0.9950648084917336,True,False
1547,6753,0.9987516343887362,True,False
1549,3063,0.9987516343887362,True,False
1552,6521,0.9928989241848947,True,False
1553,7422,0.8220562674733303,True,False
1554,2268,0.9987516343887362,True,False
1554,4074,0.9987516343887362,True,False
1555,7054,0.9987516343887362,True,False
1556,2915,0.9987516343887362,True,False
1559,1788,0.9955989428902844,True,False
1559,6404,0.9955989428902844,True,False
1561,5766,0.9987516343887362,True,False
1563,4866,0.9976962095979076,True,False
1564,2287,0.9943252407018788,True,False
1565,3992,0.9873485260609695,True,False
1565,6455,0.9987516343887362,True,False
1567,4674,0.9951999406776808,True,False
1567,5967,0.9951999406776808,True,False
1569,2792,0.9899525902798143,True,False
1569,5515,0.9951999406776808,True,False
1570,6334,0.9987516343887362,True,False
1572,2893,0.9966903738660419,True,False
1572,2955,0.9954772360045787,True,False
1572,3128,0.9987516343887362,True,False
1573,1984,0.9987516343887362,True,False
1573,6773,0.9966903738660419,True,False
1574,4648,0.9987516343887362,True,False
1574,5748,0.845068554434827,True,False
1575,1891,0.9987516343887362,True,False
1576,2758,0.9987516343887362,True,False
1577,4200,0.9926957433296217,True,False
1577,6499,0.9987516343887362,True,False
1579,5656,0.9873485260609695,True,False
1580,3171,0.9943252407018788,True,False
1580,3531,0.9978563561645535,True,False
1580,6447,0.9978563561645535,True,False
1582,3444,0.9983505803534152,True,False
1585,3345,0.9987516343887362,True,False
1586,4050,0.9966903738660419,True,False
1587,2373,0.9979197595370883,True,False
1587,4559,0.9987516343887362,True,False
1589,5778,0.9987516343887362,True,False
1590,3780,0.9951999406776808,True,False
1591,2815,0.8424928871536954,True,False
1592,4321,0.9987516343887362,True,False
1595,2581,0.9979749008420777,True,False
1598,4303,0.9978563561645535,True,False
1599,4925,0.9966903738660419,True,False
1599,6073,0.9920828818225981,True,False
1600,3288,0.9987516343887362,True,False
1602,4985,0.9966903738660419,True,False
1603,2081,0.9976962095979076,True,False
1604,4554,0.9951999406776808,True,False
1607,4544,0.9987516343887362,True,False
1609,3352,0.9953097333751223,True,False
1609,6855,0.9833451615993634,True,False
1610,3396,0.9958825633451195,True,False
1610,6327,0.9958825633451195,True,False
1612,4178,0.9987516343887362,True,False
1613,4892,0.9975340164615294,True,False
1614,5572,0.9987516343887362,True,False
1615,6527,0.9981689989681672,True,False
1616,3200,0.9987516343887362,True,False
1617,4288,0.9939029047180966,True,False
1617,6776,0.9976962095979076,True,False
1620,7022,0.9878736124411658,True,False
1624,2378,0.9987516343887362,True,False
1625,6496,0.9954772360045787,True,False
1626,2723,0.9984197686403924,True,False
1626,5802,0.9987516343887362,True,False
1628,4570,0.9987516343887362,True,False
1633,2258,0.9934753990350542,True,False
1634,2089,0.9953097333751223,True,False
1635,2083,0.9876356745221663,True,False
1636,2077,0.9966903738660419,True,False
1636,2626,0.9939029047180966,True,False
1636,2843,0.9966903738660419,True,False
1639,2385,0.9953097333751223,True,False
1640,5076,0.9966903738660419,True,False
1641,5709,0.9987516343887362,True,False
1642,4934,0.9983039944199337,True,False
1642,6355,0.995506930508393,True,False
1643,4900,0.995400680151444,True,False
1644,6119,0.9951999406776808,True,False
1646,4977,0.9873485260609695,True,False
1646,5188,0.9951999406776808,True,False
1646,5368,0.9833451615993634,True,False
1647,4679,0.9979749008420777,True,False
1648,3197,0.9987516343887362,True,False
1650,3907,0.9966903738660419,True,False
1650,5307,0.9939029047180966,True,False
1651,3167,0.9939029047180966,True,False
1651,4749,0.9976962095979076,True,False
1652,2767,0.9931519312245213,True,False
1652,7369,0.9974112369640995,True,False
1655,2976,0.9908484813446168,True,False
1655,7478,0.9987516343887362,True,False
1657,3339,0.9987516343887362,True,False
1658,4484,0.9873485260609695,True,False
1662,2674,0.9987516343887362,True,False
1664,2102,0.9987516343887362,True,False
1664,2545,0.9987516343887362,True,False
1664,6374,0.9987516343887362,True,False
1666,6276,0.9975340164615294,True,False
1667,3624,0.9966903738660419,True,False
1670,4898,0.9978209634883989,True,False
1671,4788,0.9869952477161212,True,False
1673,1727,0.9950648084917336,True,False
1674,5315,0.8318839232237752,True,False
1675,4313,0.9966903738660419,True,False
1677,2974,0.9934753990350542,True,False
1678,4147,0.9966903738660419,True,False
1680,4675,0.9975340164615294,True,False
1681,4707,0.9934753990350542,True,False
1682,4714,0.9956300099634801,True,False
1685,4526,0.9981382614011772,True,False
1686,2294,0.9987516343887362,True,False
1687,6677,0.9966903738660419,True,False
1688,4493,0.9966903738660419,True,False
1689,5827,0.9987516343887362,True,False
1690,3403,0.9980660562935224,True,False
1692,7264,0.9966903738660419,True,False
1698,3646,0.845068554434827,True,False
1698,5086,0.9983884245508575,True,False
1698,5994,0.9957300078086366,True,False
1699,3698,0.9966903738660419,True,False
1700,3281,0.9987516343887362,True,False
1704,2233,0.9939029047180966,True,False
1705,5422,0.9966903738660419,True,False
1707,4797,0.995400680151444,True,False
1707,5940,0.9987516343887362,True,False
1708,2947,0.9983505803534152,True,False
1709,4324,0.9984686580491425,True,False
1710,5125,0.9939029047180966,True,False
1711,4334,0.9987516343887362,True,False
1713,3506,0.9981382614011772,True,False
1717,1813,0.812482842865252,True,False
1721,4278,0.9975340164615294,True,False
1722,2769,0.9966903738660419,True,False
1722,3580,0.9987516343887362,True,False
1722,6439,0.9987516343887362,True,False
1724,6993,0.9934753990350542,True,False
1729,3132,0.9987516343887362,True,False
1729,4846,0.9975340164615294,True,False
1729,5145,0.9987516343887362,True,False
1730,7374,0.9987516343887362,True,False
1731,5051,0.9975340164615294,True,False
1732,4089,0.9966903738660419,True,False
1734,5357,0.9983884245508575,True,False
1735,5023,0.9934753990350542,True,False
1736,4204,0.9966903738660419,True,False
1736,4680,0.9966903738660419,True,False
1739,2789,0.9928989241848947,True,False
1739,4399,0.9966903738660419,True,False
1741,4970,0.9970051010599466,True,False
1741,6943,0.9987516343887362,True,False
1742,6691,0.9987516343887362,True,False
1743,2958,0.9966903738660419,True,False
1743,6233,0.9975340164615294,True,False
1743,6373,0.9987516343887362,True,False
1745,2198,0.9987516343887362,True,False
1747,5728,0.9983039944199337,True,False
1749,3536,0.9987516343887362,True,False
1752,3491,0.9983505803534152,True,False
1753,5390,0.9987516343887362,True,False
1754,3391,0.9948944964858136,True,False
1755,6607,0.8288667144097164,True,False
1755,7342,0.9980660562935224,True,False
1755,7491,0.9987516343887362,True,False
1756,2062,0.9985050225223147,True,False
1756,6199,0.9926957433296217,True,False
1756,6862,0.9987516343887362,True,False
1757,2118,0.9953097333751223,True,False
1759,2519,0.9987516343887362,True,False
1761,4562,0.9966903738660419,True,False
1764,4184,0.9951999406776808,True,False
1765,5448,0.9966903738660419,True,False
1767,4229,0.9987516343887362,True,False
1768,6379,0.996535470187147,True,False
1770,5616,0.9939029047180966,True,False
1773,7435,0.9966903738660419,True,False
1774,1994,0.9966903738660419,True,False
1775,4290,0.9987516343887362,True,False
1777,2192,0.9873485260609695,True,False
1777,6201,0.9983505803534152,True,False
1778,3647,0.9972048444955496,True,False
1780,2135,0.9970051010599466,True,False
1782,4568,0.9946380086980074,True,False
1782,6414,0.9983505803534152,True,False
1783,4078,0.9951345565222027,True,False
1783,5115,0.9951345565222027,True,False
1785,2203,0.9956300099634801,True,False
1785,3622,0.9956300099634801,True,False
1786,6333,0.9987516343887362,True,False
1787,6311,0.9973151677640237,True,False
1787,6913,0.9966903738660419,True,False
1788,6404,0.9987516343887362,True,False
1789,6737,0.9983884245508575,True,False
1791,5659,0.9939029047180966,True,False
1791,6273,0.9966903738660419,True,False
1792,4963,0.9953097333751223,True,False
1794,6174,0.9987516343887362,True,False
1795,2428,0.9987516343887362,True,False
1797,2172,0.9983884245508575,True,False
1797,5790,0.9983884245508575,True,False
1798,6563,0.9966903738660419,True,False
1799,7177,0.9976962095979076,True,False
1803,1930,0.8113756980109436,True,False
1804,2869,0.9958128395225163,True,False
1805,3057,0.845068554434827,True,False
1805,3388,0.993378114750277,True,False
1806,2331,0.9966903738660419,True,False
1807,3554,0.9987516343887362,True,False
1808,4506,0.9987516343887362,True,False
1809,1908,0.9966903738660419,True,False
1809,3113,0.9956300099634801,True,False
1809,4336,0.9956300099634801,True,False
1811,5542,0.9953097333751223,True,False
1811,5834,0.9983884245508575,True,False
1812,7159,0.9953518047315162,True,False
1813,5519,0.9976962095979076,True,False
1814,6136,0.9983039944199337,True,False
1815,2450,0.9987516343887362,True,False
1816,3212,0.9955425575166709,True,False
1819,7427,0.996535470187147,True,False
1820,6262,0.9948785963092984,True,False
1821,7197,0.9987516343887362,True,False
1823,2256,0.9987516343887362,True,False
1823,7370,0.9953097333751223,True,False
1825,5763,0.9975340164615294,True,False
1827,6542,0.9987516343887362,True,False
1828,2444,0.9931519312245213,True,False
1829,4888,0.9987516343887362,True,False
1830,4186,0.9983039944199337,True,False
1833,5358,0.9959420546467269,True,False
1834,2573,0.9953518047315162,True,False
1834,5137,0.9982452686441156,True,False
1834,7160,0.9987516343887362,True,False
1835,6783,0.9978563561645535,True,False
1837,2548,0.9987516343887362,True,False
1838,3599,0.994492508780831,True,False
1838,3976,0.9957300078086366,True,False
1839,3139,0.9966903738660419,True,False
1839,5427,0.9966903738660419,True,False
1840,7383,0.9966903738660419,True,False
1841,7105,0.9934753990350542,True,False
1842,6061,0.9987516343887362,True,False
1843,5352,0.9939029047180966,True,False
1844,4422,0.7608523455497855,True,False
1845,6977,0.9970051010599466,True,False
1846,4293,0.9966903738660419,True,False
1847,4682,0.9974686442784303,True,False
1848,3550,0.995506930508393,True,False
1848,3658,0.9983039944199337,True,False
1848,3822,0.9987516343887362,True,False
1851,4085,0.9953097333751223,True,False
1854,3344,0.9966903738660419,True,False
1854,6544,0.9918777317903867,True,False
1854,6910,0.9918777317903867,True,False
1856,5800,0.9950648084917336,True,False
1857,2930,0.9987516343887362,True,False
1858,2175,0.9975340164615294,True,False
1859,4710,0.9987516343887362,True,False
1861,5621,0.8073325769881146,True,False
1865,4565,0.9981382614011772,True,False
1868,4600,0.9958128395225163,True,False
1869,2566,0.9951999406776808,True,False
1872,3786,0.9976962095979076,True,False
1873,2953,0.7856710472636681,True,False
1875,2588,0.9987516343887362,True,False
1875,5322,0.9946380086980074,True,False
1876,5849,0.9953097333751223,True,False
1877,2054,0.9987516343887362,True,False
1877,5295,0.9987516343887362,True,False
1880,7239,0.9966903738660419,True,False
1881,4730,0.9982452686441156,True,False
1882,2906,0.9979749008420777,True,False
1882,2964,0.9956300099634801,True,False
1883,4634,0.9983039944199337,True,False
1884,3395,0.9926084766360521,True,False
1885,2483,0.9987516343887362,True,False
1887,5696,0.7894108754335522,True,False
1889,2478,0.9966903738660419,True,False
1889,4764,0.9966903738660419,True,False
1890,4325,0.9951999406776808,True,False
1890,4947,0.9987516343887362,True,False
1894,4319,0.9959420546467269,True,False
1895,3673,0.9966903738660419,True,False
1895,4131,0.9966903738660419,True,False
1895,4183,0.9966903738660419,True,False
1897,2622,0.9972048444955496,True,False
1898,2800,0.9987516343887362,True,False
1899,4968,0.9955425575166709,True,False
1901,2290,0.9987516343887362,True,False
1901,7313,0.9956300099634801,True,False
1902,4112,0.9979749008420777,True,False
1903,4575,0.9987516343887362,True,False
1904,3743,0.9987516343887362,True,False
1906,5163,0.9984197686403924,True,False
1908,3113,0.9956300099634801,True,False
1908,4336,0.9956300099634801,True,False
1909,6927,0.9987516343887362,True,False
1910,3001,0.9876356745221663,True,False
1913,7034,0.9956300099634801,True,False
1914,5700,0.9987516343887362,True,False
1915,4082,0.7690994519390465,True,False
1917,4333,0.9951999406776808,True,False
1918,1997,0.9983505803534152,True,False
1920,6777,0.9931519312245213,True,False
1921,4489,0.9966903738660419,True,False
1923,5715,0.9987516343887362,True,False
1923,6711,0.9873485260609695,True,False
1924,2899,0.9983884245508575,True,False
1925,2410,0.9978209634883989,True,False
1925,5292,0.9978209634883989,True,False
1926,2225,0.9878736124411658,True,False
1927,2924,0.9987516343887362,True,False
1928,3304,0.9950648084917336,True,False
1929,5207,0.9987516343887362,True,False
1933,4320,0.9975340164615294,True,False
1933,5641,0.9975340164615294,True,False
1933,7268,0.9934753990350542,True,False
1934,2898,0.9987516343887362,True,False
1935,4283,0.9978209634883989,True,False
1936,4873,0.9953097333751223,True,False
1937,2274,0.9987516343887362,True,False
1938,3948,0.9987516343887362,True,False
1938,5408,0.9976962095979076,True,False
1939,2574,0.9987516343887362,True,False
1939,5148,0.9987516343887362,True,False
1940,4275,0.7504356081435468,True,False
1941,5365,0.9953518047315162,True,False
1941,5768,0.9966903738660419,True,False
1941,7225,0.9939029047180966,True,False
1942,6994,0.9983884245508575,True,False
1945,4718,0.9987516343887362,True,False
1946,4307,0.9987516343887362,True,False
1949,5197,0.9984197686403924,True,False
1950,5371,0.9983039944199337,True,False
1950,5796,0.9987516343887362,True,False
1950,6395,0.9973151677640237,True,False
1953,4786,0.9987516343887362,True,False
1954,5168,0.9966903738660419,True,False
1955,5456,0.9966903738660419,True,False
1956,3503,0.9966903738660419,True,False
1956,6656,0.9987516343887362,True,False
1958,5580,0.9966903738660419,True,False
1959,6864,0.9948944964858136,True,False
1960,4364,0.9987516343887362,True,False
1960,6592,0.9873485260609695,True,False
1961,2261,0.9987516343887362,True,False
1961,6446,0.7998720689852635,True,False
1962,3094,0.9983505803534152,True,False
1963,2644,0.9987516343887362,True,False
1963,4519,0.9975340164615294,True,False
1964,3576,0.9987516343887362,True,False
1965,4149,0.9939029047180966,True,False
1967,5780,0.9966903738660419,True,False
1969,2245,0.9882449387453355,True,False
1969,4989,0.9987516343887362,True,False
1970,3679,0.9979749008420777,True,False
1972,7161,0.9946380086980074,True,False
1974,5879,0.9987516343887362,True,False
1975,3695,0.9987516343887362,True,False
1975,4095,0.9987516343887362,True,False
1975,6092,0.9939029047180966,True,False
1976,2859,0.9955425575166709,True,False
1976,4746,0.9882449387453355,True,False
1976,6807,0.9955425575166709,True,False
1977,2631,0.9928989241848947,True,False
1979,3597,0.9956300099634801,True,False
1980,5850,0.9846942480297858,True,False
1980,7119,0.9878736124411658,True,False
1982,2542,0.9878736124411658,True,False
1983,4537,0.9908484813446168,True,False
1984,6773,0.9966903738660419,True,False
1990,4265,0.9987516343887362,True,False
1991,2034,0.9987516343887362,True,False
1995,3146,0.9983884245508575,True,False
1998,5904,0.9953097333751223,True,False
2001,5338,0.9987516343887362,True,False
2002,2304,0.9958128395225163,True,False
2002,6232,0.9898186230840336,True,False
2002,6306,0.9958128395225163,True,False
2003,6158,0.9981689989681672,True,False
2005,6769,0.9987516343887362,True,False
2008,5489,0.9983505803534152,True,False
2013,4216,0.845068554434827,True,False
2014,2313,0.9966903738660419,True,False
2015,3125,0.9984461500974169,True,False
2016,4395,0.9966903738660419,True,False
2016,6256,0.9928989241848947,True,False
2017,7021,0.9987516343887362,True,False
2018,4274,0.9987516343887362,True,False
2019,3325,0.9987516343887362,True,False
2021,5396,0.9966903738660419,True,False
2021,6908,0.9966903738660419,True,False
2022,3951,0.9950648084917336,True,False
2022,6432,0.9987516343887362,True,False
2022,6941,0.9987516343887362,True,False
2024,3794,0.9966903738660419,True,False
2024,6005,0.9939029047180966,True,False
2024,7074,0.9966903738660419,True,False
2025,2858,0.8256011655645904,True,False
2026,2126,0.9943252407018788,True,False
2028,5870,0.9987516343887362,True,False
2029,3271,0.845068554434827,True,False
2030,3268,0.996535470187147,True,False
2030,5296,0.9987516343887362,True,False
2032,2050,0.9966903738660419,True,False
2035,4341,0.9983884245508575,True,False
2035,5397,0.9983884245508575,True,False
2035,7271,0.9957300078086366,True,False
2036,4259,0.9987516343887362,True,False
2038,6450,0.9951999406776808,True,False
2039,6543,0.8424928871536954,True,False
2045,4029,0.9953097333751223,True,False
2045,4911,0.9876356745221663,True,False
2046,3991,0.9984461500974169,True,False
2047,6237,0.9976962095979076,True,False
2048,5153,0.9987516343887362,True,False
2049,5925,0.9966903738660419,True,False
2051,3255,0.9987516343887362,True,False
2053,3790,0.9987516343887362,True,False
2054,5295,0.9987516343887362,True,False
2056,4189,0.9966903738660419,True,False
2056,4521,0.9966903738660419,True,False
2056,6389,0.9966903738660419,True,False
2058,3608,0.9942318844771555,True,False
2059,2920,0.9956300099634801,True,False
2060,3993,0.9987516343887362,True,False
2062,6199,0.9926957433296217,True,False
2062,6862,0.9985050225223147,True,False
2064,6819,0.9984461500974169,True,False
2065,6356,0.9987516343887362,True,False
2067,4907,0.9975340164615294,True,False
2068,3489,0.9946380086980074,True,False
2068,6160,0.9946380086980074,True,False
2069,2798,0.9976962095979076,True,False
2071,4895,0.995400680151444,True,False
2075,7088,0.9987516343887362,True,False
2076,6624,0.9987516343887362,True,False
2077,2626,0.9976962095979076,True,False
2077,2843,0.9987516343887362,True,False
2079,5769,0.9987516343887362,True,False
2079,6788,0.9987516343887362,True,False
2079,7201,0.9987516343887362,True,False
2080,5875,0.9983884245508575,True,False
2082,3394,0.9987516343887362,True,False
2084,6779,0.9987516343887362,True,False
2085,7323,0.9953097333751223,True,False
2088,5159,0.9987516343887362,True,False
2091,5648,0.9934753990350542,True,False
2092,4456,0.9966903738660419,True,False
2093,4735,0.9966903738660419,True,False
2095,5372,0.9987516343887362,True,False
2098,6935,0.9987516343887362,True,False
2102,2545,0.9987516343887362,True,False
2102,6374,0.9987516343887362,True,False
2103,6712,0.9987516343887362,True,False
2106,6412,0.9987516343887362,True,False
2109,5360,0.9966903738660419,True,False
2110,5640,0.9987516343887362,True,False
2110,6509,0.9966903738660419,True,False
2111,5312,0.9957300078086366,True,False
2113,2933,0.9966903738660419,True,False
2113,5350,0.9978209634883989,True,False
2113,5791,0.9987516343887362,True,False
2114,2669,0.8106427136166562,True,False
2114,7069,0.9987516343887362,True,False
2115,5000,0.995400680151444,True,False
2117,5524,0.9966903738660419,True,False
2120,5903,0.9987516343887362,True,False
2121,2639,0.9987516343887362,True,False
2122,5388,0.9987516343887362,True,False
2124,2824,0.9983884245508575,True,False
2124,4543,0.9987516343887362,True,False
2124,4558,0.9983884245508575,True,False
2127,2818,0.9953518047315162,True,False
2127,7489,0.9934753990350542,True,False
2128,5342,0.9987516343887362,True,False
2128,6257,0.9966903738660419,True,False
2130,3116,0.9966903738660419,True,False
2131,5693,0.9950648084917336,True,False
2136,2316,0.9983505803534152,True,False
2136,4552,0.9833451615993634,True,False
2138,5531,0.9983884245508575,True,False
2139,3619,0.9987516343887362,True,False
2140,3897,0.9934753990350542,True,False
2144,6117,0.9966903738660419,True,False
2145,3149,0.9976962095979076,True,False
2148,7066,0.9983884245508575,True,False
2150,5146,0.9987516343887362,True,False
2151,3884,0.9987516343887362,True,False
2152,4728,0.8918542628252016,True,False
2153,5067,0.9978209634883989,True,False
2155,4841,0.9966903738660419,True,False
2156,6697,0.9966903738660419,True,False
2157,3669,0.9976962095979076,True,False
2157,7165,0.9987516343887362,True,False
2158,2293,0.9987516343887362,True,False
2160,6196,0.9987516343887362,True,False
2161,3889,0.9987516343887362,True,False
2161,6085,0.9926084766360521,True,False
2162,6790,0.9934753990350542,True,False
2163,5723,0.9966903738660419,True,False
2164,3117,0.9987516343887362,True,False
2165,3958,0.7565722523815058,True,False
2165,4933,0.8318839232237752,True,False
2166,5501,0.9966903738660419,True,False
2168,5908,0.9966903738660419,True,False
2169,6685,0.9978209634883989,True,False
2170,2666,0.9979749008420777,True,False
2170,7011,0.8301943894591945,True,False
2171,6015,0.7778287984716142,True,False
2171,6947,0.8223057827215735,True,False
2172,5790,0.9987516343887362,True,False
2173,5946,0.9987516343887362,True,False
2174,2607,0.9987516343887362,True,False
2174,7097,0.9987516343887362,True,False
2177,7266,0.9975340164615294,True,False
2179,4528,0.9943252407018788,True,False
2180,6653,0.9939029047180966,True,False
2181,4843,0.9966903738660419,True,False
2183,5470,0.9966903738660419,True,False
2185,3138,0.9966903738660419,True,False
2186,5666,0.995400680151444,True,False
2188,7310,0.9966903738660419,True,False
2190,6536,0.9976962095979076,True,False
2192,6201,0.9833451615993634,True,False
2193,5276,0.8318839232237752,True,False
2195,3710,0.9983884245508575,True,False
2200,6252,0.9983505803534152,True,False
2202,2572,0.9920828818225981,True,False
2202,7032,0.9920828818225981,True,False
2203,3622,0.9987516343887362,True,False
2205,6822,0.9987516343887362,True,False
2207,6001,0.9976962095979076,True,False
2208,6200,0.9987516343887362,True,False
2210,2697,0.9984197686403924,True,False
2211,2340,0.9987516343887362,True,False
2211,3030,0.9966903738660419,True,False
2211,7115,0.9987516343887362,True,False
2212,2243,0.9987516343887362,True,False
2212,5813,0.8952117826560634,True,False
2212,5987,0.9713455505521835,True,False
2213,4613,0.9987516343887362,True,False
2214,7044,0.9951999406776808,True,False
2216,6763,0.9878736124411658,True,False
2217,4010,0.9987516343887362,True,False
2218,2470,0.7709669631210463,True,False
2219,3594,0.996535470187147,True,False
2220,2655,0.9987516343887362,True,False
2220,3026,0.9987516343887362,True,False
2223,2311,0.9976962095979076,True,False
2227,6019,0.9966903738660419,True,False
2228,7286,0.9987516343887362,True,False
2229,6277,0.9983505803534152,True,False
2231,2344,0.9979749008420777,True,False
2231,7206,0.9979749008420777,True,False
2232,2911,0.9987516343887362,True,False
2236,5166,0.9987516343887362,True,False
2236,6661,0.9987516343887362,True,False
2237,2513,0.9966903738660419,True,False
2241,2436,0.9942318844771555,True,False
2241,3098,0.9978209634883989,True,False
2241,4945,0.9978209634883989,True,False
2243,5813,0.8952117826560634,True,False
2243,5987,0.9713455505521835,True,False
2245,4989,0.9882449387453355,True,False
2246,4247,0.9934753990350542,True,False
2247,6071,0.9966903738660419,True,False
2249,6922,0.9987516343887362,True,False
2250,4750,0.9939029047180966,True,False
2251,3385,0.9973151677640237,True,False
2251,3467,0.9983039944199337,True,False
2251,7446,0.9983039944199337,True,False
2252,2627,0.9987516343887362,True,False
2253,6555,0.9987516343887362,True,False
2254,6402,0.9981382614011772,True,False
2255,3656,0.8474468118784135,True,False
2256,7370,0.9953097333751223,True,False
2261,6446,0.7998720689852635,True,False
2262,3362,0.9939029047180966,True,False
2263,5786,0.9987516343887362,True,False
2265,4053,0.9950648084917336,True,False
2266,5359,0.9970051010599466,True,False
2267,6360,0.994492508780831,True,False
2268,4074,0.9987516343887362,True,False
2270,6931,0.9987516343887362,True,False
2272,4522,0.9983884245508575,True,False
2272,5425,0.9976962095979076,True,False
2275,3862,0.9966903738660419,True,False
2275,4248,0.9978563561645535,True,False
2276,6965,0.9987516343887362,True,False
2276,7085,0.9987516343887362,True,False
2277,5584,0.8318839232237752,True,False
2277,6358,0.8318839232237752,True,False
2279,4614,0.9987516343887362,True,False
2280,5803,0.9987516343887362,True,False
2281,2691,0.9934753990350542,True,False
2282,4482,0.9766521302079407,True,False
2282,4527,0.9943252407018788,True,False
2284,3445,0.9966903738660419,True,False
2288,4517,0.9508415943534891,True,False
2289,2917,0.9983505803534152,True,False
2289,4744,0.9956300099634801,True,False
2290,7313,0.9956300099634801,True,False
2291,3189,0.9987516343887362,True,False
2292,4734,0.9987516343887362,True,False
2295,3024,0.9966903738660419,True,False
2298,6088,0.9987516343887362,True,False
2299,3118,0.9987516343887362,True,False
2299,6716,0.9973151677640237,True,False
2301,2307,0.9987516343887362,True,False
2302,2510,0.9987516343887362,True,False
2302,5393,0.7862677569936422,True,False
2304,6232,0.9961431011748146,True,False
2304,6306,0.9987516343887362,True,False
2305,2787,0.9951999406776808,True,False
2305,7390,0.9987516343887362,True,False
2306,7367,0.9987516343887362,True,False
2308,5320,0.9966903738660419,True,False
2309,2509,0.9954772360045787,True,False
2314,4390,0.9987516343887362,True,False
2315,3114,0.9987516343887362,True,False
2315,3860,0.9975340164615294,True,False
2316,4552,0.9873485260609695,True,False
2317,3160,0.9966903738660419,True,False
2318,4610,0.9920828818225981,True,False
2320,3267,0.9939029047180966,True,False
2322,7321,0.9975340164615294,True,False
2323,3297,0.9956300099634801,True,False
2327,6087,0.992832605300056,True,False
2328,5138,0.9979749008420777,True,False
2332,5841,0.9966903738660419,True,False
2333,6906,0.9987516343887362,True,False
2335,3835,0.9987516343887362,True,False
2336,5392,0.9873485260609695,True,False
2338,2463,0.9987516343887362,True,False
2339,6478,0.9987516343887362,True,False
2340,3030,0.9966903738660419,True,False
2340,7115,0.9987516343887362,True,False
2341,2406,0.9987516343887362,True,False
2341,3329,0.9987516343887362,True,False
2343,3317,0.9976962095979076,True,False
2344,7206,0.9987516343887362,True,False
2345,4589,0.9975340164615294,True,False
2346,6888,0.9987516343887362,True,False
2347,4972,0.9987516343887362,True,False
2348,5302,0.9966903738660419,True,False
2351,3150,0.9987516343887362,True,False
2352,7226,0.9987516343887362,True,False
2354,2540,0.9976962095979076,True,False
2357,6003,0.9950648084917336,True,False
2361,4728,0.9876356745221663,True,False
2363,6159,0.9943252407018788,True,False
2365,2784,0.9973151677640237,True,False
2366,3859,0.9987516343887362,True,False
2367,5431,0.9983505803534152,True,False
2368,3357,0.9966903738660419,True,False
2368,5596,0.9966903738660419,True,False
2369,4365,0.9966903738660419,True,False
2369,7233,0.9926957433296217,True,False
2371,3442,0.9987516343887362,True,False
2373,4559,0.9979197595370883,True,False
2374,5783,0.9976962095979076,True,False
2376,2704,0.9955425575166709,True,False
2377,2978,0.9966903738660419,True,False
2379,2857,0.9987516343887362,True,False
2379,2991,0.9987516343887362,True,False
2382,7103,0.9983505803534152,True,False
2383,2481,0.9987516343887362,True,False
2384,7181,0.995506930508393,True,False
2386,2388,0.9953097333751223,True,False
2387,3779,0.9926084766360521,True,False
2390,4510,0.9933031569260068,True,False
2390,6859,0.9966903738660419,True,False
2393,3613,0.9987516343887362,True,False
2393,7059,0.9987516343887362,True,False
2394,5085,0.9939029047180966,True,False
2395,5016,0.9966903738660419,True,False
2396,5394,0.9987516343887362,True,False
2397,5204,0.9987516343887362,True,False
2397,5721,0.9984197686403924,True,False
2398,3115,0.9987516343887362,True,False
2398,3144,0.9957300078086366,True,False
2399,4505,0.9972048444955496,True,False
2400,7482,0.9987516343887362,True,False
2401,2677,0.9966903738660419,True,False
2402,4172,0.9966903738660419,True,False
2404,5856,0.9987516343887362,True,False
2406,3329,0.9987516343887362,True,False
2407,2760,0.9978563561645535,True,False
2410,5292,0.9987516343887362,True,False
2411,3314,0.9966903738660419,True,False
2412,2864,0.9762369269854069,True,False
2412,3434,0.9939029047180966,True,False
2412,3586,0.9939029047180966,True,False
2413,7045,0.9987516343887362,True,False
2414,2946,0.9983505803534152,True,False
2414,3333,0.9987516343887362,True,False
2415,4129,0.9987516343887362,True,False
2416,7228,0.9953097333751223,True,False
2418,4677,0.9973151677640237,True,False
2418,6704,0.9973151677640237,True,False
2422,5510,0.7995987297011772,True,False
2423,3894,0.9975340164615294,True,False
2423,5859,0.9987516343887362,True,False
2424,3604,0.9966903738660419,True,False
2425,6025,0.9983505803534152,True,False
2425,7429,0.9983505803534152,True,False
2426,3497,0.9987516343887362,True,False
2434,3559,0.9966903738660419,True,False
2434,5216,0.9978209634883989,True,False
2436,3098,0.9966903738660419,True,False
2436,4945,0.9966903738660419,True,False
2439,4821,0.9980660562935224,True,False
2440,5003,0.9987516343887362,True,False
2441,4495,0.9848301639485886,True,False
2442,3198,0.8474468118784135,True,False
2445,4161,0.9966903738660419,True,False
2448,6446,0.9974112369640995,True,False
2449,4138,0.9987516343887362,True,False
2451,5192,0.9946380086980074,True,False
2453,6622,0.9987516343887362,True,False
2455,6969,0.9987516343887362,True,False
2457,3562,0.9966903738660419,True,False
2464,2649,0.9987516343887362,True,False
2465,7005,0.9987516343887362,True,False
2466,5176,0.9966903738660419,True,False
2467,2602,0.9987516343887362,True,False
2468,4427,0.9966903738660419,True,False
2470,2683,0.9869952477161212,True,False
2472,2897,0.9987516343887362,True,False
2473,4515,0.9976962095979076,True,False
2474,3060,0.9987516343887362,True,False
2477,4520,0.9966903738660419,True,False
2478,4764,0.9987516343887362,True,False
2479,6620,0.9987516343887362,True,False
2480,3081,0.9987516343887362,True,False
2480,4062,0.9987516343887362,True,False
2482,7375,0.996038179800274,True,False
2485,3990,0.9920828818225981,True,False
2487,6474,0.9983884245508575,True,False
2489,4237,0.9966903738660419,True,False
2493,6242,0.9987516343887362,True,False
2494,6559,0.9987516343887362,True,False
2494,7205,0.9966903738660419,True,False
2494,7413,0.9987516343887362,True,False
2498,6116,0.9984686580491425,True,False
2501,6792,0.9882449387453355,True,False
2502,3572,0.9983039944199337,True,False
2503,7071,0.9987516343887362,True,False
2504,6153,0.9974686442784303,True,False
2506,7253,0.9987516343887362,True,False
2507,4952,0.9987516343887362,True,False
2508,3020,0.9946380086980074,True,False
2508,4955,0.9946380086980074,True,False
2510,5393,0.7862677569936422,True,False
2511,3734,0.9987516343887362,True,False
2511,5784,0.9983039944199337,True,False
2514,7065,0.9873485260609695,True,False
2516,5087,0.8288667144097164,True,False
2516,5313,0.9934753990350542,True,False
2516,5844,0.9983505803534152,True,False
2518,6050,0.9873485260609695,True,False
2521,3867,0.9966903738660419,True,False
2525,6027,0.9951999406776808,True,False
2527,5248,0.9942318844771555,True,False
2528,5171,0.9987516343887362,True,False
2529,3540,0.9983884245508575,True,False
2534,5283,0.9987516343887362,True,False
2534,6269,0.995400680151444,True,False
2537,6114,0.9973151677640237,True,False
2537,7398,0.9973151677640237,True,False
2538,7033,0.9966903738660419,True,False
2543,2698,0.9966903738660419,True,False
2545,6374,0.9987516343887362,True,False
2549,4337,0.9987516343887362,True,False
2549,6958,0.9987516343887362,True,False
2550,5055,0.9987516343887362,True,False
2550,5083,0.9975340164615294,True,False
2553,4673,0.8288667144097164,True,False
2555,7048,0.9966903738660419,True,False
2556,4612,0.9987516343887362,True,False
2557,3856,0.9966903738660419,True,False
2558,3275,0.9979749008420777,True,False
2563,2732,0.9953518047315162,True,False
2563,7096,0.9966903738660419,True,False
2565,3778,0.9987516343887362,True,False
2565,3849,0.9966903738660419,True,False
2567,6905,0.9983884245508575,True,False
2569,4448,0.9966903738660419,True,False
2572,7032,0.9987516343887362,True,False
2573,5137,0.9966903738660419,True,False
2573,7160,0.9953518047315162,True,False
2574,5148,0.9987516343887362,True,False
2576,3164,0.9958128395225163,True,False
2577,3099,0.9987516343887362,True,False
2577,3374,0.9908484813446168,True,False
2579,4877,0.9939029047180966,True,False
2580,4398,0.9966903738660419,True,False
2582,2832,0.9979749008420777,True,False
2583,3359,0.9966903738660419,True,False
2584,6342,0.9950692194805554,True,False
2585,3896,0.9987516343887362,True,False
2588,5322,0.9946380086980074,True,False
2589,5070,0.9987516343887362,True,False
2592,4035,0.9966903738660419,True,False
2592,5741,0.995150381172694,True,False
2593,3172,0.992832605300056,True,False
2595,3757,0.9987516343887362,True,False
2597,4919,0.9954772360045787,True,False
2597,5462,0.9954772360045787,True,False
2599,4033,0.9987516343887362,True,False
2599,6847,0.9972048444955496,True,False
2601,6639,0.9966903738660419,True,False
2603,4703,0.9983039944199337,True,False
2604,6255,0.9987516343887362,True,False
2607,7097,0.9987516343887362,True,False
2608,3511,0.9976962095979076,True,False
2609,2786,0.995506930508393,True,False
2610,6075,0.9987516343887362,True,False
2613,4435,0.9987516343887362,True,False
2616,4770,0.9987516343887362,True,False
2617,5887,0.9966903738660419,True,False
2618,5575,0.9966903738660419,True,False
2619,3100,0.9984197686403924,True,False
2621,6867,0.9979749008420777,True,False
2624,5038,0.9873485260609695,True,False
2624,6048,0.9975340164615294,True,False
2626,2843,0.9976962095979076,True,False
2629,5246,0.995400680151444,True,False
2632,7376,0.9987516343887362,True,False
2633,3720,0.9987516343887362,True,False
2636,2762,0.9987516343887362,True,False
2637,4681,0.9976962095979076,True,False
2637,5881,0.9939029047180966,True,False
2642,7216,0.9982452686441156,True,False
2643,5526,0.9987516343887362,True,False
2644,4519,0.9975340164615294,True,False
2646,5776,0.9966903738660419,True,False
2647,5930,0.9955425575166709,True,False
2650,7230,0.9981689989681672,True,False
2652,6507,0.9983505803534152,True,False
2653,5662,0.9951345565222027,True,False
2654,4623,0.9968294073503572,True,False
2655,3026,0.9987516343887362,True,False
2656,2725,0.9979749008420777,True,False
2656,3167,0.7518957691791132,True,False
2656,4749,0.7518957691791132,True,False
2656,5798,0.9983505803534152,True,False
2659,4064,0.9970570100901925,True,False
2660,4534,0.9984461500974169,True,False
2661,3008,0.9987516343887362,True,False
2662,3916,0.9976962095979076,True,False
2662,4338,0.9987516343887362,True,False
2663,5164,0.9987516343887362,True,False
2664,2825,0.9956300099634801,True,False
2664,4485,0.9987516343887362,True,False
2665,6719,0.9987516343887362,True,False
2666,7011,0.750717771234279,True,False
2667,5098,0.9980660562935224,True,False
2668,3855,0.9966903738660419,True,False
2669,7069,0.8106427136166562,True,False
2671,3190,0.9987516343887362,True,False
2671,4107,0.9987516343887362,True,False
2672,5535,0.9966903738660419,True,False
2672,5536,0.9987516343887362,True,False
2676,5049,0.9976962095979076,True,False
2678,6545,0.9950648084917336,True,False
2681,3530,0.9873485260609695,True,False
2681,4352,0.9833451615993634,True,False
2681,5109,0.9873485260609695,True,False
2684,5938,0.9956300099634801,True,False
2685,6125,0.9979749008420777,True,False
2686,3560,0.9987516343887362,True,False
2686,5327,0.9987516343887362,True,False
2687,4316,0.7593517692056968,True,False
2687,7042,0.9979197595370883,True,False
2689,6615,0.8106427136166562,True,False
2690,6013,0.9979749008420777,True,False
2693,3031,0.9987516343887362,True,False
2693,4476,0.9987516343887362,True,False
2694,5760,0.9982452686441156,True,False
2695,2912,0.9987516343887362,True,False
2695,3956,0.9987516343887362,True,False
2699,4048,0.9987516343887362,True,False
2700,3082,0.9939029047180966,True,False
2703,4579,0.9934753990350542,True,False
2707,4633,0.9976962095979076,True,False
2710,7046,0.9939029047180966,True,False
2712,3209,0.9979749008420777,True,False
2714,3495,0.9987516343887362,True,False
2715,4416,0.7603986434773856,True,False
2716,6793,0.9979749008420777,True,False
2717,5340,0.9956481046605191,True,False
2719,3096,0.9955425575166709,True,False
2719,4469,0.8256011655645904,True,False
2719,6657,0.9987516343887362,True,False
2720,3754,0.9953518047315162,True,False
2722,2801,0.9934753990350542,True,False
2722,3151,0.9956300099634801,True,False
2722,7010,0.9966903738660419,True,False
2723,5802,0.9984197686403924,True,False
2725,3167,0.8224068652638832,True,False
2725,4749,0.8224068652638832,True,False
2725,5798,0.9979749008420777,True,False
2726,5020,0.9966903738660419,True,False
2727,6571,0.9987516343887362,True,False
2731,7347,0.9979749008420777,True,False
2732,7096,0.9982452686441156,True,False
2733,4108,0.9966903738660419,True,False
2733,6729,0.995150381172694,True,False
2734,4088,0.9987516343887362,True,False
2735,4782,0.9931519312245213,True,False
2736,5046,0.9987516343887362,True,False
2740,5291,0.9987516343887362,True,False
2742,6566,0.9966903738660419,True,False
2742,7003,0.9946380086980074,True,False
2745,4894,0.9982452686441156,True,False
2745,5857,0.9970051010599466,True,False
2748,4431,0.9987516343887362,True,False
2750,6768,0.9865502215896123,True,False
2751,5344,0.9982452686441156,True,False
2752,6314,0.9987516343887362,True,False
2755,4239,0.9873485260609695,True,False
2756,2776,0.9899525902798143,True,False
2756,4270,0.9975340164615294,True,False
2757,3724,0.9987516343887362,True,False
2757,3928,0.9983505803534152,True,False
2759,3741,0.9951345565222027,True,False
2759,6508,0.9871775715711383,True,False
2763,6134,0.9987516343887362,True,False
2764,4357,0.9987516343887362,True,False
2766,5451,0.9987516343887362,True,False
2767,7369,0.9966903738660419,True,False
2768,6552,0.9975340164615294,True,False
2769,3580,0.9966903738660419,True,False
2769,6439,0.9966903738660419,True,False
2772,6469,0.9972048444955496,True,False
2773,3962,0.9939029047180966,True,False
2776,4270,0.9951999406776808,True,False
2777,5956,0.9987516343887362,True,False
2780,4301,0.9873485260609695,True,False
2783,4323,0.9956300099634801,True,False
2785,5420,0.9966903738660419,True,False
2787,7390,0.9951999406776808,True,False
2789,4399,0.9928989241848947,True,False
2790,3143,0.9934753990350542,True,False
2790,3241,0.9983505803534152,True,False
2791,6878,0.9987516343887362,True,False
2792,5515,0.9975340164615294,True,False
2793,5893,0.9979749008420777,True,False
2794,4311,0.9987516343887362,True,False
2795,4870,0.996535470187147,True,False
2795,6080,0.996535470187147,True,False
2796,3618,0.9983505803534152,True,False
2796,5062,0.9987516343887362,True,False
2797,2921,0.9987516343887362,True,False
2801,3151,0.9975340164615294,True,False
2801,7010,0.9975340164615294,True,False
2802,3210,0.9974112369640995,True,False
2804,3074,0.9976962095979076,True,False
2805,3623,0.9928989241848947,True,False
2806,4250,0.9987516343887362,True,False
2807,4659,0.9966903738660419,True,False
2813,4948,0.9987516343887362,True,False
2817,3812,0.995400680151444,True,False
2817,5688,0.9987516343887362,True,False
2817,6845,0.9987516343887362,True,False
2818,7489,0.9982452686441156,True,False
2822,3826,0.9979197595370883,True,False
2823,5205,0.9966903738660419,True,False
2824,4543,0.9983884245508575,True,False
2824,4558,0.9987516343887362,True,False
2825,4485,0.9956300099634801,True,False
2828,7425,0.9966903738660419,True,False
2829,4187,0.9976962095979076,True,False
2830,6701,0.9976962095979076,True,False
2834,4816,0.9953518047315162,True,False
2834,6550,0.9966903738660419,True,False
2835,4304,0.9987516343887362,True,False
2836,3013,0.9976962095979076,True,False
2837,6933,0.9974112369640995,True,False
2838,6755,0.9987516343887362,True,False
2839,6611,0.9926084766360521,True,False
2840,4587,0.9975340164615294,True,False
2840,6978,0.9975340164615294,True,False
2841,7322,0.9976962095979076,True,False
2842,6130,0.9979197595370883,True,False
2844,3828,0.9934753990350542,True,False
2848,7236,0.9953518047315162,True,False
2853,3480,0.9976962095979076,True,False
2856,6177,0.9966903738660419,True,False
2857,2991,0.9987516343887362,True,False
2858,3874,0.992832605300056,True,False
2859,4746,0.9966903738660419,True,False
2859,6807,0.9987516343887362,True,False
2861,7077,0.9966903738660419,True,False
2862,4188,0.9987516343887362,True,False
2863,6154,0.9987516343887362,True,False
2863,6442,0.9987516343887362,True,False
2864,3434,0.9953097333751223,True,False
2864,3586,0.9876356745221663,True,False
2866,7012,0.9876356745221663,True,False
2870,5496,0.9966903738660419,True,False
2876,4478,0.9983505803534152,True,False
2878,6917,0.9966903738660419,True,False
2879,3409,0.9987516343887362,True,False
2881,6647,0.9980660562935224,True,False
2882,7339,0.9966903738660419,True,False
2883,3910,0.9983884245508575,True,False
2883,5271,0.9987516343887362,True,False
2884,5189,0.9976962095979076,True,False
2888,5926,0.9987516343887362,True,False
2891,5290,0.9987516343887362,True,False
2892,4440,0.995506930508393,True,False
2893,2955,0.9880739555233248,True,False
2893,3128,0.9966903738660419,True,False
2894,5028,0.9987516343887362,True,False
2895,6629,0.996535470187147,True,False
2896,5919,0.9973151677640237,True,False
2896,6142,0.9973151677640237,True,False
2904,3077,0.9987516343887362,True,False
2905,4959,0.9966903738660419,True,False
2906,2964,0.9946380086980074,True,False
2907,4117,0.9987516343887362,True,False
2907,6185,0.9979749008420777,True,False
2908,3631,0.9987516343887362,True,False
2912,3956,0.9987516343887362,True,False
2917,4744,0.9966903738660419,True,False
2919,4425,0.995150381172694,True,False
2923,5414,0.9987516343887362,True,False
2925,6902,0.9873485260609695,True,False
2926,3534,0.9987516343887362,True,False
2926,4472,0.9987516343887362,True,False
2926,6979,0.9983039944199337,True,False
2928,3570,0.9966903738660419,True,False
2931,5416,0.9987516343887362,True,False
2932,3214,0.9987516343887362,True,False
2933,5350,0.9942318844771555,True,False
2933,5791,0.9966903738660419,True,False
2935,4588,0.9972048444955496,True,False
2936,6513,0.9979749008420777,True,False
2944,4042,0.9951999406776808,True,False
2944,6514,0.9987516343887362,True,False
2945,4729,0.9987516343887362,True,False
2946,3333,0.9983505803534152,True,False
2948,6957,0.9983039944199337,True,False
2952,6444,0.9966903738660419,True,False
2955,3128,0.9954772360045787,True,False
2957,6877,0.9958128395225163,True,False
2958,6233,0.9934753990350542,True,False
2958,6373,0.9966903738660419,True,False
2959,5655,0.9987516343887362,True,False
2961,5564,0.9987516343887362,True,False
2965,6940,0.9987516343887362,True,False
2966,7359,0.9987516343887362,True,False
2967,7196,0.9966903738660419,True,False
2970,4067,0.9983505803534152,True,False
2972,4471,0.9987516343887362,True,False
2976,7478,0.9908484813446168,True,False
2979,6725,0.9953518047315162,True,False
2980,4360,0.9987516343887362,True,False
2980,7016,0.9942318844771555,True,False
2982,5494,0.9987516343887362,True,False
2983,6930,0.9966903738660419,True,False
2987,7118,0.9987516343887362,True,False
2989,4201,0.9984197686403924,True,False
2990,4856,0.9969271015460225,True,False
2992,5600,0.9956300099634801,True,False
2994,4406,0.8256011655645904,True,False
2994,5297,0.780443452109907,True,False
2995,6067,0.9966903738660419,True,False
2996,6613,0.9987516343887362,True,False
2999,5121,0.9976962095979076,True,False
3003,5353,0.9966903738660419,True,False
3005,6304,0.9983039944199337,True,False
3006,5725,0.995506930508393,True,False
3006,7304,0.9987516343887362,True,False
3011,3547,0.9987516343887362,True,False
3014,5151,0.9987516343887362,True,False
3014,7448,0.996535470187147,True,False
3015,4678,0.9970570100901925,True,False
3016,5471,0.9979749008420777,True,False
3018,6053,0.9966903738660419,True,False
3020,4955,0.9956300099634801,True,False
3022,7502,0.9950648084917336,True,False
3023,5793,0.9987516343887362,True,False
3025,6052,0.9987516343887362,True,False
3029,4595,0.9876356745221663,True,False
3030,7115,0.9966903738660419,True,False
3031,4476,0.9987516343887362,True,False
3032,7092,0.9934753990350542,True,False
3033,3327,0.9983039944199337,True,False
3034,6794,0.9987516343887362,True,False
3035,4056,0.9983884245508575,True,False
3039,3230,0.9966903738660419,True,False
3040,4660,0.9987516343887362,True,False
3042,3496,0.9951345565222027,True,False
3043,3940,0.9878736124411658,True,False
3045,4047,0.9939029047180966,True,False
3046,3833,0.9966903738660419,True,False
3047,4832,0.9973151677640237,True,False
3049,4125,0.9966903738660419,True,False
3050,6367,0.9987516343887362,True,False
3050,6797,0.9987516343887362,True,False
3054,6511,0.995400680151444,True,False
3055,6885,0.9978563561645535,True,False
3058,4281,0.9983505803534152,True,False
3058,4504,0.9987516343887362,True,False
3059,3490,0.9878736124411658,True,False
3061,4937,0.9979749008420777,True,False
3061,6727,0.9979749008420777,True,False
3061,6853,0.9979749008420777,True,False
3064,4549,0.9966903738660419,True,False
3065,5200,0.996535470187147,True,False
3067,4881,0.9987516343887362,True,False
3068,3589,0.9966903738660419,True,False
3073,3088,0.9979749008420777,True,False
3079,3650,0.9978563561645535,True,False
3079,5091,0.9966903738660419,True,False
3079,5907,0.9978563561645535,True,False
3080,3692,0.9987516343887362,True,False
3081,4062,0.9987516343887362,True,False
3083,4197,0.7842958220958035,True,False
3083,6736,0.9983505803534152,True,False
3083,6770,0.9956300099634801,True,False
3084,6995,0.9987516343887362,True,False
3087,5161,0.9987516343887362,True,False
3089,5380,0.8288667144097164,True,False
3090,6552,0.780443452109907,True,False
3092,7182,0.9987516343887362,True,False
3093,4722,0.9966903738660419,True,False
3095,7380,0.765805772029778,True,False
3096,6657,0.9955425575166709,True,False
3098,4945,0.9987516343887362,True,False
3099,3374,0.9908484813446168,True,False
3101,4496,0.9976962095979076,True,False
3101,5299,0.9976962095979076,True,False
3101,6728,0.9939029047180966,True,False
3102,4693,0.9966903738660419,True,False
3103,5107,0.9966903738660419,True,False
3104,7142,0.9976962095979076,True,False
3105,4979,0.9983884245508575,True,False
3107,3393,0.9987516343887362,True,False
3109,7444,0.9926084766360521,True,False
3109,7479,0.9972048444955496,True,False
3111,6228,0.9987516343887362,True,False
3113,4336,0.9956300099634801,True,False
3114,3860,0.9975340164615294,True,False
3115,3144,0.9957300078086366,True,False
3118,6716,0.9973151677640237,True,False
3121,7419,0.9975340164615294,True,False
3122,3729,0.780443452109907,True,False
3122,4887,0.9975340164615294,True,False
3123,5455,0.995400680151444,True,False
3124,4133,0.9987516343887362,True,False
3129,4717,0.9983884245508575,True,False
3129,4800,0.9983884245508575,True,False
3130,5888,0.9966903738660419,True,False
3131,3229,0.9953097333751223,True,False
3132,4846,0.9975340164615294,True,False
3132,5145,0.9987516343887362,True,False
3134,7362,0.9987516343887362,True,False
3135,5897,0.9966903738660419,True,False
3135,6967,0.9983884245508575,True,False
3135,7460,0.9987516343887362,True,False
3136,3207,0.9984686580491425,True,False
3139,5427,0.9987516343887362,True,False
3141,5479,0.9966903738660419,True,False
3142,3455,0.9987516343887362,True,False
3143,3241,0.9934753990350542,True,False
3145,4778,0.9966903738660419,True,False
3151,7010,0.9983505803534152,True,False
3154,7076,0.9975340164615294,True,False
3156,3827,0.9950648084917336,True,False
3162,5568,0.9987516343887362,True,False
3165,5147,0.9987516343887362,True,False
3166,4057,0.9983884245508575,True,False
3167,4749,0.9966903738660419,True,False
3167,5798,0.7518957691791132,True,False
3168,3893,0.9987516343887362,True,False
3169,3571,0.9976962095979076,True,False
3170,4875,0.9983505803534152,True,False
3171,3531,0.995506930508393,True,False
3171,6447,0.9966903738660419,True,False
3173,4967,0.9987516343887362,True,False
3175,3184,0.9950648084917336,True,False
3178,4885,0.9987516343887362,True,False
3178,5058,0.9975340164615294,True,False
3179,5395,0.9976962095979076,True,False
3180,5773,0.9876356745221663,True,False
3180,6871,0.9953097333751223,True,False
3187,4997,0.9984461500974169,True,False
3187,5854,0.9966903738660419,True,False
3187,5917,0.9966903738660419,True,False
3188,5255,0.9966903738660419,True,False
3190,4107,0.9987516343887362,True,False
3192,5808,0.8042542670399768,True,False
3193,3870,0.9987516343887362,True,False
3193,4155,0.9966903738660419,True,False
3193,5701,0.9956300099634801,True,False
3195,5847,0.9987516343887362,True,False
3196,4373,0.9987516343887362,True,False
3196,6083,0.9979197595370883,True,False
3199,6651,0.9966903738660419,True,False
3203,4753,0.9987516343887362,True,False
3208,7064,0.9987516343887362,True,False
3211,6714,0.9983039944199337,True,False
3215,6512,0.9987516343887362,True,False
3217,6104,0.9987516343887362,True,False
3219,4555,0.9966903738660419,True,False
3224,3753,0.9966903738660419,True,False
3225,7039,0.9987516343887362,True,False
3226,5502,0.9987516343887362,True,False
3231,4384,0.9981689989681672,True,False
3233,5419,0.9978563561645535,True,False
3234,3341,0.9966903738660419,True,False
3234,4260,0.9966903738660419,True,False
3236,3470,0.9975340164615294,True,False
3239,7334,0.9974112369640995,True,False
3242,3279,0.9987516343887362,True,False
3242,7186,0.9987516343887362,True,False
3243,3730,0.9976962095979076,True,False
3244,4784,0.9987516343887362,True,False
3245,7284,0.9951999406776808,True,False
3248,5487,0.9984461500974169,True,False
3250,5895,0.9987516343887362,True,False
3254,4193,0.9840898157364449,True,False
3254,6010,0.9957300078086366,True,False
3254,6936,0.9957300078086366,True,False
3257,7403,0.9987516343887362,True,False
3258,3671,0.9966903738660419,True,False
3260,6600,0.9876356745221663,True,False
3261,3732,0.9987516343887362,True,False
3262,6438,0.9966903738660419,True,False
3264,6449,0.8220562674733303,True,False
3268,5296,0.996535470187147,True,False
3269,4417,0.9970051010599466,True,False
3269,5906,0.9970051010599466,True,False
3269,7038,0.9982452686441156,True,False
3270,7472,0.9987516343887362,True,False
3273,3585,0.9987516343887362,True,False
3273,6756,0.9953518047315162,True,False
3274,5735,0.9966903738660419,True,False
3276,3322,0.9975340164615294,True,False
3277,4377,0.9987516343887362,True,False
3277,5194,0.9987516343887362,True,False
3279,7186,0.9987516343887362,True,False
3280,5317,0.9987516343887362,True,False
3280,6285,0.9976962095979076,True,False
3283,3589,0.8609793155371334,True,False
3283,5644,0.8288667144097164,True,False
3284,4838,0.9987516343887362,True,False
3286,4442,0.9966903738660419,True,False
3286,6579,0.9983039944199337,True,False
3289,3705,0.9983505803534152,True,False
3298,7229,0.9876356745221663,True,False
3299,4580,0.9983505803534152,True,False
3300,5611,0.9958128395225163,True,False
3303,3508,0.9976962095979076,True,False
3305,5400,0.9983505803534152,True,False
3308,5398,0.9975340164615294,True,False
3309,5660,0.9987516343887362,True,False
3310,6440,0.995150381172694,True,False
3313,7166,0.9953097333751223,True,False
3315,5631,0.9956300099634801,True,False
3315,7203,0.9956300099634801,True,False
3316,4668,0.9987516343887362,True,False
3319,4127,0.9987516343887362,True,False
3319,6602,0.9953097333751223,True,False
3323,6709,0.9948944964858136,True,False
3323,7194,0.9948944964858136,True,False
3324,5232,0.9982452686441156,True,False
3331,5683,0.9939029047180966,True,False
3331,6086,0.9966903738660419,True,False
3332,3971,0.9976962095979076,True,False
3336,6298,0.9966903738660419,True,False
3341,4260,0.9987516343887362,True,False
3342,6898,0.9987516343887362,True,False
3344,6544,0.9918777317903867,True,False
3344,6910,0.9918777317903867,True,False
3346,3727,0.9966903738660419,True,False
3347,3930,0.9966903738660419,True,False
3350,7130,0.9987516343887362,True,False
3351,4409,0.9973151677640237,True,False
3351,7289,0.9983039944199337,True,False
3352,6855,0.9956300099634801,True,False
3353,5818,0.9987516343887362,True,False
3354,5537,0.9984197686403924,True,False
3355,5417,0.9987516343887362,True,False
3357,5596,0.9987516343887362,True,False
3365,3637,0.9987516343887362,True,False
3368,7200,0.9975340164615294,True,False
3369,5293,0.9976962095979076,True,False
3372,7184,0.9987516343887362,True,False
3375,6452,0.9987516343887362,True,False
3377,6286,0.9975340164615294,True,False
3378,4214,0.9950648084917336,True,False
3379,5993,0.9983884245508575,True,False
3380,4732,0.9966903738660419,True,False
3385,3467,0.9973151677640237,True,False
3385,7446,0.9973151677640237,True,False
3387,4837,0.9987516343887362,True,False
3389,6220,0.9953097333751223,True,False
3389,7221,0.9876356745221663,True,False
3392,6574,0.9987516343887362,True,False
3396,6327,0.9987516343887362,True,False
3397,3745,0.9979749008420777,True,False
3397,5080,0.9979749008420777,True,False
3399,7279,0.9966903738660419,True,False
3400,4242,0.9737445694382172,True,False
3400,5042,0.9931519312245213,True,False
3401,5230,0.9966903738660419,True,False
3404,3517,0.9956300099634801,True,False
3408,6752,0.9970051010599466,True,False
3410,5446,0.9983505803534152,True,False
3413,4699,0.9876356745221663,True,False
3414,5707,0.9956300099634801,True,False
3415,4708,0.9987516343887362,True,False
3416,6481,0.9957300078086366,True,False
3417,6042,0.9987516343887362,True,False
3418,3863,0.9987516343887362,True,False
3420,7163,0.8318839232237752,True,False
3424,3819,0.9968294073503572,True,False
3426,6891,0.9987516343887362,True,False
3427,4217,0.9943252407018788,True,False
3427,5533,0.9966903738660419,True,False
3429,4762,0.9953097333751223,True,False
3434,3586,0.9966903738660419,True,False
3438,6045,0.9966903738660419,True,False
3441,5965,0.9987516343887362,True,False
3446,3458,0.9968294073503572,True,False
3448,3751,0.9951999406776808,True,False
3451,3774,0.9934753990350542,True,False
3457,6850,0.9987516343887362,True,False
3459,5203,0.9987516343887362,True,False
3461,7335,0.9987516343887362,True,False
3463,3465,0.9983884245508575,True,False
3466,7055,0.9942318844771555,True,False
3467,7446,0.9987516343887362,True,False
3468,5482,0.9976962095979076,True,False
3468,6046,0.9976962095979076,True,False
3469,6551,0.9871775715711383,True,False
3471,4144,0.9966903738660419,True,False
3471,4927,0.9966903738660419,True,False
3472,7179,0.9966903738660419,True,False
3474,4663,0.9975340164615294,True,False
3474,7296,0.9987516343887362,True,False
3475,3736,0.9966903738660419,True,False
3476,5736,0.9987516343887362,True,False
3477,5627,0.9934753990350542,True,False
3478,5311,0.9982452686441156,True,False
3479,5468,0.9966903738660419,True,False
3481,5555,0.9966903738660419,True,False
3481,7132,0.9966903738660419,True,False
3487,6129,0.9951999406776808,True,False
3488,7030,0.9987516343887362,True,False
3488,7127,0.9966903738660419,True,False
3489,6160,0.9966903738660419,True,False
3493,3869,0.9987516343887362,True,False
3494,6241,0.9973151677640237,True,False
3499,5828,0.9987516343887362,True,False
3500,3773,0.9950692194805554,True,False
3501,3527,0.9974686442784303,True,False
3501,4025,0.9987516343887362,True,False
3501,6827,0.9987516343887362,True,False
3502,6164,0.9880739555233248,True,False
3503,6656,0.9966903738660419,True,False
3507,5424,0.9956300099634801,True,False
3507,7031,0.9946380086980074,True,False
3509,5126,0.9978209634883989,True,False
3509,5305,0.9942318844771555,True,False
3510,4310,0.9987516343887362,True,False
3513,6479,0.9966903738660419,True,False
3514,3717,0.9987516343887362,True,False
3516,5075,0.9987516343887362,True,False
3516,7124,0.9987516343887362,True,False
3521,5007,0.9953097333751223,True,False
3522,4181,0.845068554434827,True,False
3523,4884,0.9976962095979076,True,False
3523,7175,0.9976962095979076,True,False
3525,6934,0.9939029047180966,True,False
3526,3728,0.9966903738660419,True,False
3526,4773,0.9968294073503572,True,False
3527,4025,0.9974686442784303,True,False
3527,6827,0.9974686442784303,True,False
3528,5139,0.9966903738660419,True,False
3529,7327,0.9966903738660419,True,False
3530,4352,0.9983505803534152,True,False
3530,5109,0.9987516343887362,True,False
3531,6447,0.9983039944199337,True,False
3534,4472,0.9987516343887362,True,False
3534,6979,0.9983039944199337,True,False
3539,3546,0.9957300078086366,True,False
3541,6751,0.9987516343887362,True,False
3543,4208,0.9987516343887362,True,False
3544,4361,0.9987516343887362,True,False
3549,5639,0.9946380086980074,True,False
3550,3658,0.9966903738660419,True,False
3550,3822,0.995506930508393,True,False
3552,5169,0.9987516343887362,True,False
3557,4772,0.9987516343887362,True,False
3559,5216,0.9942318844771555,True,False
3560,5327,0.9987516343887362,True,False
3561,6678,0.9987516343887362,True,False
3563,4354,0.9916208562871359,True,False
3564,3903,0.9824062540948767,True,False
3564,4023,0.995506930508393,True,False
3565,3934,0.9984461500974169,True,False
3565,5149,0.9979197595370883,True,False
3567,5160,0.9956300099634801,True,False
3569,5973,0.9883869474072962,True,False
3573,6041,0.9987516343887362,True,False
3574,6035,0.9987516343887362,True,False
3574,7037,0.9975340164615294,True,False
3575,6040,0.9943252407018788,True,False
3579,7231,0.9958128395225163,True,False
3580,6439,0.9987516343887362,True,False
3582,7418,0.9951999406776808,True,False
3582,7437,0.9956300099634801,True,False
3585,6756,0.9953518047315162,True,False
3590,5977,0.9987516343887362,True,False
3591,6832,0.995400680151444,True,False
3595,6539,0.9976962095979076,True,False
3599,3976,0.9983884245508575,True,False
3600,6475,0.9987516343887362,True,False
3603,5743,0.9946380086980074,True,False
3606,3935,0.9966903738660419,True,False
3607,4143,0.9976962095979076,True,False
3609,6700,0.9983884245508575,True,False
3611,4267,0.9987516343887362,True,False
3613,7059,0.9987516343887362,True,False
3615,4317,0.9976962095979076,True,False
3618,5062,0.9983505803534152,True,False
3620,6519,0.9975340164615294,True,False
3621,6094,0.7894108754335522,True,False
3621,7134,0.9972048444955496,True,False
3628,5389,0.9987516343887362,True,False
3629,4430,0.9987516343887362,True,False
3630,6945,0.9970051010599466,True,False
3632,6846,0.9983505803534152,True,False
3634,6068,0.9987516343887362,True,False
3636,5884,0.9987516343887362,True,False
3638,4830,0.9987516343887362,True,False
3642,5495,0.9987516343887362,True,False
3643,4243,0.9987516343887362,True,False
3643,5880,0.9976962095979076,True,False
3645,4819,0.9978563561645535,True,False
3646,5086,0.829538814082269,True,False
3649,3911,0.9953097333751223,True,False
3650,5091,0.9943252407018788,True,False
3650,5907,0.9987516343887362,True,False
3651,5866,0.9951999406776808,True,False
3654,6883,0.9987516343887362,True,False
3655,5924,0.9943252407018788,True,False
3657,7075,0.9880739555233248,True,False
3658,3822,0.9983039944199337,True,False
3661,4206,0.9943252407018788,True,False
3661,6962,0.9966903738660419,True,False
3662,4878,0.9975340164615294,True,False
3663,5185,0.9978563561645535,True,False
3664,4109,0.9987516343887362,True,False
3665,7146,0.9987516343887362,True,False
3667,5256,0.9966903738660419,True,False
3668,3989,0.9984197686403924,True,False
3669,7165,0.9976962095979076,True,False
3672,3731,0.9978209634883989,True,False
3673,4131,0.9966903738660419,True,False
3673,4183,0.9966903738660419,True,False
3675,6303,0.9966903738660419,True,False
3677,6214,0.9956300099634801,True,False
3680,7469,0.9950648084917336,True,False
3681,3963,0.9966903738660419,True,False
3681,4572,0.9966903738660419,True,False
3685,5890,0.9972048444955496,True,False
3686,6649,0.9951345565222027,True,False
3688,5744,0.9983039944199337,True,False
3689,5088,0.9983039944199337,True,False
3690,7091,0.9948785963092984,True,False
3693,5989,0.9908484813446168,True,False
3693,6207,0.9908484813446168,True,False
3694,6835,0.9987516343887362,True,False
3695,4095,0.9987516343887362,True,False
3695,6092,0.9939029047180966,True,False
3696,4629,0.9979749008420777,True,False
3697,6813,0.9966903738660419,True,False
3701,7476,0.9987516343887362,True,False
3703,5914,0.995150381172694,True,False
3706,4901,0.7593517692056968,True,False
3706,5996,0.9982452686441156,True,False
3706,7297,0.9982452686441156,True,False
3707,5477,0.9966903738660419,True,False
3708,5017,0.9978563561645535,True,False
3709,4411,0.9880739555233248,True,False
3711,7450,0.9966903738660419,True,False
3712,5633,0.9987516343887362,True,False
3713,3872,0.9966903738660419,True,False
3715,6762,0.9983884245508575,True,False
3716,6353,0.9876356745221663,True,False
3722,5549,0.9981689989681672,True,False
3722,5670,0.9987516343887362,True,False
3722,6638,0.995150381172694,True,False
3724,3928,0.9983505803534152,True,False
3726,5523,0.9987516343887362,True,False
3728,4773,0.9916208562871359,True,False
3729,5649,0.9951999406776808,True,False
3733,4233,0.9978563561645535,True,False
3733,6018,0.9978563561645535,True,False
3734,5784,0.9983039944199337,True,False
3738,5823,0.9975340164615294,True,False
3741,6508,0.9966903738660419,True,False
3745,5080,0.9987516343887362,True,False
3746,5541,0.9966903738660419,True,False
3750,6799,0.9987516343887362,True,False
3752,4060,0.9987516343887362,True,False
3752,5318,0.9966903738660419,True,False
3763,4392,0.9957300078086366,True,False
3763,4727,0.9987516343887362,True,False
3767,7487,0.9975340164615294,True,False
3771,5686,0.9975340164615294,True,False
3778,3849,0.9966903738660419,True,False
3781,5767,0.9928989241848947,True,False
3782,6722,0.9987516343887362,True,False
3783,5534,0.9943252407018788,True,False
3784,4763,0.9975340164615294,True,False
3789,6564,0.9979749008420777,True,False
3792,6491,0.9987516343887362,True,False
3794,6005,0.9976962095979076,True,False
3794,7074,0.9966903738660419,True,False
3800,4302,0.9987516343887362,True,False
3801,4539,0.9976962095979076,True,False
3803,7412,0.9966903738660419,True,False
3804,6706,0.9979197595370883,True,False
3806,4855,0.9987516343887362,True,False
3807,4045,0.9943252407018788,True,False
3807,5217,0.9943252407018788,True,False
3810,5738,0.9987516343887362,True,False
3810,7363,0.9987516343887362,True,False
3811,4904,0.996535470187147,True,False
3812,5688,0.995400680151444,True,False
3812,6845,0.995400680151444,True,False
3813,7113,0.9865502215896123,True,False
3816,7152,0.9976962095979076,True,False
3817,7035,0.9928989241848947,True,False
3818,6530,0.9978563561645535,True,False
3820,5706,0.8474468118784135,True,False
3821,4255,0.9873485260609695,True,False
3823,7168,0.9987516343887362,True,False
3824,7014,0.9966903738660419,True,False
3829,6210,0.9958825633451195,True,False
3831,4766,0.9987516343887362,True,False
3834,4305,0.9926084766360521,True,False
3837,3915,0.9976962095979076,True,False
3837,6271,0.9976962095979076,True,False
3844,5601,0.9987516343887362,True,False
3848,4091,0.9987516343887362,True,False
3852,4461,0.9987516343887362,True,False
3854,4974,0.9956481046605191,True,False
3861,5584,0.9966903738660419,True,False
3861,6358,0.9966903738660419,True,False
3862,4248,0.9943252407018788,True,False
3864,3999,0.9987516343887362,True,False
3864,5273,0.9978563561645535,True,False
3870,4155,0.9966903738660419,True,False
3870,5701,0.9956300099634801,True,False
3876,7125,0.9987516343887362,True,False
3876,7410,0.9956300099634801,True,False
3877,6423,0.9950648084917336,True,False
3878,3879,0.9957300078086366,True,False
3878,3904,0.9966903738660419,True,False
3879,3904,0.9983884245508575,True,False
3880,7431,0.9987516343887362,True,False
3882,6268,0.9966903738660419,True,False
3883,5444,0.9982452686441156,True,False
3883,6840,0.9982452686441156,True,False
3885,5517,0.9976962095979076,True,False
3888,7285,0.9958825633451195,True,False
3889,6085,0.9926084766360521,True,False
3891,4115,0.9987516343887362,True,False
3894,5859,0.9975340164615294,True,False
3895,5944,0.9876356745221663,True,False
3900,5797,0.9976962095979076,True,False
3901,7136,0.9987516343887362,True,False
3902,4362,0.9987516343887362,True,False
3903,4023,0.9869952477161212,True,False
3905,4009,0.9987516343887362,True,False
3906,6648,0.9987516343887362,True,False
3907,5307,0.9976962095979076,True,False
3907,7057,0.8496491621619131,True,False
3908,6486,0.9987516343887362,True,False
3909,5668,0.9976962095979076,True,False
3910,5271,0.9983884245508575,True,False
3912,4113,0.9957300078086366,True,False
3915,6271,0.9987516343887362,True,False
3916,4338,0.9976962095979076,True,False
3918,6282,0.9987516343887362,True,False
3919,7120,0.9983505803534152,True,False
3923,4713,0.9956300099634801,True,False
3927,6408,0.9979749008420777,True,False
3929,5331,0.9987516343887362,True,False
3932,4622,0.9966903738660419,True,False
3933,4868,0.9987516343887362,True,False
3934,5149,0.9979197595370883,True,False
3937,6654,0.9984197686403924,True,False
3942,4582,0.9987516343887362,True,False
3943,4951,0.9987516343887362,True,False
3943,5937,0.9943252407018788,True,False
3944,5922,0.9966903738660419,True,False
3946,7416,0.845068554434827,True,False
3947,5127,0.9987516343887362,True,False
3948,5408,0.9976962095979076,True,False
3950,4906,0.9987516343887362,True,False
3951,6432,0.9950648084917336,True,False
3951,6941,0.9950648084917336,True,False
3952,6839,0.9934753990350542,True,False
3953,5929,0.9966903738660419,True,False
3963,4572,0.9987516343887362,True,False
3964,6631,0.8256011655645904,True,False
3965,4926,0.9987516343887362,True,False
3967,4350,0.995400680151444,True,False
3967,5560,0.9878736124411658,True,False
3968,5762,0.9956300099634801,True,False
3969,7449,0.9987516343887362,True,False
3973,4254,0.9987516343887362,True,False
3973,7116,0.9966903738660419,True,False
3974,6195,0.9982452686441156,True,False
3979,6738,0.9987516343887362,True,False
3982,7212,0.9966903738660419,True,False
3987,6818,0.9934753990350542,True,False
3988,4569,0.9987516343887362,True,False
3992,6455,0.9873485260609695,True,False
3996,5812,0.9983884245508575,True,False
3999,5273,0.9978563561645535,True,False
4000,6598,0.9953097333751223,True,False
4001,5270,0.9926084766360521,True,False
4005,5117,0.9933040067925627,True,False
4005,6284,0.9869952477161212,True,False
4007,7282,0.9983039944199337,True,False
4012,6767,0.9966903738660419,True,False
4013,5923,0.9987516343887362,True,False
4014,6458,0.9966903738660419,True,False
4017,4787,0.9951345565222027,True,False
4019,4695,0.9737445694382172,True,False
4019,5272,0.9899525902798143,True,False
4025,6827,0.9987516343887362,True,False
4026,5097,0.9987516343887362,True,False
4028,4992,0.9983505803534152,True,False
4029,4911,0.9966903738660419,True,False
4030,5661,0.9975340164615294,True,False
4033,6847,0.9972048444955496,True,False
4035,5741,0.995150381172694,True,False
4037,6921,0.9972048444955496,True,False
4037,7082,0.9972048444955496,True,False
4038,4158,0.8106427136166562,True,False
4038,5210,0.9987516343887362,True,False
4039,6633,0.9987516343887362,True,False
4041,5036,0.9958128395225163,True,False
4042,6514,0.9951999406776808,True,False
4044,5457,0.9966903738660419,True,False
4045,5217,0.9966903738660419,True,False
4049,5681,0.9987516343887362,True,False
4051,6991,0.9966903738660419,True,False
4052,4740,0.9983884245508575,True,False
4054,5105,0.9987516343887362,True,False
4055,5623,0.995400680151444,True,False
4060,5318,0.9966903738660419,True,False
4063,5241,0.9953097333751223,True,False
4063,6733,0.9953097333751223,True,False
4066,6680,0.9908484813446168,True,False
4068,5519,0.7686309465579456,True,False
4072,5933,0.9876356745221663,True,False
4073,5552,0.9958825633451195,True,False
4075,6556,0.9966903738660419,True,False
4075,6860,0.9966903738660419,True,False
4076,6497,0.9966903738660419,True,False
4078,5115,0.9983505803534152,True,False
4084,6105,0.9970051010599466,True,False
4093,6897,0.9983505803534152,True,False
4095,6092,0.9939029047180966,True,False
4096,4848,0.9880739555233248,True,False
4097,7324,0.9939029047180966,True,False
4102,6642,0.9987516343887362,True,False
4103,4840,0.9926084766360521,True,False
4103,5976,0.9876356745221663,True,False
4104,6300,0.9987516343887362,True,False
4105,5702,0.8643398147587446,True,False
4106,4607,0.9934753990350542,True,False
4108,6729,0.9981689989681672,True,False
4117,6185,0.9979749008420777,True,False
4118,4654,0.9987516343887362,True,False
4118,4950,0.9951999406776808,True,False
4119,5978,0.9984686580491425,True,False
4120,4225,0.9966903738660419,True,False
4122,4993,0.9987516343887362,True,False
4122,5339,0.9966903738660419,True,False
4122,5905,0.9975340164615294,True,False
4123,6659,0.9972048444955496,True,False
4126,6006,0.8288667144097164,True,False
4127,6602,0.9953097333751223,True,False
4128,5529,0.9980660562935224,True,False
4130,4538,0.9987516343887362,True,False
4131,4183,0.9987516343887362,True,False
4134,4566,0.845068554434827,True,False
4136,5469,0.9966903738660419,True,False
4137,5710,0.9987516343887362,True,False
4139,5006,0.9987516343887362,True,False
4139,6851,0.9987516343887362,True,False
4140,5328,0.9987516343887362,True,False
4140,6007,0.9983884245508575,True,False
4141,6359,0.9987516343887362,True,False
4144,4927,0.9966903738660419,True,False
4148,5713,0.9987516343887362,True,False
4152,4294,0.9953518047315162,True,False
4152,4551,0.9953518047315162,True,False
4153,4232,0.9987516343887362,True,False
4155,5701,0.9956300099634801,True,False
4156,4795,0.9916208562871359,True,False
4156,5142,0.9916208562871359,True,False
4156,5522,0.9916208562871359,True,False
4157,6675,0.9976962095979076,True,False
4158,5173,0.8085349400690662,True,False
4158,5210,0.7894108754335522,True,False
4160,5972,0.9966903738660419,True,False
4164,5982,0.9987516343887362,True,False
4170,4424,0.9987516343887362,True,False
4171,6775,0.9987516343887362,True,False
4175,6643,0.9953518047315162,True,False
4176,7173,0.9948785963092984,True,False
4177,5634,0.9984197686403924,True,False
4185,6370,0.9880739555233248,True,False
4189,4521,0.9987516343887362,True,False
4189,6389,0.9966903738660419,True,False
4190,6240,0.9953097333751223,True,False
4193,6010,0.9876356745221663,True,False
4193,6936,0.9876356745221663,True,False
4196,4593,0.9966903738660419,True,False
4197,6736,0.8073325769881146,True,False
4197,6770,0.8073325769881146,True,False
4199,6357,0.9966903738660419,True,False
4200,6499,0.9926957433296217,True,False
4202,6147,0.9987516343887362,True,False
4204,4680,0.9966903738660419,True,False
4206,6962,0.9978563561645535,True,False
4209,4601,0.9955425575166709,True,False
4209,5969,0.9987516343887362,True,False
4210,5809,0.9987516343887362,True,False
4211,4429,0.9983505803534152,True,False
4215,6468,0.9983884245508575,True,False
4217,5533,0.9978563561645535,True,False
4219,4701,0.9953097333751223,True,False
4222,6720,0.9976962095979076,True,False
4223,4672,0.9987516343887362,True,False
4224,6133,0.9987516343887362,True,False
4226,4669,0.995400680151444,True,False
4228,6337,0.9934753990350542,True,False
4228,7275,0.9966903738660419,True,False
4231,6008,0.9966903738660419,True,False
4233,6018,0.9987516343887362,True,False
4235,7026,0.9987516343887362,True,False
4238,6049,0.9939029047180966,True,False
4241,6666,0.9983884245508575,True,False
4242,5042,0.995400680151444,True,False
4243,5880,0.9976962095979076,True,False
4244,5024,0.9983884245508575,True,False
4245,5645,0.9974112369640995,True,False
4246,4720,0.9975340164615294,True,False
4251,6548,0.8079511838045307,True,False
4251,6814,0.996535470187147,True,False
4252,5799,0.9987516343887362,True,False
4254,7116,0.9966903738660419,True,False
4257,5434,0.9987516343887362,True,False
4258,5729,0.9975340164615294,True,False
4269,4480,0.9876356745221663,True,False
4271,7249,0.9953097333751223,True,False
4272,5939,0.9987516343887362,True,False
4273,5413,0.9955425575166709,True,False
4276,7501,0.9987516343887362,True,False
4280,6477,0.9987516343887362,True,False
4281,4504,0.9983505803534152,True,False
4282,5570,0.9987516343887362,True,False
4284,5432,0.9976962095979076,True,False
4285,4292,0.9939029047180966,True,False
4286,4445,0.9983039944199337,True,False
4287,5824,0.9983039944199337,True,False
4288,6776,0.9966903738660419,True,False
4291,4638,0.9876356745221663,True,False
4294,4551,0.9982452686441156,True,False
4297,6919,0.9956300099634801,True,False
4306,4748,0.9987516343887362,True,False
4308,4315,0.9966903738660419,True,False
4309,7475,0.9987516343887362,True,False
4312,5239,0.9966903738660419,True,False
4312,6212,0.9966903738660419,True,False
4314,4810,0.9939029047180966,True,False
4316,4991,0.994492508780831,True,False
4316,6852,0.9979197595370883,True,False
4316,7042,0.83333672104099,True,False
4318,7361,0.9987516343887362,True,False
4320,5641,0.9987516343887362,True,False
4320,7268,0.9966903738660419,True,False
4322,4769,0.9972048444955496,True,False
4322,6055,0.9972048444955496,True,False
4325,4947,0.9951999406776808,True,False
4329,6099,0.9987516343887362,True,False
4332,5731,0.9981689989681672,True,False
4332,6838,0.9933031569260068,True,False
4335,6384,0.9951999406776808,True,False
4337,6958,0.9987516343887362,True,False
4341,5397,0.9983884245508575,True,False
4341,7271,0.9966903738660419,True,False
4342,5031,0.801851178184263,True,False
4342,6410,0.9983505803534152,True,False
4346,4804,0.996535470187147,True,False
4347,7122,0.9878736124411658,True,False
4350,5560,0.9966903738660419,True,False
4352,5109,0.9983505803534152,True,False
4353,6417,0.9987516343887362,True,False
4360,7016,0.9942318844771555,True,False
4363,7211,0.9987516343887362,True,False
4364,6592,0.9873485260609695,True,False
4365,7233,0.9972379959967447,True,False
4372,6323,0.9987516343887362,True,False
4373,6083,0.9979197595370883,True,False
4374,6465,0.9987516343887362,True,False
4375,6612,0.9966903738660419,True,False
4376,4790,0.9987516343887362,True,False
4377,5194,0.9987516343887362,True,False
4380,5195,0.9966903738660419,True,False
4382,4850,0.9966903738660419,True,False
4383,4577,0.9987516343887362,True,False
4388,4578,0.9966903738660419,True,False
4391,6520,0.9987516343887362,True,False
4391,7154,0.9979749008420777,True,False
4392,4727,0.9957300078086366,True,False
4395,6256,0.9928989241848947,True,False
4397,7062,0.9966903738660419,True,False
4401,5363,0.9934753990350542,True,False
4402,5430,0.9987516343887362,True,False
4403,6382,0.9987516343887362,True,False
4405,6100,0.9951999406776808,True,False
4407,6524,0.9876356745221663,True,False
4408,4988,0.9987516343887362,True,False
4409,7289,0.9973151677640237,True,False
4410,6456,0.9983039944199337,True,False
4412,4438,0.9987516343887362,True,False
4417,5906,0.9987516343887362,True,False
4417,7038,0.9970051010599466,True,False
4432,5629,0.9987516343887362,True,False
4436,5300,0.9976962095979076,True,False
4436,6184,0.8224068652638832,True,False
4437,4995,0.9976962095979076,True,False
4439,5646,0.9955425575166709,True,False
4439,6805,0.9966903738660419,True,False
4442,6579,0.995506930508393,True,False
4447,6184,0.9976962095979076,True,False
4450,7451,0.9987516343887362,True,False
4451,6669,0.9987516343887362,True,False
4453,6882,0.9975340164615294,True,False
4464,6309,0.9984461500974169,True,False
4464,7140,0.9987516343887362,True,False
4465,6660,0.9980660562935224,True,False
4466,6637,0.9953097333751223,True,False
4467,4547,0.9979998563189798,True,False
4467,5815,0.9984197686403924,True,False
4468,5520,0.9974112369640995,True,False
4468,6915,0.9987516343887362,True,False
4469,6657,0.8042542670399768,True,False
4470,4933,0.9966903738660419,True,False
4472,6979,0.9983039944199337,True,False
4473,5817,0.9987516343887362,True,False
4474,7302,0.9987516343887362,True,False
4474,7378,0.9987516343887362,True,False
4475,6376,0.9966903738660419,True,False
4481,6102,0.9987516343887362,True,False
4482,4527,0.9950648084917336,True,False
4487,6059,0.9939029047180966,True,False
4487,7456,0.9966903738660419,True,False
4492,5184,0.9987516343887362,True,False
4496,5299,0.9983884245508575,True,False
4496,6728,0.9957300078086366,True,False
4501,5354,0.9987516343887362,True,False
4502,5258,0.9978563561645535,True,False
4503,5108,0.9957300078086366,True,False
4507,5333,0.9987516343887362,True,False
4509,6120,0.9878736124411658,True,False
4510,6859,0.9933031569260068,True,False
4512,5263,0.9946380086980074,True,False
4514,5053,0.9987516343887362,True,False
4516,5678,0.9983884245508575,True,False
4518,7326,0.9987516343887362,True,False
4521,6389,0.9966903738660419,True,False
4522,5425,0.9976962095979076,True,False
4524,5231,0.9976962095979076,True,False
4524,6281,0.9976962095979076,True,False
4525,5268,0.9966903738660419,True,False
4532,5329,0.9943252407018788,True,False
4533,7139,0.9966903738660419,True,False
4536,5816,0.9987516343887362,True,False
4543,4558,0.9983884245508575,True,False
4545,5610,0.9966903738660419,True,False
4546,5286,0.9983884245508575,True,False
4547,5815,0.9984197686403924,True,False
4548,5041,0.8034227928181161,True,False
4548,7303,0.8034227928181161,True,False
4550,5450,0.9951999406776808,True,False
4550,7170,0.9987516343887362,True,False
4560,7442,0.9979749008420777,True,False
4564,5651,0.9966903738660419,True,False
4568,6414,0.9946380086980074,True,False
4571,4794,0.9974112369640995,True,False
4571,6671,0.9974112369640995,True,False
4574,4594,0.9953097333751223,True,False
4581,5706,0.9966903738660419,True,False
4585,5579,0.9956300099634801,True,False
4586,5018,0.9920828818225981,True,False
4587,6978,0.9983505803534152,True,False
4591,6537,0.9953097333751223,True,False
4596,6801,0.9951999406776808,True,False
4601,5969,0.9955425575166709,True,False
4602,7473,0.9987516343887362,True,False
4604,5102,0.9987516343887362,True,False
4609,4620,0.9976962095979076,True,False
4617,6597,0.9984197686403924,True,False
4618,4928,0.9987516343887362,True,False
4624,6528,0.9987516343887362,True,False
4627,4964,0.9987516343887362,True,False
4632,4715,0.9966903738660419,True,False
4636,6202,0.9926084766360521,True,False
4639,7084,0.9939029047180966,True,False
4640,7468,0.9966903738660419,True,False
4642,5615,0.9978563561645535,True,False
4645,7406,0.9987516343887362,True,False
4647,5262,0.9987516343887362,True,False
4648,5748,0.845068554434827,True,False
4654,4950,0.9951999406776808,True,False
4655,7503,0.9956300099634801,True,False
4657,6292,0.9987516343887362,True,False
4663,6538,0.8142609970643555,True,False
4663,7296,0.9975340164615294,True,False
4665,6557,0.9987516343887362,True,False
4666,5567,0.9987516343887362,True,False
4670,6992,0.9966903738660419,True,False
4674,5967,0.9987516343887362,True,False
4677,6704,0.9987516343887362,True,False
4681,5881,0.9966903738660419,True,False
4683,5250,0.9987516343887362,True,False
4684,5406,0.9966903738660419,True,False
4685,5101,0.9987516343887362,True,False
4685,6115,0.9987516343887362,True,False
4686,4905,0.9943252407018788,True,False
4687,6532,0.9987516343887362,True,False
4692,7272,0.9983505803534152,True,False
4695,5272,0.9966903738660419,True,False
4697,7025,0.9950648084917336,True,False
4704,6413,0.9983505803534152,True,False
4705,4961,0.9948785963092984,True,False
4705,6618,0.9966903738660419,True,False
4706,7434,0.9878736124411658,True,False
4709,6918,0.9983505803534152,True,False
4712,7147,0.9978563561645535,True,False
4717,4800,0.9987516343887362,True,False
4719,5009,0.9984686580491425,True,False
4719,7330,0.9984686580491425,True,False
4724,5222,0.9987516343887362,True,False
4725,6223,0.9878736124411658,True,False
4726,6926,0.9966903738660419,True,False
4731,6390,0.9987516343887362,True,False
4731,7224,0.9973151677640237,True,False
4733,4829,0.9946380086980074,True,False
4736,6307,0.9987516343887362,True,False
4741,6672,0.9980660562935224,True,False
4743,7204,0.9976962095979076,True,False
4746,6807,0.9966903738660419,True,False
4749,5798,0.7518957691791132,True,False
4751,7300,0.9934753990350542,True,False
4755,6082,0.9987516343887362,True,False
4758,5997,0.9987516343887362,True,False
4759,6057,0.9981382614011772,True,False
4761,6802,0.9966903738660419,True,False
4765,4865,0.9966903738660419,True,False
4769,6055,0.9987516343887362,True,False
4774,4775,0.9979197595370883,True,False
4777,5593,0.9934753990350542,True,False
4792,5124,0.9987516343887362,True,False
4794,6671,0.9987516343887362,True,False
4795,5142,0.9987516343887362,True,False
4795,5522,0.9987516343887362,True,False
4797,5940,0.995400680151444,True,False
4798,7171,0.9939029047180966,True,False
4803,5608,0.9958128395225163,True,False
4805,6021,0.9979197595370883,True,False
4805,7254,0.9987516343887362,True,False
4806,6830,0.9987516343887362,True,False
4807,7382,0.8220562674733303,True,False
4812,7366,0.996535470187147,True,False
4813,4901,0.9976962095979076,True,False
4813,6789,0.7856710472636681,True,False
4815,5308,0.9987516343887362,True,False
4816,6550,0.9982452686441156,True,False
4818,5004,0.9869952477161212,True,False
4818,6188,0.9950648084917336,True,False
4818,6448,0.9824062540948767,True,False
4823,4939,0.9987516343887362,True,False
4823,6392,0.9987516343887362,True,False
4824,6890,0.9950648084917336,True,False
4825,6811,0.9976962095979076,True,False
4826,5157,0.9987516343887362,True,False
4827,5010,0.9976962095979076,True,False
4828,7256,0.9946380086980074,True,False
4834,7245,0.9966903738660419,True,False
4835,5964,0.9978563561645535,True,False
4835,6609,0.8042542670399768,True,False
4840,5976,0.9708465692338675,True,False
4846,5145,0.9975340164615294,True,False
4847,5563,0.996535470187147,True,False
4847,6339,0.996535470187147,True,False
4849,7481,0.9979197595370883,True,False
4852,7291,0.9953097333751223,True,False
4854,7145,0.9987516343887362,True,False
4859,5889,0.9966903738660419,True,False
4862,6812,0.9873485260609695,True,False
4864,6089,0.9966903738660419,True,False
4867,7150,0.9987516343887362,True,False
4869,5298,0.9987516343887362,True,False
4869,5592,0.9959420546467269,True,False
4870,6080,0.9984461500974169,True,False
4876,6031,0.9966903738660419,True,False
4880,5761,0.9975340164615294,True,False
4880,6276,0.8142609970643555,True,False
4880,6313,0.9975340164615294,True,False
4883,6330,0.9956300099634801,True,False
4883,6505,0.9956300099634801,True,False
4884,7175,0.9987516343887362,True,False
4885,5058,0.9975340164615294,True,False
4893,6152,0.9982452686441156,True,False
4893,6523,0.9982452686441156,True,False
4894,5857,0.9970051010599466,True,False
4896,7483,0.9958825633451195,True,False
4909,7355,0.9973151677640237,True,False
4915,6022,0.9976962095979076,True,False
4915,6101,0.9976962095979076,True,False
4917,5638,0.9928989241848947,True,False
4918,5947,0.9966903738660419,True,False
4919,5462,0.9987516343887362,True,False
4921,5001,0.9976962095979076,True,False
4921,5794,0.9987516343887362,True,False
4922,5136,0.9978563561645535,True,False
4924,6391,0.9987516343887362,True,False
4925,6073,0.9920828818225981,True,False
4929,6816,0.9972048444955496,True,False
4931,5019,0.9972048444955496,True,False
4934,6355,0.9966903738660419,True,False
4937,6727,0.9987516343887362,True,False
4937,6853,0.9987516343887362,True,False
4938,5708,0.9983884245508575,True,False
4939,6392,0.9987516343887362,True,False
4949,6253,0.8085349400690662,True,False
4951,5937,0.9943252407018788,True,False
4953,5862,0.9916208562871359,True,False
4956,5367,0.9975340164615294,True,False
4958,6157,0.9987516343887362,True,False
4958,7426,0.9987516343887362,True,False
4960,5909,0.9987516343887362,True,False
4961,6618,0.9948785963092984,True,False
4965,5215,0.9950648084917336,True,False
4966,6735,0.9957300078086366,True,False
4970,6943,0.9970051010599466,True,False
4973,5789,0.9978563561645535,True,False
4973,6377,0.9987516343887362,True,False
4973,7440,0.9987516343887362,True,False
4977,5188,0.9966903738660419,True,False
4977,5368,0.9956300099634801,True,False
4981,5628,0.9966903738660419,True,False
4982,6097,0.9939029047180966,True,False
4983,7006,0.9987516343887362,True,False
4990,5861,0.9983505803534152,True,False
4991,6852,0.9966903738660419,True,False
4991,7042,0.7593517692056968,True,False
4993,5339,0.9966903738660419,True,False
4993,5905,0.9975340164615294,True,False
4994,5111,0.9976962095979076,True,False
4997,5854,0.9958825633451195,True,False
4997,5917,0.9958825633451195,True,False
4999,5566,0.9934753990350542,True,False
4999,5968,0.9966903738660419,True,False
5001,5794,0.9976962095979076,True,False
5004,6188,0.9966903738660419,True,False
5004,6448,0.995506930508393,True,False
5005,7252,0.8224068652638832,True,False
5006,6851,0.9987516343887362,True,False
5008,5521,0.7504356081435468,True,False
5009,7330,0.9987516343887362,True,False
5014,6973,0.9939029047180966,True,False
5026,6433,0.9951999406776808,True,False
5029,5836,0.9976962095979076,True,False
5030,6139,0.9955967990773628,True,False
5031,6410,0.753787350014399,True,False
5038,6048,0.9737445694382172,True,False
5040,5697,0.9966903738660419,True,False
5041,7303,0.9987516343887362,True,False
5043,6204,0.9983884245508575,True,False
5043,7252,0.9976962095979076,True,False
5045,7438,0.9948785963092984,True,False
5055,5083,0.9975340164615294,True,False
5056,5966,0.9987516343887362,True,False
5064,5779,0.9983505803534152,True,False
5068,5364,0.9869952477161212,True,False
5069,5476,0.9984461500974169,True,False
5073,6317,0.9987516343887362,True,False
5075,7124,0.9987516343887362,True,False
5082,6842,0.9987516343887362,True,False
5086,5994,0.9957300078086366,True,False
5087,5844,0.8077917422758364,True,False
5089,6258,0.9981382614011772,True,False
5090,6655,0.9966903738660419,True,False
5091,5907,0.9943252407018788,True,False
5094,5754,0.9978563561645535,True,False
5100,7001,0.9972048444955496,True,False
5101,6115,0.9987516343887362,True,False
5110,7243,0.9987516343887362,True,False
5117,6284,0.995506930508393,True,False
5120,5249,0.9976962095979076,True,False
5123,5684,0.9966903738660419,True,False
5126,5305,0.9958128395225163,True,False
5132,5752,0.995506930508393,True,False
5137,7160,0.9982452686441156,True,False
5142,5522,0.9987516343887362,True,False
5144,6350,0.9987516343887362,True,False
5151,7448,0.996535470187147,True,False
5152,5440,0.9966903738660419,True,False
5154,7320,0.9987516343887362,True,False
5156,7240,0.9987516343887362,True,False
5162,6858,0.9966903738660419,True,False
5166,6661,0.9987516343887362,True,False
5170,5187,0.9987516343887362,True,False
5172,6122,0.9980660562935224,True,False
5175,6795,0.9976962095979076,True,False
5188,5368,0.9956300099634801,True,False
5193,6368,0.9966903738660419,True,False
5199,5892,0.9984461500974169,True,False
5202,6320,0.9966903738660419,True,False
5204,5721,0.9984197686403924,True,False
5211,5460,0.9987516343887362,True,False
5213,6892,0.9966903738660419,True,False
5216,5811,0.7659645497088671,True,False
5216,6683,0.7659645497088671,True,False
5218,6329,0.9975340164615294,True,False
5218,6608,0.9975340164615294,True,False
5220,5540,0.9966903738660419,True,False
5224,7117,0.9987516343887362,True,False
5228,6718,0.9934753990350542,True,False
5228,6824,0.9975340164615294,True,False
5231,6281,0.9983884245508575,True,False
5239,6212,0.9987516343887362,True,False
5241,6733,0.9987516343887362,True,False
5243,6696,0.9966903738660419,True,False
5243,6944,0.9934753990350542,True,False
5251,7053,0.9966903738660419,True,False
5254,6619,0.9987516343887362,True,False
5260,7399,0.9979749008420777,True,False
5264,6603,0.9982452686441156,True,False
5267,5900,0.9987516343887362,True,False
5275,6960,0.9987516343887362,True,False
5280,6583,0.9987516343887362,True,False
5281,6501,0.9987516343887362,True,False
5283,6269,0.995400680151444,True,False
5285,5609,0.9966903738660419,True,False
5289,7401,0.9987516343887362,True,False
5298,5592,0.9959420546467269,True,False
5299,6728,0.9957300078086366,True,False
5303,6017,0.9979749008420777,True,False
5307,7057,0.7536313156970396,True,False
5310,6312,0.9983505803534152,True,False
5313,5844,0.9934753990350542,True,False
5317,6285,0.9976962095979076,True,False
5319,5548,0.8042542670399768,True,False
5321,6587,0.9966903738660419,True,False
5321,7172,0.9987516343887362,True,False
5321,7465,0.9987516343887362,True,False
5326,7439,0.9966903738660419,True,False
5328,6007,0.9983884245508575,True,False
5330,6488,0.9987516343887362,True,False
5332,7486,0.9984461500974169,True,False
5339,5905,0.9934753990350542,True,False
5342,6257,0.9966903738660419,True,False
5348,5898,0.9958128395225163,True,False
5350,5791,0.9978209634883989,True,False
5361,7213,0.9966903738660419,True,False
5365,5768,0.9982452686441156,True,False
5365,7225,0.9939029047180966,True,False
5371,5796,0.9983039944199337,True,False
5371,6395,0.9973151677640237,True,False
5373,5488,0.9987516343887362,True,False
5374,5682,0.9966903738660419,True,False
5375,7108,0.9878736124411658,True,False
5377,6216,0.9976962095979076,True,False
5377,6588,0.9987516343887362,True,False
5396,6908,0.9987516343887362,True,False
5397,7271,0.9957300078086366,True,False
5407,5877,0.9951999406776808,True,False
5415,6267,0.9987516343887362,True,False
5415,6421,0.9966903738660419,True,False
5424,7031,0.9979749008420777,True,False
5425,5788,0.8224068652638832,True,False
5425,6131,0.7518957691791132,True,False
5426,6968,0.9975340164615294,True,False
5428,7332,0.9987516343887362,True,False
5433,6573,0.9987516343887362,True,False
5436,6396,0.9973151677640237,True,False
5438,6866,0.8627242056508485,True,False
5444,6840,0.9987516343887362,True,False
5450,7170,0.9951999406776808,True,False
5461,7089,0.9975340164615294,True,False
5464,6946,0.9987516343887362,True,False
5465,5719,0.995506930508393,True,False
5465,6366,0.9987516343887362,True,False
5465,6980,0.9987516343887362,True,False
5467,5737,0.9966903738660419,True,False
5475,6272,0.9873485260609695,True,False
5481,6078,0.9978563561645535,True,False
5482,6046,0.9987516343887362,True,False
5484,6821,0.9987516343887362,True,False
5485,5753,0.9946380086980074,True,False
5503,7083,0.9976962095979076,True,False
5503,7484,0.8224068652638832,True,False
5506,6290,0.9987516343887362,True,False
5507,5525,0.9956300099634801,True,False
5512,6939,0.9966903738660419,True,False
5512,7404,0.9966903738660419,True,False
5514,5826,0.9966903738660419,True,False
5514,6781,0.9966903738660419,True,False
5516,6503,0.9966903738660419,True,False
5518,6487,0.9939029047180966,True,False
5520,6915,0.9974112369640995,True,False
5528,6132,0.9983884245508575,True,False
5532,5883,0.9976962095979076,True,False
5535,5536,0.9966903738660419,True,False
5538,6149,0.9966903738660419,True,False
5538,6743,0.9943252407018788,True,False
5542,5834,0.9939511732868848,True,False
5543,6568,0.9966903738660419,True,False
5547,6590,0.9987516343887362,True,False
5549,5670,0.9981689989681672,True,False
5549,6638,0.9966903738660419,True,False
5550,7017,0.9966903738660419,True,False
5551,5703,0.9987516343887362,True,False
5554,6652,0.9878736124411658,True,False
5555,7132,0.9987516343887362,True,False
5556,5771,0.9953097333751223,True,False
5557,7497,0.9876356745221663,True,False
5558,6023,0.9966903738660419,True,False
5558,7309,0.9978563561645535,True,False
5563,6339,0.9987516343887362,True,False
5565,5597,0.9987516343887362,True,False
5566,5968,0.9975340164615294,True,False
5576,6754,0.9987516343887362,True,False
5577,6874,0.9983884245508575,True,False
5584,6358,0.9987516343887362,True,False
5603,6498,0.9987516343887362,True,False
5606,6072,0.9953097333751223,True,False
5613,7063,0.9987516343887362,True,False
5625,7052,0.9984461500974169,True,False
5626,7273,0.9987516343887362,True,False
5631,7203,0.9966903738660419,True,False
5636,6667,0.9987516343887362,True,False
5640,6509,0.9966903738660419,True,False
5641,7268,0.9966903738660419,True,False
5646,6805,0.9882449387453355,True,False
5654,5822,0.9987516343887362,True,False
5657,6676,0.9966903738660419,True,False
5659,6273,0.9939029047180966,True,False
5667,6538,0.9975340164615294,True,False
5670,6638,0.995150381172694,True,False
5671,6070,0.98725318363614,True,False
5671,7250,0.9951999406776808,True,False
5674,7373,0.9953518047315162,True,False
5675,6249,0.9987516343887362,True,False
5676,7263,0.9966903738660419,True,False
5683,6086,0.9976962095979076,True,False
5688,6845,0.9987516343887362,True,False
5690,6723,0.9981689989681672,True,False
5691,7463,0.9987516343887362,True,False
5692,6182,0.9981382614011772,True,False
5692,6865,0.8223057827215735,True,False
5696,6646,0.9953097333751223,True,False
5715,6711,0.9873485260609695,True,False
5716,7358,0.9979197595370883,True,False
5717,5758,0.9916208562871359,True,False
5719,6366,0.995506930508393,True,False
5719,6980,0.995506930508393,True,False
5720,5759,0.996535470187147,True,False
5722,5730,0.9975340164615294,True,False
5722,6872,0.9934753990350542,True,False
5724,5726,0.9957300078086366,True,False
5725,7304,0.995506930508393,True,False
5729,6403,0.8464423988882487,True,False
5730,6872,0.9956300099634801,True,False
5731,6838,0.9933031569260068,True,False
5732,6056,0.9987516343887362,True,False
5738,7363,0.9987516343887362,True,False
5739,6843,0.9987516343887362,True,False
5742,6744,0.9953097333751223,True,False
5747,6982,0.9950648084917336,True,False
5751,6626,0.9987516343887362,True,False
5757,7009,0.9976962095979076,True,False
5761,6276,0.7745835271034792,True,False
5761,6313,0.9983505803534152,True,False
5764,7013,0.9968294073503572,True,False
5768,7225,0.9939029047180966,True,False
5769,6788,0.9987516343887362,True,False
5769,7201,0.9987516343887362,True,False
5772,7008,0.9987516343887362,True,False
5773,6871,0.9966903738660419,True,False
5781,6796,0.9974112369640995,True,False
5788,6131,0.9979749008420777,True,False
5789,6377,0.9978563561645535,True,False
5789,7440,0.9978563561645535,True,False
5796,6395,0.9973151677640237,True,False
5805,7316,0.9987516343887362,True,False
5811,6683,0.9987516343887362,True,False
5813,5987,0.9950648084917336,True,False
5814,6372,0.9762369269854069,True,False
5814,6441,0.9939029047180966,True,False
5820,6030,0.995150381172694,True,False
5823,7190,0.8474468118784135,True,False
5826,6781,0.9987516343887362,True,False
5832,7227,0.9966903738660419,True,False
5840,6180,0.9987516343887362,True,False
5842,7223,0.9966903738660419,True,False
5845,6301,0.9957300078086366,True,False
5846,6988,0.9987516343887362,True,False
5848,6540,0.9975340164615294,True,False
5850,7119,0.9958128395225163,True,False
5852,6193,0.9987516343887362,True,False
5853,5902,0.9976962095979076,True,False
5854,5917,0.9966903738660419,True,False
5897,6967,0.9957300078086366,True,False
5897,7460,0.9966903738660419,True,False
5901,7193,0.9966903738660419,True,False
5906,7038,0.9970051010599466,True,False
5913,6546,0.9987516343887362,True,False
5913,7349,0.9957300078086366,True,False
5919,6142,0.9987516343887362,True,False
5921,6219,0.9975340164615294,True,False
5925,6137,0.7575334417930455,True,False
5934,6644,0.9926084766360521,True,False
5935,5995,0.9957300078086366,True,False
5945,7238,0.9966903738660419,True,False
5952,7247,0.9987516343887362,True,False
5957,7149,0.9984197686403924,True,False
5958,7287,0.9966903738660419,True,False
5971,6431,0.9966903738660419,True,False
5975,7121,0.9987516343887362,True,False
5989,6207,0.9987516343887362,True,False
5990,6694,0.9983505803534152,True,False
5996,7297,0.9987516343887362,True,False
5998,6506,0.9983884245508575,True,False
6005,7074,0.9939029047180966,True,False
6010,6936,0.9987516343887362,True,False
6011,7329,0.9987516343887362,True,False
6015,6947,0.9983505803534152,True,False
6020,6058,0.9987516343887362,True,False
6021,7254,0.9979197595370883,True,False
6022,6101,0.9987516343887362,True,False
6023,7309,0.9943252407018788,True,False
6025,7429,0.9983505803534152,True,False
6026,7492,0.996535470187147,True,False
6028,6699,0.9983505803534152,True,False
6035,7037,0.9975340164615294,True,False
6037,6393,0.9987516343887362,True,False
6047,6896,0.9934753990350542,True,False
6054,6124,0.9878736124411658,True,False
6059,7456,0.9939029047180966,True,False
6065,7135,0.9951999406776808,True,False
6070,7250,0.9969271015460225,True,False
6074,6170,0.9951999406776808,True,False
6090,6473,0.9979749008420777,True,False
6093,6401,0.9987516343887362,True,False
6094,6215,0.9972048444955496,True,False
6107,6434,0.8627242056508485,True,False
6108,6593,0.9975340164615294,True,False
6110,6260,0.9976962095979076,True,False
6114,7398,0.9987516343887362,True,False
6126,6623,0.9984197686403924,True,False
6138,6146,0.9973151677640237,True,False
6140,6928,0.9976962095979076,True,False
6149,6743,0.9978563561645535,True,False
6150,7049,0.9987516343887362,True,False
6151,6625,0.9987516343887362,True,False
6152,6523,0.9987516343887362,True,False
6154,6442,0.9987516343887362,True,False
6155,6577,0.9978209634883989,True,False
6157,7426,0.9987516343887362,True,False
6161,7402,0.9928989241848947,True,False
6168,6394,0.9987516343887362,True,False
6171,6378,0.8609793155371334,True,False
6176,7047,0.9987516343887362,True,False
6179,7306,0.9987516343887362,True,False
6182,6865,0.7561632239098921,True,False
6188,6448,0.995506930508393,True,False
6192,6419,0.9869952477161212,True,False
6199,6862,0.9926957433296217,True,False
6204,7252,0.9976962095979076,True,False
6205,7283,0.9987516343887362,True,False
6215,7134,0.8301943894591945,True,False
6216,6588,0.9976962095979076,True,False
6220,7221,0.9966903738660419,True,False
6231,7087,0.9987516343887362,True,False
6232,6306,0.9961431011748146,True,False
6233,6373,0.9975340164615294,True,False
6234,7079,0.9956300099634801,True,False
6245,7307,0.9966903738660419,True,False
6248,6480,0.9976962095979076,True,False
6248,6494,0.9976962095979076,True,False
6259,6617,0.9987516343887362,True,False
6261,6975,0.9980660562935224,True,False
6267,6421,0.9966903738660419,True,False
6276,6313,0.7745835271034792,True,False
6305,6418,0.8042542670399768,True,False
6309,7140,0.9984461500974169,True,False
6310,6325,0.9939029047180966,True,False
6311,6913,0.9928989241848947,True,False
6328,7292,0.9958825633451195,True,False
6329,6608,0.9987516343887362,True,False
6330,6505,0.9956300099634801,True,False
6337,7275,0.9975340164615294,True,False
6340,6798,0.9987516343887362,True,False
6345,7094,0.9966903738660419,True,False
6349,7277,0.9966903738660419,True,False
6366,6980,0.9987516343887362,True,False
6367,6797,0.9987516343887362,True,False
6369,7494,0.9978563561645535,True,False
6372,6441,0.9953097333751223,True,False
6375,6778,0.9946380086980074,True,False
6377,7440,0.9987516343887362,True,False
6381,7000,0.9966903738660419,True,False
6385,7070,0.9979197595370883,True,False
6390,7224,0.9973151677640237,True,False
6397,7454,0.9987516343887362,True,False
6399,6428,0.9948785963092984,True,False
6432,6941,0.9987516343887362,True,False
6457,7068,0.9987516343887362,True,False
6462,6558,0.9987516343887362,True,False
6466,7133,0.9987516343887362,True,False
6480,6494,0.9987516343887362,True,False
6495,6572,0.9982452686441156,True,False
6500,6844,0.9939029047180966,True,False
6520,7154,0.9979749008420777,True,False
6544,6910,0.9966903738660419,True,False
6546,7349,0.9957300078086366,True,False
6556,6860,0.9987516343887362,True,False
6559,7205,0.9966903738660419,True,False
6559,7413,0.9987516343887362,True,False
6561,7391,0.7510097740411201,True,False
6565,7395,0.9983884245508575,True,False
6566,7003,0.9979749008420777,True,False
6567,6971,0.9966903738660419,True,False
6587,7172,0.9966903738660419,True,False
6587,7465,0.9966903738660419,True,False
6605,6895,0.7706302811914237,True,False
6607,7342,0.7818196364206851,True,False
6607,7491,0.8474468118784135,True,False
6668,6782,0.9973151677640237,True,False
6681,7371,0.9966903738660419,True,False
6689,7405,0.9966903738660419,True,False
6696,6944,0.9975340164615294,True,False
6709,7194,0.9987516343887362,True,False
6718,6824,0.9956300099634801,True,False
6727,6853,0.9987516343887362,True,False
6731,6972,0.9987516343887362,True,False
6734,6786,0.9987516343887362,True,False
6736,6770,0.9966903738660419,True,False
6740,6929,0.8627242056508485,True,False
6747,7191,0.9939029047180966,True,False
6771,6899,0.9987516343887362,True,False
6788,7201,0.9987516343887362,True,False
6800,6870,0.9966903738660419,True,False
6803,7336,0.9916208562871359,True,False
6820,7019,0.9979749008420777,True,False
6826,7345,0.9987516343887362,True,False
6852,7042,0.7593517692056968,True,False
6861,7267,0.9987516343887362,True,False
6873,7477,0.9934753990350542,True,False
6887,6900,0.9878736124411658,True,False
6889,6954,0.9987516343887362,True,False
6907,7255,0.9966903738660419,True,False
6911,7187,0.9966903738660419,True,False
6921,7082,0.9987516343887362,True,False
6939,7404,0.9966903738660419,True,False
6949,7467,0.9966903738660419,True,False
6952,7220,0.9978563561645535,True,False
6965,7085,0.9987516343887362,True,False
6966,7364,0.9934753990350542,True,False
6967,7460,0.9983884245508575,True,False
6996,7214,0.9975340164615294,True,False
7004,7346,0.9987516343887362,True,False
7030,7127,0.9966903738660419,True,False
7040,7485,0.9987516343887362,True,False
7050,7244,0.9987516343887362,True,False
7056,7109,0.9955425575166709,True,False
7056,7484,0.988019659225033,True,False
7058,7195,0.9987516343887362,True,False
7061,7461,0.9979749008420777,True,False
7099,7325,0.9987516343887362,True,False
7101,7319,0.756820431495556,True,False
7104,7318,0.9987516343887362,True,False
7106,7269,0.9983505803534152,True,False
7109,7484,0.9968294073503572,True,False
7125,7410,0.9956300099634801,True,False
7141,7430,0.9987516343887362,True,False
7155,7185,0.9876356745221663,True,False
7169,7471,0.9934753990350542,True,False
7172,7465,0.9987516343887362,True,False
7174,7352,0.9987516343887362,True,False
7189,7248,0.9983505803534152,True,False
7198,7235,0.9873485260609695,True,False
7205,7413,0.9966903738660419,True,False
7219,7257,0.9987516343887362,True,False
7293,7453,0.9966903738660419,True,False
7302,7378,0.9987516343887362,True,False
7342,7491,0.9980660562935224,True,False
7418,7437,0.9833451615993634,True,False
7444,7479,0.9966903738660419,True,False
