loan_id,credit_score,debt_to_income_ratio,loan_to_value_ratio,missed_payments_12m,days_past_due,repayment_status,default_flag,risk_band,expected_loss_amount
LOAN000001,701.0,0.438,,0,0,Current,0,Low,11667.54
LOAN000002,690.0,0.764,0.7,2,48,Current,0,Medium,113222.5
LOAN000003,684.0,0.63,0.628,0,0,Current,0,Low,41793.69
LOAN000004,695.0,0.889,,0,0,Current,0,Medium,441283.42
LOAN000005,670.0,0.592,0.927,0,0,Current,0,Medium,7973.7
LOAN000006,718.0,0.601,0.828,0,0,Current,0,Low,133398.01
LOAN000007,624.0,0.688,0.861,1,21,Paid Off,0,Medium,31546.89
LOAN000008,690.0,0.679,0.747,7,180,Defaulted,1,High,105553.22
LOAN000009,684.0,1.044,0.528,4,72,Current,0,High,576576.36
LOAN000010,671.0,0.548,0.758,0,0,Current,0,Low,9028.5
LOAN000011,624.0,0.906,,8,180,Defaulted,1,High,5290195.92
LOAN000012,754.0,0.327,0.643,0,0,Current,0,Low,1878.36
LOAN000013,678.0,0.558,0.525,4,173,Defaulted,1,Medium,8934.17
LOAN000014,707.0,0.456,,0,0,Current,0,Low,15817.31
LOAN000015,733.0,0.369,,1,14,Paid Off,0,Low,11682.56
LOAN000016,,0.12,0.891,1,17,Current,0,Low,7095.6
LOAN000017,658.0,0.439,0.505,0,0,Current,0,Low,45321.71
LOAN000018,601.0,0.679,0.562,4,100,Late,0,High,251583.41
LOAN000019,729.0,0.368,0.725,0,0,Current,0,Low,44342.64
LOAN000020,642.0,0.813,0.906,6,162,Defaulted,1,High,725986.94
LOAN000021,672.0,0.642,0.688,2,44,Current,0,Medium,86512.99
LOAN000022,669.0,0.267,,0,0,Current,0,Low,5378.21
LOAN000023,699.0,0.566,0.613,6,142,Defaulted,1,High,95101.55
LOAN000024,653.0,0.711,0.699,0,0,Current,0,Medium,48527.89
LOAN000025,626.0,0.288,,1,17,Current,0,Medium,17783.41
LOAN000026,671.0,0.212,,0,0,Current,0,Low,2703.77
LOAN000027,748.0,0.449,0.742,0,0,Current,0, Low ,8859.28
LOAN000028,665.0,0.661,0.742,0,0,Current,0,Medium,139997.55
LOAN000029,707.0,0.304,,0,0,Current,0,Low,2898.09
LOAN000030,728.0,0.504,0.688,0,0,Current,0,Low,68055.25
LOAN000031,766.0,0.091,,0,0,Current,0,Low,982.03
LOAN000032,727.0,0.61,0.748,0,0,Current,0,Low,72159.56
LOAN000033,654.0,0.569,0.552,0,0,Current,0,Medium,89843.06
LOAN000034,752.0,0.177,0.729,0,0,Current,0,Low,4274.24
LOAN000035,703.0,0.373,,1,19,Current,0,Low,2142.9
LOAN000036,659.0,0.498,0.586,8,180,Defaulted,1,High,6321.97
LOAN000037,650.0,0.621,0.636,0,0,Current,0,Medium,184115.04
LOAN000038,697.0,0.403,,0,0,Current,0,Low,4028.36
LOAN000039,703.0,0.365,,0,0,Current,0,Low,4859.16
LOAN000040,644.0,0.562,0.501,3,63,Late,0,Medium,51093.33
LOAN000041,636.0,0.86,0.814,4,180,Defaulted,1,High,307931.94
LOAN000042,726.0,0.45,0.604,0,0,Current,0,Low,24292.75
LOAN000043,626.0,0.591,0.644,5,138,Written Off,1,High,326394.45
LOAN000044,665.0,0.77,,2,30,Paid Off,0,Medium,9800.82
LOAN000045,745.0,0.435,0.624,0,0,Current,0,Low,32607.59
LOAN000046,641.0,0.587,,1,9,Current,0,Medium,101393.25
LOAN000047,646.0,0.873,0.821,4,52,Current,0,High,417431.47
LOAN000048,707.0,0.53,,0,0,Current,0,Low,8199.93
LOAN000049,776.0,0.532,0.647,1,12,Current,0,Low,53032.17
LOAN000050,663.0,0.209,0.554,0,0,Current,0,Low,15834.23
LOAN000051,684.0,0.673,0.884,5,176,Defaulted,1,High,90959.43
LOAN000052,671.0,0.451,0.527,1,13,Current,0,Low,6583.54
LOAN000053,625.0,1.159,0.949,0,0,CURRENT,0,Medium,964295.37
LOAN000054,680.0,0.833,,6,48,Current,0,High,34713.02
LOAN000055,677.0,0.321,0.923,1,15,Paid Off,0,Low,4012.48
LOAN000056,787.0,0.223,0.505,0,0,Paid Off,0,Low,6473.69
LOAN000057,,0.535,0.624,0,0,Current,0,Low,7870.64
LOAN000058,662.0,0.425,0.64,0,0,Current,0,Low,89053.76
LOAN000059,715.0,0.673,,0,0,Current,0,Low,158118.52
LOAN000060,630.0,0.986,,3,148,Defaulted,1,High,2612943.81
LOAN000061,693.0,0.659,0.556,0,0,Current,0,Low,55469.72
LOAN000062,646.0,0.498,,7,175,Late,0,High,22782.45
LOAN000063,597.0,0.732,,2,28,Current,0,Medium,26885.97
LOAN000064,664.0,0.681,0.531,0,0,Current,0,Medium,249162.62
LOAN000065,602.0,1.004,0.666,4,32,Current,0,High,515876.04
LOAN000066,633.0,0.766,0.603,1,10,Current,0,Medium,511422.25
LOAN000067,649.0,0.357,,4,60,Current,0,Medium,9162.67
LOAN000068,708.0,0.386,0.889,0,0,Current,0,Low,86606.56
LOAN000069,632.0,0.654,0.876,2,38,Current,0,Medium,312538.64
LOAN000070,681.0,0.453,0.916,0,0,Current,0,Low,38121.19
LOAN000071,766.0,0.304,0.891,0,0,Current,0,Low,4190.78
LOAN000072,668.0,0.678,0.785,0,0,Current,0,Medium,84810.38
LOAN000073,678.0,0.748,0.515,2,44,Paid Off,0,Medium,130501.24
LOAN000074,682.0,0.559,,0,0,Current,0,Low,7440.5
LOAN000075,664.0,0.476,0.809,2,36,Current,0,Medium,30928.08
LOAN000076,669.0,1.116,0.85,3,60,Current,0,High,806768.08
LOAN000077,781.0,0.784,,3,63,Current,0,Medium,213925.36
LOAN000078,646.0,0.497,0.678,5,70,Current,0,Medium,192050.0
LOAN000079,704.0,0.431,0.779,1,25,Current,0,Low,3961.22
LOAN000080,636.0,0.593,0.85,5,180,Defaulted,1,High,169718.73
LOAN000081,689.0,0.662,0.553,0,0,Current,0,Low,135457.69
LOAN000082,649.0,0.873,0.505,1,10,Current,0,Medium,344695.1
LOAN000083,669.0,1.052,0.634,7,180,Defaulted,1,High,380963.99
LOAN000084,708.0,0.324,,1,19,Current,0,Low,10806.79
LOAN000085,604.0,0.461,,5,110,Current,0,High,25042.92
LOAN000086,655.0,0.681,0.723,0,0,Current,0,Medium,78805.05
LOAN000087,634.0,0.981,0.777,3,39,Current,0,High,348530.27
LOAN000088,649.0,0.35,0.641,1,12,Current,0,Medium,20227.03
LOAN000089,645.0,0.485,0.834,7,70,Late,0,High,26895.91
LOAN000090,713.0,0.697,0.773,0,0,Current,0,Low,22085.3
LOAN000091,606.0,0.591,0.765,9,180,Defaulted,1,High,239066.78
LOAN000092,643.0,0.567,0.529,4,68,Late,0,Medium,185511.85
LOAN000093,652.0,0.557,0.782,0,0,Current,0,Medium,79417.66
LOAN000094,662.0,0.497,0.889,0,0,Current,0,Low,42307.39
LOAN000095,584.0,0.93,0.517,2,28,Current,0,High,750284.03
LOAN000096,631.0,0.857,0.6,1,18,Paid Off,0,Medium,393173.38
LOAN000097,694.0,0.583,0.812,0,0,Current,0,LOW,57343.91
LOAN000098,659.0,0.764,,3,75,Restructured,0,Medium,211450.43
LOAN000099,680.0,0.499,,0,0,Current,0,Low,19148.71
LOAN000100,731.0,0.624,,1,8,Current,0,Low,198111.17
LOAN000101,654.0,0.409,,0,0,Paid Off,0,Low,10182.09
LOAN000102,701.0,0.59,,0,0,Current,0,Low,11833.63
LOAN000103,654.0,0.829,0.624,7,70,Restructured,0,HIGH,216435.23
LOAN000104,639.0,0.584,0.744,3,72, late ,0,Medium,370585.86
LOAN000105,632.0,1.073,0.526,2,48,Paid Off,0,High,655776.65
LOAN000106,629.0,0.829,0.864,2,38,Current,0,Medium,355521.74
LOAN000107,713.0,0.329,0.614,4,141,Defaulted,1,Medium,26224.97
LOAN000108,644.0,0.534,0.777,7,180,Defaulted,1,High,21073.27
LOAN000109,639.0,0.707,0.843,3,30,Current,0,Medium,104908.22
LOAN000110,703.0,0.427,,1,21,Current,0,Low,2914.8
LOAN000111,748.0,0.468,0.562,1,20,Current,0,Low,3107.28
LOAN000112,694.0,0.211,,0,0,Paid Off,0,Low,4748.53
LOAN000113,688.0,0.51,,0,0,Current,0,Low,7273.98
LOAN000114,708.0,0.473,,0,0,Current,0,Low,3790.03
LOAN000115,,1.033,,4,142,Defaulted,1,High,1377504.62
LOAN000116,702.0,0.225,,8,180,Defaulted,1,High,2592.81
LOAN000117,713.0,0.644,0.897,0,0,Current,0,Low,87074.92
LOAN000118,616.0,0.631,,2,46,Current,0,Medium,31536.57
LOAN000119,711.0,0.431,0.674,0,0,Current,0,Low,24253.54
LOAN000120,696.0,0.594,0.62,0,0,Current,0,Low,85835.77
LOAN000121,672.0,0.605,,0,0, Current ,0,Low,42560.24
LOAN000122,668.0,0.508,0.586,7,167,Defaulted,1,High,77323.95
LOAN000123,701.0,0.693,0.507,0,0,Current,0,Low,52536.36
LOAN000124,669.0,0.175,,0,0,Current,0,Low,2459.8
LOAN000125,639.0,0.632,0.705,4,88,Restructured,0,Medium,287549.03
LOAN000126,665.0,0.733,0.829,1,10,Current,0,Medium,74117.38
LOAN000127,734.0,0.63,,0,0,Current,0,Low,525981.63
LOAN000128,628.0,0.627,0.64,7,168,Restructured,0,High,210602.46
LOAN000129,638.0,0.577,0.612,6,90,Current,0,High,146393.4
LOAN000130,615.0,0.894,0.699,4,146,Defaulted,1,High,733669.81
LOAN000131,765.0,0.673,0.716,0,0,Current,0,Low,44171.08
LOAN000132,669.0,0.907,0.54,4,68,Current,0,High,165020.63
LOAN000133,738.0,0.755,0.634,2,42,Current,0,Medium,101456.85
LOAN000134,741.0,0.343,0.791,0,0,Current,0,Low,8387.61
LOAN000135,,1.336,0.513,5,124,Defaulted,1,High,1241441.97
LOAN000136,669.0,0.708,0.651,0,0,Current,0,Medium,64348.65
LOAN000137,698.0,0.531,0.603,0,0,Current,0,Low,37681.07
LOAN000138,680.0,0.371,0.939,7,170,Defaulted,1,High,18316.95
LOAN000139,647.0,1.036,0.679,2,24,Current,0, MEDIUM ,117651.48
LOAN000140,610.0,0.705,0.676,4,32,Current,0,High,113163.63
LOAN000141,720.0,0.362,0.517,1,22,CURRENT,0,Low,38137.45
LOAN000142,674.0,0.36,,0,0,Paid Off,0,Low,15753.89
LOAN000143,616.0,0.881,0.614,3,66,Late,0,High,338675.93
LOAN000144,651.0,0.676,,2,18,Current,0,Medium,136538.3
LOAN000145,645.0,0.823,0.597,2,30,Current,0,Medium,244346.4
LOAN000146,610.0,0.691,,3,45,Current,0,Medium,525495.9
LOAN000147,689.0,0.368,0.688,1,21,Current,0,Low,1008.9
LOAN000148,704.0,0.769,0.612,8,180,Defaulted,1,High,202375.98
LOAN000149,709.0,0.582,0.552,1,17,Current,0,Low,73622.12
LOAN000150,741.0,0.506,,0,0,Paid Off,0,Low,7329.42
LOAN000151,726.0,0.624,0.639,0,0,Current,0,Low,90306.63
LOAN000152,564.0,0.521,0.584,7,98,Restructured,0,High,15311.34
LOAN000153,693.0,0.324,0.66,0,0,Paid Off,0,Low,4741.76
LOAN000154,658.0,0.376,,0,0,Current,0,Low,6075.78
LOAN000155,604.0,1.032,0.935,4,152,Written Off,1,High,474715.66
LOAN000156,650.0,0.767,0.708,4,40,Paid Off,0,Medium,283152.67
LOAN000157,673.0,0.459,0.87,0,0,Current,0,Low,25962.16
LOAN000158,636.0,1.099,0.802,9,180,Defaulted,1,High,1131588.97
LOAN000159,659.0,0.385,0.669,0,0,Current,0,Low,5000.68
LOAN000160,716.0,0.839,0.574,4,84,Late,0,Medium,171899.29
LOAN000161,717.0,0.435,0.691,0,0,Current,0,Low,3781.03
LOAN000162,662.0,0.577,0.753,0,0,Current,0,Medium,103564.27
LOAN000163,671.0,0.459,0.537,0,0,Current,0,Low,6885.01
LOAN000164,712.0,0.605,0.85,0,0,Current,0,Low,201755.36
LOAN000165,693.0,0.385,,0,0,Current,0,Low,4218.27
LOAN000166,649.0,0.812,0.801,0,0,Current,0,Medium,309952.22
LOAN000167,672.0,0.267,0.815,0,0,Current,0,Low,5181.5
LOAN000168,567.0,0.787,0.543,2,28,Current,0,Medium,152006.61
LOAN000169,679.0,0.674,0.832,0,0,Current,0,Medium,236696.26
LOAN000170,708.0,0.181,0.566,0,0,Paid Off,0,Low,4996.59
LOAN000171,674.0,0.421,0.798,0,0,Current,0,Low,10503.54
LOAN000172,659.0,0.862,,5,180,Defaulted,1,High,23346.47
LOAN000173,660.0,0.615,0.896,5,180,Written Off,1,High,62289.5
LOAN000174,675.0,0.567,0.553,4,163, Written Off ,1,Medium,10088.98
LOAN000175,654.0,0.698,0.609,0,0,Current,0,Medium,108565.57
LOAN000176,708.0,0.421,0.55,0,0,Current,0,Low,40861.6
LOAN000177,612.0,0.849,0.542,3,51,Current,0,High,300623.55
LOAN000178,658.0,0.777,0.52,1,12,Paid Off,0,Medium,56864.88
LOAN000179,684.0,0.506,,0,0,Paid Off,0,Low,5055.26
LOAN000180,614.0,0.811,0.748,3,66,Current,0,High,662612.27
LOAN000181,637.0,0.286,0.55,3,33,Current,0,Medium,37856.81
LOAN000182,739.0,0.317,0.555,0,0,Current,0,Low,6189.43
LOAN000183,689.0,0.199,,0,0,Current,0,Low,2688.14
LOAN000184,645.0,0.601,0.737,1,23,Current,0,Medium,123291.58
LOAN000185,668.0,0.425,0.744,1,22,Current,0,Medium,10113.87
LOAN000186,730.0,0.526,0.568,1,14,Paid Off,0,Low,2692.77
LOAN000187,734.0,0.746,0.596,2,44,Current,0,Medium,183574.59
LOAN000188,677.0,0.576,0.939,0,0,Current,0,Medium,14805.46
LOAN000189,684.0,0.249,,0,0,Current,0,Low,9049.17
LOAN000190,670.0,0.851,0.837,2,44,Current,0, MEDIUM ,201007.53
LOAN000191,652.0,0.699,,6,180,Written Off,1,High,10392.32
LOAN000192,691.0,0.546,0.739,1,14,Current,0,Medium,56024.14
LOAN000193,660.0,0.677,0.521,0,0,Current,0,Medium,106240.04
LOAN000194,771.0,0.153,,1,23,Current,0,Low,979.75
LOAN000195,687.0,0.267,0.856,0,0,Current,0,Low,3030.84
LOAN000196,717.0,0.366,0.553,0,0,Current,0,Low,9317.6
LOAN000197,709.0,0.687,0.547,0,0,Current,0,Low,143263.37
LOAN000198,652.0,0.905,0.714,1,8,Current,0,Medium,165435.92
LOAN000199,696.0,0.491,,0,0,Current,0,Low,4365.99
LOAN000200,668.0,0.452,0.53,0,0,Current,0,Low,15670.87
LOAN000201,653.0,0.473,0.645,1,20,Current,0,Medium,18835.77
LOAN000202,713.0,0.644,0.729,0,0,Current,0,Low,147266.65
LOAN000203,683.0,0.636,0.559,8,180,Defaulted,1,High,252849.72
LOAN000204,740.0,0.217,0.742,0,0,Current,0,Low,3123.32
LOAN000205,649.0,0.641,0.559,1,110,Defaulted,1,Medium,296080.17
LOAN000206,670.0,0.225,,0,0,Current,0,Low,2838.63
LOAN000207,664.0,0.375,0.501,0,0,Current,0,Low,5334.89
LOAN000208,680.0,0.23,,0,0,Current,0,Low,2386.46
LOAN000209,702.0,0.432,,0,0,Current,0,Low,6433.31
LOAN000210,660.0,0.678,0.609,0,0,Paid Off,0,Medium,154876.73
LOAN000211,665.0,0.793,0.662,4,88,current,0,Medium,69271.88
LOAN000212,653.0,0.679,,0,0, Current ,0,Medium,91834.91
LOAN000213,599.0,1.19,0.574,2,48,Current,0,High,857098.0
LOAN000214,688.0,0.459,0.708,0,0,Current,0,Low,91342.95
LOAN000215,627.0,0.962,0.638,4,176,Defaulted,1,High,254913.12
LOAN000216,673.0,0.117,,0,0,Current,0,Low,4217.92
LOAN000217,662.0,0.581,0.711,0,0,Current,0,Medium,41253.07
LOAN000218,727.0,0.517,0.83,0,0,Current,0,Low,34594.74
LOAN000219,747.0,0.433,,0,0,Current,0,Low,4830.51
LOAN000220,683.0,0.606,0.51,0,0,Current,0,Low,83553.62
LOAN000221,741.0,0.379,0.799,0,0,Current,0,Low,69524.97
LOAN000222,663.0,0.805,0.639,2,16,Current,0,Medium,143429.23
LOAN000223,655.0,0.955,0.7,3,72,Current,0,High,456076.04
LOAN000224,658.0,0.834,,4,52,Current,0,Medium,39626.74
LOAN000225,663.0,0.659,,0,0,Current,0,Medium,64182.39
LOAN000226,653.0,0.337,,0,0,Current,0,LOW,3710.25
LOAN000227,639.0,0.568,,2,22,Current,0,Medium,42299.81
LOAN000228,734.0,0.802,,2,16,Current,0,Medium,20261.58
LOAN000229,660.0,0.454,0.536,0,0,Current,0,Low,32696.56
LOAN000230,656.0,0.714,0.716,0,0,Paid Off,0,medium,37730.5
LOAN000231,728.0,0.169,0.511,0,0,Current,0,Low,644.9
LOAN000232,680.0,0.233,0.661,0,0,Current,0,Low,4408.83
LOAN000233,696.0,0.802,,0,0,Current,0,MEDIUM,34465.1
LOAN000234,718.0,0.389,0.67,0,0,Current,0,Low,9938.86
LOAN000235,621.0,1.138,,4,148,Defaulted,1,High,293002.49
LOAN000236,699.0,0.441,,0,0,Current,0,Low,7630.31
LOAN000237,,,0.639,0,0,Current,0,Low,4075.78
LOAN000238,711.0,0.361,0.553,0,0,Current,0,Low,6449.52
LOAN000239,691.0,0.882,0.815,3,180,Defaulted,1,High,285712.62
LOAN000240,690.0,0.726,0.656,3,63,Late,0,Medium,152575.41
LOAN000241,673.0,0.61,0.509,0,0,Current,0,Low,90561.1
LOAN000242,697.0,0.399,0.731,7,128,Defaulted,1,Medium,6767.05
LOAN000243,606.0,0.823,0.557,3,72,Current,0,High,313687.91
LOAN000244,621.0,0.784,0.664,1,11,Current,0,Medium,548950.82
LOAN000245,678.0,0.418,0.871,0,0,Current,0,Low,6446.35
LOAN000246,674.0,0.822,0.7,7,154,Current,0,High,59005.74
LOAN000247,684.0,0.74,0.881,5,85,Late,0,High,70639.09
LOAN000248,709.0,0.421,0.819,0,0,Current,0,Low,25877.91
LOAN000249,661.0,0.882,0.634,1,14,Current,0,Medium,134899.14
LOAN000250,697.0,0.204,0.707,0,0,Paid Off,0,Low,18104.25
LOAN000251,,0.44,,0,0,Current,0,Low,12324.3
LOAN000252,643.0,0.668,,7,119,Late,0,High,588926.57
LOAN000253,646.0,1.154,0.774,5,180,Written Off,1,High,1072262.41
LOAN000254,614.0,0.7,0.643,7,98,Late,0, High ,331681.37
LOAN000255,623.0,1.127,0.534,3,119,Defaulted,1,High,320576.22
LOAN000256,678.0,0.631,0.506,1,16,Current,0,Medium,54033.49
LOAN000257,654.0,0.616,0.858,0,0,Current,0,Medium,10421.69
LOAN000258,659.0,0.249,0.548,0,0,Current,0,Low,778.88
LOAN000259,666.0,0.551,0.846,0,0,Current,0,Medium,37474.99
LOAN000260,708.0,0.514,0.555,0,0,Paid Off,0,Low,46810.86
LOAN000261,716.0,0.973,0.744,4,36,Current,0,Medium,73200.2
LOAN000262,709.0,0.244,,0,0,paid off,0,Low,18465.04
LOAN000263,633.0,1.173,,9,180,Defaulted,1,High,935510.48
LOAN000264,719.0,0.336,0.908,1,15,Current,0,Low,3864.36
LOAN000265,764.0,0.384,0.58,1,11,Current,0,Low,65171.99
LOAN000266,689.0,0.198,0.7,0,0,Current,0,Low,1335.46
LOAN000267,661.0,0.574,,0,0,Current,0,Low,14937.85
LOAN000268,685.0,0.598,,0,0,Current,0,Low,8598.25
LOAN000269,647.0,0.493,0.867,4,88,Late,0,Medium,158236.72
LOAN000270,641.0,0.496,0.671,5,60,Current,0,Medium,16957.5
LOAN000271,607.0,1.188,0.617,7,180,Defaulted,1,High,1487523.68
LOAN000272,654.0,0.653,0.759,0,0,Current,0,Medium,50281.75
LOAN000273,637.0,0.806,0.704,2,16,Current,0,Medium,339712.87
LOAN000274,,0.968,0.553,0,0,Current,0,Medium,39302.29
LOAN000275,672.0,0.458,0.595,0,0,Current,0,Low,8953.27
LOAN000276,704.0,0.511,,0,0,Current,0,Low,127995.02
LOAN000277,671.0,0.244,0.559,0,0,Paid Off,0,Low,1143.3
LOAN000278,610.0,0.804,0.728,1,9,Current,0,Medium,210925.18
LOAN000279,669.0,0.535,,0,0,Current,0,Low,10518.3
LOAN000280,654.0,0.297,0.864,1,15,Current,0,Low,1835.58
LOAN000281,718.0,0.467,,0,0,Current,0,Low,8668.51
LOAN000282,619.0,0.892,0.897,4,108,Defaulted,1,High,570051.38
LOAN000283,705.0,0.389,0.751,0,0,Current,0,Low,9174.63
LOAN000284,633.0,,0.771,5,125,Late,0,High,551597.77
LOAN000285,,0.679,0.697,5,120,Late,0,High,59749.41
LOAN000286,657.0,0.15,0.737,0,0,Current,0,Low,1450.39
LOAN000287,666.0,0.492,0.581,0,0,Current,0,Low,31546.12
LOAN000288,690.0,0.235,0.787,3,57,Current,0,Medium,6494.36
LOAN000289,737.0,0.305,0.746,0,0,Current,0,Low,1847.55
LOAN000290,679.0,0.623,0.535,1,20,Current,0,Medium,97585.09
LOAN000291,639.0,0.46,0.683,3,109,Defaulted,1,Medium,9169.84
LOAN000292,714.0,0.741,0.525,0,0,Current,0,Low,64680.67
LOAN000293,636.0,1.118,0.525,3,98,Defaulted,1,High,641090.29
LOAN000294,722.0,0.393,,0,0,Current,0,Low,8430.24
LOAN000295,688.0,0.286,0.521,0,0,Paid Off,0,Low,4390.64
LOAN000296,685.0,0.896,0.599,2,28,Current,0,Medium,172044.08
LOAN000297,638.0,1.273,0.55,1,10,Current,0,Medium,1912240.9
LOAN000298,641.0,0.428,,3,127,Defaulted,1,Medium,15414.58
LOAN000299,683.0,0.445,0.583,1,21,Current,0,Low,5198.33
LOAN000300,667.0,0.657,0.576,0,0,Current,0,Medium,37649.53
LOAN000301,724.0,0.103,,0,0,Paid Off,0,Low,2125.61
LOAN000302,625.0,0.894,0.673,3,60,Current,0,High,148954.07
LOAN000303,620.0,0.516,0.702,0,0,Paid Off,0,Medium,30815.04
LOAN000304,689.0,0.587,0.608,1,17,Paid Off,0,Medium,184896.56
LOAN000305,644.0,0.643,,2,28,Current,0,Medium,59606.4
LOAN000306,660.0,0.413,0.801,1,19,Current,0,Medium,38965.01
LOAN000307,572.0,1.053,0.618,7,152,Written Off,1,High,468994.57
LOAN000308,703.0,0.435,,0,0,Current,0,Low,7518.65
LOAN000309,694.0,0.301,0.909,0,0,Current,0,Low,16010.57
LOAN000310,691.0,0.593,0.757,7,180,Written Off,1,High,23356.39
LOAN000311,676.0,0.578,0.746,0,0,Current,0,Low,62421.52
LOAN000312,702.0,0.433,0.594,0,0,Current,0,Low,1308.09
LOAN000313,639.0,0.573,,2,20,Current,0,Medium,8012.16
LOAN000314,707.0,0.263,0.647,0,0,Current,0,Low,3717.64
LOAN000315,632.0,1.288,0.663,9,180,Defaulted,1,High,701315.0
LOAN000316,776.0,0.221,0.5,0,0,Paid Off,0,Low,2431.33
LOAN000317,668.0,0.814,0.609,1,8,Paid Off,0,Medium,166368.64
LOAN000318,763.0,0.294,0.707,0,0,Paid Off,0,Low,3910.36
LOAN000319,717.0,0.782,0.548,2,46,Current,0,Medium,190313.28
LOAN000320,664.0,0.851,,1,14,Current,0,Medium,46737.21
LOAN000321,592.0,0.96,0.519,6,108,late,0,High,314072.25
LOAN000322,626.0,0.373,0.694,6,90,Late,0,High,17455.83
LOAN000323,669.0,0.48,0.621,0,0,Paid Off,0,Low,32911.65
LOAN000324,588.0,0.799,0.505,5,110,Restructured,0,High,471477.71
LOAN000325,595.0,0.597,0.577,1,8,Current,0,Medium,172766.81
LOAN000326,720.0,0.15,0.567,0,0,Current,0,Low,5415.59
LOAN000327,723.0,0.788,0.546,5,115,Restructured,0,Medium,65231.98
LOAN000328,715.0,0.429,0.928,0,0,Current,0,Low,58480.76
LOAN000329,633.0,0.899,0.761,3,30,Current,0,Medium,71249.23
LOAN000330,670.0,0.39,,8,180,Defaulted,1,High,5473.48
LOAN000331,691.0,0.384,,0,0,Current,0,Low,7066.95
LOAN000332,647.0,0.7,0.542,1,11,Current,0,Medium,948243.75
LOAN000333,679.0,0.653,0.773,0,0,Current,0,Medium,78327.48
LOAN000334,657.0,0.932,0.74,0,0,Current,0,Medium,187279.08
LOAN000335,630.0,0.602,0.71,3,24,Current,0,Medium,24648.84
LOAN000336,620.0,0.843,0.711,3,111,Defaulted,1,HIGH,175084.74
LOAN000337,594.0,1.053,0.672,3,60,Current,0,High,1625032.18
LOAN000338,701.0,0.48,0.709,1,19,Current,0,Low,2611.87
LOAN000339,641.0,0.356,,3,75,Restructured,0,Medium,25757.36
LOAN000340,646.0,0.749,0.854,6,110,Defaulted,1,High,226869.56
LOAN000341,629.0,0.78,,3,33,Current,0,Medium,54440.03
LOAN000342,630.0,0.98,0.856,7,133,Restructured,0,High,195634.41
LOAN000343,775.0,0.51,0.618,0,0,Current,0,Low,43080.88
LOAN000344,644.0,0.399,0.656,3,116,Written Off,1,Medium,8223.73
LOAN000345,732.0,0.376,,0,0,Current,0,Low,24958.87
LOAN000346,651.0,1.011,0.747,2,18,Current,0,Medium,184537.79
LOAN000347,623.0,0.801,,7,180,Defaulted,1,High,1079910.11
LOAN000348,714.0,0.186,0.892,0,0,Current,0,Low,2953.59
LOAN000349,712.0,0.618,0.591,0,0,Paid Off,0,Low,69074.34
LOAN000350,659.0,0.712,,0,0,current,0,Medium,15232.67
LOAN000351,760.0,0.158,,0,0, CURRENT ,0,Low,2292.48
LOAN000352,673.0,0.325,0.802,1,22,Current,0,Low,10470.43
LOAN000353,632.0,0.66,0.661,5,45,Current,0,High,107211.21
LOAN000354,685.0,1.02,,8,180,Defaulted,1,High,832352.18
LOAN000355,677.0,0.522,0.711,0,0,Current,0,Low,31027.55
LOAN000356,698.0,0.765,0.806,1,23,Current,0,Medium,105355.5
LOAN000357,633.0,1.092,0.578,4,44,Current,0,High,1257841.56
LOAN000358,642.0,0.482,,3,30,Current,0,Medium,30096.16
LOAN000359,668.0,0.599,0.511,0,0,Current,0,Low,126863.0
LOAN000360,681.0,0.46,0.552,0,0,Paid Off,0,Low,20544.88
LOAN000361,722.0,0.93,0.524,2,34,Current,0,Medium,222907.79
LOAN000362,739.0,0.219,,1,11,Paid Off,0,Low,5795.18
LOAN000363,670.0,0.592,0.789,0,0,Current,0,Medium,121751.5
LOAN000364,640.0,0.931,0.891,4,145,Defaulted,1,High,570644.67
LOAN000365,650.0,0.97,0.761,2,20,Current,0,Medium,87433.81
LOAN000366,668.0,0.824,,2,22,Current,0,Medium,20819.71
LOAN000367,634.0,0.364,0.807,6,60,Current,0,Medium,10520.96
LOAN000368,716.0,0.369,0.824,1,25,Current,0,Low,1991.44
LOAN000369,671.0,0.546,0.732,0,0,Current,0,Low,149826.66
LOAN000370,730.0,0.075,0.607,1,25,Current,0,Low,1865.63
LOAN000371,620.0,0.636,,4,120,Defaulted,1,High,33229.57
LOAN000372,593.0,0.736,0.512,3,60,Current,0,Medium,547423.06
LOAN000373,593.0,0.875,0.511,1,15,Current,0,Medium,115772.0
LOAN000374,665.0,0.366,0.564,0,0,Paid Off,0,Low,6510.03
LOAN000375,653.0,0.503,0.519,0,0,Current,0,Low,7891.45
LOAN000376,630.0,0.69,0.722,0,0,Current,0,Medium,339371.64
LOAN000377,655.0,0.536,0.556,0,0,Current,0,Low,1719.18
LOAN000378,679.0,0.355,,0,0,Current,0,Low,6604.81
LOAN000379,638.0,0.526,0.817,3,72,Restructured,0,Medium,65788.63
LOAN000380,800.0,0.33,0.61,1,9,Current,0,Low,3398.71
LOAN000381,639.0,0.4,0.596,2,24,Current,0,Medium,32864.88
LOAN000382,,0.338,,0,0,Current,0,Low,5467.63
LOAN000383,745.0,0.223,0.641,0,0,Current,0,Low,2443.45
LOAN000384,607.0,0.181,0.681,5,95,Restructured,0,Medium,9379.41
LOAN000385,555.0,1.067,0.546,4,165,Defaulted,1,High,594299.62
LOAN000386,667.0,0.661,0.867,0,0,Current,0,Medium,9987.66
LOAN000387,769.0,0.327,,0,0,Paid Off,0,Low,7263.26
LOAN000388,637.0,0.622,0.768,3,24,Current,0,Medium,18712.64
LOAN000389,645.0,0.749,0.857,5,100,Restructured,0,High,40298.86
LOAN000390,713.0,0.552,,0,0,Current,0,Low,8666.03
LOAN000391,629.0,1.244,0.55,4,94,Defaulted,1,High,1782662.38
LOAN000392,716.0,0.44,0.61,1,16,Current,0,Low,8382.15
LOAN000393,722.0,0.362,,1,17,Current,0,Low,4223.62
LOAN000394,740.0,0.441,,0,0,Current,0,Low,28921.52
LOAN000395,,0.509,,0,0,Current,0,Low,7698.13
LOAN000396,588.0,0.839,0.951,4,180,Defaulted,1,High,635483.6
LOAN000397,689.0,0.741,0.766,5,150,Defaulted,1,High,95972.7
LOAN000398,726.0,0.261,,0,0,Current,0,Low,7194.15
LOAN000399,651.0,0.353,0.578,0,0,Current,0,Low,6732.02
LOAN000400,621.0,0.526,0.537,2,50,Current,0,Medium,48622.76
LOAN000401,650.0,0.848,0.509,4,60,Paid Off,0,High,40027.09
LOAN000402,631.0,0.831,,3,27,Current,0,Medium,869273.99
LOAN000403,667.0,0.32,0.633,1,9,Current,0,Low,2196.2
LOAN000404,656.0,0.543,,1,8,Current,0,Medium,6504.83
LOAN000405,702.0,0.896,0.827,3,63,Restructured,0,Medium,184880.37
LOAN000406,649.0,1.073,0.679,8,180,Defaulted,1,High,2155480.43
LOAN000407,705.0,0.555,0.542,0,0,Current,0,Low,157495.54
LOAN000408,645.0,0.537,,2,16,Current,0,Medium,11085.24
LOAN000409,741.0,0.444,0.521,0,0,Current,0,Low,29752.16
LOAN000410,634.0,0.575,0.531,1,11,Current,0,Medium,10976.39
LOAN000411,625.0,0.393,0.657,2,38,Paid Off,0,Medium,15002.9
LOAN000412,724.0,0.476,0.709,0,0,Current,0,Low,32215.64
LOAN000413,687.0,0.59,,0,0,Current,0,Low,47957.8
LOAN000414,711.0,0.178,,2,16,Current,0,Low,1228.08
LOAN000415,674.0,0.428,,7,180,Defaulted,1,High,11619.03
LOAN000416,666.0,0.75,,1,8,Current,0,Medium,26989.4
LOAN000417,698.0,0.341,0.795,0,0,Current,0,Low,4889.63
LOAN000418,703.0,0.78,0.733,1,24,Paid Off,0,Medium,160239.96
LOAN000419,670.0,0.562,0.587,0,0,Current,0,Low,9675.81
LOAN000420,705.0,0.519,,1,19,Current,0,Low,19619.37
LOAN000421,702.0,0.367,0.528,0,0,Current,0,Low,52047.3
LOAN000422,714.0,0.265,0.914,0,0,Current,0,Low,2738.45
LOAN000423,634.0,0.583,0.902,1,8,Current,0,Medium,164658.13
LOAN000424,684.0,,0.821,1,17,Paid Off,0,Medium,12247.81
LOAN000425,616.0,0.758,0.65,1,16,Current,0,Medium,224282.35
LOAN000426,762.0,0.386,,0,0,Paid Off,0,Low,13729.75
LOAN000427,608.0,0.47,0.631,2,46,Current,0,Medium,21030.34
LOAN000428,687.0,0.386,0.948,1,18,Paid Off,0,Low,47433.36
LOAN000429,638.0,0.696,,4,36,Current,0,Medium,39888.8
LOAN000430,700.0,0.319,,2,28,Paid Off,0,Low,6222.68
LOAN000431,638.0,0.76,0.678,1,22,Current,0,Medium,1098936.78
LOAN000432,580.0,,0.624,4,56,Current,0,High,360105.18
LOAN000433,691.0,0.601,0.518,1,19,Current,0,Medium,5291.43
LOAN000434,670.0,0.517,,0,0,Current,0,Low,21482.43
LOAN000435,704.0,0.681,,0,0,Current,0,Low,17779.95
LOAN000436,609.0,1.35,0.511,2,80,Defaulted,1,High,2712747.98
LOAN000437,650.0,0.509,0.587,1,8,Current,0,Medium,56305.64
LOAN000438,689.0,0.653,,1,25,Current,0,Medium,15409.7
LOAN000439,673.0,0.815,0.657,4,76,Late,0,Medium,119118.52
LOAN000440,687.0,0.665,0.573,0,0,Current,0,Low,91065.91
LOAN000441,600.0,0.703,0.634,2,48,Current,0,Medium,223023.18
LOAN000442,602.0,0.688,0.56,4,64,Late,0,High,279581.28
LOAN000443,707.0,0.339,0.508,0,0,Current,0,Low,15115.26
LOAN000444,705.0,0.525,0.515,0,0,Current,0,Low,53686.24
LOAN000445,699.0,0.411,0.51,0,0,Current,0,Low,33626.46
LOAN000446,741.0,0.168,,0,0, Current ,0,Low,3208.45
LOAN000447,719.0,0.708,0.626,7,127,defaulted,1,High,219704.21
LOAN000448,661.0,0.509,,2,46,Current,0,Medium,14019.86
LOAN000449,692.0,0.621,0.51,0,0,Current,0,Low,464849.57
LOAN000450,689.0,0.311,0.687,0,0,Current,0,Low,17877.62
LOAN000451,616.0,1.187,0.738,3,42,Current,0,High,3288868.7
LOAN000452,719.0,0.353,0.816,1,13,Paid Off,0,Low,7116.07
LOAN000453,680.0,0.584,,1,18,Current,0,Medium,18292.72
LOAN000454,702.0,0.604,0.667,0,0,Paid Off,0,Low,36857.86
LOAN000455,644.0,,0.553,2,40,Current,0,Medium,339564.54
LOAN000456,646.0,0.576,0.643,5,95,Restructured,0,Medium,102735.64
LOAN000457,618.0,0.823,0.66,3,113,Defaulted,1,High,492647.25
LOAN000458,665.0,0.438,,5,121,Defaulted,1,Medium,9341.9
LOAN000459,646.0,1.062,0.71,9,180,Defaulted,1,High,614136.87
LOAN000460,651.0,0.689,0.515,0,0,Current,0,Medium,35988.01
LOAN000461,735.0,0.364,0.875,0,0,Current,0,Low,4252.49
LOAN000462,744.0,0.393,0.866,1,13,Current,0,Low,25041.01
LOAN000463,693.0,0.718,0.689,1,22,Current,0,Medium,91553.56
LOAN000464,673.0,0.423,0.581,0,0,Current,0,Low,12778.39
LOAN000465,694.0,0.616,0.595,3,48,Current,0,Medium,48730.14
LOAN000466,601.0,0.876,0.927,0,0,Current,0,Medium,1899285.73
LOAN000467,641.0,0.462,,2,30,Current,0,Medium,12756.27
LOAN000468,716.0,0.316,0.746,1,18,Current,0,Low,6822.56
LOAN000469,679.0,0.354,0.523,1,19,Current,0,Low,7898.45
LOAN000470,694.0,0.521,,0,0,Current,0,low,23260.12
LOAN000471,670.0,0.754,0.537,4,96,Restructured,0,Medium,114424.13
LOAN000472,652.0,1.059,0.537,9,180,Defaulted,1,High,423166.4
LOAN000473,703.0,0.909,0.674,2,44,Current,0,Medium,98489.98
LOAN000474,626.0,0.702,0.802,2,42,Paid Off,0,Medium,67393.89
LOAN000475,700.0,0.376,0.718,0,0,Current,0,Low,5673.69
LOAN000476,654.0,0.527,0.738,1,8,Current,0,Medium,21014.51
LOAN000477,711.0,0.382,0.946,0,0,Current,0,Low,5323.87
LOAN000478,685.0,0.391,0.53,1,21,Current,0,Low,32769.28
LOAN000479,694.0,0.318,,0,0,Current,0,Low,3194.01
LOAN000480,687.0,0.558,0.822,0,0,Current,0,Low,18327.12
LOAN000481,635.0,0.594,0.799,5,110,Late,0,High,682312.37
LOAN000482,681.0,0.661,0.536,0,0,Current,0,Medium,8547.19
LOAN000483,657.0,0.428,0.687,1,13,Current,0,Medium,7063.25
LOAN000484,715.0,0.269,,0,0,Current,0,Low,5631.36
LOAN000485,709.0,0.29,,0,0,Current,0,Low,3137.03
LOAN000486,687.0,0.363,0.511,1,17,Current,0,Low,10196.0
LOAN000487,670.0,0.435,,0,0,Current,0,low,5331.38
LOAN000488,680.0,0.408,,0,0,Paid Off,0,Low,7410.77
LOAN000489,738.0,0.485,0.523,0,0,Current,0,Low,82640.76
LOAN000490,751.0,0.219,0.607,1,14,Current,0,Low,1981.17
LOAN000491,627.0,1.08,0.592,3,173,Defaulted,1,High,807051.46
LOAN000492,689.0,0.196,0.672,0,0, current ,0,Low,7242.05
LOAN000493,683.0,0.789,0.571,2,32,Current,0,Medium,174858.92
LOAN000494,647.0,,0.675,3,66,Late,0,Medium,190116.06
LOAN000495,681.0,0.565,0.54,0,0,Current,0,Low,4823.31
LOAN000496,644.0,0.395,0.829,2,18,Current,0,Medium,50419.54
LOAN000497,701.0,0.485,0.621,1,14,Current,0,Low,3302.1
LOAN000498,618.0,0.44,0.918,3,45,Current,0,Medium,15708.44
LOAN000499,587.0,0.767,0.674,2,50,Current,0,Medium,55350.38
LOAN000500,720.0,0.469,,0,0,Current,0,Low,9430.62
LOAN000501,711.0,0.468,0.689,0,0,Current,0,Low,20282.74
LOAN000502,614.0,0.598,0.508,0,0,Current,0,Medium,128946.15
LOAN000503,709.0,0.704,,0,0,Current,0,Low,275746.8
LOAN000504,643.0,0.795,0.549,4,80,Late,0,High,49435.99
LOAN000505,713.0,0.244,0.626,2,42,Current,0,Low,1308.99
LOAN000506,679.0,0.456,,1,17,Current,0,Low,17511.74
LOAN000507,691.0,0.25,,0,0,Current,0,Low,2732.29
LOAN000508,661.0,0.365,0.922,1,21,Current,0,Medium,3989.73
LOAN000509,674.0,0.642,,0,0,Current,0,Medium,41110.61
LOAN000510,672.0,0.589,0.588,0,0,Current,0,Low,5494.55
LOAN000511,713.0,0.578,0.536,0,0,Current,0,Low,64836.04
LOAN000512,711.0,0.306,0.53,1,8,Current,0,Low,18731.36
LOAN000513,635.0,0.722,0.527,2,16,Current,0,Medium,761492.03
LOAN000514,635.0,0.731,,3,33,Current,0,Medium,637500.65
LOAN000515,657.0,,0.925,0,0,Current,0,Medium,201565.32
LOAN000516,687.0,0.834,0.594,2,48,Paid Off,0,Medium,274772.34
LOAN000517,701.0,0.715,0.527,1,21,Current,0,Medium,35971.99
LOAN000518,718.0,0.369,0.689,0,0,Current,0,Low,2335.59
LOAN000519,645.0,0.612,,2,16,Current,0,Medium,51971.45
LOAN000520,730.0,0.505,,1,23,Current,0,Low,7602.63
LOAN000521,706.0,0.465,0.885,0,0,Current,0,Low,37424.89
LOAN000522,701.0,0.665,,0,0,Current,0,Low,5882.9
LOAN000523,584.0,0.856,0.645,2,129,Defaulted,1,High,312591.88
LOAN000524,622.0,0.471,,0,0,Current,0,Medium,28102.72
LOAN000525,680.0,0.626,0.675,0,0,Current,0,Low,85615.35
LOAN000526,705.0,0.637,0.537,0,0,Current,0,Low,205158.39
LOAN000527,633.0,0.639,0.915,2,38,Current,0,Medium,361757.99
LOAN000528,642.0,0.885,0.672,3,36,Current,0,Medium,340384.31
LOAN000529,690.0,0.571,0.706,1,12,Current,0,Medium,47220.72
LOAN000530,672.0,1.024,0.75,1,17,Current,0,Medium,315936.2
LOAN000531,641.0,0.924,0.634,5,100,Late,0,High,342767.92
LOAN000532,637.0,0.46,0.649,5,115,Late,0,Medium,33113.62
LOAN000533,632.0,0.898,0.704,7,180,Written Off,1,High,900879.6
LOAN000534,608.0,0.854,0.595,2,16,Current,0,Medium,939820.61
LOAN000535,677.0,0.605,0.509,1,13,Paid Off,0,Medium,8241.39
LOAN000536,739.0,0.195,,0,0,Current,0,Low,2130.46
LOAN000537,630.0,0.685,0.708,3,63,Current,0,Medium,13485.14
LOAN000538,706.0,0.412,,1,22,Current,0,Low,14956.53
LOAN000539,661.0,0.395,0.526,1,17,Current,0,Low,7261.17
LOAN000540,647.0,0.592,0.897,1,15,Current,0,Medium,298907.96
LOAN000541,677.0,0.742,0.562,4,60,Paid Off,0,Medium,111730.04
LOAN000542,707.0,0.573,0.522,0,0,Current,0,Low,5713.14
LOAN000543,657.0,0.402,0.579,0,0,Current,0,Low,17926.54
LOAN000544,628.0,1.055,0.909,1,71,Defaulted,1,Medium,420731.8
LOAN000545,737.0,0.497,0.593,3,149,Defaulted,1,Medium,38853.25
LOAN000546,694.0,0.536,0.502,1,87,Defaulted,1,Medium,109001.76
LOAN000547,737.0,0.634,0.573,2,36,Current,0,Medium,18902.53
LOAN000548,724.0,0.613,0.939,1,20,Current,0,Medium,54762.33
LOAN000549,740.0,0.374,,0,0,Current,0,Low,2489.26
LOAN000550,668.0,0.682,,0,0,Current,0,Medium,199899.68
LOAN000551,681.0,0.736,0.803,4,32,Current,0,Medium,113971.01
LOAN000552,597.0,0.697,0.605,3,75,Restructured,0,Medium,136258.7
LOAN000553,631.0,,,6,180,Written Off,1,High,4719.9
LOAN000554,647.0,0.775,0.551,2,44,Current,0,Medium,298050.75
LOAN000555,674.0,1.028,0.699,2,32,Current,0,Medium,534316.91
LOAN000556,723.0,0.394,0.619,0,0,Current,0,Low,14909.7
LOAN000557,635.0,0.755,0.574,6,177,Defaulted,1,High,580742.46
LOAN000558,706.0,0.708,0.581,0,0, CURRENT ,0,Low,38960.6
LOAN000559,714.0,0.632,0.606,0,0, Current ,0,Low,4691.84
LOAN000560,647.0,0.853,0.694,1,12,Current,0,Medium,466088.02
LOAN000561,670.0,0.154,0.644,0,0,Current,0,Low,2587.79
LOAN000562,639.0,0.618,0.948,1,13,Current,0,Medium,270611.43
LOAN000563,616.0,0.514,0.515,4,60,Current,0, Medium ,89687.34
LOAN000564,706.0,0.515,0.682,1,10,Paid Off,0,Low,39989.11
LOAN000565,663.0,0.309,0.838,0,0,Paid Off,0,Low,17642.9
LOAN000566,619.0,0.381,0.514,1,19,Current,0,Medium,16718.01
LOAN000567,648.0,0.388,,2,30,Current,0,Medium,13904.09
LOAN000568,672.0,0.585,,1,8,current,0,Medium,3490.16
LOAN000569,644.0,0.558,0.54,5,45,Current,0,Medium,15800.43
LOAN000570,643.0,1.106,0.689,5,45,Current,0,High,324228.79
LOAN000571,694.0,0.503,0.835,0,0,Current,0,Low,3088.78
LOAN000572,689.0,0.483,0.593,3,134,Defaulted,1,Medium,38707.53
LOAN000573,653.0,0.65,0.6,0,0,Current,0,Medium,68496.02
LOAN000574,691.0,0.284,0.898,1,24,Current,0,Low,4514.48
LOAN000575,721.0,0.542,,0,0,Paid Off,0,Low,56837.46
LOAN000576,697.0,0.386,0.547,0,0,Current,0,Low,2775.06
LOAN000577,681.0,0.286,,1,18,Paid Off,0,Low,5786.16
LOAN000578,683.0,0.769,0.518,3,45,Current,0,Medium,31742.05
LOAN000579,648.0,0.405,0.632,7,140,Restructured,0,High,187319.7
LOAN000580,662.0,0.585,0.596,0,0,Current,0,Medium,31516.04
LOAN000581,611.0,0.26,0.746,2,16,Current,0,Medium,33267.92
LOAN000582,755.0,0.364,0.525,0,0,Current,0,Low,2688.6
LOAN000583,657.0,0.36,0.936,0,0,Current,0,Low,15242.45
LOAN000584,673.0,0.62,0.905,0,0,Current,0,Medium,35342.88
LOAN000585,692.0,0.432,0.519,1,17,Current,0,Low,32092.12
LOAN000586,707.0,0.532,0.648,0,0,Current,0,Low,101760.53
LOAN000587,646.0,1.107,0.548,0,0,Current,0,Medium,645670.6
LOAN000588,686.0,0.598,0.687,1,25,Current,0,Medium,88931.91
LOAN000589,591.0,0.789,0.522,1,23,Current,0,Medium,150448.53
LOAN000590,659.0,0.555,0.813,0,0,Current,0,Medium,53225.98
LOAN000591,635.0,0.595,,4,96,Late,0,Medium,18777.24
LOAN000592,,0.253,,0,0,Current,0,Low,7891.52
LOAN000593,565.0,0.763,0.534,3,123,Defaulted,1,High,19516.46
LOAN000594,623.0,0.856,0.504,3,57,Current,0,Medium,120908.84
LOAN000595,674.0,0.865,0.576,3,57,Current,0,Medium,12322.37
LOAN000596,711.0,0.255,0.642,1,13,Current,0,Low,4761.2
LOAN000597,651.0,1.119,0.538,2,20,Current,0,Medium,421544.5
LOAN000598,701.0,0.466,0.574,0,0,Current,0,Low,11518.58
LOAN000599,694.0,0.517,0.837,1,11,Current,0,Medium,94643.99
LOAN000600,691.0,0.305,,0,0,Current,0,Low,6468.06
LOAN000601,680.0,0.839,0.668,4,56,Current,0,Medium,340567.11
LOAN000602,657.0,0.625,0.799,0,0,Current,0,Medium,93426.18
LOAN000603,663.0,0.877,0.93,4,96,Defaulted,1,High,299367.45
LOAN000604,617.0,0.937,0.713,1,17,Current,0,Medium,865979.46
LOAN000605,710.0,0.371,,0,0,Current,0,Low,8223.02
LOAN000606,723.0,0.434,,1,15, current ,0,Low,6777.82
LOAN000607,673.0,0.462,,0,0,Current,0,Low,5128.91
LOAN000608,709.0,0.466,0.514,1,25,Current,0,Low,2784.18
LOAN000609,684.0,0.927,0.694,3,69,Restructured,0,Medium,305234.12
LOAN000610,697.0,0.617,0.724,0,0,Current,0,Low,92834.9
LOAN000611,701.0,0.262,0.749,0,0,Current,0,Low,4123.13
LOAN000612,748.0,0.35,0.778,0,0,Current,0,Low,27128.5
LOAN000613,659.0,0.823,0.843,6,180,Defaulted,1,High,141029.45
LOAN000614,666.0,0.378,0.539,0,0,Current,0,Low,10897.79
LOAN000615,644.0,0.195,0.558,2,18,Paid Off,0,Medium,1858.32
LOAN000616,650.0,0.327,0.876,1,12,Current,0,Medium,19421.65
LOAN000617,753.0,0.265,,0,0,Paid Off,0,Low,4434.0
LOAN000618,643.0,0.491,0.872,3,54,Paid Off,0,Medium,67822.3
LOAN000619,625.0,1.042,0.84,2,123,Defaulted,1,High,1294881.86
LOAN000620,753.0,0.435,0.913,1,16,Current,0,Low,15336.37
LOAN000621,639.0,0.877,0.619,3,30,Paid Off,0,Medium,941187.41
LOAN000622,630.0,0.76,,3,27,Current,0,Medium,46547.27
LOAN000623,615.0,0.674,0.721,4,162,Defaulted,1,High,244125.87
LOAN000624,709.0,0.279,,0,0,Current,0,Low,2102.91
LOAN000625,697.0,0.455,,0,0,Current,0,Low,9235.49
LOAN000626,615.0,1.112,0.669,2,144,Defaulted,1,High,1229089.37
LOAN000627,720.0,0.267,,0,0,Current,0,Low,7978.95
LOAN000628,640.0,0.683,0.581,3,54,Current,0,Medium,238249.84
LOAN000629,665.0,0.56,0.564,0,0,Current,0,Low,8404.21
LOAN000630,673.0,0.286,,0,0, paid off ,0,Low,2983.41
LOAN000631,670.0,0.289,,0,0,Current,0,Low,1971.48
LOAN000632,709.0,0.373,,0,0,Current,0,Low,11213.4
LOAN000633,664.0,0.8,0.901,4,36,CURRENT,0,Medium,327077.97
LOAN000634,623.0,0.651,0.696,3,66,Current,0,Medium,30694.17
LOAN000635,688.0,0.791,0.787,2,46,Paid Off,0,Medium,110468.42
LOAN000636,650.0,0.486,,1,9,Current,0,Medium,16796.76
LOAN000637,766.0,0.453,0.728,0,0,Current,0,Low,4735.85
LOAN000638,665.0,0.3,0.631,1,19,Current,0,Low,36260.44
LOAN000639,661.0,,0.825,1,15,Current,0,Medium,317417.81
LOAN000640,628.0,0.683,0.545,7,178,Defaulted,1, High ,58703.52
LOAN000641,680.0,0.728,0.724,1,9,Current,0,Medium,99625.93
LOAN000642,717.0,0.586,0.585,0,0,Current,0,Low,128127.18
LOAN000643,664.0,0.221,0.549,0,0,Current,0,Low,5928.9
LOAN000644,655.0,0.808,0.886,2,26, current ,0,Medium,243342.41
LOAN000645,666.0,0.567,0.571,0,0,Current,0,Low,12755.56
LOAN000646,732.0,0.593,0.518,3,116,Defaulted,1,Medium,86035.29
LOAN000647,667.0,0.47,0.561,0,0,Current,0,Low,24316.14
LOAN000648,694.0,0.532,0.695,0,0,Current,0,Low,115406.01
LOAN000649,619.0,0.679,0.606,2,42,Current,0,Medium,91694.12
LOAN000650,695.0,0.313,,0,0,Current,0,Low,2830.69
LOAN000651,731.0,0.621,0.598,3,145,Written Off,1,Medium,105036.22
LOAN000652,699.0,0.664,0.768,0,0,Current,0,Low,39656.6
LOAN000653,638.0,1.062,0.749,2,38,Current,0,Medium,791300.56
LOAN000654,643.0,0.677,0.8,6,180,Defaulted,1,High,316782.93
LOAN000655,720.0,0.865,0.951,4,48,Paid Off,0,Medium,686690.57
LOAN000656,750.0,0.202,0.531,0,0,Current,0,Low,25013.75
LOAN000657,650.0,0.497,0.889,0,0,Current,0,Medium,29689.6
LOAN000658,677.0,0.71,0.662,2,22,Current,0,Medium,105579.06
LOAN000659,659.0,0.789,0.746,1,12,CURRENT,0,Medium,82164.75
LOAN000660,651.0,0.709,0.837,0,0,Paid Off,0,Medium,11892.95
LOAN000661,606.0,0.435,,4,96,Restructured,0,Medium,25315.09
LOAN000662,706.0,0.592,0.676,0,0,Current,0,Low,137952.45
LOAN000663,714.0,0.395,0.788,0,0,Current,0,Low,18406.71
LOAN000664,711.0,0.81,0.596,5,75,Restructured,0,MEDIUM,76363.08
LOAN000665,673.0,0.649,0.578,0,0,Current,0,Medium,161045.15
LOAN000666,703.0,0.479,0.635,0,0,Current,0,Low,108874.68
LOAN000667,634.0,0.642,,2,40,Current,0,Medium,324940.74
LOAN000668,695.0,0.576,,0,0,Paid Off,0,Low,12573.51
LOAN000669,681.0,0.386,0.628,0,0,Current,0,Low,33864.81
LOAN000670,654.0,0.53,0.513,0,0,Current,0,Low,22165.57
LOAN000671,621.0,0.644,0.666,1,22,Current,0,Medium,215553.19
LOAN000672,672.0,0.884,0.917,3,51,Current,0,Medium,249984.17
LOAN000673,677.0,0.395,,0,0,Current,0,Low,75371.76
LOAN000674,597.0,1.35,0.527,5,173,Defaulted,1,High,2138544.61
LOAN000675,714.0,0.265,,0,0,Current,0,Low,5337.05
LOAN000676,641.0,0.591,0.666,0,0,Current,0,Medium,370465.32
LOAN000677,643.0,0.954,,3,60,Current,0,High,2949344.12
LOAN000678,685.0,0.502,0.55,0,0,Current,0,Low,11297.55
LOAN000679,628.0,0.677,0.587,8,180,Current,0,High,67545.63
LOAN000680,689.0,0.699,0.92,0,0,Current,0,Medium,103207.5
LOAN000681,637.0,0.864,0.941,5,115,Restructured,0,High,656191.27
LOAN000682,680.0,0.382,0.73,0,0,Paid Off,0,Low,3263.08
LOAN000683,706.0,0.34,,0,0,Current,0,Low,4074.2
LOAN000684,683.0,0.79,0.777,3,72,Restructured,0,Medium,189423.52
LOAN000685,684.0,0.828,,1,113,Defaulted,1,Medium,327666.05
LOAN000686,647.0,0.657,0.564,2,42,Current,0,Medium,78585.17
LOAN000687,635.0,0.781,0.641,3,170,Defaulted,1,High,193584.76
LOAN000688,701.0,0.43,0.736,1,11,Current,0,Low,64759.82
LOAN000689,641.0,0.226,0.682,4,44,Current,0,Medium,12048.66
LOAN000690,625.0,0.704,,2,16,Current,0,Medium,346685.65
LOAN000691,641.0,1.06,0.705,1,19,Current,0,Medium,997096.25
LOAN000692,642.0,0.332,,5,80,Late,0,Medium,11170.86
LOAN000693,703.0,0.714,,0,0,Current,0,Low,28594.12
LOAN000694,701.0,0.327,,1,10,Current,0,Low,3803.55
LOAN000695,700.0,0.739,0.858,3,147,Defaulted,1,Medium,17294.05
LOAN000696,695.0,0.216,,0,0,Current,0,Low,4262.28
LOAN000697,700.0,0.469,,0,0,Current,0,Low,19628.65
LOAN000698,641.0,0.528,0.597,6,96,Current,0,High,85655.22
LOAN000699,741.0,0.195,0.701,0,0,Current,0,Low,3397.75
LOAN000700,670.0,0.692,0.512,0,0,Current,0,Medium,225867.91
LOAN000701,730.0,0.681,0.808,0,0,Paid Off,0,Low,73554.79
LOAN000702,688.0,0.565,0.501,2,28,Current,0,Medium,35920.31
LOAN000703,590.0,0.492,0.677,7,161,Current,0,High,7930.7
LOAN000704,660.0,0.362,,0,0,Current,0,Low,11269.26
LOAN000705,654.0,0.705,0.749,0,0,Current,0,Medium,74157.36
LOAN000706,687.0,0.335,0.543,0,0,Current,0,Low,6948.56
LOAN000707,596.0,0.683,0.692,3,27,Current,0,Medium,33250.6
LOAN000708,716.0,0.39,0.664,0,0,Current,0,Low,19862.67
LOAN000709,691.0,0.401,0.672,1,13,Current,0,Low,6950.43
LOAN000710,674.0,0.381,0.886,0,0,Current,0,Low,4377.98
LOAN000711,680.0,0.306,0.871,1,19,Current,0,Low,5204.42
LOAN000712,662.0,0.467,,0,0,Current,0,Low,8302.36
LOAN000713,681.0,0.723,0.666,2,36,Current,0,Medium,148273.42
LOAN000714,710.0,0.595,,0,0,Current,0,Low,12745.63
LOAN000715,677.0,0.91,0.707,2,42,Current,0,Medium,315251.93
LOAN000716,628.0,0.981,0.79,3,141,Defaulted,1,High,670823.28
LOAN000717,620.0,0.677,0.521,5,65,Late,0,High,120922.94
LOAN000718,641.0,0.583,,2,38,Current,0,Medium,32230.2
LOAN000719,670.0,0.639,,0,0,Current,0,Medium,46361.81
LOAN000720,707.0,0.89,,3,57,Current,0,Medium,59746.33
LOAN000721,700.0,0.276,,0,0,Current,0,Low,7123.32
LOAN000722,665.0,0.69,0.599,0,0,Current,0,Medium,200522.65
LOAN000723,641.0,0.724,0.509,6,180,Defaulted,1,High,95939.72
LOAN000724,593.0,1.216,0.516,5,65,Current,0,High,2260903.47
LOAN000725,750.0,0.446,,0,0,Current,0,Low,7314.49
LOAN000726,,0.456,,0,0,Current,0,Low,4598.42
LOAN000727,673.0,0.391,0.784,0,0,Current,0,Low,21503.13
LOAN000728,684.0,0.657,0.911,0,0,Current,0,Medium,394730.08
LOAN000729,659.0,0.71,0.569,0,0,Current,0,Medium,89743.33
LOAN000730,762.0,0.457,0.631,0,0,Current,0,Low,42899.51
LOAN000731,721.0,0.316,,0,0,Current,0,Low,9430.18
LOAN000732,673.0,0.469,0.508,0,0,Current,0, Low ,87183.25
LOAN000733,684.0,0.711,,0,0,Current,0,Medium,375196.72
LOAN000734,667.0,0.572,0.816,1,16,Current,0,Medium,111853.37
LOAN000735,594.0,1.35,,6,180,Written Off,1, high ,2104153.9
LOAN000736,703.0,0.559,,0,0,Current,0,Low,80449.52
LOAN000737,708.0,0.998,0.518,4,92,Late,0,High,264213.37
LOAN000738,672.0,0.727,0.671,2,32,Current,0,Medium,82049.9
LOAN000739,673.0,0.452,,1,25,Current,0,Medium,4013.55
LOAN000740,660.0,0.793,0.518,2,24,Current,0,Medium,267234.62
LOAN000741,644.0,0.947,0.519,5,180,Defaulted,1,High,652048.21
LOAN000742,734.0,0.68,,2,109,Defaulted,1,Medium,199896.71
LOAN000743,672.0,0.846,0.728,1,12,Paid Off,0,Medium,217476.79
LOAN000744,607.0,1.066,0.577,3,45,Current,0,High,560365.61
LOAN000745,687.0,0.477,0.548,0,0,Current,0,Low,31896.8
LOAN000746,688.0,0.778,0.599,1,23,Current,0,Medium,138769.64
LOAN000747,641.0,0.628,,1,10,Current,0,Medium,32515.19
LOAN000748,601.0,1.044,0.746,6,132,Restructured,0,High,722625.27
LOAN000749,633.0,0.861,0.536,3,30,Current,0,Medium,595775.86
LOAN000750,632.0,1.001,0.641,4,32,Current,0,High,321580.27
LOAN000751,730.0,0.471,0.596,0,0,Paid Off,0,Low,36546.27
LOAN000752,678.0,0.361,0.947,2,22,Current,0, Medium ,87285.32
LOAN000753,691.0,0.717,0.699,1,12,Current,0,Medium,56899.38
LOAN000754,685.0,0.614,0.801,1,24,Current,0,Medium,73077.29
LOAN000755,624.0,0.546,0.577,2,32,Current,0,Medium,29834.44
LOAN000756,669.0,0.651,0.779,0,0,Current,0,Medium,82478.26
LOAN000757,658.0,0.914,0.644,2,30,Current,0,Medium,545237.33
LOAN000758,642.0,1.0,0.777,2,18,Current,0,Medium,421630.98
LOAN000759,589.0,0.229,0.758,3,60,Current,0,Medium,10943.06
LOAN000760,685.0,0.305,,0,0,Current,0,Low,1974.43
LOAN000761,685.0,0.421,,0,0,Current,0,Low,11337.0
LOAN000762,692.0,0.535,0.931,0,0,Current,0,Low,123951.11
LOAN000763,716.0,0.327,0.645,0,0,Current,0,Low,73424.38
LOAN000764,698.0,0.479,0.848,0,0,Current,0,Low,6245.61
LOAN000765,641.0,0.346,0.766,1,8,Current,0,Medium,24500.4
LOAN000766,648.0,0.83,0.666,3,42,Paid Off,0,Medium,389126.85
LOAN000767,625.0,0.562,0.534,2,42,Current,0,Medium,20936.94
LOAN000768,623.0,0.87,0.715,5,150,Defaulted,1,High,1233610.93
LOAN000769,653.0,0.712,,0,0,Current,0,Medium,46959.71
LOAN000770,642.0,0.719,0.79,5,180,Defaulted,1,High,293170.51
LOAN000771,620.0,0.566,0.554,3,42,Current,0,Medium,138209.92
LOAN000772,605.0,0.466,0.665,0,0,Current,0,Medium,155543.37
LOAN000773,577.0,1.35,0.816,4,160,Defaulted,1,High,2303230.25
LOAN000774,670.0,0.62,,1,18,Current,0,Medium,10918.09
LOAN000775,740.0,0.189,,0,0,Current,0,Low,5842.98
LOAN000776,,0.153,0.885,0,0,Current,0,Low,5969.76
LOAN000777,688.0,0.345,,0,0,Paid Off,0,Low,2736.29
LOAN000778,673.0,0.702,0.635,2,16,Current,0,Medium,6953.89
LOAN000779,674.0,0.253,,1,16,Current,0,Low,2201.24
LOAN000780,695.0,0.448,,0,0,Current,0,Low,5393.87
LOAN000781,646.0,0.379,,2,30,Current,0,Medium,11876.15
LOAN000782,592.0,0.521,0.633,3,66,Restructured,0,Medium,146829.61
LOAN000783,651.0,0.741,0.595,6,108,Restructured,0,High,5798.73
LOAN000784,658.0,0.858,0.547,3,114,Defaulted,1,Medium,106415.16
LOAN000785,721.0,0.465,0.747,0,0,Current,0,Low,19547.63
LOAN000786,627.0,0.337,0.564,3,69,Restructured,0,Medium,10353.45
LOAN000787,686.0,0.515,,0,0,Current,0,Low,18851.06
LOAN000788,724.0,0.406,,0,0,Paid Off,0,Low,95466.09
LOAN000789,719.0,0.255,,0,0,Current,0,Low,9441.58
LOAN000790,696.0,0.625,0.645,2,46,Current,0,Medium,5281.67
LOAN000791,704.0,1.018,0.88,0,0,Current,0,Medium,559114.98
LOAN000792,621.0,0.577,,2,40,Current,0,Medium,29510.56
LOAN000793,723.0,0.129,,0,0,Paid Off,0,Low,4585.45
LOAN000794,733.0,0.398,,0,0,Current,0,Low,8052.2
LOAN000795,732.0,0.427,0.777,1,14,Current,0,Low,7839.38
LOAN000796,624.0,0.665,0.943,6,133,Defaulted,1,High,598643.37
LOAN000797,667.0,0.901,0.511,2,46,Current,0,Medium,115049.47
LOAN000798,616.0,1.204,0.52,4,151,Defaulted,1,High,1151738.99
LOAN000799,737.0,0.392,0.767,0,0,Current,0,Low,5501.05
LOAN000800,717.0,0.548,0.694,0,0,Current,0,Low,21916.94
LOAN000801,650.0,0.76,0.845,5,85,Late,0,High,35814.03
LOAN000802,718.0,0.424,0.585,0,0,Current,0,Low,5263.82
LOAN000803,700.0,0.72,,0,0,Current,0,Low,10167.18
LOAN000804,696.0,0.556,,0,0,Paid Off,0,Low,25281.1
LOAN000805,664.0,0.618,0.725,0,0,Current,0,Medium,140764.42
LOAN000806,707.0,0.332,0.564,0,0,Current,0,Low,3534.38
LOAN000807,664.0,0.816,0.634,4,100,Restructured,0,High,266058.2
LOAN000808,701.0,0.476,0.715,2,48,Current,0,Medium,6573.3
LOAN000809,682.0,0.356,0.825,0,0,Current,0,Low,67344.44
LOAN000810,669.0,0.435,0.6,0,0,Current,0,Low,4943.83
LOAN000811,660.0,0.991,0.653,3,42,Current,0,Medium,445390.82
LOAN000812,635.0,0.861,0.919,2,90,Defaulted,1,Medium,313069.53
LOAN000813,750.0,0.563,0.796,2,127,Defaulted,1,Medium,29450.16
LOAN000814,704.0,0.511,0.578,0,0,Current,0,Low,15271.03
LOAN000815,650.0,0.495,0.918,0,0,Current,0,Medium,21538.75
LOAN000816,691.0,0.447,0.64,0,0,Current,0,Low,8033.28
LOAN000817,715.0,0.705,0.618,1,21,Current,0,Medium,46410.66
LOAN000818,666.0,0.76,0.751,3,36,Current,0,Medium,205342.37
LOAN000819,648.0,0.509,0.775,3,72,Current,0,Medium,214830.28
LOAN000820,577.0,0.747,,3,75,Late,0,High,9756.82
LOAN000821,,0.278,0.527,0,0,Current,0,Low,3887.06
LOAN000822,566.0,0.771,0.588,2,22,Current,0,Medium,452022.46
LOAN000823,734.0,0.772,,3,75,Late,0,Medium,72954.64
LOAN000824,608.0,1.173,0.52,3,42,Current,0,High,833274.3
LOAN000825,588.0,0.516,0.625,3,63,Late,0,Medium,105499.31
LOAN000826,677.0,0.675,0.578,1,12,Current,0,Medium,71947.06
LOAN000827,603.0,1.011,0.86,4,80,Restructured,0,High,2169006.11
LOAN000828,686.0,0.272,,0,0,Paid Off,0,Low,10375.42
LOAN000829,,0.339,,1,9,Current,0,Low,3115.8
LOAN000830,695.0,0.445,0.717,0,0,Current,0,Low,24964.36
LOAN000831,724.0,0.204,,0,0,Current,0,Low,5979.03
LOAN000832,588.0,0.762,0.854,2,40,Current,0,Medium,227270.32
LOAN000833,677.0,0.691,0.606,3,171,Written Off,1,Medium,137680.9
LOAN000834,649.0,0.301,,1,9,Current,0,Low,10687.91
LOAN000835,,0.425,,0,0,Current,0,Low,8351.41
LOAN000836,607.0,0.884,0.795,9,180,Defaulted,1,High,341804.91
LOAN000837,671.0,0.394,,0,0,Current,0,Low,4445.88
LOAN000838,679.0,0.725,0.509,3,36,Current,0,Medium,6818.54
LOAN000839,639.0,0.21,,1,22,Current,0,Low,3706.85
LOAN000840,684.0,0.473,,0,0,Current,0,Low,8587.66
LOAN000841,634.0,0.712,0.649,5,95,Current,0,High,607695.24
LOAN000842,762.0,0.548,0.525,0,0,Current,0,Low,17864.15
LOAN000843,577.0,0.82,0.844,3,45,Current,0,High,477771.2
LOAN000844,776.0,0.124,0.529,0,0,Current,0,Low,1031.57
LOAN000845,618.0,1.038,,4,134,Written Off,1,High,3121152.56
LOAN000846,697.0,0.299,0.533,0,0,Current,0,Low,5343.16
LOAN000847,693.0,0.755,0.76,2,20,Current,0,Medium,272238.83
LOAN000848,637.0,0.402,0.604,2,34,Current,0,Medium,6121.26
LOAN000849,713.0,0.558,0.582,0,0,Current,0,Low,24263.21
LOAN000850,640.0,0.592,0.532,5,160,Defaulted,1,High,52972.79
LOAN000851,643.0,0.785,,5,40,Current,0,High,141615.19
LOAN000852,620.0,0.634,0.541,4,48,Current,0,Medium,297703.7
LOAN000853,690.0,0.224,,0,0,Current,0,Low,6805.27
LOAN000854,672.0,0.774,0.572,4,68,Late,0,Medium,102025.25
LOAN000855,647.0,0.817,0.784,5,157,Defaulted,1,High,1272849.19
LOAN000856,717.0,0.544,0.589,0,0,Current,0,Low,270926.56
LOAN000857,680.0,0.457,0.702,0,0,Current,0,Low,14882.01
LOAN000858,725.0,0.298,,0,0,Current,0,Low,8627.58
LOAN000859,663.0,0.774,0.557,1,25,Current,0,Medium,106797.74
LOAN000860,670.0,0.556,0.648,0,0,Current,0,Low,10709.22
LOAN000861,711.0,0.605,0.522,1,16,Current,0,Medium,41202.78
LOAN000862,641.0,0.91,,6,60,Current,0,High,1017814.7
LOAN000863,695.0,0.68,0.673,1,9,Current,0,Medium,136319.69
LOAN000864,670.0,0.654,0.63,0,0,Current,0,Medium,81879.18
LOAN000865,657.0,0.418,0.525,0,0,Current,0,Low,13764.04
LOAN000866,665.0,0.563,0.623,2,32,Current,0,Medium,11514.57
LOAN000867,627.0,0.667,,0,0,Current,0,Medium,60926.87
LOAN000868,694.0,0.886,0.651,3,57,Current,0,Medium,130252.88
LOAN000869,695.0,0.263,,0,0,Current,0,Low,6134.03
LOAN000870,713.0,0.333,,0,0,Current,0,Low,10644.02
LOAN000871,700.0,0.439,0.745,0,0,Current,0,Low,1928.89
LOAN000872,664.0,0.478,0.579,0,0,Current,0,Low,6052.48
LOAN000873,590.0,1.218,0.708,4,118,Written Off,1,High,870855.14
LOAN000874,586.0,1.35,0.555,2,144,Defaulted,1,High,2250122.06
LOAN000875,709.0,0.233,,1,24,Current,0,Low,2652.5
LOAN000876,737.0,0.443,0.796,1,12,Current,0,Low,7232.09
LOAN000877,726.0,0.314,,0,0,Current,0,Low,13945.83
LOAN000878,617.0,0.668,0.763,2,125,Defaulted,1,Medium,548724.78
LOAN000879,657.0,1.132,0.619,1,9,Current,0,medium,767599.82
LOAN000880,699.0,0.305,,1,20,Current,0,Low,2648.0
LOAN000881,729.0,0.508,0.608,0,0,Current,0,Low,41207.8
LOAN000882,666.0,0.609,,1,11,Current,0,Medium,27324.63
LOAN000883,,0.818,0.742,2,38,Current,0,Medium,201333.73
LOAN000884,724.0,0.532,0.618,0,0,Current,0,Low,37447.29
LOAN000885,586.0,1.162,0.518,3,39,Current,0,High,532420.99
LOAN000886,758.0,0.378,0.518,1,14,Current,0,Low,6992.86
LOAN000887,689.0,0.567,0.549,0,0,Current,0,Low,72045.75
LOAN000888,648.0,1.073,0.639,2,44,Current,0,Medium,308083.62
LOAN000889,688.0,0.352,0.511,0,0,Current,0,Low,2769.73
LOAN000890,721.0,0.457,0.746,4,180,Defaulted,1,Medium,4985.91
LOAN000891,635.0,0.3,,3,30,Current,0,Medium,15228.39
LOAN000892,709.0,0.244,,0,0,Current,0,Low,2651.89
LOAN000893,666.0,0.952,0.693,3,138,Defaulted,1,High,191839.18
LOAN000894,687.0,0.378,0.54,0,0,Current,0,Low,3684.48
LOAN000895,719.0,0.406,0.895,0,0,Current,0,Low,29618.14
LOAN000896,629.0,0.777,,4,44,Current,0,High,581472.39
LOAN000897,729.0,0.305,,0,0,Current,0,Low,1620.33
LOAN000898,656.0,0.416,0.509,1,25,Current,0,Medium,5846.18
LOAN000899,640.0,0.661,0.538,2,89,DEFAULTED,1,Medium,224680.92
LOAN000900,654.0,0.539,,0,0,Current,0,Low,3186.93
LOAN000901,640.0,0.791,0.614,6,180,Defaulted,1,High,334180.39
LOAN000902,659.0,0.416,0.707,1,9,Paid Off,0,Medium,3037.39
LOAN000903,749.0,0.336,0.926,0,0,Current,0,Low,3245.89
LOAN000904,692.0,0.561,0.525,2,42,Current,0,Medium,1910.51
LOAN000905,672.0,0.358,,0,0,Current,0,Low,4500.76
LOAN000906,682.0,0.703,0.581,0,0,Paid Off,0,Medium,70244.4
LOAN000907,678.0,0.636,0.636,0,0,Current,0, medium ,9489.0
LOAN000908,699.0,0.965,0.799,5,180,Defaulted,1,High,118859.57
LOAN000909,705.0,0.255,0.904,0,0,Current,0,Low,3865.45
LOAN000910,633.0,0.364,0.665,3,69,Restructured,0,Medium,84829.48
LOAN000911,730.0,0.471,0.68,0,0,Current,0,Low,22730.9
LOAN000912,636.0,1.079,0.567,2,46,Current,0,Medium,506843.65
LOAN000913,625.0,0.567,0.596,3,72,Late,0,Medium,68588.96
LOAN000914,747.0,0.223,0.727,0,0,Current,0,Low,3833.04
LOAN000915,620.0,0.331,0.553,3,69,Late,0,Medium,8284.61
LOAN000916,653.0,0.498,,0,0,Current,0,Low,12731.87
LOAN000917,631.0,0.408,0.663,3,66,Late,0,Medium,74220.12
LOAN000918,644.0,0.691,,1,22,Current,0,Medium,111448.17
LOAN000919,779.0,0.187,0.815,1,21,Current,0,Low,2362.68
LOAN000920,733.0,0.4,,0,0,Current,0,Low,4411.73
LOAN000921,678.0,0.835,,4,52,Current,0,Medium,330515.02
LOAN000922,540.0,1.288,0.551,2,16,current,0,High,971995.5
LOAN000923,654.0,0.73,0.501,3,57,Current,0,Medium,15202.32
LOAN000924,634.0,0.431,0.503,1,10,Current,0,Medium,17836.53
LOAN000925,647.0,0.533,0.593,8,176,Current,0,High,23221.63
LOAN000926,704.0,0.416,,0,0,Current,0,Low,9841.04
LOAN000927,647.0,0.833,0.574,3,135,Defaulted,1,High,498681.62
LOAN000928,704.0,0.416,0.784,0,0,Current,0,Low,8441.75
LOAN000929,735.0,0.479,0.737,0,0,Paid Off,0,Low,2831.11
LOAN000930,742.0,0.065,,1,25,Current,0,Low,3262.41
LOAN000931,728.0,0.205,,1,14,Current,0,Low,4337.49
LOAN000932,718.0,0.522,,1,20,Current,0,Low,12431.99
LOAN000933,626.0,0.876,0.569,5,180,Written Off,1,High,262392.26
LOAN000934,691.0,0.646,0.537,0,0,Current,0,Low,9786.83
LOAN000935,704.0,0.739,0.67,1,84,Written Off,1,Medium,36156.61
LOAN000936,644.0,1.027,0.574,3,66,Current,0,High,159419.18
LOAN000937,684.0,0.442,0.885,1,25,Paid Off,0,Medium,18690.39
LOAN000938,683.0,0.849,0.56,5,40,Current,0,high,89844.12
LOAN000939,649.0,0.681,0.88,3,54,Current,0,Medium,63978.95
LOAN000940,687.0,0.565,0.909,1,17,Current,0,Medium,53068.7
LOAN000941,713.0,0.827,0.934,3,42,Current,0,Medium,278207.19
LOAN000942,653.0,0.805,0.516,2,50,Current,0,Medium,568016.71
LOAN000943,702.0,0.378,0.933,0,0,Current,0,Low,11802.75
LOAN000944,775.0,0.257,0.507,1,16,Current,0,Low,6683.57
LOAN000945,665.0,1.35,0.546,0,0,Current,0,Medium,657825.41
LOAN000946,592.0,0.773,,2,26,Current,0,Medium,29321.48
LOAN000947,677.0,0.291,0.536,0,0,Current,0,Low,8231.52
LOAN000948,,0.286,,3,75,Restructured,0,Medium,8156.02
LOAN000949,654.0,0.786,0.925,3,69,Late,0,Medium,248515.04
LOAN000950,738.0,0.699,,0,0,Current,0,Low,36959.85
LOAN000951,721.0,0.567,0.769,0,0,Current,0,Low,30480.42
LOAN000952,701.0,0.646,0.708,0,0,Current,0,Low,71057.09
LOAN000953,713.0,0.517,0.509,0,0,Current,0,Low,4502.61
LOAN000954,660.0,0.67,0.644,2,32,Current,0,Medium,122218.72
LOAN000955,722.0,0.365,,0,0,Current,0,Low,2832.47
LOAN000956,659.0,0.335,0.751,4,180, defaulted ,1,Medium,9272.0
LOAN000957,690.0,0.503,0.578,0,0,Current,0,Low,54037.37
LOAN000958,630.0,0.522,0.83,5,110,Current,0,High,104298.05
LOAN000959,668.0,0.673,,0,0,Current,0,Medium,24465.3
LOAN000960,609.0,1.139,0.533,4,96,Restructured,0,High,1305937.27
LOAN000961,725.0,0.258,,0,0,Current,0,Low,2876.0
LOAN000962,659.0,0.446,0.574,0,0,Current,0,Low,827.1
LOAN000963,625.0,0.419,0.612,5,40,Current,0,Medium,197603.32
LOAN000964,671.0,0.356,0.564,0,0,Current,0,Low,14006.43
LOAN000965,727.0,0.214,0.594,0,0,Current,0,Low,6103.06
LOAN000966,672.0,0.778,,4,68,Late,0,Medium,256735.47
LOAN000967,749.0,0.889,0.692,1,25,Current,0,MEDIUM,381169.19
LOAN000968,692.0,0.41,0.576,0,0,Paid Off,0,Low,34342.44
LOAN000969,785.0,0.052,,0,0,Current,0,Low,1315.88
LOAN000970,645.0,0.816,0.711,3,75,Late,0,Medium,311590.24
LOAN000971,650.0,0.775,0.682,3,30,Current,0,Medium,93654.57
LOAN000972,710.0,0.342,,1,8,Current,0,Low,9033.96
LOAN000973,679.0,0.486,,0,0,Current,0,Low,5272.37
LOAN000974,686.0,0.647,,0,0,Current,0,Low,135022.79
LOAN000975,665.0,1.024,0.628,1,16,Paid Off,0,Medium,347960.64
LOAN000976,642.0,0.662,0.921,3,48,Paid Off,0,Medium,87451.07
LOAN000977,668.0,0.682,0.577,0,0,Current,0,Medium,68818.36
LOAN000978,666.0,0.772,0.743,0,0,Current,0,Medium,93746.6
LOAN000979,643.0,0.675,,3,42,Current,0,Medium,26807.26
LOAN000980,658.0,0.601,0.528,5,92,Defaulted,1,Medium,7089.12
LOAN000981,709.0,0.143,,1,22,Current,0,Low,1616.36
LOAN000982,620.0,0.835,0.88,3,33,Current,0,Medium,509365.56
LOAN000983,656.0,0.732,0.605,3,57,Current,0,Medium,114056.69
LOAN000984,730.0,0.609,,0,0,Current,0,Low,26434.42
LOAN000985,709.0,0.577,0.848,0,0,Current,0,Low,41600.31
LOAN000986,709.0,0.494,0.736,0,0,Current,0,Low,95307.83
LOAN000987,627.0,1.223,0.684,3,138,Written Off,1,High,950238.53
LOAN000988,662.0,0.909,0.729,2,38,Current,0,Medium,71673.37
LOAN000989,685.0,0.364,0.558,0,0,Current,0,Low,2941.35
LOAN000990,715.0,0.232,0.607,1,21,Current,0,Low,2016.38
LOAN000991,703.0,0.854,0.606,4,64,Restructured,0,Medium,103861.33
LOAN000992,663.0,0.757,0.691,4,180,Defaulted,1,High,79895.32
LOAN000993,609.0,0.92,0.94,3,42,Paid Off,0,High,181788.77
LOAN000994,701.0,0.348,,1,24,Current,0,Low,14441.91
LOAN000995,678.0,0.516,0.911,0,0,Paid Off,0,Low,45143.28
LOAN000996,746.0,0.444,0.792,0,0,Current,0,Low,4713.23
LOAN000997,709.0,0.646,0.512,0,0,Current,0,Low,33775.4
LOAN000998,682.0,0.824,0.576,2,42,Current,0,Medium,137377.62
LOAN000999,640.0,0.75,0.822,1,13,Current,0,Medium,323780.13
LOAN001000,745.0,0.557,0.94,0,0,Paid Off,0,Low,8963.23
LOAN001001,648.0,0.972,,2,20,Current,0,Medium,1472582.19
LOAN001002,720.0,0.493,,1,25,Current,0,Low,7826.22
LOAN001003,664.0,0.421,,0,0,Current,0,Low,5628.62
LOAN001004,725.0,0.467,0.5,0,0,Current,0,Low,10512.09
LOAN001005,764.0,0.189,,0,0,Current,0,Low,2394.67
LOAN001006,655.0,0.426,0.547,5,163,Defaulted,1,Medium,26247.55
LOAN001007,748.0,0.387,,1,8,CURRENT,0,Low,8251.29
LOAN001008,726.0,0.648,0.951,6,123,Defaulted,1,High,90277.88
LOAN001009,718.0,0.326,0.849,0,0,Current,0,Low,51512.64
LOAN001010,634.0,0.916,0.542,5,180,Defaulted,1,High,542594.82
LOAN001011,659.0,0.937,0.731,2,18,Current,0,Medium,264136.36
LOAN001012,679.0,0.594,,0,0,Current,0,Low,10565.64
LOAN001013,679.0,0.205,,0,0,Current,0,Low,2363.25
LOAN001014,671.0,0.421,0.873,0,0,Current,0,Low,8830.65
LOAN001015,639.0,0.563,0.804,2,20,Paid Off,0,Medium,106716.32
LOAN001016,651.0,0.577,,0,0,Current,0,Medium,9027.19
LOAN001017,627.0,0.856,0.798,3,48,Current,0, Medium ,482486.06
LOAN001018,655.0,1.003,0.581,4,36,Current,0,High,381729.35
LOAN001019,615.0,0.278,,2,18,Current,0,Medium,13939.66
LOAN001020,555.0,1.337,0.71,4,84,Restructured,0,High,2507720.43
LOAN001021,693.0,0.332,0.889,0,0,Current,0,Low,13663.93
LOAN001022,617.0,0.798,0.601,2,116,Defaulted,1,Medium,475414.8
LOAN001023,682.0,0.331,0.814,0,0,Current,0, LOW ,20639.1
LOAN001024,571.0,1.179,0.612,1,13,Current,0,High,1225232.93
LOAN001025,695.0,0.565,0.875,0,0,Current,0, Low ,57776.29
LOAN001026,723.0,0.405,,0,0,Current,0,Low,3976.74
LOAN001027,748.0,0.339,0.554,0,0,Current,0,Low,21026.0
LOAN001028,700.0,0.349,0.794,0,0,Current,0,Low,48484.42
LOAN001029,683.0,0.536,0.544,0,0,Current,0,Low,64526.24
LOAN001030,743.0,0.737,0.616,3,72,Late,0,Medium,243156.64
LOAN001031,676.0,0.37,0.532,0,0,Paid Off,0,Low,45414.53
LOAN001032,703.0,0.705,0.676,0,0,Current,0,Low,176729.25
LOAN001033,693.0,0.384,0.624,6,175,Written Off,1,Medium,17909.0
LOAN001034,640.0,0.827,,1,12,Paid Off,0,Medium,1253565.52
LOAN001035,671.0,0.202,0.501,0,0, current ,0,Low,1260.35
LOAN001036,686.0,0.438,,0,0,Current,0,Low,10421.65
LOAN001037,680.0,0.815,0.645,4,92,Late,0,Medium,11734.0
LOAN001038,670.0,0.786,0.599,1,23,Current,0,Medium,104002.82
LOAN001039,630.0,0.654,0.839,2,34,Current,0,Medium,54676.84
LOAN001040,618.0,0.951,,4,48,Current,0,High,930980.67
LOAN001041,635.0,1.35,0.636,2,123,Defaulted,1,High,4383742.12
LOAN001042,642.0,0.729,,2,32,Current,0,Medium,60967.63
LOAN001043,625.0,0.671,0.608,1,13,Current,0,Medium,236915.7
LOAN001044,576.0,0.957,0.588,3,69,Restructured,0,High,672130.54
LOAN001045,648.0,0.838,0.945,8,157,Defaulted,1,High,342355.8
LOAN001046,686.0,0.371,,0,0,Current,0,Low,6646.63
LOAN001047,730.0,0.192,0.569,0,0,Current,0,Low,995.74
LOAN001048,678.0,0.517,0.559,7,180,Defaulted,1,High,34361.0
LOAN001049,671.0,0.349,,0,0,Current,0,Low,14996.76
LOAN001050,692.0,0.447,0.55,0,0,Current,0,low,8032.91
LOAN001051,704.0,0.866,0.528,4,68,Late,0,Medium,117189.22
LOAN001052,692.0,0.359,0.534,0,0,Current,0,Low,75806.39
LOAN001053,729.0,0.287,0.525,0,0,Current,0,Low,6956.03
LOAN001054,710.0,0.715,0.662,0,0,Current,0,Low,132080.74
LOAN001055,649.0,0.603,0.631,2,18,Current,0,Medium,150855.5
LOAN001056,683.0,0.793,0.533,0,0,Current,0,Medium,164226.76
LOAN001057,,0.907,0.506,1,20,Current,0,Medium,219838.82
LOAN001058,584.0,1.226,0.889,2,78,Defaulted,1,High,1378237.47
LOAN001059,685.0,0.257,,0,0,Current,0,Low,5235.01
LOAN001060,753.0,0.387,0.756,1,21,Current,0,Low,3358.78
LOAN001061,681.0,0.518,,3,99,Defaulted,1,Medium,13138.41
LOAN001062,647.0,0.702,0.884,1,8,Current,0,Medium,259961.53
LOAN001063,730.0,0.3,,0,0,Current,0,Low,1922.75
LOAN001064,774.0,0.296,,0,0,Current,0,Low,3084.81
LOAN001065,610.0,0.677,0.545,2,30,Current,0,Medium,133339.48
LOAN001066,708.0,0.65,0.787,5,180,Defaulted,1,High,141290.08
LOAN001067,760.0,0.249,,0,0,Current,0,Low,998.31
LOAN001068,607.0,0.763,,6,90,Restructured,0,High,58898.87
LOAN001069,649.0,0.349,0.856,3,72,Restructured,0,Medium,16717.79
LOAN001070,632.0,0.838,0.937,8,150,Written Off,1,High,593382.58
LOAN001071,650.0,0.531,,0,0,Current,0,Low,7940.83
LOAN001072,732.0,0.575,0.881,4,138,DEFAULTED,1,Medium,63822.52
LOAN001073,756.0,0.559,,1,10,Current,0,Low,26198.19
LOAN001074,702.0,0.55,0.536,0,0,Current,0,Low,34307.77
LOAN001075,742.0,0.656,0.784,0,0,Current,0,Low,13093.92
LOAN001076,694.0,0.349,,0,0,Current,0,Low,4746.4
LOAN001077,762.0,0.467,0.627,0,0,Paid Off,0,Low,24721.5
LOAN001078,652.0,0.699,0.902,0,0,Current,0,Medium,33834.01
LOAN001079,725.0,0.422,0.75,0,0,Current,0,Low,36246.81
LOAN001080,613.0,0.708,0.756,2,44,Current,0,Medium,297709.42
LOAN001081,730.0,0.349,,0,0,Current,0,Low,9721.37
LOAN001082,721.0,0.654,,0,0,Current,0,Low,13930.41
LOAN001083,689.0,0.488,0.844,0,0,Current,0,Low,53609.07
LOAN001084,702.0,0.228,0.907,0,0,Paid Off,0,Low,7380.63
LOAN001085,,0.406,0.774,0,0,Paid Off,0,Low,82729.21
LOAN001086,751.0,0.233,0.619,0,0,Current,0,Low,10629.42
LOAN001087,691.0,0.74,0.831,2,16, Current ,0,Medium,155115.26
LOAN001088,648.0,0.62,0.592,7,180,Written Off,1,High,185106.92
LOAN001089,713.0,0.513,0.885,0,0,Current,0,Low,3901.87
LOAN001090,560.0,0.731,0.726,2,24,Paid Off,0,Medium,179733.23
LOAN001091,667.0,0.435,,0,0,Current,0,Low,7725.96
LOAN001092,697.0,0.382,0.707,0,0,Current,0,Low,8436.82
LOAN001093,599.0,0.877,0.678,4,36,Current,0,High,534549.12
LOAN001094,679.0,0.443,0.535,0,0,Current,0,Low,7035.09
LOAN001095,646.0,0.159,0.579,2,34,Paid Off,0,Low,2265.67
LOAN001096,646.0,0.423,0.507,4,80,Late,0,Medium,21256.43
LOAN001097,670.0,0.244,,0,0, current ,0,Low,4416.39
LOAN001098,719.0,0.227,0.574,0,0,Current,0,Low,1272.16
LOAN001099,685.0,0.438,,0,0,Current,0,Low,7104.84
LOAN001100,745.0,0.577,,1,24,Current,0,Low,18781.4
LOAN001101,680.0,0.664,,1,22,Current,0,Medium,8736.3
LOAN001102,723.0,0.498,0.861,1,19,Current,0,Low,23084.33
LOAN001103,677.0,0.672,0.713,0,0,Paid Off,0,Medium,73134.32
LOAN001104,647.0,1.053,0.606,0,0,Current,0,Medium,363074.53
LOAN001105,687.0,0.506,0.733,0,0,Current,0,Low,6786.79
LOAN001106,700.0,0.764,,1,21,Current,0,Medium,8105.07
LOAN001107,646.0,0.179,0.524,2,48,Current,0,Medium,9334.88
LOAN001108,667.0,0.824,0.509,4,36,Current,0,Medium,139921.4
LOAN001109,,0.774,,2,40,Current,0,Medium,86970.3
LOAN001110,,0.877,,6,173, Defaulted ,1,High,286010.07
LOAN001111,710.0,0.469,0.572,0,0,Current,0,Low,17362.07
LOAN001112,621.0,0.979,0.71,1,16,Current,0,Medium,640179.89
LOAN001113,705.0,0.587,0.741,0,0,current,0,Low,71517.7
LOAN001114,720.0,0.458,0.832,2,28,Current,0,Medium,20219.34
LOAN001115,730.0,0.351,,0,0,Current,0,Low,5655.37
LOAN001116,635.0,0.922,0.623,5,178,Written Off,1,High,333555.73
LOAN001117,673.0,0.451,0.535,0,0,Current,0,Low,53991.7
LOAN001118,646.0,0.514,0.7,2,28,Current,0,Medium,200671.55
LOAN001119,657.0,0.761,0.701,1,15,Current,0,Medium,85856.68
LOAN001120,674.0,0.48,0.602,0,0,Paid Off,0,Low,31743.16
LOAN001121,726.0,0.181,0.562,0,0,Current,0,Low,3267.82
LOAN001122,611.0,0.928,0.527,2,30,Current,0,Medium,497917.17
LOAN001123,695.0,0.677,0.606,0,0,Current,0,Low,211368.19
LOAN001124,729.0,0.268,,0,0,Current,0,Low,3392.84
LOAN001125,648.0,1.35,,4,114,Defaulted,1,High,4544873.52
LOAN001126,677.0,0.639,0.904,0,0,Current,0,Medium,83738.46
LOAN001127,709.0,0.537,,0,0,Current,0,Low,5424.73
LOAN001128,588.0,0.856,0.921,1,10,Current,0,Medium,438778.47
LOAN001129,693.0,0.784,0.894,4,92,Late,0,Medium,198008.97
LOAN001130,670.0,0.682,0.511,0,0,Current,0,Medium,77004.57
LOAN001131,589.0,0.668,,4,48,Paid Off,0,High,330962.19
LOAN001132,733.0,0.311,,1,17,Paid Off,0,Low,7293.21
LOAN001133,701.0,0.492,0.64,0,0,Current,0,Low,29126.71
LOAN001134,656.0,0.335,,0,0,Current,0,Low,6627.26
LOAN001135,633.0,0.499,0.531,0,0,Current,0,Medium,30503.96
LOAN001136,674.0,0.319,0.511,0,0,Current,0,Low,12627.0
LOAN001137,686.0,0.479,,0,0,Current,0,Low,7949.25
LOAN001138,693.0,0.736,0.701,3,27,Current,0,Medium,207554.11
LOAN001139,,0.402,0.848,4,56,Current,0,Medium,34742.0
LOAN001140,665.0,0.354,,0,0,Current,0,Low,8235.5
LOAN001141,687.0,0.415,,0,0,Current,0,Low,11555.4
LOAN001142,697.0,0.464,0.621,0,0,Paid Off,0,Low,10000.06
LOAN001143,699.0,0.626,0.502,1,11,Paid Off,0,Medium,39679.78
LOAN001144,709.0,0.817,0.915,2,32,Current,0,Medium,747858.75
LOAN001145,714.0,0.704,,0,0,Current,0,Low,262313.5
LOAN001146,679.0,0.778,0.501,1,13,Current,0,Medium,8366.3
LOAN001147,706.0,0.281,0.728,0,0,Current,0,Low,5426.64
LOAN001148,677.0,0.419,,0,0,Current,0,Low,11178.57
LOAN001149,668.0,0.629,,0,0,Current,0,Medium,21559.95
LOAN001150,709.0,0.311,0.914,0,0,Current,0,Low,9782.51
LOAN001151,721.0,0.44,0.674,0,0,Current,0,Low,34985.96
LOAN001152,693.0,0.556,0.679,0,0,Current,0,Low,215280.08
LOAN001153,,0.928,0.831,1,15,Current,0,Medium,218047.4
LOAN001154,715.0,0.664,0.657,0,0,Current,0,Low,80196.29
LOAN001155,690.0,0.476,,0,0,Current,0,Low,6460.4
LOAN001156,658.0,0.548,0.512,0,0,Current,0,Low,35351.96
LOAN001157,724.0,0.447,0.617,1,23,Current,0,Low,5383.44
LOAN001158,701.0,0.449,0.517,0,0,Current,0,Low,32804.01
LOAN001159,638.0,1.006,0.735,1,9,Current,0,Medium,765077.49
LOAN001160,642.0,0.785,0.881,2,40,Current,0,Medium,27375.58
LOAN001161,685.0,0.345,0.704,0,0,Current,0,Low,28438.26
LOAN001162,718.0,0.392,0.71,1,8,Current,0,Low,97534.53
LOAN001163,719.0,0.185,,0,0,Current,0,Low,1771.79
LOAN001164,693.0,0.189,0.599,0,0,Paid Off,0,Low,2094.14
LOAN001165,705.0,0.334,0.673,0,0,Current,0,Low,7946.59
LOAN001166,571.0,0.738,0.816,6,125,Defaulted,1,High,212778.03
LOAN001167,779.0,0.209,0.515,0,0,Current,0,Low,1250.2
LOAN001168,643.0,0.814,0.579,3,103,Defaulted,1,Medium,174438.51
LOAN001169,623.0,0.471,0.547,3,57,Current,0,Medium,7668.25
LOAN001170,648.0,0.87,0.769,3,57,Current,0,Medium,178319.16
LOAN001171,725.0,0.388,,0,0,Current,0,Low,6807.47
LOAN001172,662.0,0.54,0.571,0,0,Paid Off,0,Low,16051.9
LOAN001173,675.0,0.677,,0,0,Current,0,Medium,52954.88
LOAN001174,676.0,0.643,,0,0,Current,0,Medium,8613.46
LOAN001175,583.0,1.009,,2,18,Current,0,High,367372.87
LOAN001176,693.0,0.203,,0,0,Current,0,Low,2530.37
LOAN001177,732.0,0.384,0.609,1,12,Current,0,Low,5433.48
LOAN001178,679.0,0.261,,0,0,Paid Off,0,Low,8659.45
LOAN001179,621.0,1.136,0.55,2,18,Current,0,High,1272153.03
LOAN001180,759.0,0.358,0.535,0,0,Paid Off,0,Low,19966.44
LOAN001181,702.0,0.695,0.639,0,0,Current,0,Low,124168.15
LOAN001182,568.0,1.169,0.507,6,169,Defaulted,1,High,569312.26
LOAN001183,692.0,0.327,,0,0, CURRENT ,0,Low,4533.17
LOAN001184,679.0,0.421,0.758,0,0,Current,0,Low,4911.08
LOAN001185,724.0,0.28,,0,0,Current,0,Low,4913.4
LOAN001186,619.0,1.078,0.558,4,136,Written Off,1,High,820737.75
LOAN001187,684.0,0.326,0.666,0,0,Current,0,Low,19869.19
LOAN001188,668.0,0.423,0.583,1,17,Current,0,Low,21395.08
LOAN001189,693.0,0.39,0.589,0,0,Current,0,Low,30858.64
LOAN001190,654.0,0.614,0.536,0,0,Current,0,Medium,7084.33
LOAN001191,590.0,0.754,0.525,4,44,Current,0,High,131703.59
LOAN001192,613.0,0.612,0.817,2,88,Defaulted,1,Medium,21383.71
LOAN001193,624.0,0.736,0.913,3,30,Current,0,Medium,143245.19
LOAN001194,667.0,0.88,,2,46,Current,0,Medium,33563.53
LOAN001195,607.0,0.584,0.716,6,72,Late,0,High,456024.43
LOAN001196,659.0,0.222,,0,0,Current,0,Low,1469.56
LOAN001197,709.0,0.643,0.557,0,0,Current,0,Low,51983.96
LOAN001198,628.0,1.134,,4,155,Defaulted,1,High,935747.45
LOAN001199,619.0,0.977,,5,180,Written Off,1,High,852970.32
LOAN001200,617.0,0.867,0.835,3,24,current,0,High,437822.02
LOAN001201,745.0,0.269,,0,0,current,0,Low,3332.44
LOAN001202,636.0,0.699,,4,132,Defaulted,1,High,295348.53
LOAN001203,715.0,0.546,0.676,0,0,Current,0,Low,48654.36
LOAN001204,697.0,0.626,0.748,0,0,Paid Off,0,Low,83360.29
LOAN001205,651.0,0.562,0.524,0,0,Current,0,Medium,31938.75
LOAN001206,744.0,0.563,0.617,0,0,Current,0,Low,57195.86
LOAN001207,651.0,0.84,0.736,9,180,Written Off,1,High,133201.54
LOAN001208,712.0,0.289,0.517,0,0,Current,0,Low,1816.88
LOAN001209,565.0,0.947,0.705,7,180,Defaulted,1,High,849256.47
LOAN001210,648.0,0.744,0.559,6,170,Written Off,1,High,11562.59
LOAN001211,692.0,0.408,,0,0,Current,0,Low,3221.59
LOAN001212,701.0,0.61,0.567,1,21,Current,0,Medium,19750.88
LOAN001213,633.0,1.125,0.618,4,170,Defaulted,1,High,344594.56
LOAN001214,651.0,0.779,0.851,3,127,Defaulted,1,Medium,221492.1
LOAN001215,625.0,0.978,0.525,2,40,current,0,Medium,1070689.19
LOAN001216,659.0,0.383,,1,8,Current,0,Low,3172.52
LOAN001217,639.0,0.837,0.506,1,9,Current,0,Medium,384112.12
LOAN001218,709.0,0.589,0.948,0,0, CURRENT ,0,Low,68018.81
LOAN001219,685.0,0.428,,0,0,Current,0,Low,3900.93
LOAN001220,692.0,0.447,,0,0,Paid Off,0,Low,14740.54
LOAN001221,663.0,0.593,0.791,0,0,Current,0,Medium,83085.84
LOAN001222,749.0,0.27,0.645,0,0,Current,0,Low,26133.2
LOAN001223,724.0,0.619,0.518,0,0,Current,0,Low,21217.12
LOAN001224,592.0,0.691,0.672,5,105,Late,0,High,34104.5
LOAN001225,674.0,0.692,,0,0,Current,0,Medium,22970.48
LOAN001226,611.0,0.278,0.86,5,95,Late,0,Medium,19707.25
LOAN001227,655.0,0.582,0.528,0,0,Current,0,Medium,12516.96
LOAN001228,625.0,0.276,0.948,3,33,Paid Off,0,Medium,46292.94
LOAN001229,671.0,0.615,,1,12,Current,0,Medium,45128.78
LOAN001230,703.0,0.287,,0,0,Current,0,Low,2918.31
LOAN001231,,0.465,0.614,0,0,Current,0,Low,73205.17
LOAN001232,710.0,0.478,0.521,0,0,Current,0,Low,70704.61
LOAN001233,689.0,0.684,0.929,0,0,Current,0,Medium,127411.7
LOAN001234,652.0,0.898,0.503,3,72,Late,0,Medium,142850.31
LOAN001235,670.0,0.459,0.674,1,24,Current,0,Medium,8358.61
LOAN001236,687.0,0.414,,1,25,Current,0,Low,8534.11
LOAN001237,641.0,1.35,,3,133,Defaulted,1,High,1652772.01
LOAN001238,769.0,0.304,,0,0,Paid Off,0,Low,7236.49
LOAN001239,696.0,0.457,0.553,0,0,Current,0,Low,3594.69
LOAN001240,668.0,0.264,,0,0,Current,0,Low,9970.86
LOAN001241,713.0,0.19,,0,0,Current,0,Low,3681.7
LOAN001242,619.0,0.58,0.51,7,180,Defaulted,1,High,16690.43
LOAN001243,565.0,0.932,,7,180,Defaulted,1,High,1555853.85
LOAN001244,669.0,0.306,,0,0,Current,0,Low,5756.22
LOAN001245,680.0,0.666,,0,0,Current,0,Medium,9023.88
LOAN001246,702.0,0.448,0.573,1,17,Current,0,Low,55003.68
LOAN001247,658.0,0.724,0.594,4,96,Late,0,Medium,469814.26
LOAN001248,709.0,0.682,0.811,0,0,Current,0,Low,67866.86
LOAN001249,606.0,1.004,,2,24, Current ,0,Medium,923480.05
LOAN001250,665.0,0.571,0.581,0,0,Paid Off,0,Low,112182.74
LOAN001251,647.0,0.942,0.675,5,120,Current,0,High,468797.87
LOAN001252,692.0,0.24,0.864,1,21,Current,0,Low,5910.5
LOAN001253,605.0,0.923,0.568,6,180,Defaulted,1,High,210936.55
LOAN001254,630.0,0.633,0.535,6,167,Defaulted,1,High,327252.95
LOAN001255,,1.152,0.602,6,78,Current,0,High,1098044.7
LOAN001256,699.0,0.555,0.549,0,0,Current,0,Low,11197.9
LOAN001257,643.0,0.44,,2,42,Current,0,Medium,11771.36
LOAN001258,647.0,0.859,0.521,3,30,Current,0,Medium,145956.82
LOAN001259,665.0,0.51,0.92,6,180,Defaulted,1,High,36841.0
LOAN001260,615.0,0.958,,6,180,Defaulted,1,High,2141465.47
LOAN001261,626.0,0.752,0.53,7,70,Late,0,High,484957.05
LOAN001262,655.0,0.474,0.683,1,10,Current,0,Medium,12284.65
LOAN001263,629.0,0.516,0.582,1,9,Current,0,Medium,20533.27
LOAN001264,711.0,0.909,0.506,4,64,Restructured,0,Medium,221513.49
LOAN001265,715.0,0.401,0.55,0,0,Current,0,Low,39860.28
LOAN001266,627.0,0.824,,4,92,Late,0,High,752044.83
LOAN001267,673.0,0.586,,1,20,Paid Off,0,Medium,20492.4
LOAN001268,668.0,0.496,0.721,0,0,Current,0,Low,29125.61
LOAN001269,749.0,0.378,0.613,1,16,Current,0, Low ,65541.09
LOAN001270,707.0,0.371,0.872,0,0,Current,0,Low,4107.16
LOAN001271,745.0,0.43,,0,0,Current,0,Low,15309.58
LOAN001272,700.0,0.827,0.596,1,20, current ,0,Medium,137664.12
LOAN001273,684.0,0.877,0.505,2,40,Current,0,Medium,120065.98
LOAN001274,,0.416,,5,180,Defaulted,1,Medium,10099.74
LOAN001275,714.0,0.376,0.915,2,18,Current,0,Low,46667.06
LOAN001276,730.0,0.661,,0,0, current ,0,Low,13424.77
LOAN001277,677.0,0.188,0.62,0,0,Current,0,Low,4478.11
LOAN001278,694.0,0.702,0.568,0,0,Current,0,Medium,72454.27
LOAN001279,734.0,0.194,0.811,0,0,Current,0, Low ,1961.97
LOAN001280,686.0,0.381,0.581,0,0,Paid Off,0,Low,28563.54
LOAN001281,717.0,0.398,0.511,0,0, Current ,0,Low,7637.97
LOAN001282,656.0,0.476,0.618,0,0,Current,0,Low,94685.96
LOAN001283,651.0,0.703,0.598,1,18,Current,0,Medium,140923.6
LOAN001284,714.0,0.461,0.656,0,0,Current,0,Low,56944.92
LOAN001285,631.0,0.975,0.719,4,72,Late,0,High,486917.43
LOAN001286,617.0,0.925,0.592,2,48,Current,0,Medium,1387207.42
LOAN001287,679.0,0.384,,0,0,Current,0,Low,6974.98
LOAN001288,708.0,0.43,,0,0,Current,0,Low,4029.1
LOAN001289,646.0,0.913,0.941,5,180,Defaulted,1,High,315442.44
LOAN001290,686.0,0.42,,0,0,Current,0,Low,5707.68
LOAN001291,592.0,1.175,0.719,3,39,Current,0,High,526344.29
LOAN001292,590.0,0.774,,3,45,Current,0,high,509523.2
LOAN001293,651.0,0.62,0.592,1,13,Current,0,Medium,89787.96
LOAN001294,639.0,0.969,,3,33,Current,0,Medium,175427.12
LOAN001295,606.0,0.666,0.524,3,30,Current,0,Medium,285218.45
LOAN001296,638.0,0.695,0.56,5,180,Defaulted,1,High,153279.16
LOAN001297,745.0,0.543,0.634,0,0,Current,0,Low,84442.73
LOAN001298,626.0,0.617,,3,72,Restructured,0,Medium,130593.43
LOAN001299,657.0,0.577,0.51,0,0,Current,0,Medium,69199.89
LOAN001300,645.0,0.564,0.65,3,63,Late,0,Medium,17369.08
LOAN001301,708.0,0.553,0.686,0,0,Current,0,Low,53179.71
LOAN001302,680.0,0.368,0.673,0,0,Current,0,Low,11670.7
LOAN001303,669.0,0.673,0.834,2,48,Current,0,Medium,59342.39
LOAN001304,683.0,0.367,,0,0,Current,0, low ,8867.16
LOAN001305,673.0,0.207,0.574,0,0,Current,0,Low,1374.92
LOAN001306,592.0,1.048,0.599,4,125,Defaulted,1,High,1738173.69
LOAN001307,677.0,0.516,0.712,1,20,Current,0,Medium,6400.79
LOAN001308,686.0,0.249,,0,0,Current,0,Low,3852.31
LOAN001309,,0.52,0.946,7,180,Defaulted,1,High,15063.68
LOAN001310,692.0,0.5,0.507,1,24,Current,0,Low,36867.7
LOAN001311,676.0,0.726,0.88,1,12,Current,0,Medium,106306.97
LOAN001312,601.0,1.076,0.667,3,144,Defaulted,1,High,1453378.08
LOAN001313,668.0,0.715,,0,0,Current,0,Medium,19800.26
LOAN001314,645.0,0.506,0.559,3,69,Current,0,Medium,135446.34
LOAN001315,634.0,0.692,0.851,1,11,Current,0,Medium,152460.94
LOAN001316,656.0,0.678,,0,0,Paid Off,0,Medium,20689.5
LOAN001317,692.0,0.532,0.643,0,0,Paid Off,0,Low,32441.85
LOAN001318,694.0,0.33,0.553,4,88,Defaulted,1,Medium,68432.05
LOAN001319,702.0,0.398,0.903,0,0,Current,0,Low,3046.55
LOAN001320,602.0,0.859,0.947,8,180,Defaulted,1,High,111957.87
LOAN001321,692.0,0.906,0.747,5,75,Current,0,High,532311.65
LOAN001322,666.0,0.556,0.582,0,0,Current,0,Low,18112.13
LOAN001323,634.0,0.344,0.515,7,147,Restructured,0,High,39273.82
LOAN001324,620.0,1.118,0.653,3,48,Current,0,High,279916.55
LOAN001325,659.0,0.493,0.598,0,0,Current,0,Low,3310.68
LOAN001326,651.0,0.594,,0,0,Current,0,Medium,18246.62
LOAN001327,699.0,0.365,,0,0,Current,0,Low,4179.36
LOAN001328,687.0,0.405,0.569,0,0,Current,0,Low,4630.91
LOAN001329,758.0,0.448,0.717,0,0,Current,0,Low,14532.32
LOAN001330,632.0,0.614,0.851,2,34,Current,0,Medium,393913.66
LOAN001331,702.0,0.48,0.616,0,0,Current,0,Low,27322.62
LOAN001332,687.0,0.778,0.622,6,107,Written Off,1,High,165529.35
LOAN001333,676.0,0.843,,0,0,Current,0,Medium,281323.65
LOAN001334,617.0,0.749,0.787,1,8,Current,0,Medium,332484.04
LOAN001335,670.0,0.416,,4,143,Defaulted,1,Medium,8577.56
LOAN001336,659.0,0.652,0.886,0,0,Current,0,Medium,122357.73
LOAN001337,710.0,0.368,,1,10,Current,0,Low,4054.69
LOAN001338,632.0,0.706,0.544,4,68,Current,0,Medium,17242.29
LOAN001339,691.0,1.11,0.923,3,36,Current,0,High,1059019.22
LOAN001340,739.0,0.598,0.907,0,0,Current,0,Low,61469.73
LOAN001341,710.0,0.671,0.895,0,0,Current,0,Low,80022.13
LOAN001342,721.0,0.228,0.927,0,0,Current,0,Low,1183.11
LOAN001343,648.0,0.864,0.934,2,40,Current,0,Medium,75293.63
LOAN001344,701.0,0.611,0.535,0,0,Current,0,Low,399817.63
LOAN001345,662.0,0.547,0.502,1,16,Current,0,Medium,78643.9
LOAN001346,664.0,0.527,0.505,1,18,Current,0,Medium,87275.01
LOAN001347,625.0,0.947,0.746,2,40,Paid Off,0,Medium,62606.82
LOAN001348,624.0,0.469,,4,64,Current,0,Medium,159649.09
LOAN001349,765.0,0.507,0.526,0,0,Current,0,Low,11570.72
LOAN001350,713.0,0.203,0.758,1,9,Current,0,Low,4126.01
LOAN001351,707.0,0.768,0.534,6,108,Late,0,High,67811.64
LOAN001352,,0.437,0.806,0,0,Current,0,Low,72994.01
LOAN001353,721.0,0.52,0.913,0,0,Current,0,Low,19944.83
LOAN001354,671.0,0.607,0.792,0,0,Paid Off,0,Medium,116513.12
LOAN001355,721.0,0.471,,5,180,Defaulted,1,Medium,41185.48
LOAN001356,648.0,0.541,,2,16,Current,0,Medium,18297.66
LOAN001357,715.0,0.413,0.861,0,0,Current,0,low,3208.03
LOAN001358,679.0,0.657,,0,0,Current,0,Medium,166247.09
LOAN001359,615.0,0.828,,3,63,Late,0,Medium,91101.91
LOAN001360,585.0,1.245,0.655,5,40,Current,0,High,3034133.37
LOAN001361,641.0,1.167,0.65,2,121,Written Off,1,High,807616.94
LOAN001362,638.0,0.465,0.797,3,66,Late,0,Medium,83260.82
LOAN001363,675.0,0.348,0.673,0,0,Current,0,Low,4060.6
LOAN001364,671.0,0.808,0.576,4,52,Current,0,Medium,91389.16
LOAN001365,647.0,0.707,,3,72,Late,0,Medium,539789.23
LOAN001366,737.0,0.549,0.572,0,0,Current,0,Low,123547.18
LOAN001367,681.0,0.497,0.941,0,0,Current,0,Low,25497.08
LOAN001368,635.0,0.532,,4,68,Restructured,0,Medium,57433.62
LOAN001369,688.0,0.44,0.917,0,0,Current,0,Low,7438.38
LOAN001370,607.0,0.627,,5,95,Restructured,0,High,56198.45
LOAN001371,626.0,0.819,0.568,3,27,Current,0,Medium,1468830.83
LOAN001372,605.0,1.141,0.799,5,180,Defaulted,1,High,1889814.39
LOAN001373,645.0,0.652,0.858,6,108,Current,0,High,201000.6
LOAN001374,594.0,1.265,0.884,4,110,Written Off,1,High,1009758.47
LOAN001375,681.0,0.19,,0,0,Current,0,Low,1159.86
LOAN001376,627.0,0.303,,2,30,Current,0,Medium,4461.03
LOAN001377,665.0,0.931,0.792,2,140,Defaulted,1,Medium,167165.65
LOAN001378,629.0,0.913,0.628,2,44,Current,0,Medium,1004547.19
LOAN001379,625.0,0.638,0.593,8,88,Restructured,0,High,23597.77
LOAN001380,707.0,0.155,,0,0,Current,0,Low,3259.66
LOAN001381,711.0,0.507,0.512,0,0,Current,0,Low,78639.4
LOAN001382,638.0,1.297,0.525,7,180,Defaulted,1,High,1049062.09
LOAN001383,693.0,0.194,0.546,0,0,Current,0,Low,6604.08
LOAN001384,630.0,1.005,0.814,4,180,Defaulted,1,High,428751.69
LOAN001385,665.0,0.483,0.777,0,0,Current,0,Low,12469.8
LOAN001386,713.0,0.652,0.861,3,164,Defaulted,1, medium ,128894.99
LOAN001387,702.0,0.393,0.569,0,0,Current,0,Low,4507.33
LOAN001388,699.0,0.657,0.822,0,0,Current,0,Low,191283.27
LOAN001389,641.0,0.838,0.592,4,180,Written Off,1,High,145037.22
LOAN001390,777.0,0.722,0.916,3,60,Current,0,Medium,123393.13
LOAN001391,714.0,0.322,,1,10,Paid Off,0,Low,4860.01
LOAN001392,685.0,0.63,0.896,0,0,Current,0,Medium,126954.9
LOAN001393,745.0,0.147,0.571,0,0,Current,0,Low,1202.42
LOAN001394,692.0,0.247,,1,22,Current,0,Low,9134.27
LOAN001395,711.0,0.424,0.585,1,13,Current,0,Low,3153.29
LOAN001396,679.0,0.559,0.795,0,0,Current,0,Low,10014.35
LOAN001397,637.0,0.859,,1,10,Current,0,Medium,50895.42
LOAN001398,692.0,0.607,0.789,0,0,Current,0, low ,115240.23
LOAN001399,787.0,0.432,0.644,0,0,Current,0,Low,3526.09
LOAN001400,658.0,0.402,,0,0,Current,0,Low,11093.77
LOAN001401,671.0,0.257,0.536,0,0,Current,0,Low,8493.19
LOAN001402,606.0,0.914,0.544,2,28,Current,0,Medium,595056.52
LOAN001403,725.0,0.41,0.647,1,9,Current,0,Low,38824.87
LOAN001404,695.0,0.568,0.818,1,15,Current,0,Medium,43729.78
LOAN001405,679.0,0.589,0.56,1,20,Current,0,Medium,43627.36
LOAN001406,666.0,0.285,,1,22,Current,0,Low,6451.58
LOAN001407,635.0,0.819,0.751,4,52,Current,0,High,150525.72
LOAN001408,687.0,0.378,0.516,0,0,current,0,Low,14101.52
LOAN001409,664.0,0.662,0.589,0,0,Current,0,Medium,246318.92
LOAN001410,684.0,0.79,0.834,6,180,Defaulted,1,High,129521.04
LOAN001411,646.0,0.441,,3,60, current ,0,Medium,9727.83
LOAN001412,692.0,0.791,0.915,2,48,Current,0,Medium,150104.64
LOAN001413,667.0,0.347,,0,0,Current,0,Low,14194.92
LOAN001414,651.0,0.685,0.759,0,0,Current,0,Medium,65308.93
LOAN001415,698.0,0.474,0.802,0,0,Current,0,Low,32374.59
LOAN001416,730.0,0.677,0.528,1,19,Current,0,Medium,4711.29
LOAN001417,650.0,0.758,0.553,2,30,Current,0,Medium,148715.4
LOAN001418,709.0,0.998,0.506,7,174,Defaulted,1,High,144497.87
LOAN001419,641.0,0.376,0.625,1,8,Current,0,Medium,12649.98
LOAN001420,648.0,0.729,0.766,5,132,Defaulted,1,High,170268.74
LOAN001421,619.0,0.578,0.924,4,72, Restructured ,0,Medium,30213.69
LOAN001422,644.0,0.679,0.532,4,32,Current,0,Medium,54889.22
LOAN001423,715.0,0.225,,0,0,Current,0,Low,4058.71
LOAN001424,631.0,0.988,0.847,7,119, LATE ,0,High,736406.11
LOAN001425,669.0,0.136,0.731,0,0,Current,0,Low,3148.0
LOAN001426,610.0,1.039,0.758,2,44,Current,0,High,341029.54
LOAN001427,671.0,0.612,0.515,0,0,Current,0,Low,7651.27
LOAN001428,717.0,0.476,,2,38,Current,0,Medium,5793.85
LOAN001429,691.0,0.366,,1,18,Current,0,Low,14678.93
LOAN001430,693.0,0.511,0.947,0,0,Current,0,Low,32029.23
LOAN001431,660.0,0.606,0.628,0,0,Paid Off,0,Medium,7060.05
LOAN001432,650.0,0.911,0.94,4,148,Defaulted,1,High,329062.85
LOAN001433,685.0,0.529,,0,0,Current,0,Low,146009.45
LOAN001434,686.0,0.533,,0,0,Current,0,Low,11860.42
LOAN001435,730.0,0.261,0.767,0,0,Current,0,Low,6149.78
LOAN001436,680.0,0.815,0.611,1,13,Paid Off,0,Medium,64924.1
LOAN001437,709.0,0.442,0.924,1,22,Current,0,Low,8756.38
LOAN001438,682.0,0.703,0.769,0,0,Paid Off,0,Medium,121141.99
LOAN001439,715.0,0.624,0.87,1,20,Current,0,Medium,46326.11
LOAN001440,730.0,0.513,0.747,0,0,CURRENT,0,Low,6705.58
LOAN001441,666.0,0.372,0.607,0,0,Current,0,Low,2329.04
LOAN001442,638.0,0.869,0.591,4,84,Current,0,High,285339.15
LOAN001443,761.0,0.414,,0,0,Current,0,Low,6680.95
LOAN001444,696.0,0.555,0.611,0,0,Current,0,Low,32212.44
LOAN001445,633.0,0.831,0.584,4,44,Current,0,High,655484.94
LOAN001446,660.0,0.315,0.5,0,0,Current,0,Low,1815.93
LOAN001447,581.0,0.721,0.533,4,80,Late,0,High,99040.96
LOAN001448,698.0,0.84,0.77,3,69,Current,0,Medium,179122.37
LOAN001449,612.0,0.602,0.501,4,92,Current,0,Medium,99076.6
LOAN001450,650.0,0.676,,1,12,Current,0,Medium,64262.33
LOAN001451,688.0,0.424,0.818,0,0, Paid Off ,0,Low,24798.5
LOAN001452,734.0,0.299,0.878,0,0,Current,0,Low,1719.17
LOAN001453,663.0,0.666,,0,0,Current,0,Medium,23728.58
LOAN001454,682.0,0.553,0.54,1,23,Current,0,Medium,57664.51
LOAN001455,669.0,0.434,,0,0,Paid Off,0,Low,11291.61
LOAN001456,751.0,0.231,0.574,0,0,Current,0,Low,2345.39
LOAN001457,600.0,1.146,0.501,7,165,Defaulted,1,High,1113359.36
LOAN001458,675.0,0.505,0.77,1,13,Current,0,Medium,44610.13
LOAN001459,784.0,0.424,0.783,0,0,Current,0,Low,5026.33
LOAN001460,695.0,0.508,0.643,0,0,Current,0,Low,101021.84
LOAN001461,659.0,0.82,0.546,3,66,current,0,Medium,278208.08
LOAN001462,602.0,0.956,0.829,6,180,Defaulted,1,High,692869.51
LOAN001463,698.0,0.346,0.828,0,0,Current,0,Low,2690.0
LOAN001464,657.0,0.914,0.684,4,160,Defaulted,1,High,49623.96
LOAN001465,700.0,0.455,0.559,0,0,Current,0,Low,3304.92
LOAN001466,639.0,0.783,0.551,0,0,Current,0,Medium,560874.75
LOAN001467,713.0,0.382,,0,0,Current,0,Low,5794.69
LOAN001468,622.0,0.886,0.785,3,39,Current,0,High,191047.47
LOAN001469,642.0,0.372,0.576,0,0,Paid Off,0,Low,12039.62
LOAN001470,601.0,0.718,0.79,5,40,Current,0,High,250158.91
LOAN001471,659.0,0.713,0.904,0,0,Current,0,Medium,43167.31
LOAN001472,727.0,0.336,,0,0,Current,0,Low,5594.38
LOAN001473,634.0,1.032,0.691,1,8,Current,0,Medium,267681.4
LOAN001474,739.0,0.318,,0,0,Current,0,Low,4481.62
LOAN001475,733.0,0.267,,0,0,Current,0,Low,5018.69
LOAN001476,735.0,0.288,0.728,0,0,Current,0,Low,8705.0
LOAN001477,642.0,0.528,,1,15,Current,0,Medium,21000.81
LOAN001478,617.0,0.712,0.574,0,0,Current,0,Medium,42739.82
LOAN001479,656.0,0.859,0.502,1,17,Current,0,Medium,162159.29
LOAN001480,691.0,0.392,0.669,0,0,Paid Off,0,Low,6460.46
LOAN001481,651.0,0.889,0.515,3,48,Current,0,Medium,277876.84
LOAN001482,692.0,0.622,0.604,0,0,Current,0,Low,188608.09
LOAN001483,705.0,0.476,0.565,1,16,Current,0,Low,64208.81
LOAN001484,633.0,0.831,,1,17,Current,0,Medium,194489.8
LOAN001485,675.0,0.607,0.59,0,0,Current,0,Low,166960.21
LOAN001486,,0.671,,0,0,Current,0,Medium,9789.7
LOAN001487,734.0,0.225,,1,15,Current,0,Low,8208.74
LOAN001488,693.0,0.309,0.556,7,108,Written Off,1,Medium,2623.82
LOAN001489,752.0,0.334,,0,0,Current,0,Low,3982.59
LOAN001490,676.0,0.537,0.61,0,0,Current,0,Low,61079.3
LOAN001491,639.0,0.764,0.833,2,34,Current,0,Medium,26819.14
LOAN001492,605.0,0.946,0.78,2,103,Defaulted,1,High,100257.2
LOAN001493,601.0,0.871,,3,69,Current,0,High,598458.42
LOAN001494,648.0,0.575,0.816,6,102,Late,0,High,83624.33
LOAN001495,716.0,0.41,0.927,1,19,Paid Off,0,Low,25899.12
LOAN001496,662.0,0.486,0.52,1,8,Current,0,Medium,184975.18
LOAN001497,606.0,0.958,0.589,1,21,Current,0, medium ,947373.28
LOAN001498,638.0,0.641,0.817,4,48,Current,0,Medium,460709.35
LOAN001499,646.0,1.139,0.604,5,179,Defaulted,1,High,444199.61
LOAN001500,709.0,0.719,0.576,0,0,Current,0,Low,39181.06
LOAN001501,683.0,0.789,0.548,2,32,Paid Off,0,Medium,317954.36
LOAN001502,640.0,0.415,0.932,4,60,Current,0,Medium,17544.32
LOAN001503,687.0,0.171,0.549,0,0,Current,0,Low,1684.49
LOAN001504,677.0,0.77,0.657,1,16,Current,0,Medium,170188.77
LOAN001505,690.0,0.409,,0,0,Current,0,Low,5205.62
LOAN001506,712.0,0.326,0.547,0,0,Paid Off,0,Low,3437.86
LOAN001507,662.0,0.618,0.864,0,0,Current,0,Medium,39994.74
LOAN001508,670.0,0.647,,1,21,Current,0,Medium,11200.69
LOAN001509,641.0,0.499,,5,133,Defaulted,1,Medium,35930.2
LOAN001510,636.0,0.511,0.567,2,20,Current,0, medium ,125538.88
LOAN001511,635.0,0.906,0.876,5,55,Paid Off,0,High,578028.91
LOAN001512,664.0,0.438,,0,0,Current,0,Low,176704.35
LOAN001513,592.0,0.598,,3,24,Current,0,Medium,27988.71
LOAN001514,658.0,0.874,0.688,3,36,Current,0,Medium,80896.65
LOAN001515,648.0,0.436,0.62,2,40,Current,0,Medium,83230.98
LOAN001516,691.0,0.198,0.748,0,0,Current,0,Low,1397.51
LOAN001517,618.0,0.378,,3,30,Current,0, medium ,29078.53
LOAN001518,668.0,0.213,0.876,0,0,Current,0,Low,3938.61
LOAN001519,677.0,0.485,,0,0,Current,0,Low,9376.14
LOAN001520,719.0,0.307,0.7,0,0,Current,0,Low,4210.0
LOAN001521,702.0,0.777,0.502,1,16,Current,0,Medium,94511.13
LOAN001522,671.0,0.532,,1,15,Current,0,Medium,12267.17
LOAN001523,725.0,0.212,0.78,1,17,Current,0,Low,3591.06
LOAN001524,725.0,0.574,0.566,0,0,Current,0,Low,181199.79
LOAN001525,675.0,0.282,0.801,0,0,Current,0,Low,14312.62
LOAN001526,650.0,0.552,0.571,0,0,Current,0,Medium,6036.31
LOAN001527,676.0,0.646,0.63,0,0, current ,0,Medium,150803.86
LOAN001528,630.0,0.603,,5,105,Current,0,High,41812.33
LOAN001529,626.0,0.37,0.541,1,14,Current,0,Medium,103152.11
LOAN001530,736.0,0.338,0.746,0,0,Current,0,Low,6280.74
LOAN001531,656.0,0.609,0.504,0,0,Current,0,Medium,24596.87
LOAN001532,689.0,0.492,0.513,1,23,Current,0,Low,51195.99
LOAN001533,703.0,0.564,,0,0,Paid Off,0,Low,6749.1
LOAN001534,638.0,0.995,0.55,3,76,Defaulted,1,High,224722.72
LOAN001535,704.0,0.437,0.54,0,0,Current,0,Low,4432.68
LOAN001536,671.0,1.002,0.576,2,26,Current,0,Medium,164656.86
LOAN001537,728.0,0.251,,0,0,Current,0,Low,8444.35
LOAN001538,662.0,0.515,0.881,0,0,Current,0, Low ,49244.93
LOAN001539,665.0,0.47,0.736,0,0,Current,0,Low,28558.22
LOAN001540,691.0,0.662,0.639,0,0,Current,0,Low,89635.57
LOAN001541,775.0,0.338,,0,0,Current,0,Low,5122.36
LOAN001542,782.0,0.351,0.907,0,0,Current,0,Low,4840.91
LOAN001543,647.0,0.266,,3,63,Restructured,0,Medium,10683.56
LOAN001544,676.0,0.609,0.763,0,0,Paid Off,0,Medium,10302.03
LOAN001545,623.0,0.514,0.551,4,96,Late,0,Medium,336454.5
LOAN001546,740.0,0.391,0.769,0,0,Current,0,Low,12829.61
LOAN001547,587.0,0.896,0.849,3,54,Current,0,High,614748.94
LOAN001548,722.0,0.494,0.726,0,0,Current,0,Low,12236.31
LOAN001549,673.0,0.507,0.572,0,0,Current,0,Low,2774.87
LOAN001550,714.0,0.204,0.578,1,11,Current,0,Low,8802.65
LOAN001551,698.0,0.421,,0,0,Current,0,Low,30054.21
LOAN001552,639.0,0.544,0.699,8,180,Defaulted,1,High,66791.65
LOAN001553,657.0,0.188,0.542,0,0,Current,0,Low,1662.56
LOAN001554,708.0,0.59,,0,0,Current,0,Low,10946.72
LOAN001555,642.0,0.961,0.573,6,96,Restructured,0,High,327408.59
LOAN001556,691.0,0.617,0.579,1,8,Current,0, Medium ,70025.02
LOAN001557,628.0,0.967,0.873,3,139,Defaulted,1,High,352798.24
LOAN001558,669.0,1.234,0.612,3,113,Defaulted,1,High,919072.84
LOAN001559,676.0,0.742,0.506,4,171,Defaulted,1,High,45909.97
LOAN001560,699.0,0.578,0.901,0,0, current ,0,Low,34970.13
LOAN001561,688.0,0.46,0.727,0,0,Current,0,Low,8821.78
LOAN001562,684.0,0.443,,0,0,Current,0,Low,7305.27
LOAN001563,702.0,0.489,,0,0,Current,0,Low,10603.16
LOAN001564,746.0,0.289,0.769,0,0,Current,0, Low ,5567.67
LOAN001565,687.0,0.529,0.719,0,0,Current,0,Low,53184.9
LOAN001566,698.0,0.408,0.58,0,0,Current,0,Low,17132.18
LOAN001567,724.0,0.395,0.665,0,0,Current,0,Low,31271.27
LOAN001568,749.0,0.408,,0,0,Current,0,Low,9369.5
LOAN001569,616.0,0.35,0.831,2,50,Current,0,Medium,41039.02
LOAN001570,609.0,0.983,,1,12,Current,0,Medium,182547.96
LOAN001571,652.0,0.924,,2,28,Current,0,Medium,18191.82
LOAN001572,644.0,0.717,0.518,1,22,Current,0,Medium,50477.26
LOAN001573,679.0,0.422,0.709,0,0,Current,0,Low,11224.53
LOAN001574,660.0,0.578,0.533,1,24,Current,0,Medium,168323.73
LOAN001575,719.0,0.399,,1,18,Current,0,Low,22296.05
LOAN001576,646.0,0.561,,1,25,Current,0,Medium,29560.63
LOAN001577,662.0,0.877,0.547,3,36,Current,0,Medium,228867.23
LOAN001578,674.0,0.534,0.587,0,0,Current,0,Low,74349.1
LOAN001579,728.0,0.24,0.535,1,23,Current,0,Low,4360.07
LOAN001580,788.0,0.348,,0,0,Current,0,Low,4123.68
LOAN001581,715.0,0.208,0.586,0,0,Current,0,Low,2808.82
LOAN001582,662.0,0.92,0.928,0,0,Current,0,Medium,34390.55
LOAN001583,624.0,0.524,0.538,4,36,Paid Off,0,Medium,88665.19
LOAN001584,738.0,0.494,,0,0,Paid Off,0,Low,7254.78
LOAN001585,690.0,0.651,0.554,0,0,Current,0,Low,64047.68
LOAN001586,688.0,0.434,,1,21,Current,0,Low,5797.24
LOAN001587,670.0,0.777,,5,114,Written Off,1,High,266002.14
LOAN001588,678.0,0.497,,0,0,Current,0,Low,12595.89
LOAN001589,630.0,,,2,36,Current,0,medium,18042.36
LOAN001590,696.0,0.562,,0,0,Current,0,Low,22614.07
LOAN001591,661.0,0.531,0.885,0,0,Current,0,Medium,4369.52
LOAN001592,753.0,0.349,0.946,0,0,paid off,0,Low,9455.71
LOAN001593,681.0,0.865,,6,135,Written Off,1,High,820646.41
LOAN001594,667.0,0.964,0.761,2,89,Defaulted,1,Medium,95064.69
LOAN001595,732.0,0.457,,0,0,Current,0,Low,9996.86
LOAN001596,671.0,0.604,0.745,4,107,Defaulted,1,Medium,2502.71
LOAN001597,727.0,0.464,,0,0,Current,0,Low,10945.73
LOAN001598,705.0,0.69,0.783,0,0,Current,0,Low,75198.88
LOAN001599,660.0,0.306,,0,0,Current,0,Low,3749.38
LOAN001600,590.0,0.774,0.522,5,115,Current,0,High,177705.97
LOAN001601,683.0,0.698,0.771,5,180,Defaulted,1,High,65362.81
LOAN001602,720.0,0.601,,0,0,Current,0,Low,5895.72
LOAN001603,722.0,0.464,0.716,0,0,Current,0,Low,13772.69
LOAN001604,676.0,0.749,0.634,3,36,Current,0,Medium,55198.48
LOAN001605,665.0,0.406,0.721,0,0,Current,0,Low,54461.25
LOAN001606,673.0,0.779,0.766,3,42,Current,0,Medium,186396.06
LOAN001607,723.0,0.574,0.805,0,0,Current,0,Low,41595.84
LOAN001608,717.0,0.228,0.752,0,0,Current,0,Low,9998.08
LOAN001609,645.0,0.382,0.606,6,150,Restructured,0,High,23847.72
LOAN001610,701.0,0.554,,4,146,Defaulted,1,Medium,94259.5
LOAN001611,706.0,0.397,0.671,1,19,Paid Off,0,Low,35293.53
LOAN001612,656.0,1.056,0.611,1,16,Current,0,Medium,108658.02
LOAN001613,688.0,0.221,,0,0,Current,0,Low,4048.41
LOAN001614,750.0,0.476,,0,0,Current,0,Low,7850.81
LOAN001615,639.0,0.515,0.606,3,75,Late,0, MEDIUM ,67491.57
LOAN001616,640.0,0.68,0.731,4,106,Defaulted,1,High,63878.38
LOAN001617,603.0,0.983,0.591,2,117,Defaulted,1,High,1396786.61
LOAN001618,647.0,0.901,0.636,2,119,Written Off,1,Medium,763041.96
LOAN001619,,0.447,,0,0,Current,0, Low ,5657.66
LOAN001620,672.0,0.339,,1,12,Current,0,Low,3960.26
LOAN001621,644.0,0.922,0.654,5,65,Restructured,0,High,1532438.39
LOAN001622,651.0,1.056,,5,105,Restructured,0,High,664678.48
LOAN001623,651.0,1.146,0.693,4,96,Current,0,High,284236.54
LOAN001624,676.0,0.198,,0,0,Current,0,Low,2993.24
LOAN001625,606.0,1.016,0.879,0,0,Current,0,Medium,471313.3
LOAN001626,648.0,0.961,0.55,6,180,Defaulted,1,High,1292016.39
LOAN001627,696.0,0.642,0.664,1,23,Current,0,Medium,17855.62
LOAN001628,705.0,0.901,0.588,1,8,Current,0,Medium,136770.95
LOAN001629,645.0,0.488,0.515,2,34,Current,0,Medium,7184.34
LOAN001630,686.0,0.782,0.878,1,15,Current,0,Medium,223117.49
LOAN001631,713.0,0.29,0.813,0,0,Current,0,Low,2726.74
LOAN001632,756.0,0.572,,0,0,Paid Off,0, Low ,29290.15
LOAN001633,709.0,0.201,,0,0,Current,0, Low ,5071.1
LOAN001634,722.0,0.535,0.616,0,0,Current,0,Low,5540.7
LOAN001635,663.0,0.739,0.91,2,30,Current,0,medium,31888.42
LOAN001636,714.0,0.31,0.711,1,22,Current,0,Low,17345.83
LOAN001637,660.0,0.862,0.817,8,180,Defaulted,1,High,119765.05
LOAN001638,700.0,0.666,0.625,0,0,Paid Off,0,Low,5821.65
LOAN001639,689.0,0.39,0.64,0,0,Current,0,Low,8203.91
LOAN001640,632.0,0.67,0.777,3,39,Current,0,Medium,312681.9
LOAN001641,682.0,0.806,0.531,2,40,Paid Off,0,Medium,117858.33
LOAN001642,707.0,0.513,0.914,1,24,Current,0, medium ,14545.77
LOAN001643,723.0,0.784,0.604,2,46,Current,0,Medium,287980.18
LOAN001644,666.0,0.785,,0,0,Current,0,Medium,276907.51
LOAN001645,652.0,0.81,0.755,3,69,Restructured,0,Medium,108815.38
LOAN001646,656.0,0.681,0.692,4,160,Defaulted,1,High,183691.4
LOAN001647,,0.267,,1,12,Current,0,Low,9925.34
LOAN001648,628.0,0.99,0.774,2,26,Current,0,Medium,435722.75
LOAN001649,697.0,0.714,0.678,1,17,Current,0,Medium,364502.75
LOAN001650,598.0,0.584,0.576,5,45,current,0,High,10417.24
LOAN001651,618.0,0.723,0.631,1,19,Current,0,Medium,223488.68
LOAN001652,636.0,0.742,0.744,3,45,Paid Off,0,Medium,431581.83
LOAN001653,588.0,0.964,0.602,7,180,Defaulted,1,High,573996.86
LOAN001654,670.0,0.692,,2,42,Current,0,Medium,91471.88
LOAN001655,,0.217,,0,0,Current,0,Low,6969.22
LOAN001656,609.0,0.588,,2,18,Current,0,Medium,61384.29
LOAN001657,697.0,0.362,0.781,0,0,Current,0,Low,21314.23
LOAN001658,638.0,0.429,,3,63,Current,0,Medium,29239.74
LOAN001659,726.0,0.278,0.537,0,0,Current,0,Low,3917.49
LOAN001660,658.0,0.665,0.763,0,0,Current,0,Medium,136440.07
LOAN001661,694.0,0.126,,0,0, current ,0,Low,2171.75
LOAN001662,649.0,0.581,,3,39,Current,0,Medium,31316.21
LOAN001663,639.0,0.491,0.56,6,108,Late,0,High,201797.03
LOAN001664,636.0,0.488,,0,0,Current,0,Medium,109272.77
LOAN001665,707.0,0.499,,0,0,Current,0,Low,6012.89
LOAN001666,,0.907,0.582,0,0,Current,0,Medium,289194.76
LOAN001667,705.0,0.423,0.785,0,0,Current,0,low,26188.87
LOAN001668,680.0,0.775,0.901,2,30,Paid Off,0,Medium,237606.31
LOAN001669,588.0,0.997,0.611,0,0,Current,0,Medium,299091.98
LOAN001670,716.0,0.604,0.612,0,0,Paid Off,0,Low,50253.59
LOAN001671,697.0,,0.552,6,180,Defaulted,1,High,99901.58
LOAN001672,678.0,0.299,0.56,0,0,Current,0,Low,2198.99
LOAN001673,620.0,0.571,,4,52,Current,0,Medium,21085.89
LOAN001674,656.0,0.981,0.741,4,52,Current,0,High,152597.81
LOAN001675,781.0,0.535,0.64,1,24,Current,0,Low,63309.29
LOAN001676,663.0,0.269,,0,0,Current,0,Low,7349.87
LOAN001677,656.0,0.558,0.574,0,0,Current,0,Medium,133923.37
LOAN001678,686.0,0.342,0.915,0,0,Current,0,Low,14548.01
LOAN001679,657.0,0.428,,0,0,Current,0,Low,8210.34
LOAN001680,660.0,0.719,0.767,0,0,Current,0,Medium,132354.15
LOAN001681,655.0,0.244,0.887,0,0,Current,0,Low,20993.85
LOAN001682,670.0,0.691,0.84,1,19,Paid Off,0,Medium,22951.93
LOAN001683,749.0,0.05,,0,0,Current,0,Low,590.27
LOAN001684,687.0,0.652,0.871,0,0, current ,0,Medium,41255.9
LOAN001685,681.0,0.445,0.842,2,50,Current,0,Medium,30360.59
LOAN001686,678.0,0.947,0.714,5,95,Late,0,High,130869.03
LOAN001687,714.0,0.448,0.735,0,0,Current,0,Low,37525.39
LOAN001688,702.0,0.603,0.878,2,32,Current,0,Medium,49974.89
LOAN001689,703.0,0.607,,0,0,Current,0,Low,23612.89
LOAN001690,686.0,0.26,,0,0, CURRENT ,0,Low,2335.07
LOAN001691,698.0,0.724,0.678,2,18,Current,0,Medium,104905.0
LOAN001692,649.0,0.482,0.837,1,13,Paid Off,0,Medium,337610.17
LOAN001693,683.0,0.499,0.581,1,19,Current,0,Medium,53848.71
LOAN001694,662.0,0.583,0.708,1,12,Current,0,Medium,34646.28
LOAN001695,741.0,0.237,,0,0,Current,0,Low,3140.49
LOAN001696,746.0,0.387,,1,10,Current,0,Low,14826.1
LOAN001697,665.0,0.447,0.776,0,0,Current,0,Low,57719.8
LOAN001698,673.0,0.652,0.536,1,23,Current,0,Medium,50229.15
LOAN001699,736.0,0.574,0.6,0,0,Current,0,Low,60624.36
LOAN001700,711.0,0.612,,1,8,Current,0,Medium,2988.56
LOAN001701,706.0,0.246,0.502,0,0,Current,0,Low,4614.81
LOAN001702,725.0,0.516,0.943,0,0,Current,0,Low,42959.38
LOAN001703,701.0,0.621,0.789,0,0,Current,0,Low,101882.41
LOAN001704,596.0,0.664,0.559,8,180,Written Off,1,High,156967.14
LOAN001705,686.0,1.078,0.507,1,15,Paid Off,0,Medium,222163.78
LOAN001706,662.0,0.41,0.506,0,0,Current,0,Low,3961.63
LOAN001707,676.0,0.566,,0,0, Current ,0,Low,23872.49
LOAN001708,629.0,0.392,0.54,4,36,Current,0,Medium,13201.86
LOAN001709,609.0,,0.839,6,175,Defaulted,1,High,227108.13
LOAN001710,671.0,0.69,0.687,0,0,Current,0,Medium,69642.2
LOAN001711,659.0,0.248,,0,0,Current,0,Low,12187.04
LOAN001712,692.0,0.485,0.709,0,0,Paid Off,0,Low,21737.62
LOAN001713,730.0,0.8,0.616,5,110,Restructured,0,medium,216204.86
LOAN001714,645.0,0.602,,2,26,Current,0,Medium,104801.09
LOAN001715,740.0,0.575,0.54,0,0,Current,0,low,65982.46
LOAN001716,634.0,0.613,0.714,2,86,Defaulted,1,Medium,121406.72
LOAN001717,677.0,0.502,0.632,0,0,Current,0,Low,126569.49
LOAN001718,660.0,0.467,,1,19,Current,0,Medium,7571.16
LOAN001719,653.0,0.451,0.93,0,0,Current,0,Low,87026.81
LOAN001720,698.0,0.57,0.649,0,0,Current,0,Low,40425.11
LOAN001721,695.0,0.371,0.677,0,0,Current,0,Low,41991.04
LOAN001722,707.0,0.212,0.532,1,20,Current,0,Low,1034.92
LOAN001723,670.0,0.578,0.74,0,0,Current,0,Medium,9781.06
LOAN001724,607.0,1.046,0.566,4,48,Paid Off,0,High,798821.02
LOAN001725,671.0,0.828,0.753,2,44,Current,0,Medium,117576.44
LOAN001726,641.0,0.696,0.565,2,22, current ,0, medium ,215061.28
LOAN001727,631.0,0.692,0.609,0,0,Current,0,Medium,81718.86
LOAN001728,781.0,0.245,0.678,1,18,Current,0,Low,1997.43
LOAN001729,600.0,0.753,,2,44,Current,0,Medium,74698.09
LOAN001730,691.0,0.582,0.884,0,0,Current,0,Low,11952.55
LOAN001731,695.0,0.476,0.623,0,0,Current,0,Low,24493.62
LOAN001732,679.0,0.89,0.562,2,24,Current,0,Medium,78704.45
LOAN001733,749.0,0.508,0.691,0,0,Current,0,LOW,39515.28
LOAN001734,655.0,0.586,0.529,0,0,Current,0,Medium,36694.34
LOAN001735,650.0,0.834,0.901,4,48,Current,0,High,294700.17
LOAN001736,680.0,0.495,0.757,0,0,Current,0,Low,27731.31
LOAN001737,662.0,0.498,,0,0,Current,0,Low,22150.86
LOAN001738,697.0,0.239,,0,0,Paid Off,0,Low,14214.17
LOAN001739,687.0,0.667,,0,0,Current,0,Low,79592.64
LOAN001740,665.0,0.71,0.584,0,0,Current,0,Medium,11341.27
LOAN001741,561.0,1.326,0.738,4,131,Defaulted,1,High,1222762.41
LOAN001742,709.0,0.69,,0,0,Current,0,Low,14843.76
LOAN001743,710.0,0.609,,0,0,Current,0,Low,143298.08
LOAN001744,667.0,0.155,0.778,0,0,Current,0,Low,3577.62
LOAN001745,687.0,0.699,0.524,0,0,Current,0,Medium,74581.1
LOAN001746,701.0,0.398,0.635,2,32,Current,0,Medium,18439.44
LOAN001747,668.0,0.297,,0,0,Current,0,Low,5595.93
LOAN001748,665.0,0.445,0.838,1,11,Current,0,Medium,8003.83
LOAN001749,620.0,0.931,0.568,4,76,Restructured,0,High,338950.23
LOAN001750,736.0,0.268,0.897,0,0,Current,0,Low,10543.97
LOAN001751,693.0,0.562,,0,0,Current,0, LOW ,5286.64
LOAN001752,649.0,0.737,0.662,3,36,Current,0,Medium,50469.33
LOAN001753,727.0,0.775,0.758,2,38,Current,0,Medium,337452.94
LOAN001754,669.0,0.86,0.814,2,50,Current,0,Medium,367791.39
LOAN001755,634.0,0.712,0.805,3,75,Current,0,Medium,472938.66
LOAN001756,598.0,1.35,0.533,2,118,Written Off,1,High,4988489.07
LOAN001757,663.0,0.169,0.823,0,0,Current,0,Low,3973.73
LOAN001758,677.0,0.328,0.527,0,0,Current,0,Low,5674.04
LOAN001759,713.0,0.588,0.769,1,10,Current,0,Medium,12086.15
LOAN001760,639.0,0.292,,2,18,Current,0,Medium,5808.41
LOAN001761,701.0,0.528,,0,0,Current,0,Low,5811.38
LOAN001762,684.0,0.598,0.722,0,0,Current,0,Low,19828.04
LOAN001763,738.0,0.696,0.864,1,14,Current,0,Medium,110079.52
LOAN001764,717.0,0.63,0.589,2,46,Current,0,Medium,118938.06
LOAN001765,712.0,0.117,0.912,1,14,Current,0,Low,7037.29
LOAN001766,635.0,0.697,0.54,4,121,Defaulted,1,High,71402.54
LOAN001767,691.0,0.546,0.585,1,14,Current,0,Medium,33364.64
LOAN001768,636.0,0.833,0.714,8,180,Defaulted,1,High,246602.83
LOAN001769,658.0,0.628,0.726,2,40,Current,0,Medium,12588.76
LOAN001770,710.0,0.702,,4,138,Defaulted,1,Medium,53680.12
LOAN001771,637.0,0.904,0.623,4,172,Defaulted,1,High,870646.14
LOAN001772,695.0,0.631,0.658,0,0,CURRENT,0,Low,166118.04
LOAN001773,684.0,0.497,0.882,0,0,Current,0,Low,57237.36
LOAN001774,,0.698,0.719,3,72,Current,0,Medium,351251.9
LOAN001775,713.0,0.533,,0,0,Current,0,Low,7084.81
LOAN001776,724.0,0.414,0.765,0,0,Current,0,Low,20678.54
LOAN001777,665.0,0.402,,0,0,Current,0,Low,6441.25
LOAN001778,609.0,0.74,,5,180,Defaulted,1,High,63181.74
LOAN001779,728.0,0.177,0.799,0,0,Current,0, low ,15183.95
LOAN001780,605.0,1.092,0.735,4,126,Defaulted,1,High,387076.73
LOAN001781,652.0,0.92,0.744,6,180,Defaulted,1,High,642764.15
LOAN001782,628.0,0.935,0.838,4,147,Defaulted,1,High,236958.25
LOAN001783,,0.544,0.539,0,0,Current,0,Low,82252.94
LOAN001784,684.0,0.851,0.512,1,9,Current,0,Medium,411931.96
LOAN001785,732.0,0.259,,0,0,CURRENT,0,Low,2411.91
LOAN001786,696.0,0.388,0.58,0,0,Current,0,Low,10774.29
LOAN001787,642.0,0.476,,3,66,Late,0, Medium ,42950.12
LOAN001788,690.0,0.844,0.889,3,39,Current,0,Medium,114767.47
LOAN001789,693.0,0.594,0.631,0,0,Current,0,Low,90117.9
LOAN001790,637.0,0.51,0.676,5,45,Current,0,Medium,396910.95
LOAN001791,701.0,0.587,,0,0,Current,0,Low,22173.66
LOAN001792,653.0,1.109,0.772,2,22,Current,0,Medium,371330.46
LOAN001793,690.0,0.438,0.598,0,0,Current,0,Low,51024.68
LOAN001794,722.0,0.449,0.555,0,0,Current,0,Low,34519.01
LOAN001795,654.0,0.519,0.551,7,180,Defaulted,1,High,51664.44
LOAN001796,694.0,0.55,0.545,0,0,Current,0,Low,9478.24
LOAN001797,752.0,0.226,0.587,0,0,Current,0,Low,1383.76
LOAN001798,747.0,0.356,,0,0,Current,0,Low,1797.83
LOAN001799,673.0,0.805,0.598,3,98,Defaulted,1,Medium,133073.05
LOAN001800,598.0,0.628,0.752,2,22,Current,0,Medium,33157.0
LOAN001801,689.0,0.617,0.565,0,0,Current,0,Low,325398.49
LOAN001802,696.0,0.264,0.915,0,0,Current,0,Low,3436.02
LOAN001803,677.0,1.005,0.684,3,125,Defaulted,1,High,180829.8
LOAN001804,597.0,0.338,0.817,0,0,Current,0,Medium,64527.22
LOAN001805,644.0,0.576,,3,57,Current,0,Medium,16138.49
LOAN001806,663.0,0.423,0.512,0,0,Current,0,Low,22156.76
LOAN001807,683.0,0.436,,1,21,Current,0,Low,9287.77
LOAN001808,620.0,0.433,0.674,3,24,Current,0,Medium,55996.56
LOAN001809,768.0,0.422,0.621,0,0,Current,0,Low,2639.16
LOAN001810,663.0,0.586,0.854,1,10,Current,0,Medium,74053.78
LOAN001811,606.0,0.852,0.646,2,36,Current,0,Medium,855626.66
LOAN001812,714.0,0.367,0.528,0,0,Current,0,Low,1952.14
LOAN001813,683.0,0.536,0.724,0,0,Current,0,Low,8437.08
LOAN001814,653.0,0.301,0.708,1,9,Current,0,Low,14487.54
LOAN001815,759.0,0.254,,0,0,Current,0,Low,4612.26
LOAN001816,689.0,0.366,0.719,0,0,Current,0,Low,24650.81
LOAN001817,705.0,0.696,0.812,0,0,Current,0,Low,340906.54
LOAN001818,730.0,0.309,,0,0,current,0,Low,3378.54
LOAN001819,648.0,0.796,0.506,6,180,Defaulted,1,High,105550.12
LOAN001820,704.0,0.539,0.658,0,0,Current,0,Low,31623.87
LOAN001821,650.0,0.814,,1,12,Current,0,Medium,227841.79
LOAN001822,707.0,0.593,0.571,1,11,Current,0,Medium,27364.24
LOAN001823,701.0,0.738,0.721,3,42,Current,0,Medium,124016.66
LOAN001824,602.0,0.74,0.52,4,44,Current,0,High,132272.03
LOAN001825,669.0,0.43,0.917,1,22,Current,0,Medium,11230.04
LOAN001826,701.0,0.809,0.53,9,180,Defaulted,1,High,36445.72
LOAN001827,683.0,0.284,0.717,0,0,Current,0,Low,2746.49
LOAN001828,652.0,0.356,0.631,0,0,Current,0,Low,38714.0
LOAN001829,725.0,0.282,0.623,1,10,Current,0,Low,2365.54
LOAN001830,720.0,0.234,,0,0,Current,0,Low,2931.94
LOAN001831,625.0,0.726,0.537,4,167,Defaulted,1,High,146354.94
LOAN001832,678.0,0.415,,0,0,Current,0,Low,11612.61
LOAN001833,713.0,0.348,,0,0,Current,0,Low,8851.23
LOAN001834,721.0,0.314,,1,24,Current,0,Low,2688.23
LOAN001835,703.0,0.218,,0,0,Current,0,Low,3957.33
LOAN001836,659.0,0.704,,0,0,Current,0,Medium,28207.59
LOAN001837,704.0,0.501,0.642,0,0,Current,0,Low,44097.69
LOAN001838,713.0,0.851,0.538,1,15,Current,0,Medium,190902.88
LOAN001839,724.0,0.257,,0,0,Current,0,Low,3144.92
LOAN001840,638.0,0.749,0.664,4,32,Current,0,Medium,230579.67
LOAN001841,692.0,0.712,0.645,0,0, current ,0,Medium,153795.79
LOAN001842,623.0,0.636,0.745,9,180,Defaulted,1,High,87510.31
LOAN001843,613.0,1.153,0.613,8,180,Defaulted,1,High,768763.58
LOAN001844,662.0,0.861,0.762,4,72,Late,0,High,317388.12
LOAN001845,691.0,0.658,,0,0,Current,0,Low,4933.71
LOAN001846,619.0,0.876,0.658,1,14,Current,0,Medium,591330.48
LOAN001847,680.0,0.604,0.609,0,0,Current,0,Low,49411.32
LOAN001848,,0.518,,0,0,Current,0,Low,59305.89
LOAN001849,683.0,0.714,0.514,7,180,Defaulted,1,High,242627.42
LOAN001850,658.0,1.089,0.642,5,60,Current,0,High,454965.49
LOAN001851,666.0,0.541,,0,0,Paid Off,0,Low,11400.66
LOAN001852,665.0,0.466,0.83,4,150,Written Off,1,Medium,11369.43
LOAN001853,629.0,1.013,0.718,5,147,Defaulted,1,High,480515.62
LOAN001854,706.0,0.115,,0,0,Current,0,Low,2113.15
LOAN001855,699.0,0.273,0.785,0,0,Current,0,Low,27423.21
LOAN001856,637.0,0.384,0.566,3,30, CURRENT ,0,Medium,23584.9
LOAN001857,707.0,0.149,,0,0, Current ,0,Low,3046.82
LOAN001858,723.0,0.378,,0,0,Current,0, low ,2829.15
LOAN001859,721.0,0.242,,0,0,Current,0,Low,3957.8
LOAN001860,706.0,0.884,,4,56,Current,0,Medium,96862.54
LOAN001861,709.0,0.54,0.675,0,0,Current,0,Low,80032.75
LOAN001862,711.0,1.033,0.917,7,180,Defaulted,1,High,634113.69
LOAN001863,650.0,0.869,,2,26,Current,0,Medium,20753.39
LOAN001864,671.0,0.305,,0,0,Current,0,Low,3793.74
LOAN001865,674.0,0.856,0.81,2,36,Paid Off,0,Medium,499658.85
LOAN001866,,0.622,0.633,0,0,Current,0,Low,84370.45
LOAN001867,692.0,0.858,,3,69,Current,0,Medium,220566.45
LOAN001868,676.0,0.279,,1,25,Current,0,Low,16056.9
LOAN001869,618.0,0.736,0.505,3,24,Current,0,Medium,244813.69
LOAN001870,611.0,0.664,,5,60,Current,0,High,28427.3
LOAN001871,640.0,0.926,0.586,2,24,Current,0,Medium,488707.01
LOAN001872,652.0,0.302,,0,0,Current,0,low,14781.08
LOAN001873,713.0,0.308,0.77,1,16,Current,0,Low,2905.96
LOAN001874,684.0,0.309,0.63,0,0,Current,0,Low,3038.42
LOAN001875,646.0,0.856,0.502,3,48,Current,0,Medium,91424.22
LOAN001876,732.0,0.612,0.515,0,0,Current,0,Low,40776.41
LOAN001877,687.0,0.575,0.586,0,0,Current,0,Low,78019.29
LOAN001878,664.0,0.46,0.649,0,0,Paid Off,0,Low,22085.59
LOAN001879,732.0,0.197,0.522,0,0,Paid Off,0,Low,2449.94
LOAN001880,656.0,0.598,0.789,0,0,Current,0,Medium,123246.4
LOAN001881,743.0,0.368,0.509,0,0,Current,0,Low,2324.3
LOAN001882,778.0,0.118,,1,11,Current,0,Low,829.03
LOAN001883,621.0,0.371,0.711,1,21,Current,0,Medium,69446.7
LOAN001884,665.0,0.541,0.904,0,0,Current,0,Medium,121991.92
LOAN001885,666.0,0.42,0.72,1,19,Current,0,Medium,48441.83
LOAN001886,714.0,0.6,0.849,0,0,Current,0,Low,108531.28
LOAN001887,,1.168,0.645,5,50,Current,0,High,371004.04
LOAN001888,655.0,0.941,0.525,6,180,Defaulted,1,High,312511.96
LOAN001889,667.0,0.818,0.83,6,78,Current,0,High,546025.09
LOAN001890,712.0,0.434,,0,0,Current,0,Low,4583.76
LOAN001891,636.0,0.963,,2,34,Current,0,Medium,957854.53
LOAN001892,,0.256,0.88,0,0,Current,0,Low,6408.07
LOAN001893,663.0,0.868,,6,180,Defaulted,1,High,308727.69
LOAN001894,663.0,0.488,0.584,0,0,Current,0,Low,11338.47
LOAN001895,637.0,0.59,0.711,5,173,Defaulted,1,High,186359.19
LOAN001896,750.0,0.594,0.528,0,0,Current,0,Low,17757.82
LOAN001897,681.0,0.271,,0,0,Current,0,Low,2602.46
LOAN001898,676.0,0.581,0.746,0,0,Current,0,Low,73358.89
LOAN001899,675.0,0.701,0.662,4,112, Written Off ,1,Medium,143119.76
LOAN001900,712.0,0.289,,1,20,Current,0,Low,5109.84
LOAN001901,703.0,0.231,0.868,0,0,Current,0,Low,5999.42
LOAN001902,649.0,0.43,,2,40,Current,0,Medium,22533.93
LOAN001903,655.0,0.466,,0,0,Current,0,Low,9366.2
LOAN001904,655.0,0.908,0.652,1,17,Current,0,Medium,60516.62
LOAN001905,674.0,0.828,0.543,6,180,Defaulted,1,High,95447.25
LOAN001906,668.0,0.719,0.634,0,0,Current,0,Medium,99955.07
LOAN001907,682.0,0.601,0.775,0,0,Current,0,Low,36408.48
LOAN001908,647.0,0.609,0.637,4,60,paid off,0,Medium,323147.51
LOAN001909,664.0,0.24,,0,0,Current,0,Low,2104.77
LOAN001910,662.0,0.597,0.503,1,12,Current,0,Medium,84509.74
LOAN001911,689.0,0.449,,0,0,Current,0,Low,5004.25
LOAN001912,657.0,0.591,0.76,2,94,Defaulted,1,Medium,57778.23
LOAN001913,696.0,0.658,0.739,0,0,Paid Off,0,Low,107084.67
LOAN001914,656.0,0.686,0.692,4,178,Defaulted,1,High,147325.18
LOAN001915,681.0,1.045,0.733,2,42,Current,0,Medium,464143.67
LOAN001916,582.0,1.35,0.673,1,24,Current,0,High,2031299.35
LOAN001917,648.0,0.71,,2,40,Current,0,Medium,22034.49
LOAN001918,665.0,0.95,0.882,0,0,Current,0,Medium,208597.98
LOAN001919,742.0,0.19,,1,24,Current,0,Low,2260.92
LOAN001920,697.0,0.136,,0,0,Current,0,Low,2526.32
LOAN001921,594.0,0.85,0.527,2,32,Current,0,Medium,623685.82
LOAN001922,,0.81,0.675,2,28,Current,0,Medium,358464.58
LOAN001923,671.0,0.718,0.512,0,0,Current,0,Medium,62732.12
LOAN001924,578.0,0.903,,3,51,Current,0,High,2134772.72
LOAN001925,680.0,0.358,0.562,1,19, Current ,0,Low,1111.04
LOAN001926,635.0,0.711,0.64,3,75,Restructured,0,Medium,300013.72
LOAN001927,627.0,0.828,0.709,3,30,Current,0,Medium,79201.25
LOAN001928,759.0,0.536,0.89,1,13,Current,0,Low,9393.31
LOAN001929,647.0,,,3,36,Current,0,Medium,179116.88
LOAN001930,697.0,0.424,,0,0,Current,0,Low,13233.63
LOAN001931,581.0,1.052,,9,180,Defaulted,1,High,82653.46
LOAN001932,695.0,0.989,0.852,6,180,Defaulted,1,High,643784.12
LOAN001933,651.0,0.349,0.7,1,24,Current,0,Medium,29123.21
LOAN001934,666.0,0.606,0.82,1,11,Current,0,Medium,51685.3
LOAN001935,587.0,0.82,0.713,2,32,Current,0,Medium,375833.17
LOAN001936,680.0,0.416,0.883,0,0,Current,0,Low,18597.19
LOAN001937,749.0,0.21,0.541,0,0,Current,0,Low,22391.99
LOAN001938,742.0,0.304,0.936,1,8,Current,0,Low,1880.08
LOAN001939,667.0,0.651,0.603,0,0,Current,0,Medium,192755.49
LOAN001940,649.0,0.419,,3,24,Paid Off,0,Medium,164089.27
LOAN001941,717.0,0.617,0.619,1,16,Current,0,Medium,175676.58
LOAN001942,699.0,0.677,,0,0, CURRENT ,0,Low,28932.93
LOAN001943,689.0,,0.515,0,0,Current,0,Low,3093.64
LOAN001944,682.0,1.076,0.643,5,85,Late,0,High,469613.99
LOAN001945,702.0,0.457,,0,0,Current,0,Low,5939.99
LOAN001946,673.0,0.668,0.572,0,0,Current,0,Medium,199933.0
LOAN001947,672.0,0.635,0.752,0,0,Current,0,Medium,54585.09
LOAN001948,716.0,0.39,,0,0,Current,0,Low,7706.91
LOAN001949,713.0,0.522,0.679,2,22,Current,0,Medium,5409.6
LOAN001950,687.0,0.817,0.779,5,180,Defaulted,1,High,211999.64
LOAN001951,648.0,0.494,0.524,4,76,Late,0,Medium,16868.51
LOAN001952,753.0,0.341,,0,0,Current,0,Low,5782.62
LOAN001953,661.0,0.367,0.928,0,0,Current,0,Low,5238.19
LOAN001954,746.0,0.142,,0,0,Current,0,Low,4056.85
LOAN001955,585.0,0.616,,3,39,Current,0,Medium,29644.34
LOAN001956,710.0,0.201,0.512,0,0,Current,0,Low,5772.42
LOAN001957,710.0,0.568,,0,0,Current,0,Low,6852.91
LOAN001958,684.0,0.737,0.575,2,28,Current,0,Medium,17404.61
LOAN001959,654.0,0.529,,0,0,Current,0,Low,23625.45
LOAN001960,674.0,0.629,0.516,0,0,Current,0,Low,92931.12
LOAN001961,739.0,0.536,0.624,0,0,Current,0,Low,64509.65
LOAN001962,718.0,0.193,,0,0,Current,0,Low,2267.36
LOAN001963,644.0,0.808,0.575,3,57,Current,0,Medium,200184.98
LOAN001964,670.0,0.52,,0,0,Current,0,Low,7700.53
LOAN001965,675.0,0.695,0.77,0,0,Paid Off,0,Medium,280835.5
LOAN001966,653.0,0.259,,0,0,Current,0,Low,16131.44
LOAN001967,696.0,0.324,0.933,0,0,Current,0,Low,6657.48
LOAN001968,636.0,0.505,0.728,6,180,Defaulted,1,High,32100.64
LOAN001969,690.0,0.548,0.942,1,18,Current,0,Medium,72257.68
LOAN001970,650.0,0.309,0.722,0,0,Current,0,Low,7370.5
LOAN001971,688.0,0.471,,0,0,Current,0,Low,6429.67
LOAN001972,739.0,0.283,,0,0,Current,0,Low,8493.48
LOAN001973,675.0,0.315,0.811,0,0,Paid Off,0,Low,3037.51
LOAN001974,618.0,0.608,,1,24,Current,0,Medium,14090.61
LOAN001975,655.0,0.808,0.727,6,96,Late,0,High,368078.26
LOAN001976,727.0,0.669,0.647,1,8,Current,0,Medium,9073.8
LOAN001977,615.0,1.35,0.831,2,119,Defaulted,1,High,886236.3
LOAN001978,674.0,0.981,0.741,1,22,Paid Off,0,Medium,170631.77
LOAN001979,759.0,0.315,0.539,1,14,Current,0,LOW,77851.11
LOAN001980,629.0,0.503,0.562,3,39,Paid Off,0,Medium,13778.48
LOAN001981,693.0,0.656,,2,114,Written Off,1,Medium,186747.68
LOAN001982,648.0,1.164,0.575,5,162,Defaulted,1,High,649465.26
LOAN001983,649.0,0.624,,4,80,Late,0,Medium,52600.05
LOAN001984,705.0,0.351,,0,0,Current,0,Low,2284.23
LOAN001985,687.0,0.505,0.763,0,0,Current,0,Low,70860.25
LOAN001986,656.0,1.111,0.615,6,66,Restructured,0,High,501573.66
LOAN001987,660.0,0.686,0.527,0,0,Current,0,Medium,73177.58
LOAN001988,679.0,0.306,0.647,0,0,Current,0,Low,3519.68
LOAN001989,674.0,0.713,0.809,0,0,Current,0,Medium,193917.56
LOAN001990,595.0,1.132,,7,180,Defaulted,1,High,857720.93
LOAN001991,715.0,0.553,,0,0,Current,0,Low,10924.39
LOAN001992,667.0,0.659,0.597,1,11,Current,0,Medium,87122.15
LOAN001993,667.0,0.461,0.825,0,0,Current,0,Low,31119.67
LOAN001994,616.0,0.847,0.819,1,65,Defaulted,1,Medium,604298.48
LOAN001995,705.0,0.59,0.588,1,24,Current,0,Medium,200111.33
LOAN001996,731.0,0.366,,0,0,Current,0,Low,9875.25
LOAN001997,638.0,0.845,0.831,9,180,Written Off,1,High,82443.1
LOAN001998,664.0,0.664,,7,180,Defaulted,1,High,490396.95
LOAN001999,627.0,0.563,,3,69,Current,0,MEDIUM,22221.21
LOAN002000,722.0,0.321,,0,0,Current,0,Low,5065.25
LOAN002001,640.0,0.645,0.574,3,33,Current,0,Medium,220889.72
LOAN002002,573.0,0.883,0.532,9,180,Defaulted,1,High,139903.11
LOAN002003,748.0,0.564,,1,23,Current,0,Low,16032.28
LOAN002004,646.0,0.328,0.54,3,51,Current,0,Medium,77833.59
LOAN002005,663.0,0.885,0.766,3,60,Current,0,Medium,177427.86
LOAN002006,576.0,1.082,0.676,3,69,Restructured,0,High,894746.98
LOAN002007,640.0,0.533,0.531,3,54,Current,0,medium,59645.8
LOAN002008,711.0,0.405,0.69,0,0,Current,0,Low,41688.97
LOAN002009,,1.117,,6,180,Defaulted,1,High,1449365.63
LOAN002010,590.0,0.88,0.701,5,115,Restructured,0,High,1990278.79
LOAN002011,707.0,0.587,0.508,0,0,Current,0,Low,6562.52
LOAN002012,655.0,0.785,,0,0,Current,0,medium,9173.93
LOAN002013,690.0,0.517,0.553,0,0,Current,0,Low,41149.58
LOAN002014,673.0,0.827,0.667,1,12,Current,0,Medium,118504.55
LOAN002015,662.0,0.284,0.554,0,0,Current,0,Low,3118.65
LOAN002016,637.0,0.757,0.563,2,16,Current,0,Medium,209723.14
LOAN002017,702.0,0.419,,0,0,Current,0,Low,12350.04
LOAN002018,603.0,0.694,0.519,2,22,Current,0,Medium,40220.71
LOAN002019,587.0,1.35,,3,60,Paid Off,0,High,1739344.05
LOAN002020,673.0,0.544,0.759,0,0,Current,0,Low,197006.9
LOAN002021,756.0,0.23,,0,0,Current,0,Low,9958.59
LOAN002022,667.0,0.822,0.607,0,0,Current,0,Medium,241303.99
LOAN002023,713.0,0.612,0.552,1,21,Current,0,Medium,177360.99
LOAN002024,699.0,0.462,0.689,0,0,Current,0,Low,6752.11
LOAN002025,743.0,0.567,0.64,1,22,Current,0,Low,119659.58
LOAN002026,689.0,0.378,,0,0,Current,0,Low,6346.69
LOAN002027,649.0,0.735,0.837,4,68,Restructured,0,Medium,590693.23
LOAN002028,673.0,0.442,0.537,0,0,Current,0,Low,5486.19
LOAN002029,673.0,0.054,0.852,0,0,Paid Off,0,Low,1893.02
LOAN002030,676.0,0.913,0.769,5,152,Defaulted,1,High,276349.47
LOAN002031,664.0,0.866,0.621,6,90,Late,0,High,237826.28
LOAN002032,597.0,0.739,0.533,2,30,Current,0,Medium,63724.5
LOAN002033,554.0,0.836,0.553,4,96,Late,0,High,616328.16
LOAN002034,714.0,0.465,0.729,1,17,Current,0,Low,67377.85
LOAN002035,721.0,0.527,,0,0,Current,0,Low,15098.68
LOAN002036,642.0,0.977,0.512,8,180,Defaulted,1,High,775714.69
LOAN002037,,0.667,0.638,0,0,current,0,Low,55094.34
LOAN002038,679.0,0.778,0.58,4,56,Current,0,Medium,114399.45
LOAN002039,714.0,1.01,0.542,4,52,Current,0,Medium,300457.13
LOAN002040,654.0,0.776,,4,88,Late,0,Medium,7943.32
LOAN002041,616.0,1.042,0.761,3,69,Restructured,0,High,790703.63
LOAN002042,734.0,0.588,0.586,0,0,Current,0,Low,53273.52
LOAN002043,704.0,0.569,0.638,0,0,Current,0,Low,64194.35
LOAN002044,689.0,0.318,0.53,0,0,Paid Off,0,Low,75886.51
LOAN002045,685.0,0.279,0.512,0,0,Current,0,Low,1573.48
LOAN002046,679.0,0.546,0.615,0,0,Current,0,Low,141316.75
LOAN002047,693.0,0.392,0.899,0,0,Current,0,Low,5066.09
LOAN002048,627.0,0.334,0.647,3,30,Current,0,Medium,41836.2
LOAN002049,669.0,0.383,0.685,0,0,Paid Off,0,Low,15724.8
LOAN002050,675.0,0.36,,0,0,Current,0,Low,9628.25
LOAN002051,656.0,0.375,0.553,0,0,Current,0,Low,16506.41
LOAN002052,729.0,0.213,0.866,0,0,Current,0,Low,33499.76
LOAN002053,688.0,0.76,0.699,3,131,Defaulted,1,Medium,247639.46
LOAN002054,704.0,0.511,0.695,5,167,Defaulted,1,Medium,10775.44
LOAN002055,645.0,0.659,0.855,2,40,Current,0,Medium,415840.42
LOAN002056,695.0,0.323,0.632,0,0,Current,0,Low,2976.04
LOAN002057,719.0,,0.548,1,9,Current,0,Medium,358604.64
LOAN002058,722.0,0.758,0.621,9,180,Defaulted,1,High,112716.9
LOAN002059,686.0,0.856,0.708,1,16,Paid Off,0,Medium,131090.77
LOAN002060,750.0,0.16,0.738,0,0,Current,0,Low,1445.99
LOAN002061,672.0,1.196,0.567,2,42,Current,0,Medium,1026781.54
LOAN002062,672.0,0.545,0.668,0,0,Current,0,Low,173456.52
LOAN002063,638.0,0.998,,3,149, defaulted ,1,High,188979.38
LOAN002064,700.0,0.796,0.557,2,16,Current,0,Medium,99470.67
LOAN002065,623.0,1.313,,7,156,Defaulted,1,High,1066561.52
LOAN002066,654.0,0.261,0.809,1,14,Paid Off,0,Low,3677.41
LOAN002067,670.0,0.445,0.606,0,0,current,0,Low,31171.12
LOAN002068,675.0,0.357,0.512,0,0,Current,0,Low,8922.52
LOAN002069,743.0,0.532,0.557,0,0,Current,0,Low,30942.26
LOAN002070,622.0,0.625,0.591,2,18,Current,0,Medium,126112.9
LOAN002071,735.0,0.366,,0,0,Paid Off,0,Low,5813.95
LOAN002072,706.0,0.207,0.605,0,0,Current,0,Low,5648.47
LOAN002073,700.0,0.42,0.529,0,0,Current,0,Low,2784.2
LOAN002074,681.0,0.593,0.948,0,0,Current,0,Medium,12752.8
LOAN002075,697.0,0.257,0.523,0,0,Paid Off,0,Low,2638.64
LOAN002076,641.0,1.014,0.734,4,88,Restructured,0,High,353721.67
LOAN002077,588.0,1.005,0.633,6,54,Current,0,High,157627.86
LOAN002078,660.0,0.657,0.899,2,133,Defaulted,1,Medium,14882.21
LOAN002079,664.0,0.431,0.557,1,10,Current,0,Medium,8772.87
LOAN002080,690.0,0.564,,1,15,Current,0,Medium,7250.39
LOAN002081,640.0,0.628,0.785,2,28,Current,0,Medium,158367.94
LOAN002082,730.0,0.27,,0,0,Current,0,Low,5416.45
LOAN002083,641.0,0.56,0.62,3,33,Current,0,Medium,22273.08
LOAN002084,649.0,0.805,0.591,1,16,Current,0,Medium,1061775.28
LOAN002085,674.0,0.396,,0,0,Current,0,low,8709.82
LOAN002086,741.0,0.395,0.629,0,0,Current,0,Low,21944.6
LOAN002087,626.0,1.091,0.543,7,180,Defaulted,1,high,860102.34
LOAN002088,690.0,0.502,0.807,0,0,Current,0,Low,4654.45
LOAN002089,612.0,0.576,,1,15,Current,0,Medium,29029.85
LOAN002090,697.0,0.459,0.528,0,0,Current,0,Low,13863.28
LOAN002091,551.0,0.922,0.796,4,68,Current,0,High,393240.18
LOAN002092,692.0,0.673,0.809,1,23,Current,0,Medium,267357.22
LOAN002093,557.0,0.682,0.693,1,16,Current,0,Medium,205034.03
LOAN002094,667.0,0.8,0.617,4,88,Late,0,Medium,121133.05
LOAN002095,681.0,0.449,0.743,0,0,Current,0,Low,32506.43
LOAN002096,710.0,0.583,0.874,0,0,Current,0,Low,46360.94
LOAN002097,712.0,0.424,0.601,0,0,Current,0,Low,30769.04
LOAN002098,,0.555,0.535,0,0,Current,0,Medium,3520.4
LOAN002099,664.0,0.254,,0,0,Current,0,Low,5798.04
LOAN002100,717.0,0.353,0.603,0,0,Current,0,Low,58932.44
LOAN002101,722.0,0.545,0.744,1,22,Current,0,Low,14614.99
LOAN002102,731.0,0.62,0.524,0,0,Current,0,Low,28837.93
LOAN002103,639.0,0.909,0.768,2,20,Current,0,Medium,198970.26
LOAN002104,650.0,0.703,,0,0,Current,0,Medium,131570.94
LOAN002105,633.0,0.684,0.845,3,75,Restructured,0,Medium,134937.03
LOAN002106,633.0,1.144,0.51,3,178,defaulted,1,High,349060.15
LOAN002107,659.0,0.776,0.606,4,68,Late,0,Medium,7518.39
LOAN002108,670.0,,0.554,2,30,Current,0,Medium,80952.52
LOAN002109,663.0,0.426,,0,0,Current,0,Low,15003.3
LOAN002110,614.0,0.758,0.78,2,42,Paid Off,0,Medium,126631.11
LOAN002111,660.0,0.726,0.543,4,32,Current,0,Medium,93888.27
LOAN002112,698.0,0.416,0.578,0,0,Current,0,Low,2222.12
LOAN002113,663.0,0.595,,0,0,Paid Off,0,Medium,521221.57
LOAN002114,660.0,0.463,0.609,0,0,Current,0,Low,2473.2
LOAN002115,647.0,0.236,,2,32,Current,0,Medium,28681.75
LOAN002116,674.0,0.706,,0,0,Current,0,Medium,426553.84
LOAN002117,775.0,0.451,0.524,0,0,Current,0,Low,52066.46
LOAN002118,720.0,0.404,0.542,0,0,Current,0,Low,45833.54
LOAN002119,651.0,0.869,0.785,1,12,Current,0,Medium,456265.14
LOAN002120,660.0,0.408,,0,0,Current,0,Low,55120.47
LOAN002121,580.0,0.912,0.5,4,40,Current,0,High,476194.33
LOAN002122,708.0,0.331,0.743,0,0,Current,0,Low,8544.1
LOAN002123,706.0,0.341,,0,0,Current,0,Low,7030.02
LOAN002124,681.0,0.724,0.874,2,38,CURRENT,0,Medium,60072.9
LOAN002125,676.0,0.525,0.546,1,23,Paid Off,0,Medium,20894.8
LOAN002126,680.0,0.535,0.678,0,0,Current,0,Low,19608.73
LOAN002127,693.0,0.321,,0,0,Current,0,Low,3086.04
LOAN002128,696.0,0.497,0.508,0,0,Current,0,Low,24844.89
LOAN002129,700.0,0.407,,0,0,Current,0,Low,15866.98
LOAN002130,688.0,0.695,0.749,0,0,Current,0,Medium,211596.85
LOAN002131,692.0,0.488,0.929,0,0,Paid Off,0,Low,12505.44
LOAN002132,622.0,0.989,0.874,1,112,Written Off,1,High,322746.26
LOAN002133,680.0,0.421,,0,0,Current,0,Low,25362.7
LOAN002134,708.0,0.23,,1,13,Current,0,Low,1450.91
LOAN002135,653.0,1.022,0.704,5,125,Current,0,High,892295.43
LOAN002136,692.0,0.545,0.61,0,0,Current,0,Low,7864.42
LOAN002137,726.0,0.659,0.529,0,0,Current,0,Low,16678.05
LOAN002138,671.0,0.457,0.78,0,0,Current,0,Low,32016.89
LOAN002139,704.0,0.349,0.941,0,0,Current,0,Low,7926.94
LOAN002140,,0.326,0.672,1,24,Current,0,Low,7196.82
LOAN002141,657.0,0.353,,1,8,Current,0,Low,17074.16
LOAN002142,646.0,0.642,0.753,3,63,Restructured,0,Medium,217909.16
LOAN002143,626.0,0.648,0.508,1,25,Current,0,Medium,117892.21
LOAN002144,666.0,0.707,0.577,1,17,Current,0,Medium,105459.59
LOAN002145,626.0,0.771,0.923,7,180, Defaulted ,1,High,780701.44
LOAN002146,676.0,0.556,0.609,0,0,Current,0,Low,43105.35
LOAN002147,624.0,0.74,,9,180,Defaulted,1,High,66859.41
LOAN002148,631.0,0.795,0.747,2,36,Current,0,Medium,1158352.24
LOAN002149,708.0,0.263,0.771,1,21,Current,0,Low,3186.41
LOAN002150,761.0,0.224,0.788,0,0,Current,0,Low,6270.72
LOAN002151,656.0,0.552,,0,0,Current,0,Low,10798.43
LOAN002152,670.0,0.86,0.58,6,144,Defaulted,1,High,103761.36
LOAN002153,689.0,0.994,0.616,3,30,Current,0,Medium,372226.2
LOAN002154,729.0,0.251,,0,0,Current,0,Low,4263.83
LOAN002155,627.0,0.643,0.866,3,45,Current,0,Medium,51120.4
LOAN002156,633.0,0.582,0.81,3,57,Current,0,Medium,84264.36
LOAN002157,670.0,0.532,0.822,0,0,Current,0,Low,12923.78
LOAN002158,683.0,0.674,0.597,8,180,Defaulted,1,High,159488.23
LOAN002159,664.0,0.418,0.584,0,0,Current,0,Low,4244.1
LOAN002160,639.0,0.61,0.611,2,26,current,0,Medium,117057.97
LOAN002161,649.0,0.266,,0,0,Current,0,Low,11245.02
LOAN002162,,0.701,,2,30,Current,0,Medium,40865.54
LOAN002163,637.0,0.608,0.712,1,8, current ,0,Medium,231725.06
LOAN002164,628.0,0.671,0.773,1,19,Current,0,Medium,362835.13
LOAN002165,616.0,0.574,,4,36,Current,0,Medium,35588.14
LOAN002166,653.0,0.467,0.575,0,0,Current,0,Low,41646.49
LOAN002167,738.0,0.326,,3,86,Defaulted,1,Medium,14865.48
LOAN002168,639.0,0.812,0.596,2,136,Defaulted,1,Medium,462787.35
LOAN002169,706.0,0.209,0.518,0,0,Paid Off,0,Low,3022.28
LOAN002170,680.0,0.508,0.603,0,0,Current,0,Low,46370.29
LOAN002171,720.0,0.5,,0,0, CURRENT ,0,Low,3555.74
LOAN002172,710.0,0.507,0.866,8,180,Defaulted,1,High,57915.76
LOAN002173,661.0,0.535,0.525,0,0,Current,0,Low,73352.69
LOAN002174,733.0,0.668,0.511,1,21,Current,0,Low,164714.9
LOAN002175,616.0,1.013,0.545,2,26,Paid Off,0,Medium,300209.51
LOAN002176,691.0,0.577,,1,11,Current,0,Medium,6888.45
LOAN002177,699.0,0.471,,9,180,Defaulted,1,High,4786.42
LOAN002178,684.0,0.223,,0,0,Current,0,Low,4511.35
LOAN002179,702.0,0.271,,0,0,Current,0,Low,6341.7
LOAN002180,,0.659,0.73,1,22,Current,0,Medium,55070.44
LOAN002181,655.0,0.486,0.591,1,20,Current,0,Medium,22999.55
LOAN002182,623.0,0.843,0.772,2,40,Current,0,Medium,280164.16
LOAN002183,589.0,0.985,0.63,3,51,Current,0,High,230850.72
LOAN002184,740.0,0.309,0.564,0,0,Current,0,Low,1062.86
LOAN002185,669.0,0.5,0.875,0,0,Current,0,Low,26387.15
LOAN002186,643.0,0.997,0.903,2,48,Current,0, medium ,906565.98
LOAN002187,648.0,0.731,0.52,3,118, Defaulted ,1,Medium,700189.42
LOAN002188,669.0,0.413,,0,0,Current,0,Low,5250.03
LOAN002189,706.0,0.283,,1,16,Current,0,Low,3938.06
LOAN002190,663.0,0.105,,0,0,Current,0,Low,1660.9
LOAN002191,714.0,0.854,0.602,4,125,Defaulted,1,Medium,35535.34
LOAN002192,709.0,0.256,0.715,1,8,Current,0,Low,2024.45
LOAN002193,654.0,0.941,0.792,2,44,Current,0,Medium,204365.86
LOAN002194,757.0,0.317,0.745,0,0,Current,0,Low,20341.62
LOAN002195,693.0,0.271,0.649,0,0,Current,0,Low,5255.89
LOAN002196,674.0,0.682,0.79,0,0,Current,0,Medium,149861.35
LOAN002197,631.0,0.695,,2,44,Paid Off,0,Medium,47532.19
LOAN002198,687.0,0.547,,4,154,Defaulted,1,Medium,11663.29
LOAN002199,677.0,0.515,0.645,0,0,Current,0,Low,7506.81
LOAN002200,774.0,0.414,0.625,1,23,Current,0,Low,7558.66
LOAN002201,637.0,0.817,0.622,0,0,Current,0,Medium,286473.89
LOAN002202,744.0,0.212,0.774,0,0,Current,0,Low,3226.1
LOAN002203,685.0,0.576,0.779,0,0,Current,0,Low,72644.09
LOAN002204,669.0,0.72,0.525,5,151,Defaulted,1,High,54846.77
LOAN002205,654.0,0.571,0.562,0,0,Current,0,Medium,29712.58
LOAN002206,598.0,0.696,0.588,3,63,Restructured,0,Medium,709627.72
LOAN002207,647.0,0.642,,0,0,Current,0,Medium,272230.04
LOAN002208,638.0,0.923,0.763,4,84, RESTRUCTURED ,0,High,477874.21
LOAN002209,696.0,0.317,0.899,0,0,Paid Off,0,Low,6478.12
LOAN002210,707.0,0.05,,0,0,Current,0,Low,1403.19
LOAN002211,678.0,0.508,,0,0,Current,0,Low,24934.88
LOAN002212,750.0,0.24,0.831,0,0,Current,0,Low,7350.31
LOAN002213,702.0,0.396,,0,0,Current,0,Low,3480.71
LOAN002214,688.0,0.322,0.642,1,20,Current,0,Low,3033.6
LOAN002215,717.0,0.244,,0,0,Current,0,Low,6905.85
LOAN002216,665.0,0.39,0.558,0,0,Current,0,Low,27649.14
LOAN002217,749.0,0.391,0.874,0,0,Current,0,Low,79187.76
LOAN002218,583.0,0.7,0.642,6,179,Defaulted,1,High,455778.62
LOAN002219,697.0,0.688,0.759,0,0,Current,0,Medium,145469.0
LOAN002220,637.0,0.767,0.583,6,157,Defaulted,1,High,81293.64
LOAN002221,676.0,0.714,0.673,0,0,Paid Off,0,Medium,64863.95
LOAN002222,703.0,0.672,0.685,0,0,Current,0,Low,128739.22
LOAN002223,611.0,1.229,0.504,5,110,Current,0,High,1151727.8
LOAN002224,591.0,1.041,0.857,4,32,Current,0,High,392945.99
LOAN002225,580.0,0.446,0.631,2,20,Current,0, medium ,26303.93
LOAN002226,704.0,0.867,0.733,1,12,Current,0,Medium,264935.82
LOAN002227,579.0,0.934,0.664,3,51,Current,0,High,439598.94
LOAN002228,663.0,0.681,,0,0,Current,0,Medium,15795.34
LOAN002229,640.0,0.891,0.612,2,44,Paid Off,0,Medium,263632.7
LOAN002230,651.0,0.939,0.866,6,165,Defaulted,1,High,155444.88
LOAN002231,629.0,0.799,0.51,0,0,Current,0,Medium,39391.46
LOAN002232,684.0,0.846,,2,138,Defaulted,1,Medium,366098.32
LOAN002233,609.0,0.96,0.619,9,180,Defaulted,1,High,633406.75
LOAN002234,642.0,0.646,0.751,3,120,Written Off,1,Medium,352639.97
LOAN002235,586.0,0.969,0.533,4,92,Restructured,0,High,195157.56
LOAN002236,631.0,0.499,0.581,1,23,Current,0, MEDIUM ,298837.22
LOAN002237,668.0,0.32,,0,0,Current,0,Low,2338.51
LOAN002238,677.0,0.568,0.808,0,0,Current,0,Low,192414.13
LOAN002239,687.0,0.599,0.835,0,0,Current,0,Low,75508.63
LOAN002240,760.0,0.439,0.731,0,0,Current,0,Low,7399.08
LOAN002241,705.0,0.318,0.75,0,0,Current,0,Low,4551.81
LOAN002242,659.0,0.547,0.592,1,8,Current,0,Medium,32533.75
LOAN002243,637.0,1.133,0.636,5,113,Defaulted,1,High,866057.96
LOAN002244,708.0,0.625,0.776,0,0,Current,0,Low,55086.34
LOAN002245,637.0,0.685,0.817,1,11,Current,0,Medium,471765.68
LOAN002246,673.0,0.863,0.61,4,60,Current,0,Medium,274025.33
LOAN002247,685.0,0.407,,1,24,Paid Off,0,Low,7458.11
LOAN002248,699.0,0.529,0.635,0,0,Current,0,Low,38246.87
LOAN002249,571.0,1.35,0.77,2,68,Defaulted,1,High,1868070.58
LOAN002250,716.0,0.729,,1,25,Current,0,Medium,563947.37
LOAN002251,638.0,0.443,0.582,2,20,Current,0,Medium,197883.56
LOAN002252,678.0,0.905,0.504,4,84,Restructured,0,High,269253.76
LOAN002253,753.0,0.488,0.509,0,0,Current,0,Low,57874.35
LOAN002254,629.0,0.555,0.778,4,64,Current,0,Medium,11969.91
LOAN002255,597.0,1.094,0.601,9,180,Defaulted,1,High,1421840.3
LOAN002256,632.0,0.685,0.528,6,180,Defaulted,1,High,379475.57
LOAN002257,609.0,0.849,0.791,1,14,Current,0,Medium,399410.97
LOAN002258,804.0,0.251,0.784,0,0,Current,0,Low,36492.26
LOAN002259,603.0,1.216,,3,72,Late,0,High,2803855.69
LOAN002260,719.0,0.356,,0,0,Current,0,Low,4551.17
LOAN002261,608.0,0.795,0.677,1,16,Current,0,Medium,342117.2
LOAN002262,733.0,0.335,,0,0,Current,0,Low,6657.64
LOAN002263,644.0,0.901,0.876,6,114,Late,0,High,1127909.21
LOAN002264,683.0,0.379,,1,24,Current,0,Low,5913.63
LOAN002265,713.0,0.573,0.582,2,71,Defaulted,1,Medium,46173.97
LOAN002266,662.0,0.209,0.503,0,0,Current,0,Low,1366.76
LOAN002267,577.0,0.917,,2,44,Current,0, High ,387400.87
LOAN002268,635.0,0.635,0.808,4,80,Late,0,Medium,164080.74
LOAN002269,736.0,0.295,,0,0,Current,0,Low,5800.19
LOAN002270,710.0,0.107,0.646,0,0,Current,0,Low,1134.7
LOAN002271,664.0,0.732,,4,80,Restructured,0,Medium,34839.0
LOAN002272,734.0,0.375,,1,12,Paid Off,0,Low,2720.68
LOAN002273,646.0,0.373,0.803,3,69,Current,0,Medium,21867.9
LOAN002274,701.0,0.151,0.555,0,0,Current,0,Low,5662.0
LOAN002275,686.0,0.47,,0,0,Current,0,Low,12166.18
LOAN002276,664.0,0.571,,0,0,Current,0,Low,35584.34
LOAN002277,627.0,0.941,0.771,1,16,Current,0,Medium,419905.82
LOAN002278,611.0,0.893,0.561,5,141,Defaulted,1,High,120549.51
LOAN002279,649.0,0.811,,1,10,Current,0,Medium,60282.37
LOAN002280,644.0,0.674,0.52,8,180,Defaulted,1,High,118875.71
LOAN002281,660.0,0.545,0.6,0,0,Current,0,Low,13203.83
LOAN002282,763.0,0.35,0.602,0,0,Paid Off,0,Low,1318.2
LOAN002283,765.0,0.7,,0,0,Current,0,Low,23741.3
LOAN002284,697.0,0.722,0.544,5,45,Current,0,Medium,135617.97
LOAN002285,,0.812,0.936,1,22,Current,0,Medium,166968.33
LOAN002286,690.0,0.392,,0,0,Current,0,Low,5231.51
LOAN002287,722.0,0.385,,0,0,Current,0,Low,3936.42
LOAN002288,701.0,0.763,0.565,2,36,Current,0,Medium,68505.76
LOAN002289,660.0,0.957,0.591,2,16,Current,0,Medium,187068.56
LOAN002290,691.0,0.66,0.521,0,0,Current,0,Low,120451.51
LOAN002291,705.0,0.728,0.788,4,145,Defaulted,1,medium,334303.76
LOAN002292,660.0,0.394,0.507,0,0,Current,0,Low,51420.88
LOAN002293,652.0,0.484,0.695,0,0,Current,0,Low,61158.15
LOAN002294,778.0,0.423,0.633,0,0,Paid Off,0,Low,34406.39
LOAN002295,623.0,0.34,0.547,3,30,Paid Off,0,Medium,231927.1
LOAN002296,681.0,0.684,0.791,0,0,Current,0,Medium,201079.29
LOAN002297,671.0,0.741,0.678,5,120,Late,0,High,23382.14
LOAN002298,682.0,0.592,0.614,0,0,Current,0,Low,154381.06
LOAN002299,697.0,0.604,0.684,0,0,Current,0,Low,162307.95
LOAN002300,713.0,0.444,,1,21,Current,0,Low,4761.41
LOAN002301,730.0,0.394,,0,0,Current,0,Low,17163.94
LOAN002302,664.0,0.947,0.509,2,38,Current,0,Medium,103207.94
LOAN002303,643.0,0.673,0.566,1,12,Current,0,Medium,472243.02
LOAN002304,651.0,0.636,0.66,0,0, current ,0,Medium,17462.98
LOAN002305,683.0,0.791,0.605,4,96,Restructured,0,Medium,179494.68
LOAN002306,715.0,0.422,,0,0,Current,0,Low,5372.83
LOAN002307,664.0,0.373,0.843,0,0,Current,0,Low,48443.69
LOAN002308,704.0,0.286,0.799,8,180,Defaulted,1,High,21476.56
LOAN002309,600.0,0.606,,7,134,Defaulted,1,High,464555.03
LOAN002310,691.0,0.673,0.858,0,0,Current,0,Medium,9499.07
LOAN002311,639.0,0.788,0.514,2,24,Current,0,Medium,62829.7
LOAN002312,707.0,0.526,0.87,0,0,Current,0,Low,18254.57
LOAN002313,654.0,0.655,0.913,6,180,Defaulted,1,High,17506.56
LOAN002314,666.0,1.094,,3,39,Current,0,High,479798.93
LOAN002315,654.0,0.396,0.776,0,0,Current,0,Low,8215.42
LOAN002316,692.0,0.562,0.667,0,0,Current,0,Low,42623.84
LOAN002317,622.0,0.79,0.522,6,78,Late,0,High,355790.21
LOAN002318,664.0,0.503,0.82,0,0,Current,0,Low,53138.86
LOAN002319,683.0,0.566,0.62,0,0,Current,0,Low,165195.15
LOAN002320,730.0,0.47,,0,0,Current,0,Low,12869.73
LOAN002321,724.0,0.408,0.566,1,13,Current,0,Low,15536.49
LOAN002322,685.0,0.325,,1,15,Current,0,Low,7063.81
LOAN002323,802.0,0.156,0.769,0,0,Current,0,Low,3215.45
LOAN002324,631.0,0.661,,3,33,Current,0,Medium,86278.9
LOAN002325,667.0,0.333,,0,0,Current,0,Low,13036.79
LOAN002326,648.0,0.293,0.508,2,34,Current,0,Medium,22460.33
LOAN002327,706.0,0.304,0.61,0,0,Current,0,Low,2276.14
LOAN002328,673.0,0.252,,0,0,Current,0,Low,7438.46
LOAN002329,695.0,0.722,0.851,2,30,Paid Off,0,Medium,93962.13
LOAN002330,692.0,,0.577,2,50,Current,0,Medium,25887.35
LOAN002331,645.0,1.136,0.513,1,13,Current,0,Medium,1023773.25
LOAN002332,686.0,0.676,0.666,1,23,Current,0,Medium,123182.68
LOAN002333,643.0,0.582,,2,46,Paid Off,0,Medium,65563.54
LOAN002334,644.0,1.014,0.623,3,42,Current,0, high ,512901.76
LOAN002335,718.0,0.194,0.766,7,180,Defaulted,1,Medium,9409.14
LOAN002336,627.0,1.073,0.946,3,30, current ,0,High,2034539.81
LOAN002337,718.0,0.661,0.688,5,135,Defaulted,1,Medium,127705.26
LOAN002338,623.0,0.743,0.91,3,54,Current,0,Medium,107449.57
LOAN002339,689.0,0.393,,0,0,Current,0,Low,6693.6
LOAN002340,616.0,0.641,,2,38,Current,0,Medium,61219.29
LOAN002341,693.0,0.428,,0,0,Paid Off,0,Low,13356.08
LOAN002342,649.0,0.557,,2,18,Current,0,Medium,242995.41
LOAN002343,734.0,0.583,,0,0,Current,0,Low,17662.38
LOAN002344,,0.414,,0,0,Current,0,Low,40385.72
LOAN002345,704.0,0.399,0.609,0,0,Current,0,Low,39215.13
LOAN002346,670.0,0.747,0.569,4,40,Current,0,Medium,71715.45
LOAN002347,719.0,0.478,0.875,0,0,Current,0,Low,55860.48
LOAN002348,701.0,0.369,0.759,0,0,Current,0,Low,19376.24
LOAN002349,651.0,0.613,0.517,0,0,Current,0,Medium,7193.91
LOAN002350,626.0,0.588,0.587,2,42,Current,0,Medium,143098.22
LOAN002351,679.0,0.595,,0,0,Current,0,Low,10942.18
LOAN002352,704.0,0.871,,3,57,Current,0,Medium,39598.16
LOAN002353,685.0,0.129,,0,0,Current,0,Low,4075.6
LOAN002354,657.0,0.229,0.847,0,0,Current,0,Low,5127.13
LOAN002355,683.0,0.76,0.506,2,18,Paid Off,0,Medium,79264.09
LOAN002356,657.0,0.61,0.774,0,0,Current,0,Medium,7920.62
LOAN002357,679.0,0.247,,0,0,Current,0,Low,4637.33
LOAN002358,712.0,0.279,0.628,1,24,Current,0,Low,6011.31
LOAN002359,702.0,0.437,0.626,0,0,Current,0,Low,33625.38
LOAN002360,663.0,0.529,0.784,0,0,Current,0,Low,53635.25
LOAN002361,674.0,0.683,0.624,0,0,Current,0,Medium,27144.39
LOAN002362,750.0,0.469,,0,0,Current,0,Low,53712.53
LOAN002363,594.0,1.282,0.684,3,145,Defaulted,1,High,1186872.03
LOAN002364,620.0,0.562,0.651,2,16,Current,0,Medium,211176.46
LOAN002365,614.0,1.245,0.505,6,180,Defaulted,1,High,1402924.33
LOAN002366,695.0,0.593,0.523,5,168,Defaulted,1,Medium,152524.66
LOAN002367,687.0,0.437,,0,0,Current,0,low,3089.87
LOAN002368,661.0,0.538,,0,0,current,0,Low,16721.24
LOAN002369,686.0,0.521,,0,0,Current,0,Low,13933.49
LOAN002370,667.0,0.747,0.818,3,72,Current,0,Medium,119384.78
LOAN002371,673.0,0.596,0.9,0,0,Current,0,Medium,46992.26
LOAN002372,616.0,0.882,0.541,6,139,Written Off,1,High,919148.13
LOAN002373,649.0,0.829,,3,45,Current,0,Medium,495548.75
LOAN002374,685.0,0.34,0.601,0,0,Current,0,Low,6080.24
LOAN002375,592.0,0.847,0.671,4,44,Current,0,High,620731.01
LOAN002376,650.0,0.736,0.535,4,52,Current,0,Medium,41637.09
LOAN002377,703.0,0.218,,0,0,Current,0,Low,6715.59
LOAN002378,658.0,0.681,0.624,0,0,Current,0,Medium,5405.19
LOAN002379,621.0,1.35,0.505,2,93,Defaulted,1,High,2294298.66
LOAN002380,692.0,0.32,0.643,0,0,Current,0,Low,4641.5
LOAN002381,668.0,0.447,,0,0,Current,0,Low,7089.91
LOAN002382,640.0,0.804,0.947,0,0,Current,0,Medium,234123.06
LOAN002383,625.0,0.477,0.702,3,48,Current,0,Medium,29611.56
LOAN002384,639.0,0.662,0.511,3,57,Paid Off,0,Medium,160603.37
LOAN002385,723.0,0.637,0.712,1,25,Current,0,Medium,13412.79
LOAN002386,681.0,0.56,0.719,0,0,Paid Off,0,Low,22438.79
LOAN002387,676.0,0.517,0.529,0,0,Current,0,Low,44272.99
LOAN002388,637.0,0.734,,4,52,Current,0,Medium,69522.68
LOAN002389,715.0,0.397,,1,15,Current,0,Low,2412.8
LOAN002390,611.0,0.739,0.613,4,84,Restructured,0,High,181855.1
LOAN002391,716.0,0.579,0.555,0,0,Current,0,Low,9626.44
LOAN002392,676.0,0.366,0.83,1,19,Current,0,Low,20957.65
LOAN002393,686.0,0.459,0.748,0,0,Current,0,Low,8888.79
LOAN002394,678.0,0.743,0.568,1,19,Current,0,Medium,119627.47
LOAN002395,635.0,0.71,0.548,4,64,Restructured,0,Medium,39493.83
LOAN002396,780.0,0.305,0.843,0,0,Current,0,Low,5449.85
LOAN002397,664.0,0.375,0.515,0,0,Current,0,Low,13096.3
LOAN002398,628.0,0.411,0.621,3,24,Current,0,Medium,49300.14
LOAN002399,680.0,0.749,0.838,1,16,Current,0,Medium,371054.98
LOAN002400,660.0,0.445,,0,0,Current,0,Low,7345.27
LOAN002401,696.0,0.923,0.611,1,17,Current,0,Medium,486004.88
LOAN002402,616.0,0.882,0.615,3,57,Current,0,High,438818.4
LOAN002403,636.0,0.674,0.851,5,105,Restructured,0, high ,155693.39
LOAN002404,713.0,0.256,,0,0,Current,0,Low,2659.42
LOAN002405,675.0,0.604,,0,0,Paid Off,0,Low,7780.74
LOAN002406,794.0,0.197,0.594,1,20,Current,0,Low,7406.65
LOAN002407,674.0,0.603,,2,105,Defaulted,1,Medium,170897.55
LOAN002408,632.0,0.862,0.676,4,88,Restructured,0,High,400871.7
LOAN002409,739.0,0.484,0.637,1,10,Current,0,Low,32670.58
LOAN002410,597.0,0.951,0.915,2,87,Defaulted,1,High,452656.12
LOAN002411,615.0,0.726,,3,48,Current,0,Medium,50720.38
LOAN002412,677.0,0.334,,2,24,Current,0,Medium,2709.93
LOAN002413,688.0,0.722,0.936,0,0,Current,0,Medium,556544.97
LOAN002414,613.0,1.175,0.547,3,60,Current,0,High,1931309.75
LOAN002415,,1.143,0.681,7,102,Defaulted,1,High,504665.42
LOAN002416,681.0,0.635,,1,9,Current,0,Medium,15310.17
LOAN002417,659.0,0.792,0.514,3,54,Current,0,Medium,138715.73
LOAN002418,684.0,0.404,0.906,0,0,Current,0,Low,4113.17
LOAN002419,722.0,0.41,,0,0,Current,0,Low,5376.78
LOAN002420,625.0,0.604,0.743,6,180,Defaulted,1,High,320340.07
LOAN002421,686.0,0.474,0.633,7,180,Defaulted,1,High,99786.56
LOAN002422,678.0,0.573,,0,0,Current,0, low ,12646.84
LOAN002423,672.0,0.348,0.803,1,11,Current,0,Low,9556.76
LOAN002424,729.0,0.357,0.658,0,0,Current,0,Low,1087.97
LOAN002425,718.0,0.358,,0,0,Current,0,Low,1190.38
LOAN002426,715.0,0.526,0.787,0,0, Paid Off ,0,Low,18770.46
LOAN002427,706.0,0.426,0.619,0,0,Current,0,Low,15658.95
LOAN002428,625.0,0.75,0.569,6,180,Defaulted,1,High,44786.73
LOAN002429,721.0,0.709,0.58,0,0,Current,0,Low,7790.47
LOAN002430,714.0,0.623,0.718,0,0,current,0,Low,34638.54
LOAN002431,686.0,0.284,0.844,0,0,Current,0,Low,6996.48
LOAN002432,666.0,0.41,0.871,0,0,Current,0,Low,1331.84
LOAN002433,636.0,0.416,0.867,3,30,Current,0,Medium,4245.49
LOAN002434,669.0,0.728,0.685,2,40,Current,0,Medium,242790.06
LOAN002435,679.0,0.523,0.544,0,0,Current,0,Low,58340.32
LOAN002436,747.0,0.614,,0,0,Current,0,Low,3150.86
LOAN002437,744.0,0.446,,0,0,current,0,Low,11443.41
LOAN002438,596.0,1.107,,2,22,Current,0,High,2891252.95
LOAN002439,656.0,0.664,0.509,0,0,Current,0,Medium,69931.97
LOAN002440,645.0,0.53,,2,28,Current,0,Medium,22709.48
LOAN002441,692.0,0.38,,0,0,Current,0,Low,12211.0
LOAN002442,751.0,0.741,0.55,2,48,Current,0,Medium,165902.44
LOAN002443,695.0,0.427,,0,0,Current,0,Low,51397.26
LOAN002444,,0.611,0.726,0,0,Current,0,Low,87652.06
LOAN002445,724.0,0.375,,1,15,Current,0,Low,7907.37
LOAN002446,664.0,0.93,0.572,4,72,Restructured,0,High,93685.48
LOAN002447,734.0,0.194,,0,0,Current,0,Low,8919.19
LOAN002448,628.0,0.686,0.571,2,16,Current,0,Medium,143608.27
LOAN002449,681.0,0.431,0.943,0,0,Current,0,Low,155580.73
LOAN002450,,0.653,0.53,5,115,Late,0,High,18345.63
LOAN002451,653.0,0.678,0.586,0,0,Current,0,Medium,93770.36
LOAN002452,662.0,0.6,0.918,0,0,Current,0,Medium,66095.37
LOAN002453,671.0,0.664,,0,0,Current,0,Medium,25987.07
LOAN002454,712.0,0.479,0.601,0,0,Current,0,Low,24356.94
LOAN002455,723.0,0.749,0.897,2,34,Current,0,Medium,194234.66
LOAN002456,685.0,0.724,,1,17,Paid Off,0,Medium,141467.61
LOAN002457,649.0,0.736,0.911,5,70,Restructured,0,High,40987.49
LOAN002458,639.0,0.355,0.545,4,76,Restructured,0,Medium,35254.52
LOAN002459,593.0,1.207,0.65,2,20,Current,0,High,1129921.08
LOAN002460,,0.806,0.68,5,70,Current,0,High,638220.36
LOAN002461,589.0,1.35,0.56,4,130,Defaulted,1,High,768068.66
LOAN002462,647.0,0.981,0.935,6,48,Current,0,High,1104667.14
LOAN002463,767.0,0.407,0.912,1,23,Current,0,Low,22971.55
LOAN002464,686.0,0.749,,5,60,Current,0, Medium ,321350.14
LOAN002465,617.0,0.639,,5,177,Defaulted,1,High,20423.11
LOAN002466,719.0,0.662,0.671,4,99,Defaulted,1,Medium,73692.04
LOAN002467,677.0,0.252,0.725,0,0,Current,0,Low,2286.21
LOAN002468,666.0,0.507,0.84,6,180,Defaulted,1,High,163073.07
LOAN002469,673.0,0.691,0.591,0,0,Current,0, Medium ,32514.66
LOAN002470,663.0,0.601,0.537,0,0,Current,0,Medium,31675.75
LOAN002471,663.0,0.685,0.918,0,0,Current,0,Medium,378038.99
LOAN002472,699.0,0.637,,0,0,Current,0,Low,12660.25
LOAN002473,653.0,0.578,0.565,0,0,Current,0,Medium,54391.35
LOAN002474,707.0,0.801,0.521,3,75,Late,0,Medium,318228.66
LOAN002475,705.0,0.399,0.618,0,0,Paid Off,0,Low,1481.75
LOAN002476,638.0,0.808,,2,16,Current,0,Medium,843365.45
LOAN002477,645.0,0.735,0.708,3,57, current ,0,Medium,639631.45
LOAN002478,679.0,0.865,0.563,5,144,Defaulted,1,High,186737.83
LOAN002479,645.0,0.836,0.928,4,72,Late,0,High,123892.03
LOAN002480,,0.192,,0,0,Paid Off,0,Low,1904.07
LOAN002481,748.0,0.443,,0,0,Current,0,Low,112093.45
LOAN002482,591.0,0.802,0.649,3,27,Current,0,High,180188.95
LOAN002483,618.0,0.88,0.781,3,57,Current,0,High,283806.02
LOAN002484,673.0,0.545,,0,0,Current,0,Low,18606.01
LOAN002485,708.0,0.279,,1,21,Current,0,Low,4772.63
LOAN002486,762.0,0.313,0.631,1,12,Current,0,Low,5608.8
LOAN002487,713.0,0.353,,1,19,Current,0,Low,7360.59
LOAN002488,732.0,0.446,0.904,4,180,Defaulted,1,Medium,118735.37
LOAN002489,563.0,0.99,0.653,5,85,Restructured,0,High,54307.55
LOAN002490,710.0,0.383,,0,0,Current,0,Low,20138.04
LOAN002491,673.0,0.472,0.538,0,0,Current,0,Low,87357.37
LOAN002492,656.0,0.229,0.746,0,0,Current,0,Low,4283.98
LOAN002493,667.0,0.547,0.627,1,11,Current,0,Medium,7312.26
LOAN002494,675.0,0.487,,0,0,Current,0,Low,22648.59
LOAN002495,657.0,0.71,0.667,0,0,Current,0,Medium,82616.31
LOAN002496,708.0,0.421,0.665,1,18,Current,0,Low,26936.1
LOAN002497,660.0,0.859,0.789,3,141,Defaulted,1,High,231862.34
LOAN002498,655.0,0.498,0.541,0,0,Current,0,Low,162369.77
LOAN002499,659.0,0.548,,0,0,Current,0,Low,6777.98
LOAN002500,764.0,0.481,0.76,0,0,Current,0,Low,11573.44
LOAN002501,675.0,0.253,,0,0,Current,0,low,7796.5
LOAN002502,708.0,0.938,0.501,4,173,Defaulted,1,High,96470.42
LOAN002503,,0.307,0.512,1,14,Current,0,Low,13024.96
LOAN002504,714.0,0.317,0.81,0,0,Current,0,Low,11087.59
LOAN002505,683.0,,,0,0,Current,0,Low,5127.18
LOAN002506,698.0,0.506,0.618,0,0,Current,0,Low,6832.9
LOAN002507,664.0,0.446,,0,0,Current,0,Low,7998.86
LOAN002508,656.0,1.139,0.538,6,165,Defaulted,1,High,350871.73
LOAN002509,688.0,0.498,,0,0,Current,0,Low,6108.42
LOAN002510,622.0,1.112,0.646,0,0,Current,0,Medium,628802.22
LOAN002511,709.0,0.406,0.678,0,0,Paid Off,0,Low,7435.31
LOAN002512,647.0,0.49,0.915,3,72,Late,0,Medium,169145.05
LOAN002513,745.0,0.374,0.833,0,0,Current,0,Low,43177.53
LOAN002514,713.0,0.432,0.767,1,22,Current,0,Low,3540.62
LOAN002515,628.0,0.742,0.598,3,57,Current,0,Medium,313091.2
LOAN002516,677.0,0.435,,0,0,Current,0,Low,6234.89
LOAN002517,662.0,0.691,0.537,0,0,Current,0,Medium,16045.6
LOAN002518,625.0,0.532,,2,24,Current,0,Medium,22740.13
LOAN002519,,0.44,0.654,0,0,Current,0,Low,43130.04
LOAN002520,710.0,0.312,0.633,0,0,Current,0,Low,17694.27
LOAN002521,626.0,0.991,0.702,2,46,Current,0,Medium,272992.69
LOAN002522,670.0,0.749,0.502,3,60,Current,0,Medium,68811.33
LOAN002523,561.0,1.06,0.574,2,16,Current,0,High,432150.17
LOAN002524,690.0,,,0,0,Current,0, LOW ,6394.01
LOAN002525,685.0,0.396,,0,0,Current,0,Low,14649.47
LOAN002526,707.0,0.406,,1,18,Current,0,Low,4315.48
LOAN002527,676.0,0.587,0.574,0,0,Current,0,Low,94273.07
LOAN002528,618.0,0.68,,1,17,Current,0,Medium,42300.73
LOAN002529,692.0,0.712,0.504,3,152,Defaulted,1,Medium,178310.31
LOAN002530,722.0,0.338,,0,0,Current,0,Low,3958.62
LOAN002531,683.0,0.735,0.508,2,50,Current,0,Medium,114995.34
LOAN002532,729.0,0.265,0.917,0,0,Current,0,Low,4219.75
LOAN002533,652.0,0.994,0.768,7,180,Defaulted,1,High,1028704.82
LOAN002534,668.0,0.287,,0,0,Current,0,Low,2819.29
LOAN002535,682.0,0.618,0.723,0,0,Current,0,Low,42570.79
LOAN002536,815.0,0.344,0.934,0,0,Current,0,Low,7969.12
LOAN002537,686.0,0.87,0.661,2,40,Current,0,Medium,134068.78
LOAN002538,661.0,0.536,0.721,0,0,Current,0,Low,7802.74
LOAN002539,693.0,0.528,0.575,0,0,Current,0,Low,80932.13
LOAN002540,566.0,0.888,,1,11,Current,0,Medium,542127.85
LOAN002541,658.0,0.557,0.612,0,0,Current,0,Medium,8762.57
LOAN002542,665.0,0.485,,0,0,Current,0,Low,10475.98
LOAN002543,712.0,0.327,,1,25,Current,0,Low,6022.61
LOAN002544,722.0,0.492,,0,0,Current,0,Low,55378.32
LOAN002545,619.0,1.03,0.824,9,180,Defaulted,1,High,1737317.05
LOAN002546,591.0,0.45,0.631,2,32,Current,0,Medium,16077.41
LOAN002547,676.0,0.453,0.597,0,0,Current,0,Low,53679.68
LOAN002548,637.0,0.702,,2,46,Current,0,Medium,56384.94
LOAN002549,660.0,0.616,0.737,0,0,Paid Off,0,Medium,92356.2
LOAN002550,633.0,1.002,0.585,9,180,Defaulted,1,High,993924.27
LOAN002551,663.0,0.498,0.579,0,0,Current,0,Low,59786.33
LOAN002552,652.0,0.32,,0,0,Current,0,Low,5173.15
LOAN002553,669.0,0.26,0.529,0,0,Paid Off,0,Low,4005.56
LOAN002554,697.0,0.358,,0,0,Current,0,Low,1764.77
LOAN002555,662.0,0.328,0.671,0,0,Current,0,Low,6422.11
LOAN002556,724.0,0.469,0.53,0,0,Current,0,Low,96173.74
LOAN002557,688.0,0.537,0.939,0,0,Current,0,Low,207638.19
LOAN002558,686.0,0.47,0.833,0,0,Current,0,Low,11676.14
LOAN002559,649.0,0.616,0.818,4,48,Current,0,Medium,177110.71
LOAN002560,624.0,0.656,0.912,3,39,Current,0,Medium,669871.55
LOAN002561,635.0,0.452,0.61,1,22,Current,0,Medium,21342.54
LOAN002562,638.0,1.041,0.663,3,66,Restructured,0,High,1069394.67
LOAN002563,640.0,1.012,0.732,7,142,Defaulted,1,High,632540.91
LOAN002564,705.0,0.508,,0,0,Current,0,Low,16070.44
LOAN002565,612.0,0.568,,6,102,Late,0,High,85480.1
LOAN002566,691.0,0.235,0.61,0,0,Current,0,Low,1978.62
LOAN002567,677.0,0.579,0.519,0,0,Current,0,Low,24123.52
LOAN002568,681.0,0.44,,0,0,Current,0,Low,37923.59
LOAN002569,640.0,0.712,0.614,1,9,Current,0,Medium,34506.82
LOAN002570,632.0,1.091,0.523,4,60,Current,0,High,376856.09
LOAN002571,686.0,0.45,0.81,0,0,Current,0,Low,7431.75
LOAN002572,727.0,0.164,,2,18,Current,0,Low,2961.7
LOAN002573,642.0,0.698,0.52,2,20,Current,0,Medium,97962.84
LOAN002574,634.0,0.973,0.666,5,180,Defaulted,1,High,366571.73
LOAN002575,639.0,0.698,0.667,3,115,Defaulted,1, MEDIUM ,346330.89
LOAN002576,710.0,0.236,0.602,1,20,Current,0,Low,1104.56
LOAN002577,,0.578,0.52,0,0,Paid Off,0,Low,35071.52
LOAN002578,701.0,0.228,0.691,0,0,Current,0,Low,7190.71
LOAN002579,671.0,0.638,0.539,0,0,Current,0,Medium,37017.47
LOAN002580,728.0,0.254,0.918,0,0,Current,0,Low,9777.88
LOAN002581,602.0,1.007,0.549,8,180,Defaulted,1,High,403991.13
LOAN002582,689.0,0.705,0.69,0,0,Current,0,Medium,64901.18
LOAN002583,673.0,0.461,0.854,0,0,Current,0,Low,27764.98
LOAN002584,603.0,1.257,,4,180,Defaulted,1,High,1318706.08
LOAN002585,713.0,0.75,0.527,2,34,Current,0,Medium,56270.3
LOAN002586,667.0,0.477,0.538,0,0,Current,0,Low,65150.79
LOAN002587,612.0,0.662,,2,20,Current,0,Medium,34569.71
LOAN002588,703.0,0.32,0.665,0,0,Current,0,Low,9160.16
LOAN002589,662.0,0.762,0.511,2,24,Current,0,Medium,22520.45
LOAN002590,584.0,0.68,0.7,2,42,Current,0,Medium,293793.98
LOAN002591,665.0,0.846,,6,48,Current,0,High,810916.74
LOAN002592,731.0,0.313,,0,0, current ,0,Low,12439.37
LOAN002593,678.0,0.64,0.652,0,0,Paid Off,0,Medium,123698.99
LOAN002594,715.0,0.562,,1,8,Current,0,Low,10303.26
LOAN002595,752.0,0.445,,0,0,Current,0,Low,3908.45
LOAN002596,713.0,0.619,0.772,0,0,Paid Off,0,Low,23136.95
LOAN002597,696.0,0.151,,0,0,Current,0,Low,1681.56
LOAN002598,652.0,0.617,,6,180,Defaulted,1,High,139070.24
LOAN002599,591.0,0.7,0.706,1,22,Current,0,Medium,159334.67
LOAN002600,730.0,0.405,,0,0,Current,0,Low,8631.81
LOAN002601,736.0,0.686,0.701,0,0,Current,0,Low,140983.81
LOAN002602,714.0,0.497,,0,0,Current,0,Low,8401.24
LOAN002603,720.0,0.544,0.863,0,0,Current,0,Low,5800.02
LOAN002604,654.0,0.514,0.552,1,24,Current,0,Medium,33229.96
LOAN002605,714.0,0.158,,0,0,Current,0,Low,1945.93
LOAN002606,652.0,0.521,0.589,0,0,Current,0,Low,13955.13
LOAN002607,601.0,0.84,,3,150,Defaulted,1,High,430767.71
LOAN002608,644.0,0.26,0.902,1,15,Current,0,Low,11060.06
LOAN002609,,0.409,0.776,1,25,Current,0,Low,29255.18
LOAN002610,625.0,0.533,0.702,2,38,Current,0,Medium,68108.26
LOAN002611,690.0,0.507,,0,0,Current,0,Low,105161.84
LOAN002612,,0.973,0.545,6,60,Current,0,High,345665.79
LOAN002613,691.0,0.273,,0,0,Current,0,Low,3638.58
LOAN002614,651.0,0.4,,0,0,Current,0,Low,3168.73
LOAN002615,643.0,0.787,0.535,4,97,Defaulted,1,High,443237.47
LOAN002616,728.0,0.355,,0,0,Paid Off,0,Low,4934.72
LOAN002617,749.0,0.727,0.506,3,30,Paid Off,0,Medium,18923.6
LOAN002618,700.0,0.37,0.538,0,0,Current,0,Low,15602.71
LOAN002619,680.0,0.664,,0,0,Current,0,Medium,7519.53
LOAN002620,646.0,0.742,0.755,7,180,Defaulted,1,High,342523.88
LOAN002621,665.0,0.138,,0,0,Current,0,Low,1499.48
LOAN002622,645.0,0.353,0.721,4,44,Current,0,Medium,6292.51
LOAN002623,723.0,0.332,0.501,1,15,Paid Off,0,Low,3704.26
LOAN002624,644.0,0.4,,2,89,Defaulted,1,Medium,57138.98
LOAN002625,693.0,0.471,,0,0,Paid Off,0,Low,16081.89
LOAN002626,694.0,0.655,0.673,1,24,Current,0,Medium,24196.32
LOAN002627,616.0,0.609,0.84,4,68,Current,0,Medium,541041.0
LOAN002628,663.0,0.749,0.845,5,180,Defaulted,1,High,128279.02
LOAN002629,636.0,0.811,0.527,1,20,Current,0,Medium,234246.81
LOAN002630,753.0,0.219,0.521,0,0,Paid Off,0,Low,2011.19
LOAN002631,615.0,0.764,0.877,9,180,Defaulted,1,High,334308.35
LOAN002632,704.0,0.444,0.878,0,0,Current,0,Low,101660.54
LOAN002633,683.0,0.812,,8,109,Defaulted,1,High,245565.99
LOAN002634,727.0,0.628,0.543,0,0,Paid Off,0,Low,20602.32
LOAN002635,710.0,0.53,0.903,0,0,Current,0, LOW ,57192.83
LOAN002636,699.0,0.268,,0,0,Current,0,Low,22160.8
LOAN002637,570.0,1.138,0.762,3,45,Current,0,High,874060.9
LOAN002638,691.0,0.523,0.638,0,0,Current,0,Low,93286.6
LOAN002639,741.0,0.585,,0,0,Current,0,Low,8619.04
LOAN002640,621.0,0.743,,2,22,Current,0,Medium,64480.99
LOAN002641,660.0,0.83,0.845,5,137,Defaulted,1,High,79264.43
LOAN002642,692.0,0.279,,1,24,Paid Off,0,low,4729.45
LOAN002643,682.0,0.304,,0,0,Current,0,Low,6313.5
LOAN002644,678.0,0.334,0.507,0,0,Current,0,Low,2587.8
LOAN002645,678.0,0.666,0.69,7,171,Defaulted,1,High,69617.02
LOAN002646,687.0,0.592,,0,0,Paid Off,0,Low,13227.57
LOAN002647,707.0,0.799,0.508,4,44,Current,0,Medium,222245.19
LOAN002648,683.0,0.47,0.799,0,0,Current,0,Low,12242.29
LOAN002649,672.0,0.283,,0,0,Current,0,Low,6092.04
LOAN002650,728.0,0.186,,0,0, CURRENT ,0,Low,5623.36
LOAN002651,677.0,0.595,0.669,1,20,Current,0,Medium,5067.87
LOAN002652,555.0,0.972,0.775,5,100,Late,0,High,626110.61
LOAN002653,610.0,1.076,0.92,5,173,Written Off,1,High,1354284.48
LOAN002654,650.0,0.364,0.594,0,0,Paid Off,0,Low,25195.9
LOAN002655,683.0,0.587,0.802,0,0,Current,0,Low,67726.86
LOAN002656,621.0,0.74,0.856,3,33,Current,0,Medium,187032.75
LOAN002657,700.0,0.371,0.867,0,0,Current,0,Low,21269.37
LOAN002658,667.0,0.264,0.534,1,14,Current,0,Low,7816.52
LOAN002659,743.0,0.563,0.714,0,0,Current,0,Low,129922.06
LOAN002660,683.0,0.332,,1,13,Paid Off,0,Low,4402.32
LOAN002661,660.0,0.61,0.661,0,0,Paid Off,0,Medium,53206.71
LOAN002662,609.0,0.943,,7,133,Late,0,High,492371.28
LOAN002663,738.0,0.395,,2,34,Current,0,Low,20726.05
LOAN002664,670.0,0.541,,0,0,Current,0,Low,25502.45
LOAN002665,666.0,0.603,,0,0,Current,0,Medium,11014.27
LOAN002666,664.0,0.744,0.515,7,112,Current,0,High,88005.99
LOAN002667,607.0,1.152,0.552,7,170,Defaulted,1,High,782919.17
LOAN002668,599.0,1.148,0.83,9,180,Defaulted,1,High,1158285.16
LOAN002669,661.0,0.553,0.571,0,0,Current,0,Low,23562.15
LOAN002670,765.0,0.394,0.555,0,0,Current,0,Low,15005.31
LOAN002671,643.0,0.44,0.627,1,23,Current,0,MEDIUM,167229.53
LOAN002672,720.0,0.578,0.781,0,0,Current,0,Low,250515.55
LOAN002673,703.0,0.512,0.584,0,0,Current,0,Low,42085.09
LOAN002674,566.0,1.101,0.941,6,180,Written Off,1,High,928617.33
LOAN002675,660.0,0.7,0.572,0,0,Current,0,Medium,552641.53
LOAN002676,665.0,0.809,0.874,7,180,Defaulted,1,High,90958.95
LOAN002677,685.0,0.269,0.876,0,0,Current,0,Low,33808.8
LOAN002678,606.0,0.581,,5,110,Late,0,High,64512.3
LOAN002679,667.0,1.145,0.79,3,69,Late,0,High,457209.09
LOAN002680,637.0,0.523,0.658,5,75,Late,0,Medium,29973.66
LOAN002681,716.0,0.247,,0,0,Current,0,Low,4957.9
LOAN002682,629.0,0.844,,4,145,Defaulted,1,High,753160.79
LOAN002683,668.0,0.705,0.549,0,0,Current,0,Medium,115298.79
LOAN002684,697.0,0.792,0.683,5,40,Current,0,Medium,153318.41
LOAN002685,601.0,0.929,,1,8,Current,0,Medium,963467.68
LOAN002686,687.0,0.751,0.67,2,20,Current,0,Medium,153578.67
LOAN002687,655.0,0.755,0.687,1,10,Current,0,Medium,17746.57
LOAN002688,611.0,0.64,0.542,2,34,Current,0,Medium,47991.97
LOAN002689,663.0,0.651,,0,0,Current,0,Medium,4567.41
LOAN002690,710.0,0.781,,6,174,Defaulted,1,High,353668.05
LOAN002691,669.0,0.441,0.808,0,0,Current,0,Low,78648.16
LOAN002692,677.0,0.128,,0,0,Current,0,Low,1149.86
LOAN002693,742.0,0.302,,0,0,Current,0,Low,7830.77
LOAN002694,734.0,0.492,,0,0,Current,0,Low,11802.74
LOAN002695,656.0,0.516,0.511,0,0,Current,0,Low,34438.47
LOAN002696,667.0,1.004,0.655,8,180,Defaulted,1,High,398297.93
LOAN002697,717.0,0.3,0.554,0,0,Current,0,Low,2727.77
LOAN002698,634.0,0.766,,2,48,Current,0,Medium,339219.22
LOAN002699,710.0,0.277,0.705,0,0,Current,0,Low,680.95
LOAN002700,709.0,0.47,0.572,0,0,Current,0,Low,4867.88
LOAN002701,641.0,0.301,0.889,0,0,Current,0,Low,19100.09
LOAN002702,684.0,0.694,0.559,0,0,Paid Off,0,Medium,79077.14
LOAN002703,628.0,0.498,0.576,3,33,Current,0,Medium,50929.59
LOAN002704,720.0,0.603,,1,10,Current,0,Low,7948.5
LOAN002705,703.0,0.175,0.514,0,0,Current,0,Low,2623.29
LOAN002706,663.0,0.513,0.714,2,86,Defaulted,1,Medium,95241.22
LOAN002707,720.0,0.845,0.506,4,60, Current ,0,Medium,289114.76
LOAN002708,642.0,0.48,0.539,2,32,Current,0,Medium,121344.88
LOAN002709,696.0,0.186,0.553,2,38,Current,0,Low,2498.04
LOAN002710,685.0,0.898,0.906,5,65,Late,0,High,320835.96
LOAN002711,781.0,0.134,0.949,0,0,Current,0,Low,5175.04
LOAN002712,698.0,0.19,,1,8,Current,0,Low,3922.71
LOAN002713,661.0,0.711,0.658,0,0,Current,0, medium ,214538.63
LOAN002714,639.0,0.582,,5,138,Defaulted,1,High,29756.44
LOAN002715,679.0,0.722,0.599,5,55,Current,0,Medium,83573.11
LOAN002716,647.0,0.324,0.654,1,12,Current,0,Low,129224.1
LOAN002717,671.0,0.201,0.591,0,0,Current,0,Low,2098.95
LOAN002718,685.0,0.233,,0,0,Current,0,Low,6052.7
LOAN002719,654.0,0.751,0.59,4,64,Current,0,Medium,360517.07
LOAN002720,699.0,0.676,,1,8,Paid Off,0,Medium,26059.52
LOAN002721,639.0,0.626,0.553,4,48,Paid Off,0,Medium,158833.68
LOAN002722,712.0,0.424,0.821,0,0,Current,0,Low,3083.52
LOAN002723,665.0,0.626,0.854,0,0,Current,0,Medium,142524.84
LOAN002724,602.0,0.582,0.671,6,60,Current,0,High,91368.37
LOAN002725,743.0,0.718,0.791,0,0,Current,0,Low,162413.44
LOAN002726,692.0,0.929,0.675,0,0,Current,0,Medium,205723.76
LOAN002727,680.0,0.318,0.55,0,0,Paid Off,0,Low,7029.37
LOAN002728,583.0,0.735,0.581,4,32,Current,0,High,96419.71
LOAN002729,670.0,0.535,0.617,0,0,Current,0,Low,5062.27
LOAN002730,696.0,0.573,,0,0,Current,0,Low,30758.76
LOAN002731,732.0,0.137,,0,0,Current,0,Low,908.7
LOAN002732,597.0,1.03,0.686,7,180,Defaulted,1,High,1080092.99
LOAN002733,,0.519,0.648,5,55,Current,0,Medium,70331.44
LOAN002734,790.0,0.29,0.517,0,0,Current,0,Low,849.61
LOAN002735,644.0,0.598,0.533,2,46,Current,0,Medium,32207.95
LOAN002736,704.0,0.479,0.504,1,22,Current,0,Low,3230.22
LOAN002737,707.0,0.858,0.541,2,136,Defaulted,1,Medium,163637.86
LOAN002738,695.0,0.457,0.649,1,24,Current,0,Low,5001.98
LOAN002739,660.0,,0.833,1,15,Current,0,Medium,348159.52
LOAN002740,673.0,0.726,,4,44,Current,0,Medium,39633.12
LOAN002741,673.0,1.015,,5,137,Defaulted,1,High,344252.66
LOAN002742,595.0,1.054,0.644,4,40,Current,0,High,1936978.28
LOAN002743,709.0,0.552,0.866,0,0,Paid Off,0,Low,42540.94
LOAN002744,,0.555,0.597,0,0,Paid Off,0,Medium,19074.14
LOAN002745,597.0,0.737,0.527,2,16,Current,0,Medium,63136.57
LOAN002746,764.0,0.588,,0,0,Current,0,Low,16779.75
LOAN002747,691.0,0.38,,0,0,Current,0,Low,7419.48
LOAN002748,774.0,0.324,,0,0,Paid Off,0,Low,6527.41
LOAN002749,597.0,0.858,0.631,3,42,Current,0,High,450415.09
LOAN002750,723.0,0.722,,1,22,Current,0,Medium,49402.39
LOAN002751,600.0,0.419,,1,12,Current,0,Medium,9798.96
LOAN002752,684.0,0.566,0.517,6,180,Defaulted,1,High,61644.74
LOAN002753,695.0,0.631,0.808,1,8,Current,0,Medium,294743.2
LOAN002754,650.0,0.921,0.562,1,10,Current,0,Medium,900079.37
LOAN002755,640.0,0.475,,0,0,Current,0,Low,17915.36
LOAN002756,702.0,0.606,0.739,0,0,Current,0,Low,14518.38
LOAN002757,680.0,0.334,0.63,0,0,Current,0,Low,12595.79
LOAN002758,631.0,0.672,0.721,4,60,Current,0,Medium,45903.39
LOAN002759,665.0,,0.588,2,40,Current,0,Medium,37129.6
LOAN002760,689.0,0.103,,0,0,Paid Off,0,Low,1999.91
LOAN002761,653.0,0.651,0.65,0,0,Paid Off,0,Medium,66231.58
LOAN002762,736.0,0.204,0.947,0,0,Current,0,Low,3422.96
LOAN002763,722.0,0.571,0.501,1,24,Current,0,Low,9433.54
LOAN002764,719.0,0.55,0.545,0,0,Current,0,Low,45674.47
LOAN002765,570.0,1.35,0.611,3,138,Defaulted,1,High,1779053.4
LOAN002766,,0.729,0.522,0,0,Paid Off,0,Medium,236051.24
LOAN002767,674.0,0.434,0.592,0,0,Current,0,Low,97814.59
LOAN002768,667.0,0.508,0.65,0,0,Current,0,Low,69471.77
LOAN002769,,0.512,0.72,0,0,Paid Off,0,Low,115441.97
LOAN002770,700.0,0.352,0.631,1,18,Current,0,Low,3015.64
LOAN002771,646.0,0.558,0.717,6,66,Late,0,High,39851.55
LOAN002772,689.0,0.599,0.898,0,0,Current,0,Low,3423.23
LOAN002773,692.0,0.385,,0,0,Current,0,Low,14221.65
LOAN002774,633.0,0.857,0.639,2,24,Current,0,Medium,318761.7
LOAN002775,728.0,0.209,0.688,1,24,Current,0,Low,7642.4
LOAN002776,720.0,0.336,,0,0,Current,0,Low,4837.56
LOAN002777,703.0,0.382,,0,0,Current,0,Low,6189.54
LOAN002778,733.0,0.314,0.619,0,0,Current,0, LOW ,18657.51
LOAN002779,704.0,0.42,0.614,0,0,Current,0,Low,28705.1
LOAN002780,643.0,0.406,0.554,3,69,Restructured,0,Medium,47173.93
LOAN002781,646.0,0.533,0.564,2,42,Current,0,Medium,110470.97
LOAN002782,666.0,0.62,0.764,0,0,Current,0,Medium,251166.12
LOAN002783,657.0,0.737,0.584,5,125,Current,0,High,3922.21
LOAN002784,748.0,0.445,,6,180,Defaulted,1,Medium,6067.09
LOAN002785,744.0,0.261,0.61,0,0,Current,0,Low,2985.73
LOAN002786,695.0,0.534,0.783,0,0,Current,0,Low,12513.54
LOAN002787,611.0,0.979,0.624,5,180,Defaulted,1,High,273624.76
LOAN002788,670.0,0.701,0.62,0,0,Current,0,Medium,246103.3
LOAN002789,642.0,0.547,,6,138,Restructured,0,High,23529.89
LOAN002790,652.0,1.002,0.638,2,42,Current,0,Medium,923267.19
LOAN002791,540.0,1.35,0.942,3,60,Current,0,High,3017031.45
LOAN002792,671.0,0.969,0.508,7,180,Defaulted,1,High,244086.61
LOAN002793,652.0,0.776,0.519,2,22,Current,0,Medium,188637.62
LOAN002794,636.0,0.523,0.705,1,12,Current,0,Medium,61600.97
LOAN002795,681.0,0.488,0.904,1,22,Current,0,Medium,101476.13
LOAN002796,689.0,0.229,0.559,0,0,Current,0,Low,2345.73
LOAN002797,690.0,0.367,,0,0,Current,0,Low,2140.52
LOAN002798,718.0,0.263,,0,0,Current,0,Low,2640.36
LOAN002799,668.0,0.345,0.647,1,25,Current,0,Low,2662.43
LOAN002800,720.0,0.598,0.771,0,0,Current,0,Low,28832.98
LOAN002801,691.0,0.602,0.923,0,0,Current,0,Low,76281.42
LOAN002802,,0.753,0.801,5,143,Defaulted,1,High,111453.57
LOAN002803,639.0,0.647,0.622,6,150,Restructured,0,High,96813.43
LOAN002804,671.0,0.489,0.615,0,0,Current,0,Low,93941.85
LOAN002805,746.0,0.288,0.593,0,0,Current,0,Low,16417.2
LOAN002806,675.0,0.444,0.789,0,0,Current,0,Low,76765.35
LOAN002807,657.0,0.63,0.503,6,161,Defaulted,1,High,155409.66
LOAN002808,682.0,0.575,0.923,1,11,Current,0,Medium,47119.0
LOAN002809,704.0,0.722,0.648,7,180,Defaulted,1,High,85824.91
LOAN002810,759.0,0.205,0.625,1,19,Current,0,Low,4079.67
LOAN002811,670.0,0.964,0.688,2,48,Paid Off,0,Medium,487613.52
LOAN002812,633.0,0.889,0.791,4,175,Defaulted,1,High,348770.96
LOAN002813,664.0,0.605,0.531,1,8,Current,0,Medium,23031.26
LOAN002814,672.0,0.642,0.637,0,0,Current,0,Medium,21057.4
LOAN002815,628.0,0.676,0.549,3,138,Defaulted,1,Medium,21289.61
LOAN002816,623.0,1.35,0.687,6,48,Current,0,High,1250603.65
LOAN002817,711.0,0.299,,1,14, CURRENT ,0,Low,2260.24
LOAN002818,627.0,0.259,0.56,2,48,Current,0,Medium,10250.48
LOAN002819,664.0,0.383,,0,0,Current,0,Low,3408.94
LOAN002820,629.0,0.556,0.67,5,75,Late,0,High,262404.16
LOAN002821,652.0,0.616,0.641,0,0,Current,0,medium,142331.0
LOAN002822,768.0,0.159,,2,40,Current,0,Low,2032.23
LOAN002823,574.0,1.006,0.653,1,10,Current,0,Medium,692922.59
LOAN002824,700.0,0.786,0.6,3,75,Restructured,0,Medium,94792.09
LOAN002825,638.0,0.388,0.759,4,139,Defaulted,1,Medium,209338.25
LOAN002826,600.0,0.817,0.552,4,76,Late,0,High,469307.23
LOAN002827,658.0,0.248,0.766,0,0,Current,0,Low,3023.3
LOAN002828,595.0,0.96,,1,13, Current ,0,MEDIUM,544841.64
LOAN002829,757.0,0.468,,0,0,Current,0,Low,13529.92
LOAN002830,682.0,0.494,0.746,0,0,Current,0,Low,9333.85
LOAN002831,627.0,0.661,,2,28,Paid Off,0,Medium,94209.46
LOAN002832,652.0,0.523,0.572,0,0,Current,0,Low,10575.71
LOAN002833,741.0,0.377,0.732,1,9,Current,0,Low,8232.74
LOAN002834,,0.809,0.537,4,100,Late,0,High,79135.85
LOAN002835,612.0,0.91,0.555,1,16,Paid Off,0,Medium,325837.35
LOAN002836,698.0,0.395,0.724,0,0,Current,0,Low,13123.07
LOAN002837,614.0,0.51,,3,154,Defaulted,1,Medium,13351.34
LOAN002838,680.0,0.406,0.584,0,0,Current,0,Low,5582.58
LOAN002839,698.0,0.728,0.575,4,48,Current,0,Medium,188992.29
LOAN002840,642.0,0.308,0.534,2,32,Current,0,Medium,6970.89
LOAN002841,,0.561,0.864,0,0,Current,0,Medium,40555.56
LOAN002842,669.0,0.693,0.576,2,36,Current,0,Medium,78048.8
LOAN002843,689.0,0.653,0.668,0,0, Current ,0,Low,289299.81
LOAN002844,675.0,0.628,,1,20,Paid Off,0,Medium,7451.88
LOAN002845,666.0,0.271,0.844,1,20,Current,0,Low,2600.46
LOAN002846,695.0,0.33,,0,0,Current,0,Low,11149.72
LOAN002847,714.0,0.795,0.791,9,180,Defaulted,1,High,183309.11
LOAN002848,579.0,0.978,0.718,2,48,Current,0,High,169385.35
LOAN002849,735.0,0.806,0.533,4,80,Restructured,0,Medium,260830.68
LOAN002850,719.0,0.408,0.665,0,0,Current,0, Low ,16446.33
LOAN002851,725.0,0.356,0.853,0,0,Paid Off,0,Low,1363.5
LOAN002852,633.0,0.964,0.507,3,69,Late,0,High,650986.44
LOAN002853,728.0,0.417,,1,15,Current,0,Low,11776.6
LOAN002854,680.0,0.861,0.514,1,21,Current,0,Medium,186116.38
LOAN002855,593.0,1.084,0.674,4,93,Defaulted,1,High,512870.39
LOAN002856,685.0,0.314,,1,11,Current,0,Low,16002.97
LOAN002857,647.0,0.495,0.811,4,64,Restructured,0,Medium,6978.44
LOAN002858,751.0,0.475,,0,0,Current,0,Low,14488.92
LOAN002859,728.0,0.508,0.58,0,0,Current,0,Low,131015.31
LOAN002860,642.0,0.558,0.578,3,24,Current,0,Medium,195048.08
LOAN002861,651.0,0.704,0.792,6,180,Written Off,1,High,150746.07
LOAN002862,676.0,0.645,0.503,0,0,Current,0,Medium,37864.7
LOAN002863,654.0,0.878,,1,14,Current,0,Medium,526050.81
LOAN002864,724.0,0.244,0.808,1,17,Current,0,Low,1870.04
LOAN002865,655.0,0.752,,5,180,Defaulted,1,High,149209.02
LOAN002866,670.0,0.471,0.643,1,23,Current,0,Medium,47008.07
LOAN002867,633.0,1.077,0.809,6,180,Defaulted,1,High,300729.43
LOAN002868,695.0,0.62,0.601,0,0,Current,0,Low,20119.6
LOAN002869,672.0,0.872,0.647,6,114,Restructured,0,High,210023.23
LOAN002870,636.0,0.373,,0,0,Current,0,Low,16209.72
LOAN002871,568.0,0.871,0.569,6,96,Current,0,High,539898.07
LOAN002872,618.0,1.008,0.595,4,160,Defaulted,1,High,1246649.21
LOAN002873,665.0,0.738,,3,24,Paid Off,0,Medium,29107.85
LOAN002874,614.0,0.858,0.868,1,19,Current,0,Medium,295308.23
LOAN002875,679.0,0.676,0.566,0,0,Current,0,Medium,46008.38
LOAN002876,694.0,0.498,,0,0,Current,0,Low,46324.62
LOAN002877,660.0,0.467,0.87,0,0,Current,0,Low,86781.49
LOAN002878,586.0,0.541,0.52,5,40,Current,0,High,12788.67
LOAN002879,738.0,0.518,0.845,0,0,Current,0, Low ,42742.8
LOAN002880,657.0,0.604,0.684,0,0,Current,0,Medium,60936.46
LOAN002881,618.0,0.518,,2,38,Current,0,Medium,91642.63
LOAN002882,668.0,0.378,,0,0,Paid Off,0,Low,4409.48
LOAN002883,702.0,0.504,0.931,0,0,Current,0,low,28645.97
LOAN002884,682.0,,,1,19,Current,0,Medium,4494.74
LOAN002885,688.0,0.667,0.718,7,180,Defaulted,1,High,203808.37
LOAN002886,711.0,0.257,0.53,1,24,Current,0,Low,2861.27
LOAN002887,687.0,0.587,0.518,0,0,Current,0,Low,66012.14
LOAN002888,627.0,0.75,0.611,3,72,Late,0,Medium,379943.48
LOAN002889,722.0,0.768,0.752,2,26,Current,0,Medium,144468.87
LOAN002890,657.0,0.669,0.593,0,0,Current,0,Medium,4417.42
LOAN002891,641.0,0.158,,2,36,Paid Off,0,Medium,12276.2
LOAN002892,658.0,0.567,,0,0,Current,0,Medium,48969.29
LOAN002893,663.0,0.418,0.581,1,16,Current,0,Medium,25066.6
LOAN002894,631.0,0.809,0.642,4,64,Restructured,0,High,100638.12
LOAN002895,694.0,0.456,0.937,0,0,Paid Off,0,Low,13241.72
LOAN002896,759.0,0.286,,0,0,Current,0,Low,3987.97
LOAN002897,592.0,0.753,0.511,0,0,Current,0, medium ,28631.2
LOAN002898,625.0,0.59,0.693,2,44,Current,0,Medium,104678.51
LOAN002899,,0.837,0.685,5,112,Defaulted,1,High,80288.95
LOAN002900,587.0,0.822,0.639,2,20,Current,0,Medium,234351.51
LOAN002901,696.0,0.263,,3,111,Defaulted,1,Medium,3307.54
LOAN002902,658.0,0.402,0.594,0,0,Current,0,Low,11263.05
LOAN002903,619.0,0.579,0.62,1,24,Current,0,Medium,45373.66
LOAN002904,668.0,0.506,0.835,0,0,Current,0,Low,146991.83
LOAN002905,705.0,0.533,0.829,0,0,Current,0,Low,138589.02
LOAN002906,676.0,0.568,0.863,0,0,Current,0,Low,11715.85
LOAN002907,744.0,0.267,,0,0,Current,0,Low,4843.61
LOAN002908,668.0,0.642,0.54,9,180,Written Off,1,High,151997.34
LOAN002909,666.0,0.43,0.523,0,0,Current,0,Low,58236.02
LOAN002910,692.0,0.342,0.586,0,0,Current,0,Low,3571.81
LOAN002911,724.0,0.478,,0,0,Current,0,Low,8716.9
LOAN002912,600.0,0.711,0.566,3,69,Late,0,MEDIUM,158486.42
LOAN002913,796.0,0.541,0.836,0,0,Paid Off,0,Low,65190.63
LOAN002914,677.0,0.304,,0,0,Current,0,Low,1834.09
LOAN002915,734.0,0.574,0.73,0,0,Current,0,Low,129230.07
LOAN002916,664.0,0.616,,0,0,Paid Off,0,Medium,18900.76
LOAN002917,638.0,0.471,,2,16,Paid Off,0,Medium,27895.16
LOAN002918,697.0,0.564,0.538,0,0,Current,0, Low ,89383.95
LOAN002919,745.0,0.399,0.599,0,0,Current,0,Low,6550.84
LOAN002920,638.0,0.66,,3,27,Current,0,Medium,20503.19
LOAN002921,623.0,0.754,0.521,3,36,Current,0,Medium,394597.35
LOAN002922,704.0,0.821,0.676,2,42,Current,0,Medium,21282.44
LOAN002923,707.0,0.234,0.836,1,20,Current,0,Low,2963.49
LOAN002924,612.0,0.97,0.805,4,162,Written Off,1,High,933217.39
LOAN002925,669.0,0.597,0.639,1,23,Paid Off,0,Medium,35842.22
LOAN002926,634.0,0.34,,5,40,Current,0,Medium,19948.35
LOAN002927,668.0,0.271,0.581,0,0,Current,0,Low,1756.25
LOAN002928,691.0,0.542,0.943,0,0,Current,0,Low,30594.31
LOAN002929,669.0,0.748,,2,18,Current,0,Medium,263704.55
LOAN002930,682.0,0.903,0.63,3,45,Paid Off,0,Medium,124723.06
LOAN002931,771.0,0.194,,0,0,Current,0,Low,8534.87
LOAN002932,696.0,0.372,0.703,0,0,Current,0,Low,40953.56
LOAN002933,616.0,1.056,0.697,4,175,Defaulted,1,High,763537.32
LOAN002934,721.0,0.392,0.924,0,0,Current,0,Low,9917.52
LOAN002935,724.0,0.404,0.515,1,11,Current,0,Low,30765.13
LOAN002936,676.0,0.495,,1,24,Current,0,Medium,7492.92
LOAN002937,603.0,1.35,0.766,2,50,Current,0,High,865916.02
LOAN002938,664.0,0.721,0.735,3,116,Defaulted,1,Medium,35307.9
LOAN002939,662.0,0.7,0.575,0,0,Current,0,Medium,19322.5
LOAN002940,639.0,0.61,0.539,3,69,Late,0, Medium ,186317.03
LOAN002941,645.0,0.621,0.5,5,145,Defaulted,1,High,221457.71
LOAN002942,659.0,0.626,0.547,0,0,Current,0,Medium,25271.05
LOAN002943,659.0,0.36,0.505,0,0,Current,0,Low,11150.74
LOAN002944,650.0,0.68,0.587,0,0,Current,0,Medium,115553.51
LOAN002945,714.0,0.523,0.606,0,0,Current,0,Low,70924.29
LOAN002946,667.0,0.422,0.766,1,13,Current,0,Medium,5331.54
LOAN002947,641.0,0.518,0.616,2,24,Current,0,Medium,17023.2
LOAN002948,668.0,0.512,0.661,0,0,Current,0,Low,23227.71
LOAN002949,666.0,1.063,0.822,5,75,Restructured,0,High,520940.6
LOAN002950,702.0,0.41,0.77,1,8,Current,0,Low,4364.7
LOAN002951,696.0,0.446,0.505,0,0,Paid Off,0,Low,39108.54
LOAN002952,641.0,0.767,0.709,3,27,Current,0,Medium,270321.3
LOAN002953,625.0,0.581,0.561,1,12,Current,0,Medium,304870.69
LOAN002954,742.0,0.374,0.616,1,22,Current,0,Low,8267.41
LOAN002955,577.0,1.35,0.686,1,25,Current,0,High,826753.08
LOAN002956,688.0,0.319,,0,0,Current,0,Low,8810.11
LOAN002957,706.0,0.327,,0,0,Current,0,Low,2767.2
LOAN002958,583.0,1.255,,7,180,Defaulted,1,High,1707705.51
LOAN002959,588.0,1.012,0.704,5,40,Current,0,High,874454.63
LOAN002960,663.0,0.618,0.801,0,0,Current,0,Medium,48762.02
LOAN002961,660.0,0.752,0.65,3,54,Current,0,Medium,631605.97
LOAN002962,752.0,0.593,0.563,1,12,Current,0,Low,37667.84
LOAN002963,624.0,0.764,0.554,5,80,Current,0,High,116548.27
LOAN002964,668.0,0.241,0.566,0,0,Current,0,Low,4788.67
LOAN002965,641.0,0.833,0.571,1,13, Current ,0, medium ,727238.62
LOAN002966,697.0,0.736,,4,88,Restructured,0, Medium ,23730.05
LOAN002967,719.0,0.472,0.521,0,0,Current,0,Low,23939.0
LOAN002968,721.0,0.885,0.613,1,10,Current,0,Medium,356954.73
LOAN002969,646.0,0.502,0.636,7,175,Late,0,High,40753.3
LOAN002970,691.0,0.689,0.705,0,0,Current,0,Medium,14348.38
LOAN002971,722.0,0.446,0.678,0,0,Current,0,Low,122306.66
LOAN002972,700.0,0.27,0.895,1,19,Current,0,Low,2464.34
LOAN002973,670.0,0.424,0.53,1,11,Current,0,Low,4194.78
LOAN002974,642.0,0.61,0.9,4,76,Late,0,Medium,258927.28
LOAN002975,677.0,0.786,0.624,6,180,Defaulted,1,High,139112.23
LOAN002976,640.0,0.801,0.82,1,19,Current,0,Medium,310439.08
LOAN002977,675.0,0.654,0.903,0,0,Current,0,Medium,87787.49
LOAN002978,634.0,0.563,0.795,5,115,Restructured,0,High,89592.66
LOAN002979,715.0,0.537,0.827,0,0,Current,0,Low,54383.34
LOAN002980,672.0,0.416,0.621,0,0,Current,0,Low,4648.47
LOAN002981,689.0,0.267,0.561,0,0,Current,0, Low ,3638.42
LOAN002982,745.0,0.293,,0,0,Current,0,Low,10613.84
LOAN002983,635.0,0.935,0.69,1,22,Current,0,Medium,333326.88
LOAN002984,676.0,0.18,,1,12,Current,0,Low,3420.92
LOAN002985,660.0,0.916,0.815,1,15,Current,0,Medium,255566.95
LOAN002986,679.0,0.424,,0,0,Paid Off,0,Low,6981.27
LOAN002987,703.0,0.679,0.595,0,0,Current,0,Low,120228.26
LOAN002988,,0.496,0.668,0,0,Current,0,Low,56204.54
LOAN002989,649.0,0.811,0.851,4,165,Defaulted,1,High,256248.44
LOAN002990,648.0,0.796,,3,39,Current,0,Medium,75411.74
LOAN002991,671.0,0.658,,1,22,Current,0,Medium,11816.37
LOAN002992,699.0,0.574,0.755,0,0,Current,0,Low,52235.06
LOAN002993,682.0,0.536,0.6,0,0,Current,0,Low,112619.04
LOAN002994,726.0,0.397,,0,0,Current,0,Low,4694.16
LOAN002995,737.0,0.503,0.57,1,9,Paid Off,0,Low,40902.66
LOAN002996,717.0,0.707,0.731,0,0,Current,0,Low,126405.51
LOAN002997,692.0,0.178,,4,154,Written Off,1,Medium,11968.52
LOAN002998,743.0,0.071,,1,19,Current,0,Low,9999.99
LOAN002999,672.0,0.518,0.597,0,0,Current,0,Low,55396.81
LOAN003000,687.0,0.644,0.683,1,22,Current,0,Medium,77511.24
LOAN003001,645.0,0.846,0.542,3,75,Late,0,Medium,319594.55
LOAN003002,704.0,0.607,0.75,0,0,Current,0,Low,78599.52
LOAN003003,723.0,0.687,,0,0,Paid Off,0,Low,35042.03
LOAN003004,739.0,0.121,0.949,0,0,Current,0,Low,1024.97
LOAN003005,631.0,0.565,0.765,2,18,Current,0,Medium,371473.56
LOAN003006,717.0,0.341,,0,0,Current,0,Low,4652.15
LOAN003007,667.0,0.654,,0,0,Paid Off,0,Medium,22485.9
LOAN003008,560.0,0.903,0.508,4,100,Late,0,High,381805.64
LOAN003009,625.0,0.962,0.576,7,144,Written Off,1,High,413596.97
LOAN003010,681.0,0.297,0.65,0,0,Current,0,Low,6527.94
LOAN003011,729.0,0.333,,0,0,Current,0,Low,3527.64
LOAN003012,681.0,,0.761,0,0,Current,0,Low,58732.4
LOAN003013,683.0,0.195,,1,15,Paid Off,0,Low,4337.46
LOAN003014,673.0,0.476,0.513,0,0,Current,0,Low,4394.29
LOAN003015,666.0,0.624,0.718,0,0,Current,0,Medium,15823.23
LOAN003016,569.0,1.277,,2,148,Defaulted,1,High,1585103.03
LOAN003017,604.0,0.348,,4,64,Late,0,Medium,27757.44
LOAN003018,662.0,0.857,0.518,4,80,Current,0,High,348165.02
LOAN003019,664.0,0.488,0.867,0,0,Current,0,Low,15653.26
LOAN003020,635.0,1.045,0.59,6,180,Defaulted,1,High,665568.82
LOAN003021,620.0,0.629,,5,163,Defaulted,1,High,35179.93
LOAN003022,672.0,0.36,,0,0,Current,0,Low,4856.66
LOAN003023,705.0,0.836,0.571,5,177,Defaulted,1,High,366897.18
LOAN003024,655.0,0.631,0.503,0,0,Current,0,Medium,37115.88
LOAN003025,681.0,0.34,0.527,0,0,Current,0,Low,2502.26
LOAN003026,672.0,0.272,0.53,0,0,Current,0,Low,3480.13
LOAN003027,693.0,0.629,0.738,0,0, PAID OFF ,0,Low,174459.49
LOAN003028,735.0,0.436,0.807,1,15,Current,0,Low,3688.75
LOAN003029,720.0,0.248,0.659,0,0,Current,0,Low,3476.17
LOAN003030,663.0,0.246,,0,0,Current,0,Low,3865.95
LOAN003031,661.0,0.48,0.944,0,0,Current,0,Low,35944.73
LOAN003032,731.0,0.436,0.627,0,0,Current,0,Low,21164.01
LOAN003033,640.0,0.44,0.516,3,39,Current,0,Medium,6026.16
LOAN003034,688.0,0.334,0.799,0,0,Current,0,Low,8280.89
LOAN003035,649.0,0.735,0.608,5,80,Late,0,High,39028.35
LOAN003036,653.0,0.556,0.561,0,0,Current,0,Medium,79976.11
LOAN003037,643.0,0.253,,2,38,Current,0,Medium,5460.95
LOAN003038,671.0,0.441,,0,0,Current,0,Low,6132.38
LOAN003039,659.0,0.705,0.611,0,0,Current,0,Medium,13807.97
LOAN003040,646.0,0.708,0.617,6,180,Defaulted,1,High,272501.78
LOAN003041,691.0,0.81,0.525,3,72,Restructured,0,Medium,204220.93
LOAN003042,636.0,0.587,0.791,9,180,Written Off,1,High,233304.77
LOAN003043,647.0,0.43,,6,168,Defaulted,1,High,21594.05
LOAN003044,630.0,0.291,,2,32,Current,0,Medium,36056.09
LOAN003045,,0.748,0.732,8,144,Restructured,0,High,252534.96
LOAN003046,702.0,0.29,0.709,0,0,Current,0,Low,21891.46
LOAN003047,619.0,0.693,0.944,9,180,Defaulted,1,High,489980.8
LOAN003048,707.0,0.537,0.513,0,0,Current,0,Low,19039.1
LOAN003049,630.0,0.58,0.673,4,100,Late,0,Medium,342227.61
LOAN003050,635.0,0.762,0.573,1,20,Current,0,Medium,162776.38
LOAN003051,645.0,0.789,0.569,2,48,Current,0,Medium,623891.76
LOAN003052,728.0,0.564,,0,0,Current,0,Low,15461.1
LOAN003053,713.0,0.201,0.774,0,0,Paid Off,0,Low,3598.92
LOAN003054,654.0,0.446,,1,18,Current,0,Medium,9764.06
LOAN003055,695.0,0.433,0.679,0,0,Current,0,Low,11382.27
LOAN003056,671.0,0.341,0.625,0,0,Current,0,Low,20553.58
LOAN003057,607.0,1.111,0.552,5,114,Defaulted,1,High,469210.66
LOAN003058,621.0,1.064,0.519,5,95,Late,0,High,567844.46
LOAN003059,669.0,0.407,0.544,1,19,Paid Off,0,Low,2938.89
LOAN003060,601.0,0.591,,7,180,Defaulted,1,High,163359.6
LOAN003061,647.0,0.404,,4,80,Late,0,Medium,14064.77
LOAN003062,585.0,1.153,0.6,1,15,Current,0,High,359221.81
LOAN003063,713.0,0.265,,0,0,Current,0,Low,17333.6
LOAN003064,609.0,1.047,0.892,4,169,Defaulted,1,High,517532.66
LOAN003065,666.0,0.857,,0,0,Current,0,Medium,690161.93
LOAN003066,743.0,0.43,0.606,0,0,Current,0,Low,10847.42
LOAN003067,661.0,0.376,0.853,0,0,Current,0,Low,36321.86
LOAN003068,681.0,0.321,0.572,0,0,Current,0,Low,2279.33
LOAN003069,679.0,0.592,0.563,0,0,Current,0,Low,11392.63
LOAN003070,654.0,0.867,,5,100,Restructured,0,High,303519.93
LOAN003071,637.0,0.499,0.786,0,0,Current,0,Medium,7927.84
LOAN003072,635.0,1.211,0.825,3,106,Defaulted,1,High,415220.1
LOAN003073,699.0,0.89,0.6,3,72,Late,0,Medium,75451.99
LOAN003074,733.0,0.197,0.512,0,0,Current,0,Low,3193.75
LOAN003075,573.0,0.809,0.733,2,48,Paid Off,0,High,663966.11
LOAN003076,599.0,1.094,0.905,1,10,Current,0,High,751549.49
LOAN003077,611.0,1.176,0.879,3,27,Current,0,High,506209.81
LOAN003078,653.0,0.596,0.529,0,0,Current,0,Medium,78083.83
LOAN003079,687.0,0.565,0.688,0,0,Current,0,Low,56407.8
LOAN003080,609.0,0.993,0.835,2,28,Current,0,High,320540.78
LOAN003081,695.0,0.572,,1,12,Current,0,Medium,2172.13
LOAN003082,653.0,0.338,,0,0,Current,0,low,9499.13
LOAN003083,704.0,0.584,0.62,0,0,Current,0,Low,34717.11
LOAN003084,630.0,0.523,0.841,4,76,Restructured,0,Medium,75291.21
LOAN003085,629.0,1.019,0.911,4,100,Current,0,High,1029195.15
LOAN003086,608.0,1.218,0.769,5,180,Defaulted,1,High,685523.98
LOAN003087,628.0,0.967,0.612,4,36,Current,0,High,388067.23
LOAN003088,670.0,0.341,0.802,0,0,Current,0,Low,4183.16
LOAN003089,657.0,1.011,0.516,4,40,Current,0,High,398706.29
LOAN003090,730.0,0.277,0.902,1,12,Current,0,Low,6449.56
LOAN003091,637.0,0.559,0.603,5,105,Current,0,High,24772.69
LOAN003092,725.0,0.741,,4,100,Restructured,0,Medium,11729.45
LOAN003093,706.0,0.851,0.537,2,42,Paid Off,0,Medium,192277.94
LOAN003094,652.0,0.904,0.634,4,52,Current,0,High,178882.6
LOAN003095,594.0,0.97,0.751,6,54,Current,0,High,1300466.52
LOAN003096,743.0,0.321,0.941,0,0,Current,0,Low,21407.67
LOAN003097,683.0,0.867,,4,68,Restructured,0,Medium,626735.1
LOAN003098,633.0,0.803,0.618,8,180,Defaulted,1,High,156503.51
LOAN003099,751.0,0.318,0.715,0,0,Current,0,Low,1035.43
LOAN003100,686.0,0.32,0.555,1,25,Current,0,Low,3287.2
LOAN003101,604.0,0.529,0.888,5,110,Restructured,0,High,21085.66
LOAN003102,769.0,0.468,,0,0,Current,0,Low,4299.94
LOAN003103,707.0,0.507,0.718,0,0,Current,0,Low,4647.0
LOAN003104,651.0,0.359,0.726,1,14,Current,0,Medium,81228.39
LOAN003105,703.0,0.23,,0,0,Paid Off,0,Low,2101.93
LOAN003106,730.0,0.633,0.706,0,0,Current,0,Low,18905.25
LOAN003107,735.0,0.442,0.61,0,0,Paid Off,0,Low,48926.75
LOAN003108,685.0,0.357,0.756,0,0,Current,0,Low,5382.06
LOAN003109,703.0,0.29,,0,0,Current,0,Low,5313.65
LOAN003110,644.0,0.601,0.59,4,103,Defaulted,1,Medium,56261.27
LOAN003111,691.0,0.516,0.714,0,0,Current,0,Low,52382.17
LOAN003112,634.0,0.546,0.526,5,125,Late,0,High,342153.83
LOAN003113,643.0,0.768,0.565,2,88,Written Off,1,Medium,224934.46
LOAN003114,632.0,0.989,0.524,4,56,Current,0,High,230383.81
LOAN003115,579.0,1.195,0.907,3,85,Defaulted,1,High,598860.93
LOAN003116,767.0,0.322,0.67,0,0,Current,0,Low,3516.07
LOAN003117,710.0,0.197,0.642,0,0,Current,0,Low,7773.19
LOAN003118,679.0,0.747,0.57,3,69,Restructured,0,Medium,561653.69
LOAN003119,671.0,0.635,0.734,0,0,Current,0,Medium,94722.24
LOAN003120,703.0,0.324,,0,0,Current,0,Low,14771.54
LOAN003121,687.0,0.355,0.561,0,0,Current,0,Low,5207.63
LOAN003122,681.0,0.428,0.756,0,0,Current,0,Low,28617.33
LOAN003123,738.0,0.219,,0,0,Paid Off,0,Low,4959.36
LOAN003124,612.0,0.723,0.509,9,180,Defaulted,1,High,218361.16
LOAN003125,,0.646,0.778,1,13,Current,0,Medium,86890.1
LOAN003126,733.0,0.486,0.757,6,179,Written Off,1,MEDIUM,80399.17
LOAN003127,652.0,0.789,,4,80,Late,0,Medium,311780.86
LOAN003128,687.0,0.427,0.511,0,0,Current,0,Low,7173.38
LOAN003129,683.0,,,0,0,Paid Off,0,Low,49249.2
LOAN003130,686.0,0.539,0.704,0,0,Current,0,Low,12389.1
LOAN003131,677.0,0.515,0.629,0,0,Current,0,Low,48808.1
LOAN003132,652.0,0.511,0.603,0,0,Current,0,Low,73923.34
LOAN003133,666.0,0.627,0.506,0,0,Current,0,Medium,102348.9
LOAN003134,678.0,0.638,,1,22,Current,0,Medium,16746.43
LOAN003135,600.0,1.177,0.631,4,92,Late,0,High,330080.11
LOAN003136,661.0,0.356,,0,0,Current,0,Low,8466.14
LOAN003137,612.0,0.975,0.745,3,171,Defaulted,1,high,864590.76
LOAN003138,661.0,1.243,0.544,2,28,Current,0,High,279850.6
LOAN003139,725.0,0.261,,0,0,Current,0,Low,11904.75
LOAN003140,674.0,0.824,0.536,3,39,Current,0,Medium,79024.07
LOAN003141,650.0,0.71,,4,87,Defaulted,1,Medium,30831.46
LOAN003142,635.0,0.733,0.571,1,13,Paid Off,0, Medium ,329397.92
LOAN003143,712.0,0.383,0.845,0,0,Current,0,Low,21126.38
LOAN003144,698.0,0.246,0.53,0,0,Current,0,Low,1813.89
LOAN003145,632.0,0.61,0.604,2,18,Paid Off,0,Medium,10298.08
LOAN003146,679.0,0.649,,0,0,Current,0,Medium,64957.2
LOAN003147,635.0,0.409,0.688,1,11,Current,0,Medium,19557.96
LOAN003148,651.0,0.382,,0,0,Current,0,Low,3699.85
LOAN003149,682.0,0.306,0.651,0,0,Current,0,Low,1768.54
LOAN003150,719.0,0.323,,0,0,Current,0,Low,6046.28
LOAN003151,634.0,0.304,0.794,4,44,Current,0,Medium,20300.88
LOAN003152,583.0,1.035,0.51,5,140,Defaulted,1,High,534612.27
LOAN003153,651.0,0.594,0.829,0,0,Current,0,Medium,149608.71
LOAN003154,646.0,0.505,0.533,2,113,Defaulted,1,Medium,101031.32
LOAN003155,606.0,0.458,0.744,3,42,Current,0,Medium,20524.72
LOAN003156,660.0,0.579,,0,0,Current,0,Medium,18570.67
LOAN003157,672.0,0.868,0.589,5,60,Current,0,High,682167.0
LOAN003158,675.0,0.703,0.667,0,0,Current,0,Medium,280913.54
LOAN003159,641.0,0.974,0.544,2,38,Current,0,Medium,303428.04
LOAN003160,628.0,0.652,0.524,4,56,Paid Off,0,Medium,117483.75
LOAN003161,701.0,0.401,0.757,0,0,Current,0,Low,7841.91
LOAN003162,657.0,0.488,,1,15,Current,0,Medium,10071.98
LOAN003163,707.0,0.979,0.687,3,83,Defaulted,1,Medium,465084.85
LOAN003164,602.0,0.616,0.779,3,33,Current,0,Medium,378037.09
LOAN003165,675.0,0.371,0.608,0,0,Current,0,Low,51124.72
LOAN003166,616.0,0.937,0.898,0,0,Current,0,Medium,708192.84
LOAN003167,664.0,0.75,0.547,0,0,Current,0,Medium,107078.62
LOAN003168,642.0,0.622,0.858,4,32,Current,0,medium,108526.54
LOAN003169,715.0,0.521,0.644,0,0,Current,0,Low,6842.14
LOAN003170,702.0,1.105,0.575,2,50,Current,0,Medium,567895.57
LOAN003171,683.0,0.917,0.594,1,11,Current,0,Medium,214632.75
LOAN003172,633.0,0.914,0.788,4,68,Late,0,High,577384.77
LOAN003173,679.0,0.698,,1,23,Current,0,Medium,10468.74
LOAN003174,711.0,0.418,,1,14,Paid Off,0,Low,7405.3
LOAN003175,638.0,0.574,0.794,1,23,Current,0,Medium,18839.68
LOAN003176,600.0,1.014,0.573,3,180,Written Off,1,High,1453312.11
LOAN003177,719.0,0.435,,0,0,Current,0,Low,6142.58
LOAN003178,656.0,1.043,0.873,4,84,Late,0,High,412298.95
LOAN003179,723.0,0.76,0.607,2,38,Current,0,Medium,127316.64
LOAN003180,727.0,0.221,,0,0,Paid Off,0,Low,1169.47
LOAN003181,716.0,0.544,0.531,0,0,Current,0,Low,45675.8
LOAN003182,563.0,0.736,0.557,2,115,Defaulted,1,High,132976.54
LOAN003183,672.0,0.474,0.685,0,0,Current,0,Low,6735.84
LOAN003184,657.0,0.389,,7,180,Defaulted,1,High,96504.33
LOAN003185,705.0,0.436,0.513,0,0,Paid Off,0,Low,6732.95
LOAN003186,581.0,1.017,0.577,7,180,Defaulted,1,High,673571.81
LOAN003187,690.0,0.675,,0,0,Current,0,Low,18514.9
LOAN003188,730.0,0.335,0.627,0,0,Current,0,Low,73563.89
LOAN003189,604.0,0.785,0.795,3,36,Current,0,Medium,61716.38
LOAN003190,683.0,0.378,,0,0,Current,0,Low,5087.52
LOAN003191,712.0,0.279,,1,20,Current,0,Low,4294.65
LOAN003192,686.0,0.504,0.779,0,0,Current,0,Low,6120.53
LOAN003193,740.0,0.384,0.535,2,16,Current,0,Low,6587.6
LOAN003194,694.0,0.149,,0,0,Current,0,Low,1611.84
LOAN003195,638.0,0.815,,7,180,Defaulted,1,High,90749.4
LOAN003196,673.0,0.731,0.575,2,28,Paid Off,0,Medium,53865.99
LOAN003197,728.0,0.372,0.678,4,145,Written Off,1,Medium,29037.27
LOAN003198,670.0,0.65,0.66,5,178,Defaulted,1,High,129799.59
LOAN003199,633.0,0.666,0.561,1,13,Current,0,Medium,445976.55
LOAN003200,687.0,0.315,,1,20,Current,0,Low,7405.74
LOAN003201,649.0,0.519,0.651,5,129,Defaulted,1,Medium,112386.84
LOAN003202,694.0,0.671,,6,129,Defaulted,1,High,85669.79
LOAN003203,691.0,0.789,,7,150,Defaulted,1,High,163796.33
LOAN003204,643.0,0.577,0.921,0,0,Current,0,Medium,280129.29
LOAN003205,722.0,0.557,0.883,0,0,Current,0,Low,7565.53
LOAN003206,686.0,0.438,0.514,7,180,Defaulted,1,High,63717.88
LOAN003207,632.0,0.861,0.613,1,15,Current,0,Medium,206031.35
LOAN003208,631.0,0.817,0.831,2,148,Defaulted,1,Medium,844986.41
LOAN003209,673.0,0.3,0.61,0,0,Current,0,Low,3815.74
LOAN003210,648.0,0.435,,6,84,Restructured,0,Medium,27284.14
LOAN003211,697.0,0.533,0.639,1,17,Current,0,Medium,28487.16
LOAN003212,661.0,0.548,0.529,0,0,Current,0,Low,7671.61
LOAN003213,691.0,0.819,0.553,5,160,Defaulted,1, HIGH ,136833.12
LOAN003214,688.0,0.26,,0,0,Current,0,Low,4904.15
LOAN003215,705.0,0.408,0.618,0,0,Paid Off,0,Low,16809.86
LOAN003216,674.0,0.82,,1,18,Current,0,Medium,320078.68
LOAN003217,680.0,0.392,,1,13,Current,0,Low,3473.79
LOAN003218,674.0,0.506,0.757,0,0,Current,0,Low,38133.54
LOAN003219,616.0,0.595,,2,20,Current,0,medium,36751.91
LOAN003220,704.0,0.385,,0,0,Current,0,Low,4842.75
LOAN003221,694.0,0.886,0.66,6,150,Current,0,High,150821.85
LOAN003222,693.0,0.696,,0,0,Current,0,Low,272949.68
LOAN003223,709.0,0.303,0.521,1,18,Current,0,Low,13380.39
LOAN003224,698.0,0.361,0.528,0,0,Current,0, Low ,2508.2
LOAN003225,705.0,0.27,,0,0,Current,0,Low,4484.29
LOAN003226,687.0,,0.679,2,42,Current,0,Medium,261142.66
LOAN003227,540.0,1.145,0.605,1,122,Defaulted,1,High,623595.84
LOAN003228,654.0,0.409,,0,0,Current,0,Low,3632.61
LOAN003229,704.0,0.506,0.764,0,0,Current,0,Low,95403.39
LOAN003230,651.0,0.784,0.895,4,36,Current,0,Medium,80467.22
LOAN003231,666.0,0.835,0.82,4,72,Restructured,0,High,170297.3
LOAN003232,659.0,0.716,0.926,0,0,Current,0,Medium,99771.47
LOAN003233,674.0,0.589,0.618,0,0,Current,0,Low,8736.97
LOAN003234,628.0,0.596,,0,0,Current,0,Medium,361751.5
LOAN003235,615.0,0.289,0.667,3,54,Current,0,Medium,25096.24
LOAN003236,707.0,0.571,0.663,0,0,Current,0,Low,32900.21
LOAN003237,643.0,0.448,,2,46,Current,0,Medium,65671.77
LOAN003238,667.0,0.754,,1,8,Current,0,Medium,263290.33
LOAN003239,717.0,0.449,,0,0,Current,0,Low,9726.72
LOAN003240,678.0,0.333,,0,0, PAID OFF ,0,Low,1257.05
LOAN003241,724.0,0.207,0.509,0,0,Current,0,Low,10378.83
LOAN003242,669.0,0.239,0.764,0,0,Current,0,Low,10592.9
LOAN003243,689.0,0.765,,0,0,Current,0,Medium,217485.43
LOAN003244,674.0,0.67,0.518,1,13,Current,0,Medium,193072.5
LOAN003245,732.0,0.483,0.644,0,0,Paid Off,0,Low,4827.96
LOAN003246,605.0,0.893,0.831,2,30,Current,0,Medium,666989.37
LOAN003247,556.0,0.788,0.909,3,45,Current,0,High,474174.98
LOAN003248,642.0,0.749,0.513,2,30,Current,0,Medium,150527.31
LOAN003249,719.0,0.626,0.622,0,0,Paid Off,0,Low,86330.38
LOAN003250,718.0,0.352,,0,0,Current,0,Low,9643.71
LOAN003251,687.0,0.311,,0,0,Current,0,Low,4352.12
LOAN003252,728.0,0.413,,1,16,Current,0,Low,8079.19
LOAN003253,651.0,0.611,0.883,0,0,Current,0, Medium ,68748.02
LOAN003254,646.0,0.481,0.792,6,60,Current,0,High,79280.72
LOAN003255,651.0,0.495,,1,15,Current,0,Medium,11624.28
LOAN003256,666.0,0.9,0.579,5,55,Current,0,High,116558.48
LOAN003257,746.0,0.427,,0,0,Current,0,Low,6788.63
LOAN003258,676.0,0.405,0.808,0,0,Current,0,Low,3709.29
LOAN003259,688.0,0.431,0.946,1,25,Current,0,Medium,10087.31
LOAN003260,675.0,0.578,0.787,0,0,Current,0,Low,96529.12
LOAN003261,567.0,0.563,0.93,6,102,Late,0,High,73206.59
LOAN003262,729.0,0.301,,0,0,Paid Off,0,Low,6471.93
LOAN003263,660.0,0.775,0.774,3,115,Defaulted,1,Medium,465592.61
LOAN003264,720.0,0.538,,1,23,Current,0,Low,36072.3
LOAN003265,676.0,0.856,0.727,5,60,Paid Off,0,High,99275.95
LOAN003266,671.0,0.306,,0,0,Current,0,Low,5076.93
LOAN003267,713.0,0.318,0.585,1,11,Current,0,Low,23370.72
LOAN003268,716.0,0.417,0.625,0,0,Current,0,Low,8394.48
LOAN003269,657.0,0.675,,0,0,Current,0,Medium,20635.28
LOAN003270,656.0,0.251,0.533,0,0,Current,0,Low,4177.74
LOAN003271,642.0,0.679,0.527,5,50,Current,0,High,86497.25
LOAN003272,700.0,0.3,0.807,0,0,Current,0,Low,2012.87
LOAN003273,644.0,1.1,,5,95,Defaulted,1,High,1155014.32
LOAN003274,653.0,0.281,0.781,0,0,Current,0,Low,15366.99
LOAN003275,634.0,0.921,0.919,6,180,Defaulted,1,High,295443.4
LOAN003276,701.0,0.474,0.684,0,0,Current,0,Low,19398.28
LOAN003277,612.0,0.985,0.556,3,60,Current,0,High,124618.8
LOAN003278,641.0,0.606,0.901,6,90,Restructured,0,High,88718.73
LOAN003279,678.0,0.728,0.874,2,24,Current,0,Medium,94352.51
LOAN003280,722.0,0.268,0.805,0,0,Current,0,Low,1757.13
LOAN003281,678.0,0.34,0.723,0,0,Current,0,Low,11154.28
LOAN003282,698.0,0.537,0.594,0,0,Current,0,Low,58591.43
LOAN003283,668.0,0.389,,0,0,Current,0,Low,13910.58
LOAN003284,692.0,0.511,,0,0,Paid Off,0,Low,17785.51
LOAN003285,606.0,1.126,0.561,4,60,Current,0,High,1635382.22
LOAN003286,669.0,0.815,,1,18,Current,0,Medium,207944.6
LOAN003287,752.0,0.278,,1,13,Current,0, LOW ,6041.92
LOAN003288,630.0,0.427,0.584,3,51,Paid Off,0,Medium,19365.95
LOAN003289,695.0,0.671,0.538,0,0,Current,0,Low,11712.83
LOAN003290,737.0,0.369,0.502,0,0,Current,0,Low,117760.13
LOAN003291,608.0,0.468,0.649,2,34,Current,0,Medium,46856.97
LOAN003292,668.0,0.734,0.569,4,72,Current,0,Medium,117204.43
LOAN003293,687.0,0.9,0.873,0,0,Current,0,Medium,353880.54
LOAN003294,743.0,0.53,,1,8,Current,0,Low,11429.44
LOAN003295,749.0,0.586,,1,23,Current,0,Low,193284.18
LOAN003296,667.0,0.829,0.878,6,150,Late,0,High,365818.91
LOAN003297,661.0,0.784,0.788,3,60,Current,0,Medium,105518.38
LOAN003298,650.0,,0.55,0,0,Current,0,Medium,94518.73
LOAN003299,698.0,0.556,0.544,0,0,Current,0,Low,91803.94
LOAN003300,743.0,0.176,,0,0,Current,0,Low,1839.67
LOAN003301,618.0,0.277,,3,48,Current,0,Medium,9027.82
LOAN003302,670.0,0.578,0.801,9,180,Written Off,1,High,249828.82
LOAN003303,685.0,0.295,0.719,1,19,Current,0,Low,9304.25
LOAN003304,679.0,0.564,0.675,0,0,Current,0,Low,20734.59
LOAN003305,716.0,0.463,0.631,0,0,Current,0,Low,23861.76
LOAN003306,768.0,0.201,0.902,0,0,Current,0,Low,7236.93
LOAN003307,687.0,0.429,0.895,1,16,Paid Off,0,Low,34876.74
LOAN003308,650.0,0.767,0.72,6,48,Paid Off,0,High,60409.78
LOAN003309,636.0,0.908,0.925,4,72,Late,0,High,313935.95
LOAN003310,641.0,0.673,0.615,2,22,Current,0,Medium,193432.54
LOAN003311,639.0,1.35,,3,51, Paid Off ,0,High,2549226.55
LOAN003312,737.0,0.557,0.663,0,0,Current,0,Low,13618.12
LOAN003313,651.0,0.464,,0,0,Current,0,Low,6720.09
LOAN003314,618.0,0.929,,1,14,Current,0,Medium,1154614.35
LOAN003315,637.0,0.714,,3,27,Current,0,Medium,243860.7
LOAN003316,658.0,0.408,0.717,0,0,Current,0,Low,75013.31
LOAN003317,676.0,0.4,,0,0,Current,0,Low,3227.48
LOAN003318,702.0,0.463,0.612,0,0,Current,0,Low,8687.91
LOAN003319,699.0,0.526,0.938,1,14,Current,0,Medium,25867.96
LOAN003320,648.0,0.931,0.602,1,16,Current,0,Medium,1359921.47
LOAN003321,741.0,0.05,,0,0,Current,0,Low,5178.46
LOAN003322,709.0,0.46,0.747,5,160,Defaulted,1,Medium,5665.93
LOAN003323,631.0,0.784,0.777,3,66,Late,0,Medium,198224.53
LOAN003324,716.0,0.693,0.66,0,0,paid off,0,Low,68679.85
LOAN003325,678.0,0.375,,0,0,Current,0,Low,7716.51
LOAN003326,661.0,0.499,0.706,0,0,Current,0,Low,4953.25
LOAN003327,678.0,0.389,0.923,0,0,Current,0,low,50390.1
LOAN003328,668.0,0.45,0.552,0,0,Current,0,Low,11890.09
LOAN003329,688.0,0.948,0.572,5,179,Defaulted,1, High ,38835.11
LOAN003330,736.0,0.282,0.927,0,0,Current,0,Low,3685.98
LOAN003331,650.0,0.407,,1,19,Current,0,Medium,3491.83
LOAN003332,648.0,0.361,0.628,2,34,Current,0,Medium,46907.9
LOAN003333,687.0,0.458,0.551,1,23,Current,0,Low,16772.94
LOAN003334,739.0,0.632,,0,0,Current,0,Low,14308.31
LOAN003335,710.0,0.462,0.856,0,0,Current,0,Low,86161.62
LOAN003336,588.0,0.578,0.577,3,75,Restructured,0,Medium,139718.79
LOAN003337,693.0,0.511,0.95,0,0,Current,0, low ,69491.58
LOAN003338,660.0,0.567,0.783,4,136,Defaulted,1,Medium,189874.77
LOAN003339,691.0,0.727,0.58,5,175,Defaulted,1, high ,68373.31
LOAN003340,696.0,0.323,,1,17,Current,0,Low,3450.3
LOAN003341,680.0,0.33,0.875,0,0,Current,0,Low,15678.38
LOAN003342,662.0,0.943,0.903,1,16,Current,0,Medium,292925.77
LOAN003343,665.0,0.712,0.668,0,0,Current,0,Medium,82712.02
LOAN003344,709.0,0.309,,0,0,Current,0,Low,6815.82
LOAN003345,656.0,0.817,0.514,3,36,Current,0,Medium,168886.85
LOAN003346,756.0,0.119,0.833,0,0,Current,0,Low,628.04
LOAN003347,786.0,0.329,0.836,1,8,Current,0,Low,70627.27
LOAN003348,694.0,0.233,0.744,1,23,Current,0,Low,6799.55
LOAN003349,626.0,0.82,0.618,3,30,Current,0,Medium,542035.62
LOAN003350,711.0,0.641,,0,0,Current,0,Low,12420.37
LOAN003351,714.0,0.445,0.569,0,0,Current,0,Low,4145.67
LOAN003352,668.0,0.147,,0,0,Current,0,Low,1929.94
LOAN003353,686.0,0.382,,0,0,Paid Off,0,Low,7108.14
LOAN003354,708.0,0.264,,0,0,Current,0,Low,5299.74
LOAN003355,669.0,0.793,0.641,1,20,Current,0, MEDIUM ,373155.03
LOAN003356,658.0,0.781,0.725,3,42,Current,0,Medium,36387.67
LOAN003357,665.0,,0.545,2,34,Current,0,Medium,108046.83
LOAN003358,701.0,0.414,,0,0,Current,0,Low,6447.53
LOAN003359,668.0,0.178,,1,13,Current,0,Low,2245.92
LOAN003360,691.0,0.589,,2,40,Current,0,Medium,12507.91
LOAN003361,745.0,0.318,0.713,1,21,Current,0,Low,5154.67
LOAN003362,729.0,0.225,0.565,7,174,Defaulted,1,Medium,5456.7
LOAN003363,634.0,,0.893,3,75,Late,0,High,485100.72
LOAN003364,620.0,1.097,0.924,8,180,Defaulted,1,High,1727452.52
LOAN003365,694.0,0.199,,0,0,Current,0,Low,4224.91
LOAN003366,628.0,0.688,0.613,5,125,Restructured,0,High,146990.17
LOAN003367,748.0,0.608,0.569,0,0,Current,0,Low,56050.22
LOAN003368,686.0,0.615,0.579,0,0,Current,0,Low,73392.46
LOAN003369,634.0,1.049,0.726,5,55,Current,0,High,391847.84
LOAN003370,763.0,0.42,,0,0,Current,0,Low,3606.43
LOAN003371,647.0,0.508,0.917,6,108,Current,0,High,41808.02
LOAN003372,712.0,0.449,0.5,0,0,Current,0,Low,33250.45
LOAN003373,703.0,0.331,,0,0,Current,0,Low,5489.25
LOAN003374,690.0,0.505,0.602,1,14,Current,0,Low,46726.34
LOAN003375,633.0,1.067,0.585,5,55,Current,0,High,292295.81
LOAN003376,616.0,0.592,0.723,5,80,Restructured,0,High,170447.97
LOAN003377,685.0,0.456,0.728,0,0,Paid Off,0,Low,39629.06
LOAN003378,715.0,0.343,0.509,0,0,Current,0,Low,69957.97
LOAN003379,675.0,0.408,,0,0,Current,0,Low,16615.74
LOAN003380,728.0,0.388,,0,0,Current,0,Low,4098.78
LOAN003381,618.0,0.712,0.94,3,33,Current,0,Medium,381756.64
LOAN003382,774.0,0.256,,0,0,Current,0,Low,1362.18
LOAN003383,650.0,0.651,0.747,0,0,Current,0,Medium,20397.74
LOAN003384,759.0,0.367,0.511,0,0,Current,0,Low,41193.56
LOAN003385,628.0,0.522,0.512,8,64,Restructured,0,High,56812.31
LOAN003386,630.0,0.571,,2,32,Current,0,Medium,19705.27
LOAN003387,696.0,0.908,0.695,3,124,Defaulted,1,Medium,371669.52
LOAN003388,629.0,0.959,0.585,2,20,Current,0,Medium,895012.41
LOAN003389,675.0,0.713,0.639,0,0,Current,0,Medium,67193.76
LOAN003390,657.0,0.763,0.712,5,40,Current,0,High,78383.63
LOAN003391,744.0,0.246,,1,13,Current,0,Low,1738.03
LOAN003392,665.0,0.586,,0,0,Current,0,Low,16421.47
LOAN003393,719.0,0.366,,1,9,Current,0,Low,7273.6
LOAN003394,659.0,0.763,0.83,1,21,Current,0,Medium,292651.41
LOAN003395,655.0,0.905,0.707,2,32,Current,0,Medium,600044.5
LOAN003396,676.0,0.254,0.793,3,114,Defaulted,1,Medium,37598.3
LOAN003397,682.0,0.932,0.52,2,20,Current,0,Medium,278413.75
LOAN003398,765.0,0.364,0.83,0,0,Current,0,Low,22359.76
LOAN003399,659.0,0.801,0.793,3,54,Current,0,Medium,195287.84
LOAN003400,688.0,0.629,0.834,0,0,Current,0,Medium,142038.45
LOAN003401,706.0,0.537,,0,0,Current,0,Low,10035.14
LOAN003402,666.0,0.447,0.503,0,0,Current,0,Low,14524.92
LOAN003403,701.0,0.453,0.539,0,0,Current,0,Low,5774.3
LOAN003404,683.0,0.556,0.551,0,0,Current,0,Low,143164.89
LOAN003405,622.0,0.275,,2,16,Current,0,Medium,22378.03
LOAN003406,653.0,0.78,0.652,4,36,Paid Off,0,Medium,116376.52
LOAN003407,658.0,0.356,0.62,0,0,Current,0,Low,11045.08
LOAN003408,639.0,0.536,0.552,6,144,Restructured,0, High ,41390.29
LOAN003409,624.0,0.58,0.671,0,0,Current,0,Medium,238828.16
LOAN003410,598.0,0.685,0.948,3,112,Defaulted,1, High ,267740.54
LOAN003411,,0.584,0.554,0,0,Current,0,Low,14069.99
LOAN003412,723.0,0.136,0.644,0,0,Current,0,Low,5000.61
LOAN003413,676.0,0.443,0.673,0,0,Current,0,Low,30581.86
LOAN003414,751.0,0.455,0.533,0,0,Current,0,Low,24489.04
LOAN003415,624.0,0.619,,4,96,Current,0,Medium,129915.78
LOAN003416,747.0,0.369,0.632,0,0,Current,0,Low,13175.48
LOAN003417,730.0,0.446,0.598,6,180,Defaulted,1,Medium,118587.19
LOAN003418,669.0,0.755,0.761,6,180,DEFAULTED,1,High,116765.99
LOAN003419,633.0,0.769,0.517,4,76,Late,0,High,97770.16
LOAN003420,693.0,0.765,,4,100,Late,0,Medium,215514.64
LOAN003421,676.0,0.99,0.594,8,180,Defaulted,1,High,170478.82
LOAN003422,655.0,0.807,0.774,3,42,Current,0,Medium,567429.44
LOAN003423,701.0,0.237,0.694,0,0,Current,0,Low,2416.57
LOAN003424,719.0,0.522,,1,12,Current,0,Low,15891.56
LOAN003425,670.0,0.515,0.794,5,180,Defaulted,1,High,155153.52
LOAN003426,599.0,1.023,0.679,2,24,CURRENT,0,High,933996.94
LOAN003427,694.0,0.69,0.914,0,0,Current,0,Medium,120244.58
LOAN003428,646.0,0.826,0.753,1,17,Current,0,Medium,302940.18
LOAN003429,687.0,0.281,,0,0, Current ,0,Low,4014.46
LOAN003430,675.0,0.53,0.669,0,0,Paid Off,0,Low,41187.26
LOAN003431,713.0,0.508,0.662,0,0,Current,0,Low,117808.41
LOAN003432,645.0,0.612,0.583,1,23,Current,0,Medium,161298.42
LOAN003433,695.0,0.565,0.636,0,0,Current,0,Low,52453.42
LOAN003434,696.0,0.459,0.889,0,0,Current,0,Low,24181.38
LOAN003435,672.0,0.765,0.763,7,138,Defaulted,1,High,137870.17
LOAN003436,694.0,0.675,0.762,0,0,Current,0,Medium,70617.21
LOAN003437,634.0,0.486,0.69,3,33,Current,0,Medium,159548.47
LOAN003438,715.0,0.459,,0,0,Current,0,Low,13692.54
LOAN003439,616.0,0.748,,4,56,Paid Off,0,High,38834.7
LOAN003440,686.0,0.747,0.549,3,60,Paid Off,0,Medium,78268.71
LOAN003441,711.0,0.152,0.571,0,0,Current,0,Low,2846.39
LOAN003442,648.0,0.659,0.546,2,24,Current,0,Medium,196991.89
LOAN003443,697.0,0.33,0.522,0,0,Current,0,Low,28579.14
LOAN003444,682.0,0.592,0.545,0,0,Current,0,Low,83793.38
LOAN003445,665.0,0.369,0.692,0,0,Current,0,Low,47434.72
LOAN003446,671.0,0.761,,4,52,Paid Off,0,Medium,34766.07
LOAN003447,661.0,0.589,0.737,5,111,Defaulted,1,Medium,40180.45
LOAN003448,698.0,0.535,0.791,0,0,Current,0,Low,52099.49
LOAN003449,641.0,0.91,0.614,3,45,Current,0,Medium,347870.43
LOAN003450,663.0,0.82,0.558,4,151,Defaulted,1,High,276925.41
LOAN003451,683.0,0.554,0.755,1,11,Current,0,Medium,55946.61
LOAN003452,657.0,0.838,0.559,4,68,Current,0,High,247410.82
LOAN003453,694.0,0.819,0.938,1,12,Current,0,Medium,209826.66
LOAN003454,642.0,0.623,0.64,2,38,Current,0,Medium,161254.47
LOAN003455,681.0,0.783,0.536,1,25,Current,0,Medium,316312.51
LOAN003456,682.0,0.183,0.53,1,21,Current,0,Low,1616.0
LOAN003457,696.0,0.343,,1,21,Current,0,Low,13100.61
LOAN003458,661.0,0.752,0.509,3,27,Paid Off,0,Medium,149759.93
LOAN003459,666.0,0.453,0.861,0,0,Current,0,Low,16209.57
LOAN003460,700.0,0.368,,0,0,Current,0,Low,11731.67
LOAN003461,670.0,0.701,0.67,1,10,Current,0,Medium,35547.2
LOAN003462,689.0,0.672,0.617,1,11,Current,0,Medium,50251.93
LOAN003463,663.0,0.722,0.527,2,38,Current,0,Medium,44729.59
LOAN003464,768.0,0.183,0.558,0,0,Current,0,Low,2200.41
LOAN003465,647.0,0.559,,4,68,Current,0,Medium,20451.82
LOAN003466,687.0,0.572,0.659,2,22,Current,0,Medium,53848.12
LOAN003467,711.0,0.483,,0,0,Current,0,Low,9280.06
LOAN003468,668.0,0.608,0.666,0,0,Current,0,Medium,217991.06
LOAN003469,,0.194,0.944,0,0,Current,0,Low,3360.04
LOAN003470,651.0,1.35,0.522,2,32,Current,0,High,621617.18
LOAN003471,689.0,0.561,0.574,0,0,Current,0,Low,10104.39
LOAN003472,680.0,0.684,,1,18,Current,0,Medium,34158.59
LOAN003473,628.0,0.884,0.645,5,171,Defaulted,1,High,1934987.15
LOAN003474,633.0,0.523,0.616,6,90,Current,0,High,314759.14
LOAN003475,658.0,0.796,0.849,6,66,Late,0,High,78715.57
LOAN003476,699.0,0.346,0.566,0,0,Current,0,Low,2533.12
LOAN003477,685.0,0.247,0.637,0,0,Paid Off,0,Low,8945.41
LOAN003478,632.0,0.793,0.836,3,42,Current,0,Medium,207185.03
LOAN003479,697.0,0.536,0.529,0,0,Current,0,Low,82371.36
LOAN003480,683.0,0.659,,3,124,Defaulted,1,Medium,465502.74
LOAN003481,669.0,0.641,0.736,0,0,Current,0,Medium,100320.87
LOAN003482,613.0,0.791,,3,115,Defaulted,1,High,404126.23
LOAN003483,721.0,0.832,0.556,2,42,Current,0,Medium,471355.07
LOAN003484,686.0,0.435,,3,156,Defaulted,1,Medium,47435.02
LOAN003485,712.0,0.502,0.651,0,0,Current,0,Low,42508.82
LOAN003486,683.0,0.466,0.539,0,0,Paid Off,0,Low,15444.95
LOAN003487,,0.665,0.579,0,0,Current,0,Medium,22213.81
LOAN003488,746.0,0.383,0.526,0,0,Current,0,Low,4075.17
LOAN003489,540.0,1.35,0.884,4,128,Written Off,1,High,507240.94
LOAN003490,610.0,0.872,0.763,2,32,Current,0,Medium,369285.63
LOAN003491,650.0,1.224,,5,85,Restructured,0,High,742706.25
LOAN003492,663.0,0.558,0.627,0,0,Current,0,Low,7746.75
LOAN003493,703.0,0.515,0.926,0,0,Current,0,Low,36261.05
LOAN003494,620.0,1.234,0.617,8,180,Defaulted,1,High,703013.59
LOAN003495,626.0,0.777,0.54,4,84,Restructured,0,High,878632.42
LOAN003496,601.0,1.155,0.936,3,180,Defaulted,1,High,556769.93
LOAN003497,672.0,0.495,0.901,0,0,Current,0,Low,6478.72
LOAN003498,659.0,0.237,0.604,0,0,Current,0, Low ,974.03
LOAN003499,699.0,0.729,0.61,2,42,Current,0,Medium,59627.12
LOAN003500,775.0,0.068,,1,16,Current,0,Low,8582.58
LOAN003501,630.0,0.457,,3,39,Current,0,Medium,16139.95
LOAN003502,660.0,0.474,0.77,0,0,Current,0,Low,95628.45
LOAN003503,695.0,0.751,0.769,5,159,Defaulted,1,High,114725.96
LOAN003504,771.0,0.254,0.507,0,0,Paid Off,0,Low,1856.14
LOAN003505,745.0,0.511,0.577,3,99,Defaulted,1,Medium,81504.53
LOAN003506,593.0,0.656,,4,92,Late,0,High,23875.42
LOAN003507,685.0,0.564,0.589,2,44,Current,0,Medium,45352.79
LOAN003508,711.0,0.383,0.555,1,16,Current,0,Low,13017.92
LOAN003509,668.0,0.588,0.772,0,0,Current,0,Medium,143809.97
LOAN003510,673.0,0.832,0.802,1,24,Current,0, MEDIUM ,223342.25
LOAN003511,732.0,0.751,0.587,3,48,Current,0,Medium,278820.32
LOAN003512,689.0,0.456,,0,0,Current,0,Low,9671.69
LOAN003513,643.0,0.513,,1,9,Current,0,Medium,17502.38
LOAN003514,706.0,,0.504,0,0,Current,0,Low,76216.86
LOAN003515,639.0,0.4,,4,100,Current,0,Medium,56271.59
LOAN003516,632.0,0.661,0.84,3,69,Current,0,Medium,102338.8
LOAN003517,694.0,1.056,0.628,3,158,Written Off,1,High,403080.89
LOAN003518,685.0,0.485,0.7,0,0,Current,0,Low,5491.3
LOAN003519,647.0,0.61,0.799,4,92,Current,0,Medium,220048.16
LOAN003520,674.0,0.815,,3,42,Current,0,Medium,372481.4
LOAN003521,,0.083,,0,0,Current,0,Low,1464.88
LOAN003522,639.0,0.757,0.633,3,75,Restructured,0,Medium,201083.78
LOAN003523,682.0,0.772,0.727,4,157,Written Off,1,High,247697.29
LOAN003524,629.0,0.775,,3,57,Current,0,Medium,281716.24
LOAN003525,702.0,0.691,,0,0,Current,0,Low,58938.05
LOAN003526,667.0,0.462,0.733,0,0,Current,0,Low,3394.22
LOAN003527,639.0,0.604,0.662,2,18,Current,0, medium ,53935.5
LOAN003528,,0.264,0.574,4,80,Current,0,Medium,157792.1
LOAN003529,674.0,0.726,0.822,3,33,Current,0,Medium,103029.43
LOAN003530,661.0,0.673,0.522,0,0,Current,0,Medium,139572.98
LOAN003531,710.0,0.422,0.715,0,0,Paid Off,0,Low,22344.87
LOAN003532,696.0,0.618,,0,0,Current,0,Low,19732.65
LOAN003533,762.0,0.091,,0,0,Current,0,Low,2259.87
LOAN003534,775.0,0.687,,0,0,Current,0,Low,43278.7
LOAN003535,724.0,0.51,0.551,0,0,Current,0,Low,76394.83
LOAN003536,667.0,0.579,0.58,1,14,Current,0,Medium,4018.79
LOAN003537,747.0,0.455,0.575,1,21,Current,0,Low,2739.44
LOAN003538,679.0,0.549,0.698,1,18,Current,0,Medium,12889.1
LOAN003539,667.0,1.105,,4,88,restructured,0,High,983543.72
LOAN003540,673.0,0.534,0.743,0,0,Current,0,Low,173804.8
LOAN003541,597.0,1.2,0.549,4,36,Current,0,High,1613995.7
LOAN003542,,0.764,0.793,2,48,Current,0,Medium,60592.5
LOAN003543,663.0,1.025,0.583,1,23,Current,0,Medium,187406.28
LOAN003544,679.0,0.577,0.851,0,0,Current,0,Low,57004.19
LOAN003545,627.0,0.411,,3,132,Defaulted,1,Medium,45420.08
LOAN003546,658.0,0.468,0.659,0,0,Current,0,Low,28018.2
LOAN003547,630.0,0.851,0.504,6,138,Restructured,0,High,151641.52
LOAN003548,747.0,0.527,0.56,0,0,Current,0,Low,25677.83
LOAN003549,626.0,0.149,,3,60,Current,0,Medium,12048.63
LOAN003550,655.0,0.802,0.698,4,68,Current,0,High,177287.95
LOAN003551,700.0,0.241,,3,103,Defaulted,1,Medium,4146.98
LOAN003552,703.0,0.645,0.628,0,0,Current,0,Low,84726.27
LOAN003553,650.0,1.256,0.724,4,32,Current,0,High,714451.18
LOAN003554,658.0,0.409,0.861,0,0,Current,0,Low,9280.7
LOAN003555,723.0,0.649,0.515,0,0,Current,0,Low,99580.39
LOAN003556,652.0,0.653,0.82,1,17,Paid Off,0,Medium,58227.29
LOAN003557,591.0,0.761,0.645,3,24,Current,0,Medium,361157.81
LOAN003558,720.0,0.322,,0,0,Current,0,Low,3121.61
LOAN003559,712.0,0.249,,0,0,Current,0,Low,3060.55
LOAN003560,719.0,0.421,0.595,0,0,Current,0,Low,9591.73
LOAN003561,703.0,0.466,0.941,1,23,Current,0, Low ,35522.43
LOAN003562,694.0,0.843,0.942,2,38,Current,0,Medium,697652.59
LOAN003563,657.0,0.594,0.716,1,10,Current,0,Medium,38804.32
LOAN003564,734.0,0.461,0.678,5,180,Defaulted,1,Medium,18192.32
LOAN003565,676.0,0.333,,0,0,Current,0,Low,5978.47
LOAN003566,731.0,0.302,0.525,0,0,Current,0,Low,3201.42
LOAN003567,654.0,0.521,0.711,0,0,Current,0,Low,72767.75
LOAN003568,655.0,0.589,,1,10,Current,0,Medium,17254.01
LOAN003569,612.0,1.109,0.883,9,180,Defaulted,1,High,956267.03
LOAN003570,695.0,0.412,0.552,0,0,Current,0,Low,5558.85
LOAN003571,622.0,0.991,0.843,4,173,DEFAULTED,1,High,258847.54
LOAN003572,774.0,0.347,,0,0,Current,0,Low,2064.73
LOAN003573,661.0,0.472,0.666,0,0,Current,0,Low,10777.12
LOAN003574,670.0,0.499,0.621,0,0,Current,0,Low,30368.94
LOAN003575,680.0,0.39,,0,0,Current,0,Low,4760.32
LOAN003576,632.0,0.786,0.522,3,66,Restructured,0,Medium,266897.25
LOAN003577,747.0,0.254,0.77,1,22,current,0,Low,2926.85
LOAN003578,667.0,0.12,,0,0,CURRENT,0,Low,3774.77
LOAN003579,609.0,0.952,0.661,2,20,Current,0, medium ,549777.26
LOAN003580,709.0,0.362,0.847,0,0,Current,0,Low,7302.68
LOAN003581,634.0,0.399,0.557,1,22,Current,0,Medium,5891.63
LOAN003582,699.0,0.294,0.7,0,0,Current,0,Low,8463.07
LOAN003583,705.0,0.306,,0,0,Current,0,Low,7205.37
LOAN003584,,1.045,0.756,6,180,Defaulted,1,High,436557.41
LOAN003585,660.0,0.692,0.636,4,180,Defaulted,1,High,5278.58
LOAN003586,637.0,0.735,0.696,1,17,Current,0,Medium,415470.15
LOAN003587,714.0,0.617,0.778,0,0,Current,0,Low,96763.54
LOAN003588,685.0,0.993,0.541,1,8,Current,0,Medium,266506.02
LOAN003589,627.0,0.978,0.764,2,135,Written Off,1,High,687993.64
LOAN003590,767.0,0.331,,0,0,Current,0,Low,7435.17
LOAN003591,646.0,0.753,,8,176,Restructured,0,High,39139.59
LOAN003592,716.0,0.537,0.75,0,0,Current,0,Low,34662.53
LOAN003593,713.0,0.611,0.881,0,0,Current,0,Low,71887.09
LOAN003594,613.0,1.115,,6,180,Written Off,1,High,1255960.09
LOAN003595,683.0,0.592,0.574,0,0,Current,0,Low,34565.54
LOAN003596,648.0,0.575,0.631,6,164, defaulted ,1,High,124158.79
LOAN003597,639.0,0.446,0.655,5,150,Defaulted,1,Medium,86688.09
LOAN003598,729.0,0.449,0.869,0,0,Current,0,Low,2150.65
LOAN003599,687.0,0.444,0.538,0,0,Current,0,Low,27964.29
LOAN003600,681.0,0.443,,0,0,Current,0,Low,2836.63
LOAN003601,734.0,0.635,0.525,1,21,Paid Off,0,Low,77909.54
LOAN003602,640.0,0.492,0.691,7,147,Restructured,0,High,40654.74
LOAN003603,711.0,1.007,0.559,1,10,Current,0,Medium,267932.02
LOAN003604,685.0,0.4,,0,0,Current,0,Low,60812.14
LOAN003605,649.0,0.486,0.579,5,147,Defaulted,1,Medium,19790.45
LOAN003606,670.0,0.514,0.864,0,0,Current,0,Low,45460.73
LOAN003607,647.0,0.457,0.594,0,0,Paid Off,0,Low,62259.37
LOAN003608,634.0,0.351,0.58,2,20,Current,0,Medium,81905.83
LOAN003609,610.0,0.421,0.628,9,180,Defaulted,1,High,47497.14
LOAN003610,656.0,0.767,0.678,3,30, Current ,0,Medium,24008.34
LOAN003611,620.0,0.633,0.557,6,180, defaulted ,1,High,211332.7
LOAN003612,629.0,0.275,,2,32,Current,0,Medium,6918.57
LOAN003613,692.0,0.46,0.867,0,0, Current ,0,Low,30236.03
LOAN003614,672.0,1.132,0.784,1,12, current ,0,Medium,842923.26
LOAN003615,724.0,0.476,0.625,0,0,Current,0,Low,5205.65
LOAN003616,695.0,0.64,0.548,0,0,Current,0,Low,45868.74
LOAN003617,670.0,0.551,0.515,0,0,Current,0,Low,23821.27
LOAN003618,655.0,0.897,0.651,7,180,Defaulted,1,High,336591.31
LOAN003619,770.0,0.344,,0,0,Current,0,Low,11129.05
LOAN003620,658.0,0.704,0.635,6,180,Written Off,1,High,245478.07
LOAN003621,687.0,0.513,0.811,1,8,Current,0,Medium,71260.52
LOAN003622,620.0,0.529,0.924,2,46,Current,0,Medium,7742.61
LOAN003623,673.0,0.424,,1,22,Current,0,Low,4124.09
LOAN003624,641.0,1.087,0.689,1,20,Current,0,Medium,633711.46
LOAN003625,610.0,0.642,0.83,4,72,Restructured,0,High,75855.7
LOAN003626,740.0,0.363,,0,0,Current,0,Low,9017.49
LOAN003627,680.0,0.584,0.654,0,0,Paid Off,0,Low,29088.2
LOAN003628,638.0,1.104,0.746,2,44,Paid Off,0,High,1315379.22
LOAN003629,689.0,0.42,0.685,0,0,Current,0,Low,69013.41
LOAN003630,672.0,0.723,0.793,2,16,Current,0,Medium,217335.13
LOAN003631,670.0,0.494,0.535,0,0,Current,0,Low,25195.34
LOAN003632,604.0,0.759,0.6,6,60,Current,0,High,181904.1
LOAN003633,652.0,0.619,,1,20,Current,0,Medium,188345.72
LOAN003634,623.0,0.668,0.912,1,17,Current,0,Medium,237539.57
LOAN003635,661.0,0.933,0.578,3,147,Defaulted,1,High,148502.37
LOAN003636,653.0,0.503,0.816,1,12,Current,0,Medium,22394.82
LOAN003637,614.0,1.011,0.65,2,34,Current,0,High,540876.81
LOAN003638,694.0,0.453,,0,0,Current,0,Low,9902.9
LOAN003639,674.0,0.719,0.501,0,0,Current,0,Medium,336130.67
LOAN003640,,0.659,,2,32,Current,0,Medium,30945.88
LOAN003641,690.0,0.782,,8,180,Defaulted,1,High,49995.67
LOAN003642,608.0,0.883,0.666,3,180,Defaulted,1,High,471893.16
LOAN003643,593.0,0.53,,6,132,Restructured,0,High,20809.13
LOAN003644,715.0,0.697,0.911,1,24,Current,0,Medium,397193.19
LOAN003645,672.0,0.569,0.794,1,9,Current,0,Medium,15982.2
LOAN003646,743.0,0.291,0.893,0,0,Current,0,Low,12628.84
LOAN003647,710.0,,0.811,0,0,Current,0,Low,79426.05
LOAN003648,639.0,0.501,,1,13,Current,0,Medium,56912.39
LOAN003649,670.0,0.542,0.628,0,0,Current,0,Low,57010.15
LOAN003650,694.0,0.876,0.586,6,60,Current,0,High,284222.65
LOAN003651,588.0,0.473,,1,8,Current,0,Medium,8514.61
LOAN003652,706.0,0.303,0.563,0,0,Current,0,Low,3518.9
LOAN003653,686.0,0.425,0.579,0,0,Current,0,Low,4430.92
LOAN003654,666.0,0.531,0.842,0,0,Current,0,Low,7894.71
LOAN003655,672.0,0.933,0.614,0,0,Current,0,Medium,170065.98
LOAN003656,668.0,0.381,0.711,0,0,Current,0,Low,48688.28
LOAN003657,685.0,0.434,0.576,0,0,Current,0,Low,60505.98
LOAN003658,618.0,0.828,0.738,4,52,Current,0,High,371889.13
LOAN003659,685.0,0.585,0.623,0,0,Current,0,Low,99864.67
LOAN003660,664.0,0.675,0.505,0,0,Current,0,Medium,82837.62
LOAN003661,704.0,0.603,0.62,0,0,Current,0,Low,71142.78
LOAN003662,662.0,0.315,,1,22,Current,0,Low,4598.82
LOAN003663,621.0,0.805,0.503,1,17,Current,0,Medium,337959.56
LOAN003664,636.0,0.636,0.922,2,22,Current,0,Medium,433793.02
LOAN003665,668.0,0.654,0.511,0,0,Current,0,Medium,99294.9
LOAN003666,679.0,0.49,0.532,0,0,Current,0,Low,16833.57
LOAN003667,670.0,0.881,0.54,3,48,Current,0,Medium,173473.1
LOAN003668,697.0,0.622,0.81,6,180,Defaulted,1,High,6632.03
LOAN003669,690.0,1.174,0.783,5,45,Current,0,High,506524.41
LOAN003670,657.0,0.735,0.567,3,54,Current,0,Medium,102241.77
LOAN003671,645.0,1.186,0.678,1,25,Current,0,Medium,1612046.94
LOAN003672,681.0,0.807,0.812,4,96,Late,0,Medium,34918.71
LOAN003673,562.0,1.249,0.661,7,180,Defaulted,1,High,795868.12
LOAN003674,701.0,0.347,,0,0,Current,0,Low,10551.63
LOAN003675,701.0,0.271,0.555,0,0,Current,0,Low,3260.74
LOAN003676,579.0,1.35,0.523,9,180,Written Off,1,High,937080.66
LOAN003677,691.0,0.627,0.948,0,0,Current,0,Medium,96122.96
LOAN003678,742.0,0.459,0.819,0,0,Current,0,Low,14928.18
LOAN003679,684.0,0.426,,7,141,Defaulted,1,High,6823.96
LOAN003680,682.0,0.662,,0,0, Current ,0,Medium,200545.12
LOAN003681,700.0,0.613,,0,0,Current,0,Low,162057.72
LOAN003682,707.0,0.782,0.501,5,55,Current,0,Medium,85764.74
LOAN003683,642.0,0.868,0.82,6,72,Late,0,High,685498.23
LOAN003684,704.0,0.435,0.598,0,0,Current,0,Low,47025.02
LOAN003685,730.0,0.526,,0,0,Current,0,Low,10423.55
LOAN003686,713.0,0.663,0.581,0,0,Paid Off,0,Low,86313.55
LOAN003687,676.0,0.851,,3,69,Late,0,Medium,32621.5
LOAN003688,725.0,0.59,0.703,1,22,Current,0,Low,101958.42
LOAN003689,662.0,0.644,0.878,4,180,Defaulted,1,High,101926.8
LOAN003690,764.0,0.394,0.521,0,0,Current,0,Low,14855.67
LOAN003691,705.0,0.341,,0,0,Current,0, low ,9070.11
LOAN003692,720.0,0.324,0.551,0,0,Current,0,Low,41172.91
LOAN003693,656.0,0.618,0.751,9,159,Defaulted,1,High,36305.96
LOAN003694,666.0,0.623,,0,0,Current,0,Medium,149963.83
LOAN003695,703.0,0.276,,0,0,Current,0,Low,4740.83
LOAN003696,661.0,0.305,,1,15,Current,0,Low,6258.33
LOAN003697,673.0,0.41,,0,0,Current,0,Low,2492.12
LOAN003698,826.0,0.271,0.671,0,0,current,0,Low,3593.85
LOAN003699,647.0,0.651,0.605,4,72,Restructured,0,Medium,542635.43
LOAN003700,771.0,0.347,,0,0,Paid Off,0,Low,4290.56
LOAN003701,631.0,0.475,0.729,1,9,Current,0,Medium,13097.89
LOAN003702,708.0,0.376,,0,0,Current,0,Low,4419.67
LOAN003703,561.0,0.809,0.581,3,48,Current,0, high ,59559.27
LOAN003704,632.0,0.701,0.514,7,180,Defaulted,1,High,358908.67
LOAN003705,694.0,0.746,0.817,3,39,Current,0,Medium,62114.97
LOAN003706,644.0,0.505,0.614,2,28,Current,0,Medium,133116.32
LOAN003707,692.0,0.425,0.837,0,0,Current,0,Low,21356.77
LOAN003708,698.0,0.573,,1,11,Current,0,Medium,5760.0
LOAN003709,724.0,0.68,0.876,0,0,Current,0,Low,63329.41
LOAN003710,697.0,0.364,,0,0,Current,0,Low,13055.48
LOAN003711,658.0,0.826,0.541,9,180,Defaulted,1,High,277062.87
LOAN003712,731.0,0.449,,0,0,Current,0,Low,24371.02
LOAN003713,732.0,0.398,0.668,0,0,Current,0,Low,4133.14
LOAN003714,703.0,0.687,0.749,0,0,Current,0,Low,55192.86
LOAN003715,679.0,0.395,0.92,1,23,current,0,Medium,2825.47
LOAN003716,683.0,0.308,0.714,0,0,Current,0,Low,4223.11
LOAN003717,703.0,0.758,0.677,3,33,Paid Off,0,Medium,238253.72
LOAN003718,576.0,0.83,0.786,2,126,Defaulted,1,High,451752.54
LOAN003719,724.0,0.563,0.712,0,0,Current,0,Low,45778.64
LOAN003720,626.0,0.282,0.604,3,180, Defaulted ,1,Medium,6326.07
LOAN003721,669.0,0.6,0.767,3,117,Defaulted,1,Medium,53363.29
LOAN003722,668.0,0.224,0.535,0,0,Current,0,Low,20234.95
LOAN003723,697.0,0.186,,0,0,Current,0,Low,5643.12
LOAN003724,644.0,0.771,0.861,2,77,Defaulted,1,Medium,611986.96
LOAN003725,690.0,0.241,0.719,0,0,Current,0,Low,1977.83
LOAN003726,683.0,0.479,0.913,0,0,Current,0,Low,8688.58
LOAN003727,620.0,0.57,0.595,7,119,Late,0,high,51120.15
LOAN003728,599.0,0.6,,5,95,Late,0,High,28864.78
LOAN003729,757.0,0.344,,0,0,Current,0,Low,6573.6
LOAN003730,712.0,0.523,0.757,0,0,Current,0,LOW,101558.31
LOAN003731,739.0,0.786,,5,180,Defaulted,1,Medium,15541.24
LOAN003732,631.0,0.919,0.668,0,0, Current ,0,Medium,348626.25
LOAN003733,706.0,0.387,,0,0,Current,0,Low,7553.7
LOAN003734,650.0,0.285,,0,0,Current,0,Low,19457.25
LOAN003735,633.0,0.499,,6,84,Late,0,High,10767.67
LOAN003736,657.0,0.953,0.525,8,161,Defaulted,1,High,135709.91
LOAN003737,628.0,0.889,0.667,3,69,Late,0,High,765084.04
LOAN003738,644.0,0.622,0.845,3,66,Current,0,Medium,248614.27
LOAN003739,625.0,0.849,0.833,3,57,Current,0,High,516839.93
LOAN003740,661.0,0.479,0.911,1,20,Current,0,Medium,25845.06
LOAN003741,671.0,0.604,0.911,1,22,Current,0,Medium,58734.0
LOAN003742,683.0,0.74,0.565,2,46,Current,0,Medium,25414.15
LOAN003743,705.0,0.229,0.88,1,11,Paid Off,0,Low,1995.84
LOAN003744,722.0,0.464,0.594,0,0,Current,0,Low,57506.37
LOAN003745,645.0,0.478,0.835,5,180,Defaulted,1,High,60731.75
LOAN003746,738.0,0.429,,0,0,Paid Off,0, Low ,15793.63
LOAN003747,622.0,0.52,,4,80,Late,0,Medium,20457.4
LOAN003748,724.0,0.304,0.52,0,0,Current,0,Low,23202.0
LOAN003749,648.0,0.376,,2,44,Current,0,Medium,33081.61
LOAN003750,705.0,0.566,,0,0,Paid Off,0,Low,1729.48
LOAN003751,727.0,0.347,,0,0,Current,0,Low,4735.38
LOAN003752,664.0,0.283,0.928,0,0,Current,0,Low,2319.46
LOAN003753,685.0,,0.568,0,0,Current,0,Low,1761.92
LOAN003754,697.0,0.412,,0,0,Current,0,Low,4316.15
LOAN003755,627.0,0.831,,4,120,Defaulted,1,High,151585.95
LOAN003756,715.0,0.277,,0,0,Current,0,Low,4388.09
LOAN003757,659.0,0.885,0.594,4,76,Restructured,0,High,176008.96
LOAN003758,681.0,0.539,0.755,0,0,Current,0,Low,39497.74
LOAN003759,777.0,0.227,,0,0,current,0,Low,4402.35
LOAN003760,677.0,1.197,0.659,5,60,Current,0,High,511919.76
LOAN003761,622.0,0.799,,7,180,Defaulted,1,High,94848.54
LOAN003762,609.0,0.815,0.691,5,90,Restructured,0,High,195871.9
LOAN003763,699.0,,0.611,3,131,Defaulted,1,Medium,35293.56
LOAN003764,609.0,0.458,0.927,3,27,Current,0,Medium,307229.47
LOAN003765,601.0,0.716,,0,0,Current,0,Medium,174325.55
LOAN003766,702.0,0.563,,0,0,Current,0,Low,20541.94
LOAN003767,715.0,0.419,0.683,0,0,Current,0,Low,5788.43
LOAN003768,681.0,0.082,,0,0,Current,0,Low,2616.58
LOAN003769,677.0,0.808,,1,16,Current,0,Medium,26989.85
LOAN003770,710.0,0.712,0.707,1,13,Current,0,Medium,39536.86
LOAN003771,743.0,0.423,0.547,0,0,Current,0,Low,27415.67
LOAN003772,688.0,0.563,0.504,0,0,Paid Off,0,Low,57734.7
LOAN003773,659.0,0.889,,2,32,Current,0,Medium,900973.28
LOAN003774,685.0,0.544,,0,0,Current,0,Low,8290.93
LOAN003775,651.0,0.542,0.541,0,0,Current,0,Medium,11856.97
LOAN003776,686.0,0.253,0.59,0,0,Current,0,Low,2751.28
LOAN003777,742.0,0.269,,0,0,Current,0,Low,13161.75
LOAN003778,688.0,0.799,0.915,1,15,Current,0,Medium,293712.88
LOAN003779,563.0,0.977,0.519,3,24,Current,0,High,335855.85
LOAN003780,699.0,0.414,,0,0,Current,0,Low,25465.48
LOAN003781,694.0,0.473,0.89,0,0,Current,0,Low,20529.44
LOAN003782,655.0,0.643,0.547,0,0,Current,0,Medium,81589.77
LOAN003783,664.0,0.082,0.731,0,0,Current,0,Low,1602.64
LOAN003784,720.0,0.386,,1,22,Current,0,Low,16848.31
LOAN003785,657.0,0.709,,0,0,Current,0,Medium,26013.02
LOAN003786,717.0,0.238,,1,10,Current,0, Low ,5029.34
LOAN003787,672.0,0.872,0.707,3,45,Current,0,Medium,247556.08
LOAN003788,583.0,0.975,0.636,8,180,Defaulted,1,High,960855.53
LOAN003789,605.0,1.35,0.58,2,123,Defaulted,1,High,1814154.73
LOAN003790,706.0,0.224,0.894,0,0,Current,0,Low,7670.86
LOAN003791,616.0,0.734,0.806,3,54,Paid Off,0,Medium,186263.82
LOAN003792,648.0,0.809,,6,174,Defaulted,1,High,486280.71
LOAN003793,729.0,0.328,0.752,1,14,Paid Off,0,Low,9291.73
LOAN003794,616.0,0.642,,4,40,Current,0,Medium,14776.72
LOAN003795,620.0,0.968,0.618,6,120,Restructured,0,High,1254546.67
LOAN003796,655.0,0.582,0.518,0,0,Current,0,Medium,40953.14
LOAN003797,618.0,0.393,0.612,1,18,Current,0,Medium,6754.44
LOAN003798,609.0,0.956,0.501,3,63,Late,0,High,428831.22
LOAN003799,702.0,0.417,,0,0,Current,0,Low,5578.41
LOAN003800,639.0,0.758,0.618,5,95,Restructured,0,High,244096.58
LOAN003801,712.0,0.338,,0,0,Paid Off,0,Low,14547.99
LOAN003802,638.0,0.574,,3,30,Current,0,Medium,44441.68
LOAN003803,659.0,0.914,0.732,4,100,Late,0,High,344882.66
LOAN003804,704.0,0.37,0.586,1,11,Current,0,Low,4725.55
LOAN003805,662.0,0.434,0.642,1,16,Current,0,Medium,8146.23
LOAN003806,680.0,0.934,0.635,5,40,Current,0,High,540806.7
LOAN003807,627.0,0.812,,2,16,Current,0,Medium,74833.62
LOAN003808,540.0,1.346,0.514,8,138,Defaulted,1,High,3722861.15
LOAN003809,667.0,0.518,0.57,0,0,Current,0,Low,12765.92
LOAN003810,588.0,0.938,0.695,7,147,Defaulted,1,High,564795.29
LOAN003811,690.0,0.353,0.892,1,17,Current,0,Low,9030.02
LOAN003812,668.0,0.752,0.73,6,96,Late,0,High,144376.76
LOAN003813,692.0,0.848,0.516,3,66,Late,0,Medium,85575.12
LOAN003814,683.0,0.46,0.567,0,0,Paid Off,0,Low,1637.65
LOAN003815,633.0,0.81,0.548,7,119,Restructured,0,High,427080.26
LOAN003816,698.0,0.677,0.799,0,0,Current,0,Medium,89898.59
LOAN003817,,0.948,0.742,8,180,Written Off,1,High,78872.74
LOAN003818,660.0,0.723,0.62,2,36,Current,0,Medium,6107.74
LOAN003819,734.0,0.413,0.674,0,0,Current,0,Low,11689.41
LOAN003820,691.0,0.58,0.819,0,0,Current,0,Low,102161.98
LOAN003821,664.0,0.67,0.582,0,0,Current,0,Medium,33609.11
LOAN003822,680.0,0.417,0.687,0,0,Current,0,Low,10181.44
LOAN003823,697.0,0.139,,0,0,Current,0,Low,1688.43
LOAN003824,661.0,0.88,0.833,4,130,Defaulted,1,High,159555.3
LOAN003825,572.0,0.871,0.657,6,161,Defaulted,1,High,572329.16
LOAN003826,681.0,0.777,0.552,2,38,Current,0,Medium,68705.52
LOAN003827,632.0,1.113,0.552,2,48,Current,0,High,873322.75
LOAN003828,593.0,0.835,0.571,1,21,Current,0,Medium,544219.72
LOAN003829,718.0,1.109,0.703,5,128,Defaulted,1,High,285373.29
LOAN003830,668.0,0.383,,0,0,CURRENT,0,Low,11125.34
LOAN003831,665.0,0.287,,1,23,Current,0,Low,7134.22
LOAN003832,701.0,0.538,0.749,0,0,Current,0,Low,3030.92
LOAN003833,722.0,0.429,0.933,0,0,Current,0,Low,55354.89
LOAN003834,670.0,0.916,0.534,2,26,Current,0,Medium,83617.98
LOAN003835,714.0,0.548,0.633,0,0,Current,0,Low,27209.75
LOAN003836,669.0,0.68,0.675,1,25,current,0,Medium,74403.78
LOAN003837,612.0,0.981,0.635,4,60,Paid Off,0,High,206374.55
LOAN003838,735.0,0.404,,0,0,Current,0,Low,18090.25
LOAN003839,711.0,0.588,0.531,1,17,Current,0,Low,49626.05
LOAN003840,708.0,0.451,0.669,1,20,Current,0,Low,48584.78
LOAN003841,,0.419,,1,13,Current,0,Low,3059.52
LOAN003842,579.0,0.88,0.539,0,0,Current,0,Medium,759605.95
LOAN003843,703.0,0.624,0.538,1,14,Paid Off,0,Medium,8376.69
LOAN003844,678.0,0.514,,0,0,Current,0,Low,11543.69
LOAN003845,703.0,0.602,0.867,1,11,Current,0,Medium,86300.08
LOAN003846,655.0,0.424,0.682,0,0,Current,0,Low,22272.6
LOAN003847,670.0,0.711,,0,0,Current,0,Medium,35705.5
LOAN003848,653.0,1.119,0.783,5,60,Current,0,High,343387.13
LOAN003849,688.0,1.046,0.656,2,26,Current,0,Medium,152340.02
LOAN003850,697.0,0.342,0.519,1,12,Current,0,Low,8773.77
LOAN003851,630.0,1.237,0.683,5,127,Defaulted,1,High,718396.82
LOAN003852,658.0,0.807,0.679,1,9,Current,0,Medium,195131.05
LOAN003853,677.0,0.474,,0,0,Current,0,Low,7760.94
LOAN003854,636.0,0.211,,1,22,Current,0,Low,5370.5
LOAN003855,720.0,0.47,,1,22,Current,0,Low,4329.77
LOAN003856,690.0,0.485,0.64,1,12,Current,0,Low,28432.22
LOAN003857,717.0,0.237,0.672,0,0,Current,0,Low,2757.19
LOAN003858,708.0,0.386,0.729,1,14,Current,0,Low,35775.25
LOAN003859,640.0,0.777,0.51,4,72,Restructured,0,High,176628.04
LOAN003860,696.0,0.335,0.561,0,0,Current,0,Low,23667.39
LOAN003861,745.0,0.296,0.791,1,8,Current,0,Low,49966.08
LOAN003862,620.0,0.462,0.588,9,108,Restructured,0,High,19011.74
LOAN003863,639.0,0.985,0.706,4,111,Defaulted,1,High,598070.08
LOAN003864,556.0,1.063,0.648,6,141,Written Off,1,High,384514.95
LOAN003865,701.0,0.07,0.818,0,0,Current,0,Low,4377.05
LOAN003866,657.0,0.944,0.558,1,17,Current,0,Medium,117415.72
LOAN003867,690.0,0.537,0.641,0,0,Current,0,Low,50531.09
LOAN003868,637.0,0.902,0.542,2,100,Defaulted,1,Medium,787252.44
LOAN003869,664.0,0.578,,0,0,Current,0,Low,33868.73
LOAN003870,759.0,0.281,0.844,0,0,Current,0,Low,4238.91
LOAN003871,687.0,0.47,,0,0,Current,0,Low,11995.22
LOAN003872,707.0,0.487,,1,12,Current,0,Low,6708.2
LOAN003873,667.0,0.408,0.608,0,0,Current,0,Low,6388.76
LOAN003874,644.0,0.744,0.615,8,180,Written Off,1,High,99025.25
LOAN003875,563.0,0.878,0.915,5,180,Defaulted,1,High,341989.15
LOAN003876,681.0,0.645,0.75,0,0,Current,0,Medium,28364.41
LOAN003877,620.0,0.702,0.877,1,9,Current,0,Medium,40911.24
LOAN003878,690.0,0.456,0.785,0,0,Current,0,Low,6422.53
LOAN003879,662.0,0.732,0.747,5,180,Defaulted,1,High,91188.56
LOAN003880,635.0,0.606,,4,44,Current,0,Medium,27811.75
LOAN003881,718.0,0.335,0.564,0,0,Current,0,Low,5029.7
LOAN003882,648.0,0.492,0.685,4,52,Current,0,Medium,170869.16
LOAN003883,652.0,0.599,0.609,0,0, Current ,0,Medium,172376.22
LOAN003884,682.0,0.67,0.593,0,0,Current,0,Medium,45243.85
LOAN003885,716.0,0.476,0.62,1,20,Current,0,Low,33695.17
LOAN003886,682.0,0.642,0.683,0,0,Current,0,Medium,87418.23
LOAN003887,767.0,0.098,0.73,0,0,Current,0,Low,780.34
LOAN003888,663.0,0.336,,1,12,CURRENT,0,Low,10488.95
LOAN003889,753.0,0.202,0.708,0,0,Current,0,Low,6273.46
LOAN003890,616.0,0.521,0.54,4,100,Restructured,0,Medium,43798.24
LOAN003891,617.0,1.168,0.693,3,24,Current,0,High,846032.3
LOAN003892,713.0,0.075,,0,0,Current,0,Low,2057.07
LOAN003893,675.0,0.329,,0,0,Current,0,Low,2836.63
LOAN003894,682.0,0.941,0.949,3,48,Current,0,Medium,1353259.68
LOAN003895,713.0,0.486,0.922,0,0,Current,0,Low,98845.05
LOAN003896,655.0,0.431,0.598,0,0,Current,0,Low,35000.35
LOAN003897,661.0,0.302,0.584,0,0,Current,0,Low,12189.85
LOAN003898,758.0,0.273,,0,0,Current,0,Low,4210.86
LOAN003899,665.0,0.666,0.611,1,21,Current,0,Medium,6669.16
LOAN003900,642.0,0.525,0.525,7,126,Late,0,High,21522.13
LOAN003901,677.0,0.425,0.803,0,0,Current,0,Low,44250.79
LOAN003902,689.0,0.241,0.836,1,11,Current,0,Low,3480.3
LOAN003903,687.0,,0.705,1,20,Current,0,Medium,494348.84
LOAN003904,646.0,0.862,,5,125,Late,0,High,163590.9
LOAN003905,687.0,0.375,0.806,0,0, current ,0,Low,40879.93
LOAN003906,632.0,0.578,,6,180,Defaulted,1,High,38631.34
LOAN003907,615.0,0.967,0.823,5,164,Defaulted,1,High,1017575.68
LOAN003908,687.0,0.674,0.742,0,0,current,0,Medium,37710.78
LOAN003909,687.0,0.342,,1,19,Paid Off,0,Low,7412.83
LOAN003910,677.0,0.856,0.552,1,22,Current,0,Medium,234353.82
LOAN003911,736.0,0.537,0.557,0,0,Current,0,Low,112143.42
LOAN003912,646.0,0.58,,3,48,Current,0,Medium,18111.64
LOAN003913,584.0,0.913,0.775,2,22, current ,0,High,696952.02
LOAN003914,711.0,0.57,0.501,9,180,Defaulted,1,High,6103.99
LOAN003915,736.0,0.401,0.757,8,140,Defaulted,1,High,6494.9
LOAN003916,627.0,0.949,0.731,6,180,Defaulted,1,High,551239.2
LOAN003917,677.0,0.583,0.626,1,18,Current,0,Medium,50452.33
LOAN003918,606.0,1.24,,2,42,Current,0,High,1420898.59
LOAN003919,672.0,0.882,0.766,4,180,Defaulted,1,High,271781.17
LOAN003920,642.0,0.412,0.805,1,110,Defaulted,1,Medium,223417.86
LOAN003921,703.0,0.955,0.62,3,63,Late,0,Medium,175390.91
LOAN003922,671.0,0.536,0.83,0,0,Current,0,Low,47584.46
LOAN003923,729.0,0.627,0.512,0,0,Current,0,Low,18999.0
LOAN003924,622.0,0.573,0.786,8,180,Defaulted,1,High,310054.71
LOAN003925,639.0,0.946,0.646,5,141,Defaulted,1,High,399575.33
LOAN003926,593.0,0.857,0.603,4,36,Current,0,High,905690.52
LOAN003927,632.0,0.752,0.636,8,180,Defaulted,1,High,582243.39
LOAN003928,714.0,0.674,,0,0,Current,0,Low,19877.13
LOAN003929,780.0,0.362,0.664,0,0,Current,0,Low,16955.38
LOAN003930,690.0,0.648,0.597,0,0,Current,0,Low,80519.1
LOAN003931,685.0,0.252,,0,0,Current,0,Low,2793.4
LOAN003932,752.0,0.586,,0,0,Current,0,Low,15959.02
LOAN003933,681.0,0.648,,0,0,Paid Off,0,Low,146352.39
LOAN003934,657.0,0.402,,0,0,Current,0,Low,6583.37
LOAN003935,669.0,0.465,,0,0,Current,0,Low,13125.73
LOAN003936,698.0,0.379,0.734,0,0,Current,0,Low,9578.86
LOAN003937,676.0,0.409,0.855,0,0,Current,0,Low,62532.65
LOAN003938,641.0,0.894,,4,76,Restructured,0,High,34121.7
LOAN003939,707.0,0.294,,1,18,Current,0,Low,7290.82
LOAN003940,732.0,0.43,,1,16,Current,0,Low,7685.13
LOAN003941,622.0,1.35,,2,50,Current,0,High,6619304.64
LOAN003942,663.0,0.432,0.607,7,180,Defaulted,1,High,143185.93
LOAN003943,722.0,0.59,0.816,1,11,Current,0,Low,21370.77
LOAN003944,624.0,0.443,,3,39,Current,0,Medium,25119.89
LOAN003945,632.0,0.571,0.777,3,45,Current,0, MEDIUM ,33624.68
LOAN003946,698.0,0.579,0.666,2,36,Paid Off,0,Medium,56829.11
LOAN003947,593.0,0.833,0.532,4,92,Defaulted,1,High,65184.16
LOAN003948,627.0,0.665,0.857,2,48,Current,0,Medium,350520.72
LOAN003949,720.0,0.472,0.671,0,0,Current,0,Low,16215.17
LOAN003950,683.0,0.623,0.539,0,0,Current,0,Low,10522.34
LOAN003951,597.0,0.864,0.682,2,22,Current,0,Medium,264439.27
LOAN003952,710.0,0.701,0.944,0,0,Paid Off,0,Medium,310088.47
LOAN003953,680.0,0.615,0.58,0,0,current,0,Low,38654.86
LOAN003954,,1.256,0.636,5,131,Defaulted,1,High,1371832.71
LOAN003955,664.0,0.671,0.544,0,0,Current,0,Medium,131927.08
LOAN003956,721.0,0.753,0.605,4,64,Late,0,Medium,98145.79
LOAN003957,674.0,,0.852,4,32,Current,0,High,257719.12
LOAN003958,646.0,0.641,0.708,2,36,Current,0,Medium,11261.08
LOAN003959,689.0,0.226,,0,0,Paid Off,0,Low,10387.59
LOAN003960,730.0,0.714,0.735,0,0,Current,0,Low,60090.23
LOAN003961,736.0,0.319,,0,0, Current ,0,Low,3532.46
LOAN003962,703.0,0.981,0.809,1,11,Paid Off,0,Medium,492746.95
LOAN003963,695.0,0.321,,0,0,Current,0,Low,11038.83
LOAN003964,695.0,0.669,0.716,1,13,Current,0,Medium,57457.26
LOAN003965,583.0,1.129,0.934,2,66,Defaulted,1,High,810377.35
LOAN003966,672.0,0.669,0.578,8,180,Defaulted,1,High,195288.16
LOAN003967,712.0,0.605,0.836,0,0,Current,0,Low,36000.71
LOAN003968,723.0,0.341,,0,0,Current,0,Low,8690.14
LOAN003969,680.0,0.377,,0,0,Paid Off,0,Low,4111.09
LOAN003970,747.0,0.213,0.874,0,0,Current,0,Low,4068.65
LOAN003971,676.0,0.647,0.674,0,0,Current,0,Medium,11352.1
LOAN003972,651.0,0.769,0.758,6,180,Defaulted,1,High,103672.74
LOAN003973,654.0,0.929,0.522,0,0,Paid Off,0,Medium,450121.47
LOAN003974,673.0,0.945,0.74,1,8,Current,0,Medium,273607.05
LOAN003975,757.0,0.21,,0,0,Paid Off,0,Low,2049.26
LOAN003976,620.0,0.986,,4,111,Defaulted,1,High,3493058.55
LOAN003977,640.0,0.246,,4,48,Current,0,Medium,24406.32
LOAN003978,557.0,0.828,0.502,5,180,Defaulted,1,High,662931.18
LOAN003979,645.0,0.866,0.906,5,110,Late,0,High,359567.52
LOAN003980,689.0,1.165,0.642,6,72,Late,0,High,148369.58
LOAN003981,687.0,0.586,,0,0,Current,0,Low,2325.43
LOAN003982,693.0,0.745,0.946,3,45,Current,0,Medium,48960.88
LOAN003983,668.0,0.822,0.535,3,54,Current,0,Medium,169364.46
LOAN003984,664.0,0.743,0.529,2,26,Current,0,Medium,126630.78
LOAN003985,719.0,0.782,0.666,4,96,Current,0,Medium,219466.25
LOAN003986,655.0,0.751,0.937,4,80,Late,0,High,98139.82
LOAN003987,693.0,0.405,0.829,0,0,Current,0,Low,25357.28
LOAN003988,629.0,0.406,,3,30,Current,0,Medium,15290.73
LOAN003989,662.0,0.508,,0,0,Current,0,Low,12513.22
LOAN003990,,0.629,,5,65,Late,0,Medium,37305.25
LOAN003991,683.0,0.68,,1,14,Current,0,Medium,113561.47
LOAN003992,683.0,0.348,,1,22,Current,0,Low,4097.7
LOAN003993,677.0,0.414,0.552,0,0,Current,0,Low,11703.05
LOAN003994,667.0,0.802,0.906,7,180,Defaulted,1,High,39554.9
LOAN003995,663.0,0.755,0.908,1,12,Current,0,Medium,210931.47
LOAN003996,656.0,0.702,0.611,0,0,Current,0,Medium,26157.0
LOAN003997,657.0,0.705,0.904,0,0,Current,0,Medium,19773.38
LOAN003998,660.0,0.413,,0,0,Current,0,Low,5404.32
LOAN003999,615.0,0.912,0.601,3,54,Current,0,High,1148013.0
LOAN004000,682.0,0.525,0.577,9,159,Defaulted,1,High,73591.86
LOAN004001,654.0,0.661,0.54,0,0,Current,0,Medium,120821.88
LOAN004002,670.0,0.27,0.6,0,0,Current,0,Low,18292.33
LOAN004003,699.0,0.329,0.834,0,0,Current,0,Low,1517.43
LOAN004004,683.0,0.509,0.908,0,0,Current,0,Low,37075.88
LOAN004005,562.0,0.865,,0,0, Current ,0,Medium,33107.0
LOAN004006,632.0,0.525,0.903,3,76,Defaulted,1,Medium,144155.66
LOAN004007,648.0,0.594,0.569,2,46,Current,0,Medium,16983.89
LOAN004008,666.0,0.679,0.81,0,0,Current,0,Medium,47466.79
LOAN004009,679.0,0.622,,1,12,Current,0,Medium,24989.3
LOAN004010,695.0,0.512,0.508,0,0,Current,0,Low,31450.8
LOAN004011,626.0,0.489,0.885,2,26,Current,0,Medium,38344.15
LOAN004012,732.0,0.646,0.581,0,0,Current,0,Low,45855.31
LOAN004013,675.0,0.8,0.743,4,64,Restructured,0,Medium,105936.71
LOAN004014,641.0,0.854,0.681,3,36,Current,0,Medium,74273.18
LOAN004015,699.0,0.506,,0,0,Current,0,Low,37845.38
LOAN004016,653.0,0.86,0.786,4,92,Late,0,High,242172.46
LOAN004017,652.0,0.69,0.506,0,0,Current,0,Medium,141583.91
LOAN004018,639.0,0.584,,4,32,Current,0,Medium,30166.04
LOAN004019,654.0,0.779,,2,30,Current,0,Medium,40151.26
LOAN004020,679.0,0.636,,0,0,Current,0,Low,12272.45
LOAN004021,621.0,1.053,0.581,4,60,Current,0,High,787557.82
LOAN004022,685.0,0.274,0.605,2,32,Current,0,Low,9101.42
LOAN004023,702.0,0.654,0.522,0,0,Paid Off,0,Low,36823.65
LOAN004024,732.0,0.499,0.536,0,0,Current,0,Low,25363.68
LOAN004025,738.0,0.591,0.904,7,180,Defaulted,1,High,31203.35
LOAN004026,650.0,0.713,0.735,0,0,Current,0, Medium ,37656.83
LOAN004027,684.0,0.359,0.787,0,0,Current,0,Low,8946.29
LOAN004028,693.0,0.598,0.645,0,0,Current,0,Low,93539.96
LOAN004029,636.0,0.847,0.707,4,179,Written Off,1,High,93023.85
LOAN004030,686.0,1.137,,2,46,Current,0,Medium,1345400.86
LOAN004031,743.0,0.258,,0,0,Current,0,Low,3410.28
LOAN004032,656.0,0.362,,0,0,Current,0,Low,15653.79
LOAN004033,638.0,0.785,0.692,1,16,Current,0,Medium,799250.17
LOAN004034,590.0,0.508,0.807,1,14,Current,0,Medium,58894.14
LOAN004035,673.0,0.437,,2,42,Current,0,MEDIUM,6313.02
LOAN004036,,0.767,,5,180,Defaulted,1,High,285298.22
LOAN004037,704.0,0.474,0.54,0,0,Current,0,Low,14760.37
LOAN004038,702.0,0.379,0.673,0,0,Current,0,Low,38767.55
LOAN004039,644.0,0.776,,6,72,Current,0,High,69524.86
LOAN004040,643.0,0.689,0.651,6,124,Defaulted,1,High,180034.55
LOAN004041,612.0,0.804,,5,138,Defaulted,1,High,915284.31
LOAN004042,710.0,0.315,,0,0,Current,0,Low,3313.47
LOAN004043,618.0,0.802,,2,26,Current,0, medium ,270012.08
LOAN004044,655.0,0.286,,0,0,Current,0,Low,7251.55
LOAN004045,706.0,0.336,,0,0,Current,0,Low,9293.44
LOAN004046,644.0,0.448,,1,11,Current,0,Medium,14809.61
LOAN004047,624.0,0.668,,3,24,Current,0,Medium,219770.55
LOAN004048,622.0,0.816,0.538,3,36,Current,0,Medium,263668.33
LOAN004049,746.0,0.439,,0,0,Current,0,Low,3749.36
LOAN004050,637.0,0.762,0.517,8,180,Defaulted,1,High,155042.96
LOAN004051,659.0,0.787,0.621,2,40,Current,0,Medium,843754.62
LOAN004052,643.0,1.115,0.669,1,10,Current,0,Medium,743496.15
LOAN004053,736.0,0.63,0.62,0,0,Current,0,Low,18287.2
LOAN004054,713.0,0.137,,1,9,Current,0,Low,2400.72
LOAN004055,606.0,1.178,0.814,8,167,Defaulted,1,High,714393.82
LOAN004056,708.0,0.673,0.853,6,180,Written Off,1,High,183793.19
LOAN004057,644.0,0.786,0.548,4,177,Defaulted,1,High,25199.03
LOAN004058,662.0,0.765,0.541,3,63,Restructured,0,Medium,312318.32
LOAN004059,744.0,0.46,0.947,0,0,Current,0,Low,97337.53
LOAN004060,686.0,0.766,0.618,4,84,Restructured,0,Medium,70990.13
LOAN004061,622.0,0.715,0.882,3,72,Late,0,Medium,253410.43
LOAN004062,,0.652,,3,63,Restructured,0,Medium,34950.41
LOAN004063,693.0,,,0,0,Current,0,Low,74188.2
LOAN004064,694.0,0.269,0.524,0,0,Current,0,Low,6743.19
LOAN004065,588.0,0.952,,1,8,Current,0,Medium,236184.83
LOAN004066,699.0,0.363,,1,16,Current,0,Low,5725.19
LOAN004067,702.0,0.247,,0,0,Current,0,Low,6433.44
LOAN004068,688.0,0.877,0.821,5,100,Late,0,High,441132.65
LOAN004069,741.0,0.25,,0,0,Current,0,Low,4473.16
LOAN004070,640.0,0.696,0.69,3,130,Defaulted,1,Medium,160658.61
LOAN004071,612.0,0.682,0.568,3,30,Current,0,Medium,279999.23
LOAN004072,720.0,0.48,,0,0,Current,0,Low,4599.32
LOAN004073,691.0,0.325,0.783,0,0,Current,0,Low,2720.33
LOAN004074,735.0,0.28,,5,174,Defaulted,1,Medium,7820.16
LOAN004075,684.0,0.846,0.832,1,20,Current,0,Medium,207242.08
LOAN004076,651.0,1.35,0.559,1,21,Current,0,High,1093940.24
LOAN004077,747.0,0.41,0.664,0,0,Current,0,Low,47496.72
LOAN004078,622.0,0.372,,2,36,Current,0,Medium,18559.91
LOAN004079,,1.23,0.541,3,39,Current,0,High,286253.49
LOAN004080,716.0,0.29,,0,0,Current,0,Low,3812.8
LOAN004081,653.0,0.432,,0,0,Current,0,Low,4762.89
LOAN004082,678.0,0.533,0.53,1,12,Current,0,Medium,14872.26
LOAN004083,686.0,0.592,0.742,0,0,Paid Off,0,Low,12299.36
LOAN004084,695.0,0.447,0.774,0,0,Current,0,Low,27674.95
LOAN004085,667.0,0.575,0.808,1,20,current,0,Medium,6833.85
LOAN004086,654.0,0.341,,0,0,Current,0,Low,2272.85
LOAN004087,699.0,0.68,0.626,0,0,Current,0,Low,64286.28
LOAN004088,669.0,0.475,,0,0,Current,0,Low,23356.44
LOAN004089,681.0,0.583,0.526,0,0, Current ,0,Low,23821.08
LOAN004090,643.0,0.716,0.885,1,16,Current,0,Medium,392764.37
LOAN004091,746.0,0.492,0.925,0,0,Current,0,Low,8663.53
LOAN004092,656.0,0.812,0.83,8,180,Defaulted,1,High,261424.61
LOAN004093,659.0,0.719,0.58,0,0, Current ,0,Medium,65977.08
LOAN004094,684.0,0.512,0.812,0,0,Current,0,Low,7857.01
LOAN004095,607.0,0.72,0.724,1,9,Current,0,Medium,88907.09
LOAN004096,647.0,0.248,0.515,4,60,Paid Off,0,Medium,10728.2
LOAN004097,690.0,0.657,,0,0,Current,0,Low,61106.78
LOAN004098,689.0,0.702,0.565,0,0,Current,0,Medium,44728.8
LOAN004099,703.0,0.667,,0,0,Current,0,Low,49873.37
LOAN004100,663.0,0.761,,4,72,Restructured,0,Medium,64156.32
LOAN004101,709.0,0.375,0.614,7,180,defaulted,1,Medium,6173.92
LOAN004102,673.0,0.67,0.516,0,0,Paid Off,0,Medium,98393.18
LOAN004103,646.0,0.611,0.528,0,0,Current,0,Medium,28199.16
LOAN004104,695.0,0.697,0.87,1,25,Current,0,Medium,145295.24
LOAN004105,,0.452,0.635,0,0,Current,0,Low,9205.52
LOAN004106,644.0,0.667,0.62,2,42,Current,0,Medium,230331.38
LOAN004107,738.0,0.295,0.516,6,153,Defaulted,1,Medium,12484.44
LOAN004108,692.0,0.209,,0,0,Current,0,Low,1512.17
LOAN004109,682.0,0.518,,0,0,Current,0,Low,35000.63
LOAN004110,638.0,0.398,0.626,0,0,Current,0,Low,5335.62
LOAN004111,638.0,0.325,0.858,1,13,Current,0,Medium,40871.0
LOAN004112,720.0,0.479,0.596,0,0,Current,0,Low,6099.04
LOAN004113,623.0,0.572,0.61,3,150,Defaulted,1,Medium,80344.35
LOAN004114,696.0,0.245,,0,0,Paid Off,0,Low,6474.5
LOAN004115,678.0,0.643,0.716,0,0,Current,0,Medium,81090.46
LOAN004116,596.0,1.121,0.595,2,44,Current,0,High,1065991.77
LOAN004117,722.0,0.462,0.9,0,0, Current ,0,Low,6529.33
LOAN004118,655.0,0.565,0.527,0,0,Current,0,Medium,170425.31
LOAN004119,611.0,0.953,0.534,2,16,Current,0,Medium,285355.0
LOAN004120,740.0,0.6,0.691,1,23,Paid Off,0,Low,60696.33
LOAN004121,677.0,1.122,0.529,5,120,Restructured,0,High,117252.9
LOAN004122,693.0,0.483,0.537,0,0,Current,0,Low,57702.2
LOAN004123,692.0,0.566,0.673,0,0,Current,0,Low,7215.75
LOAN004124,666.0,0.185,,0,0,Current,0,Low,2764.32
LOAN004125,653.0,0.318,0.707,1,25,Current,0,Low,2026.24
LOAN004126,708.0,0.323,0.82,0,0,Current,0,Low,2999.19
LOAN004127,708.0,0.275,0.588,0,0,Current,0,Low,3928.8
LOAN004128,731.0,0.195,,0,0,Current,0,Low,3580.24
LOAN004129,730.0,0.506,0.546,0,0,Current,0,Low,24968.8
LOAN004130,663.0,0.615,0.913,0,0,Current,0,Medium,17491.83
LOAN004131,727.0,0.815,0.731,0,0, current ,0,Medium,367659.41
LOAN004132,722.0,0.265,0.728,0,0,Paid Off,0, Low ,5157.65
LOAN004133,699.0,0.371,0.82,1,12,Current,0,Low,29310.6
LOAN004134,679.0,0.377,0.76,0,0,Current,0,Low,34337.47
LOAN004135,659.0,0.415,0.663,0,0, paid off ,0,Low,1792.44
LOAN004136,717.0,0.35,,0,0,Current,0,Low,8977.17
LOAN004137,689.0,0.731,,6,96,Restructured,0,High,15784.22
LOAN004138,665.0,0.723,0.648,7,63,Late,0,High,83875.97
LOAN004139,589.0,1.1,0.553,1,19,Paid Off,0,Medium,1293121.15
LOAN004140,656.0,0.518,0.703,0,0,Current,0,Low,64526.85
LOAN004141,645.0,0.84,0.708,2,28,Current,0, Medium ,92040.5
LOAN004142,734.0,0.446,0.511,0,0,Current,0,Low,6574.12
LOAN004143,679.0,0.593,0.579,0,0,Current,0,Low,10275.68
LOAN004144,608.0,0.387,,4,68,Late,0,Medium,14234.45
LOAN004145,683.0,0.585,0.653,0,0,Current,0,Low,10460.85
LOAN004146,672.0,0.834,,3,89,Defaulted,1,Medium,33312.03
LOAN004147,602.0,0.915,0.85,1,9,Current,0,Medium,619425.54
LOAN004148,659.0,0.684,0.846,0,0,Current,0,Medium,103287.34
LOAN004149,687.0,0.418,0.899,1,14,Current,0,Low,38382.15
LOAN004150,682.0,0.322,0.666,0,0,Current,0,Low,3122.58
LOAN004151,637.0,0.528,,1,23,Current,0,Medium,57692.06
LOAN004152,643.0,0.347,0.549,6,84,Late,0,Medium,2562.61
LOAN004153,632.0,0.614,,0,0,Paid Off,0,Medium,19813.99
LOAN004154,637.0,0.626,,2,46,Paid Off,0,Medium,251856.12
LOAN004155,606.0,0.798,0.508,3,144,Written Off,1,High,155623.02
LOAN004156,685.0,0.579,0.826,0,0,Current,0,Low,55133.83
LOAN004157,681.0,0.462,,0,0,Current,0,Low,46890.8
LOAN004158,722.0,0.209,,1,11,Paid Off,0,Low,4710.82
LOAN004159,741.0,0.463,0.853,0,0,Current,0,Low,5756.29
LOAN004160,663.0,0.716,,0,0,Current,0,Medium,18929.37
LOAN004161,713.0,0.933,0.901,1,14,Current,0,Medium,731242.73
LOAN004162,724.0,0.389,0.845,0,0,Current,0,Low,5087.48
LOAN004163,668.0,0.601,0.745,0,0,Current,0,Medium,61802.98
LOAN004164,714.0,0.401,,0,0,Current,0,Low,19659.89
LOAN004165,678.0,0.174,,1,19,Current,0,Low,2685.2
LOAN004166,691.0,0.73,0.636,3,63,Restructured,0,Medium,106500.39
LOAN004167,698.0,0.276,,0,0,Current,0,Low,3414.76
LOAN004168,658.0,0.693,0.511,2,40,Current,0,Medium,127837.2
LOAN004169,678.0,0.538,0.934,0,0,Current,0,Low,240741.9
LOAN004170,728.0,0.332,,0,0,Paid Off,0,Low,4335.51
LOAN004171,634.0,0.886,0.619,2,40,Current,0,Medium,208497.06
LOAN004172,565.0,1.35,0.544,2,26,Current,0,High,692953.81
LOAN004173,655.0,0.482,0.67,0,0,Current,0,Low,6161.23
LOAN004174,692.0,0.788,,2,62,Defaulted,1,medium,335833.93
LOAN004175,639.0,0.388,,0,0,Current,0,Low,10292.79
LOAN004176,671.0,0.426,0.567,0,0,Paid Off,0,Low,43366.35
LOAN004177,605.0,0.847,0.558,4,64,Restructured,0,High,946006.97
LOAN004178,678.0,0.606,0.515,0,0,Current,0,Low,18545.69
LOAN004179,705.0,0.564,,0,0,Current,0,Low,10714.86
LOAN004180,630.0,0.576,0.684,2,50, current ,0,Medium,25381.51
LOAN004181,711.0,0.396,0.595,1,21,Current,0,Low,9994.55
LOAN004182,670.0,0.694,0.531,0,0,Current,0,Medium,5980.88
LOAN004183,628.0,0.545,0.657,0,0,Current,0,Medium,55053.93
LOAN004184,686.0,0.292,,0,0,Current,0,Low,4763.84
LOAN004185,639.0,0.892,,5,40,Current,0,High,834535.64
LOAN004186,660.0,0.603,0.755,0,0,Paid Off,0,Medium,335815.88
LOAN004187,668.0,0.487,,1,19,Current,0,Medium,10594.15
LOAN004188,674.0,0.586,0.602,0,0,Current,0,Low,12514.27
LOAN004189,674.0,0.568,0.803,0,0,Current,0,Low,94615.85
LOAN004190,664.0,0.31,0.592,1,24,Current,0,Low,27332.66
LOAN004191,676.0,0.694,0.928,0,0,Current,0,Medium,231497.6
LOAN004192,774.0,0.345,,0,0,Paid Off,0,Low,4118.54
LOAN004193,613.0,1.029,0.77,4,64,Restructured,0,High,781785.56
LOAN004194,665.0,0.548,0.808,0,0,Current,0,Medium,17040.43
LOAN004195,656.0,0.303,0.619,0,0,Current,0,Low,4627.97
LOAN004196,661.0,0.411,0.546,1,10,Paid Off,0,Low,18002.88
LOAN004197,650.0,0.855,0.803,4,96,Late,0,High,100020.1
LOAN004198,751.0,0.427,0.631,0,0,Current,0,Low,23668.64
LOAN004199,796.0,0.185,,0,0,Current,0,Low,825.73
LOAN004200,698.0,0.551,0.715,0,0,Current,0,Low,117584.95
LOAN004201,627.0,0.631,0.531,5,120,Late,0,High,69309.31
LOAN004202,665.0,0.455,0.806,0,0,Paid Off,0,Low,43498.63
LOAN004203,695.0,0.329,0.566,0,0,Paid Off,0,Low,42042.9
LOAN004204,691.0,0.743,0.63,5,70,Current,0,Medium,290013.29
LOAN004205,706.0,0.521,,0,0,Current,0,Low,5880.07
LOAN004206,670.0,0.459,0.652,4,123,Defaulted,1,Medium,4238.57
LOAN004207,673.0,0.695,0.817,0,0,Current,0,Medium,329032.51
LOAN004208,625.0,0.957,0.535,2,36,Current,0,Medium,189694.44
LOAN004209,655.0,0.704,0.535,0,0,Current,0,Medium,89493.32
LOAN004210,645.0,0.893,0.79,2,34,Paid Off,0,Medium,200818.3
LOAN004211,747.0,0.4,,0,0,Current,0,Low,11336.77
LOAN004212,667.0,0.539,,0,0,Current,0,Low,8092.64
LOAN004213,628.0,0.716,0.562,4,56,Current,0,Medium,468546.39
LOAN004214,713.0,0.338,,0,0,Current,0,Low,9275.95
LOAN004215,679.0,0.547,0.848,0,0,Current,0,Low,7928.38
LOAN004216,670.0,0.333,0.647,0,0,Current,0,Low,20481.44
LOAN004217,617.0,0.938,0.55,6,180,Defaulted,1,High,182748.25
LOAN004218,577.0,0.861,,4,32,Current,0,High,86145.2
LOAN004219,589.0,0.548,0.858,3,72,Restructured,0,Medium,61346.93
LOAN004220,688.0,0.634,0.564,0,0,Current,0,Low,430539.03
LOAN004221,722.0,0.319,,0,0,Current,0,Low,6560.55
LOAN004222,683.0,0.927,0.648,2,65,Defaulted,1,Medium,310113.76
LOAN004223,708.0,0.466,0.655,0,0,Current,0,Low,56136.92
LOAN004224,613.0,0.842,0.665,2,46,Current,0,Medium,550966.8
LOAN004225,723.0,0.626,0.724,8,180,Defaulted,1,High,54377.25
LOAN004226,727.0,0.396,,0,0,Current,0,Low,18976.26
LOAN004227,641.0,0.708,0.586,4,40,Current,0,Medium,297042.59
LOAN004228,622.0,0.863,,1,123,written off,1,Medium,1359298.25
LOAN004229,625.0,0.733,0.571,4,72,Late,0,High,204514.77
LOAN004230,620.0,0.688,0.637,3,27,Current,0,Medium,168618.33
LOAN004231,783.0,0.792,0.656,3,36,Current,0,Medium,61345.07
LOAN004232,632.0,0.711,0.518,4,180,Defaulted,1,High,27236.4
LOAN004233,654.0,0.759,0.617,5,40,Paid Off,0,High,57839.25
LOAN004234,701.0,0.505,0.701,0,0,Current,0,Low,63447.62
LOAN004235,646.0,0.474,0.615,2,48,Current,0,Medium,98903.14
LOAN004236,697.0,0.623,0.565,4,174,Defaulted,1,Medium,59732.86
LOAN004237,715.0,0.563,0.565,0,0,Current,0,Low,67844.86
LOAN004238,655.0,0.465,,4,139,Defaulted,1,Medium,5834.51
LOAN004239,669.0,0.532,0.825,0,0,Current,0,Low,50665.6
LOAN004240,664.0,0.768,,8,120,Late,0,High,465682.1
LOAN004241,706.0,0.768,,2,22,Current,0,Medium,19363.28
LOAN004242,609.0,0.79,0.656,5,139,Defaulted,1,High,324096.34
LOAN004243,668.0,0.656,0.715,0,0,Paid Off,0,Medium,86361.55
LOAN004244,613.0,0.545,0.91,7,180,Defaulted,1,High,143248.43
LOAN004245,704.0,0.22,0.602,0,0,Current,0,Low,2475.76
LOAN004246,681.0,0.399,,0,0,Current,0,Low,5962.67
LOAN004247,,0.227,0.556,1,19,Current,0,Low,2258.72
LOAN004248,591.0,0.916,,4,72,Current,0,High,344027.02
LOAN004249,701.0,0.458,0.731,1,12,Current,0,Low,12818.28
LOAN004250,565.0,0.599,0.512,2,26,Current,0,Medium,49479.07
LOAN004251,678.0,1.002,0.542,2,34,Current,0,Medium,189279.68
LOAN004252,611.0,0.54,0.899,3,63,Late,0,Medium,206800.99
LOAN004253,672.0,0.76,0.699,3,66,Late,0,Medium,37227.16
LOAN004254,714.0,0.509,,0,0,Current,0,Low,8077.92
LOAN004255,715.0,0.819,0.728,3,102,Defaulted,1,Medium,127224.98
LOAN004256,723.0,0.515,,0,0,Current,0,Low,4206.57
LOAN004257,634.0,0.61,0.737,3,30,Current,0,Medium,15984.75
LOAN004258,691.0,0.361,,0,0,Current,0,Low,14518.03
LOAN004259,682.0,0.638,0.719,7,180,Defaulted,1,High,125715.19
LOAN004260,661.0,0.389,0.562,0,0,Current,0,Low,37453.06
LOAN004261,714.0,0.679,0.934,1,13,Current,0,Medium,21064.86
LOAN004262,,0.888,0.621,3,72,Current,0,Medium,493427.6
LOAN004263,633.0,0.434,,4,56,Current,0,Medium,61957.25
LOAN004264,715.0,0.327,0.878,1,17,Paid Off,0,Low,3568.77
LOAN004265,677.0,0.534,0.807,0,0,Current,0,Low,73572.49
LOAN004266,660.0,0.645,0.665,1,17,Current,0,Medium,11989.37
LOAN004267,642.0,0.545,0.585,2,22,Paid Off,0,Medium,156903.72
LOAN004268,716.0,0.614,0.535,0,0,Current,0,Low,82659.65
LOAN004269,654.0,0.524,0.543,0,0,Current,0,Low,40256.29
LOAN004270,635.0,0.412,0.631,4,48,Current,0,Medium,11270.27
LOAN004271,684.0,0.572,,0,0,Current,0,Low,15937.3
LOAN004272,657.0,0.686,0.583,0,0,Current,0,Medium,27667.66
LOAN004273,621.0,0.639,0.577,2,18,Current,0,Medium,240054.95
LOAN004274,614.0,0.756,0.698,4,60,Current,0,High,312823.57
LOAN004275,738.0,0.524,0.828,0,0,Paid Off,0,Low,57502.0
LOAN004276,649.0,0.823,0.749,4,56,Current,0,High,595909.66
LOAN004277,715.0,0.385,0.755,2,40,Current,0,Medium,24675.66
LOAN004278,677.0,0.479,0.547,0,0,Current,0,Low,41042.73
LOAN004279,710.0,0.502,0.888,0,0,Current,0,Low,63876.25
LOAN004280,699.0,0.536,0.551,0,0,Current,0,Low,54888.46
LOAN004281,698.0,0.524,,1,8,Current,0,Low,5044.27
LOAN004282,599.0,0.327,0.657,3,72,Current,0,Medium,42805.68
LOAN004283,735.0,0.494,0.809,0,0,Current,0,Low,32897.44
LOAN004284,613.0,0.569,,2,30,Current,0,Medium,61842.47
LOAN004285,739.0,0.398,0.807,0,0,Paid Off,0,Low,15822.26
LOAN004286,744.0,0.33,0.587,0,0,Current,0,Low,73736.43
LOAN004287,691.0,0.478,0.641,1,19,Current,0,Low,81252.27
LOAN004288,643.0,0.419,0.702,2,44,Current,0,Medium,41353.6
LOAN004289,615.0,0.715,0.518,2,18,Current,0,Medium,272245.75
LOAN004290,664.0,0.912,0.538,3,30,Current,0,Medium,294389.39
LOAN004291,601.0,0.61,0.619,5,40,Current,0,High,207974.61
LOAN004292,685.0,0.636,0.71,2,42,Current,0,Medium,41576.11
LOAN004293,576.0,1.048,0.802,3,27,Current,0,High,231187.28
LOAN004294,650.0,0.585,,0,0,Current,0,Medium,10146.74
LOAN004295,648.0,0.713,0.614,2,32,Current,0,Medium,340720.54
LOAN004296,722.0,0.452,,2,42,Current,0,Medium,19135.42
LOAN004297,616.0,1.032,0.61,5,60,Current,0,High,894297.1
LOAN004298,714.0,0.418,,1,11,Current,0,Low,9117.32
LOAN004299,694.0,0.327,0.873,0,0,Current,0,Low,4071.86
LOAN004300,735.0,0.264,,0,0,Current,0,Low,7805.74
LOAN004301,698.0,0.593,0.551,0,0,Paid Off,0,Low,9758.73
LOAN004302,653.0,0.565,0.625,0,0,Current,0,Medium,32766.46
LOAN004303,648.0,0.697,0.874,2,24,Current,0,Medium,389473.34
LOAN004304,743.0,0.432,0.651,0,0,Current,0,Low,104560.72
LOAN004305,704.0,0.691,0.633,0,0,Current,0,Low,95037.18
LOAN004306,698.0,0.562,0.657,0,0,Current,0,Low,174612.04
LOAN004307,632.0,0.92,0.686,5,180,Defaulted,1,High,574128.07
LOAN004308,659.0,0.929,0.792,5,65,Late,0,High,142812.93
LOAN004309,671.0,0.739,0.515,1,9,Current,0,Medium,38406.27
LOAN004310,640.0,0.831,,3,51,Current,0,Medium,731751.88
LOAN004311,683.0,0.73,0.826,2,48,Current,0,Medium,47736.99
LOAN004312,633.0,0.529,0.615,6,78,Late,0,High,18920.41
LOAN004313,697.0,0.329,0.513,1,25,Current,0,Low,28010.45
LOAN004314,667.0,0.815,0.924,4,56,Current,0,Medium,44086.19
LOAN004315,691.0,0.329,0.575,0,0,Current,0,low,10059.76
LOAN004316,679.0,0.52,0.752,0,0,Current,0,Low,232562.56
LOAN004317,704.0,0.384,,0,0,Paid Off,0,Low,9570.32
LOAN004318,654.0,0.639,,0,0,Paid Off,0,Medium,17149.6
LOAN004319,688.0,0.156,,0,0,Current,0,Low,5274.22
LOAN004320,731.0,0.262,,1,15,Current,0,Low,1160.6
LOAN004321,629.0,0.82,0.651,4,80,Late,0,High,344009.42
LOAN004322,699.0,0.738,0.799,4,44,Current,0,Medium,7910.47
LOAN004323,609.0,0.513,0.512,3,75,Late,0,Medium,25467.95
LOAN004324,711.0,0.64,,0,0,Current,0,Low,23706.42
LOAN004325,601.0,0.932,,4,100,Late,0,High,1152742.54
LOAN004326,584.0,0.783,0.61,6,126,Defaulted,1,High,294446.01
LOAN004327,627.0,0.848,0.547,1,22,Current,0,Medium,618423.57
LOAN004328,738.0,0.158,0.55,1,23,Current,0,Low,8874.15
LOAN004329,640.0,0.743,0.872,5,40,Current,0,High,106852.17
LOAN004330,643.0,0.542,0.533,3,45,Current,0,Medium,297117.83
LOAN004331,675.0,0.836,,1,21,Current,0,Medium,484267.19
LOAN004332,709.0,0.486,0.837,2,18,Current,0,Medium,9018.05
LOAN004333,658.0,0.711,0.928,0,0,Current,0,Medium,208202.04
LOAN004334,664.0,0.602,0.936,0,0,Current,0,Medium,9444.63
LOAN004335,661.0,0.657,0.664,0,0,Current,0,Medium,65218.54
LOAN004336,612.0,1.302,0.784,6,180,Defaulted,1,High,1226955.28
LOAN004337,667.0,0.604,0.512,1,23,PAID OFF,0,Medium,71250.08
LOAN004338,688.0,0.683,0.575,0,0,Current,0,Medium,240310.64
LOAN004339,727.0,0.57,0.65,0,0, Current ,0,Low,120759.46
LOAN004340,697.0,0.318,,1,14,Current,0,Low,9221.74
LOAN004341,637.0,0.732,0.9,4,92,Late,0,High,120918.0
LOAN004342,700.0,1.196,0.762,9,180,DEFAULTED,1,High,510746.86
LOAN004343,674.0,0.736,0.508,6,114,Late,0,High,25991.62
LOAN004344,706.0,0.357,0.585,0,0,Current,0,Low,4282.18
LOAN004345,685.0,0.288,,0,0,Current,0,Low,9075.2
LOAN004346,589.0,0.676,,3,24,Current,0,Medium,50150.46
LOAN004347,632.0,0.601,0.505,0,0,Paid Off,0,Medium,270197.83
LOAN004348,571.0,1.204,0.514,6,157,Defaulted,1,High,615845.47
LOAN004349,647.0,0.757,,1,21,Current,0,Medium,77253.91
LOAN004350,664.0,0.677,0.936,1,23,Current,0,Medium,90002.38
LOAN004351,722.0,0.331,,0,0,Current,0,Low,2861.26
LOAN004352,652.0,0.719,0.769,1,16,Current,0,Medium,120755.51
LOAN004353,664.0,0.809,0.565,4,64,Late,0,Medium,8243.85
LOAN004354,632.0,0.995,0.812,7,141,Written Off,1,High,761036.24
LOAN004355,646.0,0.653,0.636,3,45,Current,0, medium ,95920.67
LOAN004356,601.0,0.527,0.529,4,52,Current,0,Medium,8957.02
LOAN004357,703.0,0.54,0.658,4,170,Defaulted,1,Medium,30189.04
LOAN004358,658.0,0.542,0.653,0,0,Current,0,low,33490.48
LOAN004359,705.0,0.334,0.944,1,15,Current,0,Low,2615.06
LOAN004360,725.0,0.132,,0,0,Current,0,Low,1281.45
LOAN004361,656.0,0.47,0.614,0,0,Current,0,Low,82346.22
LOAN004362,641.0,0.96,0.806,4,88,Late,0,High,613906.35
LOAN004363,693.0,0.671,,0,0,Current,0,Low,169095.88
LOAN004364,652.0,0.714,0.647,0,0,Current,0,Medium,7486.57
LOAN004365,680.0,0.449,,0,0,Current,0,Low,6266.35
LOAN004366,656.0,,,1,15,Current,0,Medium,21139.1
LOAN004367,678.0,0.452,0.77,0,0,Current,0,Low,111870.04
LOAN004368,540.0,1.313,0.504,7,180,Written Off,1,High,613775.84
LOAN004369,660.0,0.626,0.763,1,13,Current,0,Medium,67520.59
LOAN004370,754.0,0.459,0.517,0,0,Current,0, low ,27504.33
LOAN004371,709.0,0.55,,0,0,Current,0,Low,2822.55
LOAN004372,724.0,0.532,0.73,0,0,Current,0,Low,52340.12
LOAN004373,637.0,0.311,0.52,2,48,Current,0,Medium,90011.95
LOAN004374,670.0,0.549,0.617,0,0,Current,0,Low,103790.67
LOAN004375,728.0,0.206,,0,0,Current,0,Low,4273.07
LOAN004376,735.0,0.181,0.775,0,0,Current,0, Low ,5122.97
LOAN004377,659.0,0.365,0.698,0,0,Current,0,Low,7652.85
LOAN004378,639.0,1.092,0.882,4,32,Paid Off,0,High,946906.18
LOAN004379,643.0,1.021,,5,157,Defaulted,1,High,2073069.57
LOAN004380,661.0,0.297,,0,0,Paid Off,0,Low,7639.42
LOAN004381,672.0,0.607,0.702,0,0,Current,0,Medium,88559.92
LOAN004382,713.0,0.644,0.847,0,0,Current,0,Low,9880.69
LOAN004383,618.0,,,4,121,Defaulted,1,medium,20554.33
LOAN004384,692.0,0.362,,0,0,Current,0,Low,21958.11
LOAN004385,703.0,0.224,0.806,0,0,Current,0,Low,2701.3
LOAN004386,723.0,0.66,0.783,0,0,Current,0,Low,20102.74
LOAN004387,641.0,0.52,0.807,3,33,Paid Off,0,Medium,16366.37
LOAN004388,655.0,0.36,0.652,1,8,Current,0,Low,7408.11
LOAN004389,621.0,0.729,,5,115,Restructured,0,High,347222.8
LOAN004390,,0.416,0.506,0,0,Current,0,Low,3985.72
LOAN004391,657.0,0.589,,0,0,Current,0,Medium,22766.76
LOAN004392,709.0,0.511,0.799,1,24,Current,0,Low,13141.59
LOAN004393,669.0,0.579,0.542,0,0,Current,0,Low,54402.74
LOAN004394,622.0,0.694,,7,153,Defaulted,1,High,280854.75
LOAN004395,660.0,0.37,,0,0,Current,0,Low,2564.17
LOAN004396,658.0,0.579,0.743,0,0,Current,0,Medium,81525.59
LOAN004397,664.0,0.345,0.52,0,0,Current,0,Low,4297.64
LOAN004398,667.0,0.316,0.918,1,11,Current,0,Low,3371.32
LOAN004399,721.0,0.299,0.577,0,0,Paid Off,0,Low,20882.52
LOAN004400,709.0,0.594,0.609,0,0,Current,0,Low,40058.7
LOAN004401,596.0,0.666,0.832,5,40,Current,0,High,32763.46
LOAN004402,681.0,0.461,0.551,0,0,Current,0,Low,2524.03
LOAN004403,707.0,0.392,,0,0,Current,0,Low,10817.9
LOAN004404,706.0,0.475,0.517,2,46,Current,0,Medium,7538.48
LOAN004405,775.0,0.546,0.745,0,0,Current,0,Low,58137.16
LOAN004406,649.0,0.82,,8,180,Defaulted,1,High,85454.94
LOAN004407,671.0,0.473,0.552,0,0,Current,0,Low,9100.52
LOAN004408,704.0,0.517,,2,30,Current,0,Medium,12988.03
LOAN004409,618.0,0.736,0.738,3,45,Current,0,Medium,443557.7
LOAN004410,699.0,0.629,0.615,1,11,Current,0,Medium,129913.68
LOAN004411,629.0,0.866,,3,33,Current,0,Medium,309068.96
LOAN004412,722.0,0.411,0.816,0,0,Current,0,Low,8717.13
LOAN004413,738.0,0.5,0.528,1,24,Paid Off,0,Low,22517.99
LOAN004414,674.0,0.5,0.681,1,25,Current,0,Medium,3639.94
LOAN004415,674.0,0.497,,0,0,Current,0,Low,14149.22
LOAN004416,721.0,0.55,0.707,0,0,Current,0,Low,120156.21
LOAN004417,690.0,0.602,,0,0,Current,0,Low,12149.77
LOAN004418,598.0,0.73,0.541,9,180,Defaulted,1,High,155784.98
LOAN004419,703.0,0.364,0.528,0,0,Current,0,Low,17349.47
LOAN004420,637.0,0.96,0.624,3,27,current,0,Medium,715231.37
LOAN004421,673.0,0.376,,1,128,Defaulted,1,Medium,3714.67
LOAN004422,714.0,0.634,0.56,1,11,Current,0,Medium,105388.14
LOAN004423,628.0,0.745,0.855,3,36,Current,0,Medium,20369.91
LOAN004424,645.0,0.817,0.539,0,0,Current,0,Medium,749357.12
LOAN004425,749.0,0.583,0.607,0,0,Current,0,Low,98274.85
LOAN004426,688.0,0.458,0.645,0,0,Current,0,Low,3412.14
LOAN004427,774.0,0.228,,0,0,Current,0,Low,770.13
LOAN004428,741.0,0.652,0.681,5,95,Defaulted,1,Medium,170475.84
LOAN004429,682.0,0.591,0.521,1,16,Current,0,Medium,129255.43
LOAN004430,686.0,0.248,0.642,0,0,Current,0,Low,30910.86
LOAN004431,580.0,0.581,0.595,6,175,Defaulted,1,High,77066.1
LOAN004432,656.0,0.468,,0,0,Current,0,Low,8111.32
LOAN004433,678.0,,,0,0,Current,0,Low,6643.57
LOAN004434,669.0,0.877,0.531,0,0,Current,0,Medium,103945.28
LOAN004435,667.0,0.624,0.711,0,0,Current,0,Medium,75939.92
LOAN004436,629.0,0.606,0.515,0,0,Current,0,Medium,247908.87
LOAN004437,657.0,0.696,0.553,0,0,Current,0,Medium,123912.14
LOAN004438,600.0,1.106,0.912,4,96,Restructured,0,High,1001373.23
LOAN004439,671.0,0.755,,4,48,Current,0,Medium,63329.7
LOAN004440,681.0,0.312,0.887,0,0,Current,0,Low,24937.32
LOAN004441,623.0,0.724,0.662,0,0,Current,0,Medium,1290971.32
LOAN004442,659.0,0.561,0.658,0,0,current,0,Medium,108360.56
LOAN004443,646.0,0.578,,3,54,Current,0,Medium,49516.35
LOAN004444,678.0,0.898,0.883,3,51,Paid Off,0,Medium,373807.08
LOAN004445,624.0,0.7,0.917,4,80,Late,0,High,127413.15
LOAN004446,711.0,0.278,0.691,1,8,Current,0,Low,6767.02
LOAN004447,625.0,0.78,0.535,6,120,Restructured,0,High,154761.06
LOAN004448,720.0,0.556,0.814,1,22,Current,0,Low,123487.21
LOAN004449,665.0,0.305,,0,0,Current,0,Low,1571.32
LOAN004450,625.0,0.659,,2,34,Current,0,Medium,287166.91
LOAN004451,703.0,0.853,0.507,5,90,Restructured,0,High,265732.07
LOAN004452,668.0,0.6,0.696,0,0,Current,0,Medium,43128.54
LOAN004453,726.0,0.642,0.542,0,0,Current,0,Low,145445.5
LOAN004454,607.0,1.35,0.555,9,180,Defaulted,1,High,1934324.63
LOAN004455,681.0,0.411,,0,0, PAID OFF ,0,Low,3618.84
LOAN004456,655.0,0.745,,2,42,Current,0,Medium,21721.06
LOAN004457,754.0,0.59,,5,135,Defaulted,1,Medium,41878.54
LOAN004458,754.0,0.102,,0,0,Current,0,Low,8839.32
LOAN004459,645.0,0.331,0.821,1,18,Paid Off,0,Medium,10725.71
LOAN004460,625.0,0.635,0.743,3,63,Current,0,Medium,120484.98
LOAN004461,693.0,0.194,0.599,0,0,Current,0,Low,2637.93
LOAN004462,624.0,0.713,0.608,3,39,Current,0,Medium,27266.33
LOAN004463,642.0,0.927,0.876,5,40,Current,0,High,2001932.24
LOAN004464,734.0,0.404,0.683,0,0,Current,0,Low,19965.93
LOAN004465,709.0,0.31,0.659,0,0,Current,0,Low,2031.77
LOAN004466,727.0,0.351,,0,0,Current,0,Low,4059.67
LOAN004467,617.0,0.496,0.598,1,10,Current,0,Medium,69563.44
LOAN004468,700.0,0.487,0.684,0,0,Current,0,Low,39467.72
LOAN004469,700.0,0.527,0.861,0,0,Current,0,Low,38078.16
LOAN004470,721.0,0.518,0.539,0,0,Paid Off,0,Low,6191.34
LOAN004471,671.0,0.754,,5,95,Restructured,0,High,23006.66
LOAN004472,694.0,0.66,0.757,0,0,Current,0,Low,90871.87
LOAN004473,688.0,0.835,0.701,6,134,Defaulted,1,High,238106.34
LOAN004474,699.0,0.357,0.637,0,0,Current,0,Low,3308.77
LOAN004475,648.0,0.59,0.929,3,75,Current,0,Medium,211167.16
LOAN004476,659.0,0.893,0.518,6,96,Restructured,0,High,112772.15
LOAN004477,621.0,1.16,0.943,6,128,Defaulted,1,High,1818852.36
LOAN004478,679.0,0.487,0.599,0,0,Current,0,Low,21564.8
LOAN004479,657.0,0.369,0.594,0,0,Current,0,Low,3222.33
LOAN004480,621.0,0.82,0.512,2,48,Current,0,Medium,265104.97
LOAN004481,729.0,0.584,0.657,0,0,Paid Off,0,Low,89660.43
LOAN004482,684.0,0.483,0.895,0,0,Current,0,Low,103215.84
LOAN004483,684.0,0.656,0.501,3,137,Defaulted,1,Medium,5040.6
LOAN004484,635.0,1.086,0.64,4,40,Current,0,High,713677.88
LOAN004485,720.0,0.371,0.769,0,0,Current,0,Low,12224.57
LOAN004486,649.0,0.732,0.505,5,45,Current,0,High,68767.17
LOAN004487,714.0,0.73,0.601,1,13,Current,0,Medium,122352.01
LOAN004488,617.0,0.517,,5,115,Late,0,High,57780.07
LOAN004489,629.0,0.883,0.828,4,99,Written Off,1,High,363532.99
LOAN004490,721.0,0.49,0.681,0,0,Current,0,Low,17582.62
LOAN004491,720.0,0.562,0.673,0,0,Current,0,Low,4253.38
LOAN004492,552.0,0.963,0.564,2,112,Written Off,1,High,997654.61
LOAN004493,683.0,0.12,,0,0,Current,0,Low,1119.53
LOAN004494,732.0,0.277,,0,0,Current,0,Low,5126.66
LOAN004495,678.0,0.466,0.794,0,0,Current,0,Low,6531.64
LOAN004496,651.0,0.86,0.512,6,54,Current,0,High,165395.27
LOAN004497,697.0,0.407,,0,0,Current,0,Low,7235.24
LOAN004498,751.0,0.572,,1,13,Current,0,Low,16799.76
LOAN004499,687.0,0.727,0.575,4,84,Late,0,Medium,115512.85
LOAN004500,624.0,0.704,,2,22,Current,0,Medium,73970.63
LOAN004501,695.0,0.229,0.522,0,0,Current,0,Low,4950.2
LOAN004502,,0.555,,0,0,Current,0,Low,24229.01
LOAN004503,696.0,0.995,0.566,3,60,Current,0,Medium,843512.92
LOAN004504,634.0,0.884,0.654,0,0,Current,0,Medium,265734.38
LOAN004505,657.0,0.764,0.639,4,88,Late,0,Medium,176255.73
LOAN004506,725.0,0.357,0.855,0,0,Current,0,Low,4515.07
LOAN004507,696.0,0.695,,6,161,Defaulted,1,high,225480.61
LOAN004508,596.0,0.905,0.532,4,36,Current,0,High,755572.87
LOAN004509,667.0,0.301,,0,0,Current,0,Low,6036.88
LOAN004510,663.0,0.483,0.806,0,0,Current,0,Low,99490.29
LOAN004511,711.0,0.616,0.802,2,40,Current,0,Medium,77529.07
LOAN004512,722.0,0.824,,1,14,Current,0,Medium,353767.83
LOAN004513,668.0,0.316,,0,0,Paid Off,0,Low,2964.84
LOAN004514,740.0,0.216,0.929,0,0,Current,0,Low,2054.18
LOAN004515,734.0,0.242,0.768,0,0,Current,0,Low,1974.17
LOAN004516,628.0,1.01,0.684,1,15,Current,0, medium ,787831.76
LOAN004517,684.0,0.431,,0,0,Current,0,Low,11875.59
LOAN004518,716.0,0.267,0.931,0,0,Current,0,Low,39562.18
LOAN004519,680.0,0.555,0.933,0,0,Current,0,Low,10070.91
LOAN004520,685.0,0.791,0.508,2,20,Current,0,Medium,75095.11
LOAN004521,676.0,0.469,,0,0,Current,0,Low,12903.69
LOAN004522,675.0,0.352,,0,0,Current,0,Low,6930.73
LOAN004523,612.0,0.706,0.702,8,152,Restructured,0,High,25316.16
LOAN004524,685.0,0.412,0.919,0,0,Current,0,Low,53399.45
LOAN004525,660.0,0.756,,4,32,Paid Off,0,Medium,9244.19
LOAN004526,683.0,0.178,0.755,0,0,Current,0,Low,1496.65
LOAN004527,641.0,0.689,0.808,1,20,Current,0,Medium,96920.68
LOAN004528,631.0,0.97,0.537,1,11,Current,0,Medium,337789.17
LOAN004529,712.0,0.431,0.543,0,0,Paid Off,0,Low,74616.61
LOAN004530,,0.786,0.883,1,24,Current,0,Medium,388484.41
LOAN004531,729.0,0.199,0.515,0,0,Current,0,Low,10279.05
LOAN004532,598.0,0.67,,7,180,Defaulted,1,High,19455.41
LOAN004533,682.0,0.455,,0,0,Current,0,Low,2063.85
LOAN004534,746.0,0.247,0.95,0,0,Current,0,Low,5535.72
LOAN004535,668.0,0.821,0.64,3,105,Defaulted,1,Medium,93367.95
LOAN004536,708.0,0.498,0.657,0,0,Paid Off,0,Low,55307.92
LOAN004537,652.0,0.686,0.544,0,0,Current,0,Medium,306016.05
LOAN004538,565.0,1.32,0.752,7,180,Defaulted,1,High,1161532.72
LOAN004539,659.0,0.543,0.693,0,0,Current,0,Low,62070.05
LOAN004540,668.0,0.253,,0,0,Current,0,Low,1974.95
LOAN004541,781.0,0.638,0.591,0,0, Paid Off ,0,Low,81310.26
LOAN004542,682.0,0.485,0.633,0,0,Current,0,Low,27003.41
LOAN004543,634.0,0.594,0.618,2,26,CURRENT,0,Medium,152469.15
LOAN004544,661.0,0.579,0.595,1,18,Current,0,Medium,61437.97
LOAN004545,741.0,0.305,0.792,0,0,Current,0,Low,2362.7
LOAN004546,716.0,0.506,0.831,0,0,Current,0,Low,36881.29
LOAN004547,673.0,0.297,0.746,0,0,Current,0,Low,9740.72
LOAN004548,666.0,0.518,0.654,0,0,Current,0,Low,25925.26
LOAN004549,597.0,0.94,0.885,4,80,Restructured,0,High,320438.08
LOAN004550,713.0,0.304,0.501,0,0,Current,0,Low,22340.93
LOAN004551,683.0,,,0,0,Current,0,Low,2442.23
LOAN004552,653.0,0.477,0.56,0,0,Current,0,Low,21569.62
LOAN004553,685.0,0.633,0.742,6,180,Defaulted,1,High,79628.13
LOAN004554,691.0,0.457,0.673,0,0,Current,0,Low,130123.16
LOAN004555,678.0,0.574,0.817,0,0,Current,0,Low,29951.87
LOAN004556,632.0,1.0,0.841,6,180,Defaulted,1,High,477396.47
LOAN004557,615.0,0.826,0.922,3,27,Current,0,Medium,678091.1
LOAN004558,714.0,0.463,0.908,0,0,Current,0,Low,97241.34
LOAN004559,733.0,0.526,0.536,2,40,Current,0,Medium,1589.13
LOAN004560,755.0,0.434,,1,21,Current,0,Low,13992.79
LOAN004561,760.0,0.481,0.895,0,0,Current,0,Low,58667.33
LOAN004562,695.0,0.47,,0,0,Current,0,Low,8476.31
LOAN004563,645.0,0.495,0.578,7,161,Restructured,0,High,23387.64
LOAN004564,669.0,0.181,0.657,0,0,Current,0,Low,32723.84
LOAN004565,640.0,0.569,0.596,5,90,Restructured,0,Medium,74815.12
LOAN004566,672.0,0.666,0.637,0,0,Current,0,Medium,16535.32
LOAN004567,615.0,0.523,,6,84,Late,0,High,14799.93
LOAN004568,686.0,0.402,0.718,0,0,Current,0,Low,6554.13
LOAN004569,745.0,,0.75,2,32,Current,0,Low,6548.99
LOAN004570,705.0,0.272,,1,21,Current,0,Low,5159.38
LOAN004571,726.0,0.453,0.878,1,12,Current,0,Low,6249.52
LOAN004572,717.0,0.108,0.726,0,0,Current,0,Low,1027.51
LOAN004573,645.0,0.439,0.565,4,84,Late,0,Medium,219992.31
LOAN004574,676.0,0.561,0.752,1,12,Current,0,Medium,11303.72
LOAN004575,709.0,0.326,0.505,0,0,Current,0,Low,1309.9
LOAN004576,726.0,0.463,0.5,0,0, CURRENT ,0,Low,4005.17
LOAN004577,681.0,0.48,0.896,1,24,Current,0,Medium,43585.69
LOAN004578,621.0,0.917,0.558,3,63,Late,0,High,390311.97
LOAN004579,685.0,,0.923,0,0,Current,0,Low,43155.05
LOAN004580,623.0,0.641,,3,69,Restructured,0,Medium,877912.31
LOAN004581,616.0,1.213,0.717,2,16,Current,0,High,1138003.41
LOAN004582,,1.092,0.576,4,96,Current,0,High,249588.86
LOAN004583,669.0,0.473,0.686,0,0,Current,0,Low,35352.43
LOAN004584,627.0,0.461,,5,100,Late,0,Medium,19085.29
LOAN004585,734.0,0.602,,0,0,Current,0,Low,11351.3
LOAN004586,594.0,1.052,0.713,2,50,Current,0,High,970423.3
LOAN004587,695.0,0.338,,0,0,Current,0,Low,6131.34
LOAN004588,665.0,0.927,0.746,4,93,Defaulted,1,High,159710.89
LOAN004589,631.0,0.768,0.669,0,0,Current,0,Medium,319038.29
LOAN004590,670.0,0.668,0.674,2,36,Current,0,Medium,8904.25
LOAN004591,722.0,0.59,0.546,0,0,Current,0,Low,10783.13
LOAN004592,822.0,0.168,,0,0,Current,0,Low,3563.39
LOAN004593,625.0,0.762,0.627,4,138,Defaulted,1,High,322193.01
LOAN004594,605.0,0.671,0.679,4,36,Paid Off,0,Medium,132869.83
LOAN004595,717.0,0.258,0.739,0,0,Current,0,Low,11210.41
LOAN004596,673.0,0.887,0.829,3,63,Late,0,Medium,176043.26
LOAN004597,662.0,0.549,0.683,0,0,Current,0,Low,83205.79
LOAN004598,714.0,0.511,0.597,0,0, Current ,0,Low,28370.89
LOAN004599,642.0,0.417,,2,20,Paid Off,0,Medium,44791.66
LOAN004600,729.0,0.373,0.877,0,0,Current,0,Low,1620.73
LOAN004601,657.0,0.296,0.783,0,0,Current,0,Low,10983.55
LOAN004602,642.0,0.134,0.531,3,158,Defaulted,1,Medium,5418.49
LOAN004603,702.0,0.474,0.797,1,17,Current,0,Low,20646.46
LOAN004604,677.0,0.408,0.708,0,0,Current,0,Low,77756.67
LOAN004605,704.0,0.584,,0,0,Current,0,Low,11582.43
LOAN004606,716.0,0.515,0.916,0,0,Current,0,Low,51526.57
LOAN004607,646.0,0.829,0.61,3,33,Current,0,Medium,399712.51
LOAN004608,759.0,0.417,,1,8,Current,0,Low,44476.94
LOAN004609,658.0,0.659,0.591,0,0,Current,0,Medium,154295.65
LOAN004610,640.0,0.969,,5,141,Defaulted,1,High,682683.59
LOAN004611,632.0,0.304,0.931,2,50,Current,0,Medium,12051.91
LOAN004612,,0.662,0.776,1,13,Current,0,Medium,99294.77
LOAN004613,713.0,0.643,,0,0,Current,0,Low,8914.02
LOAN004614,679.0,0.752,0.719,2,42,Current,0,Medium,71290.56
LOAN004615,659.0,0.877,0.532,3,57,Paid Off,0,Medium,305012.76
LOAN004616,621.0,0.855,0.515,2,22,Current,0,Medium,296236.18
LOAN004617,689.0,0.408,0.732,0,0,Current,0,Low,3294.87
LOAN004618,724.0,0.342,,0,0,Current,0,Low,10647.86
LOAN004619,644.0,0.608,,2,30,Current,0,Medium,360445.19
LOAN004620,730.0,0.456,0.638,1,13,Current,0,Low,5965.05
LOAN004621,698.0,0.408,,0,0,Current,0,Low,22193.5
LOAN004622,672.0,0.779,0.556,1,11,Current,0,Medium,182669.66
LOAN004623,631.0,0.667,0.558,4,109,Defaulted,1,High,59218.26
LOAN004624,665.0,0.616,,0,0,Current,0,Medium,9101.64
LOAN004625,695.0,0.492,,0,0,Current,0,Low,23958.25
LOAN004626,687.0,0.262,,0,0,Paid Off,0,Low,5325.51
LOAN004627,718.0,,0.854,5,180,Defaulted,1,High,281732.5
LOAN004628,670.0,0.312,0.922,0,0,Current,0,Low,795.56
LOAN004629,730.0,0.515,,0,0,Current,0,Low,8327.25
LOAN004630,767.0,0.594,0.804,0,0,Current,0,Low,82305.63
LOAN004631,570.0,1.35,0.738,2,50,Current,0,High,1712632.76
LOAN004632,640.0,0.603,0.826,3,36,Current,0,Medium,342120.48
LOAN004633,664.0,0.636,,0,0,Current,0, Medium ,43332.04
LOAN004634,772.0,0.245,,1,9,Current,0,Low,8065.57
LOAN004635,605.0,0.83,0.641,5,115,LATE,0,High,383963.41
LOAN004636,678.0,0.546,0.685,5,118,Defaulted,1,Medium,18788.49
LOAN004637,623.0,0.903,0.81,4,36,Current,0,High,354533.23
LOAN004638,574.0,0.71,0.599,4,72,Late,0,High,570127.87
LOAN004639,732.0,0.597,,0,0,Current,0,Low,24636.02
LOAN004640,716.0,0.712,0.809,0,0,Current,0,Low,72581.1
LOAN004641,615.0,0.702,0.952,2,40,Paid Off,0,Medium,535233.15
LOAN004642,676.0,0.791,0.841,2,16,Current,0,Medium,221812.93
LOAN004643,647.0,0.828,,6,125,Defaulted,1,High,892930.03
LOAN004644,636.0,0.775,,1,19,Paid Off,0,MEDIUM,61696.7
LOAN004645,634.0,1.093,0.641,3,42,Current,0,High,1005826.61
LOAN004646,722.0,0.714,0.806,0,0,Current,0,Low,439428.72
LOAN004647,647.0,0.862,0.666,1,18,Current,0,Medium,49334.34
LOAN004648,630.0,0.714,0.611,0,0,Current,0,Medium,744695.77
LOAN004649,700.0,0.553,,0,0,Paid Off,0,Low,8437.6
LOAN004650,656.0,0.833,0.694,2,36,Current,0,Medium,124969.54
LOAN004651,670.0,0.427,0.747,1,13,Current,0,Medium,28917.27
LOAN004652,786.0,0.122,0.527,0,0,Current,0,Low,1754.57
LOAN004653,618.0,1.052,0.849,2,50,Current,0,High,227875.37
LOAN004654,620.0,0.951,0.655,6,180,Defaulted,1,High,1094655.8
LOAN004655,640.0,0.618,0.838,3,60,Current,0,Medium,40951.39
LOAN004656,674.0,0.757,0.759,2,32,Current,0,Medium,44070.91
LOAN004657,662.0,0.626,0.546,0,0,Current,0,Medium,83969.88
LOAN004658,689.0,0.529,0.523,2,28,Current,0,Medium,54078.46
LOAN004659,588.0,0.69,0.504,3,42,Current,0, medium ,511650.2
LOAN004660,741.0,0.372,0.604,0,0,Current,0,Low,4589.56
LOAN004661,649.0,0.739,0.588,1,25,Current,0, medium ,23390.04
LOAN004662,665.0,0.672,0.824,0,0,Current,0,Medium,111612.37
LOAN004663,,0.705,0.877,2,133,Defaulted,1,Medium,194605.55
LOAN004664,798.0,0.438,0.534,1,23,Current,0,Low,120985.53
LOAN004665,721.0,0.225,,0,0,Current,0,Low,3954.15
LOAN004666,652.0,0.61,0.833,1,9,Current,0,Medium,19306.99
LOAN004667,619.0,0.508,,1,20,Current,0,Medium,39142.25
LOAN004668,645.0,0.958,,4,80,Late,0,High,809832.36
LOAN004669,687.0,0.389,0.519,0,0,Current,0,Low,12894.2
LOAN004670,687.0,0.662,0.675,0,0,Current,0,Medium,81594.23
LOAN004671,729.0,0.436,0.5,0,0,Current,0,Low,3848.71
LOAN004672,726.0,0.778,0.668,4,48,Current,0,Medium,45456.78
LOAN004673,671.0,0.428,,1,25,Current,0,Medium,9501.42
LOAN004674,684.0,0.509,0.686,0,0,Current,0, Low ,19907.95
LOAN004675,560.0,0.82,0.6,2,20,Current,0,Medium,127895.05
LOAN004676,698.0,0.331,0.61,0,0, current ,0,Low,6395.78
LOAN004677,604.0,0.66,0.723,2,24,Paid Off,0,Medium,60329.06
LOAN004678,736.0,0.675,,1,18,Current,0,Low,8773.65
LOAN004679,740.0,0.272,0.516,0,0,Current,0,Low,5011.03
LOAN004680,685.0,0.368,,0,0,Current,0,Low,8142.62
LOAN004681,658.0,0.49,0.786,1,17,Paid Off,0,Medium,31722.59
LOAN004682,665.0,0.706,0.775,0,0,Current,0,Medium,142302.82
LOAN004683,614.0,1.039,0.501,6,126,Defaulted,1,High,355889.63
LOAN004684,730.0,0.485,0.582,0,0,Current,0,Low,19986.01
LOAN004685,665.0,0.401,,0,0,Current,0,Low,10862.1
LOAN004686,689.0,0.691,0.747,0,0,Paid Off,0,Medium,88327.98
LOAN004687,672.0,0.486,0.705,0,0, current ,0,Low,71855.65
LOAN004688,734.0,0.394,,0,0,Current,0,Low,4189.49
LOAN004689,666.0,0.464,0.737,1,13,Current,0,Medium,71937.05
LOAN004690,676.0,0.347,0.597,0,0,Current,0,Low,14988.14
LOAN004691,713.0,0.503,0.811,0,0,Current,0,Low,24450.18
LOAN004692,583.0,0.598,,5,115,Restructured,0,High,34455.48
LOAN004693,646.0,0.892,0.901,1,104,Defaulted,1,Medium,648827.68
LOAN004694,631.0,0.727,0.621,5,100,Late,0,High,392438.22
LOAN004695,682.0,0.193,0.528,0,0,Current,0, low ,1977.98
LOAN004696,657.0,0.515,0.583,0,0,Paid Off,0,Low,6311.55
LOAN004697,629.0,0.844,0.592,4,115,Defaulted,1,High,323797.11
LOAN004698,647.0,0.814,,3,42,Paid Off,0,Medium,14464.23
LOAN004699,573.0,1.289,,3,57,Current,0,High,1455489.49
LOAN004700,626.0,0.969,0.53,3,57,Current,0,High,391793.01
LOAN004701,637.0,0.9,0.852,2,46,Current,0,Medium,269455.19
LOAN004702,598.0,1.133,0.7,3,27,Current,0,High,719379.41
LOAN004703,615.0,0.738,0.601,7,98,Late,0,High,321838.48
LOAN004704,693.0,0.587,0.556,0,0,Current,0,Low,73326.17
LOAN004705,605.0,1.058,0.529,5,169,Defaulted,1,High,839148.31
LOAN004706,713.0,0.641,0.664,0,0,Current,0,Low,74335.66
LOAN004707,541.0,0.913,0.913,3,106,Defaulted,1,High,308655.68
LOAN004708,646.0,0.493,0.666,2,26,Current,0,Medium,22504.2
LOAN004709,670.0,0.698,0.569,0,0,Paid Off,0,Medium,141986.08
LOAN004710,638.0,0.482,0.905,1,11,Paid Off,0,Medium,24178.59
LOAN004711,754.0,0.487,,0,0,Current,0,Low,3365.49
LOAN004712,682.0,0.366,0.727,0,0,Paid Off,0,Low,1638.73
LOAN004713,727.0,0.152,,0,0,Current,0,Low,3257.69
LOAN004714,675.0,0.784,0.745,2,30,Current,0,Medium,80087.4
LOAN004715,686.0,0.5,0.577,1,16,Current,0,Medium,9819.67
LOAN004716,669.0,0.742,0.909,2,22,Current,0,Medium,87898.63
LOAN004717,666.0,0.639,0.689,1,16,Current,0,Medium,58887.04
LOAN004718,742.0,0.572,0.796,3,131,Defaulted,1,Medium,14982.48
LOAN004719,598.0,1.084,0.582,8,96,Restructured,0,High,579196.85
LOAN004720,729.0,0.493,,0,0,Current,0,Low,14874.84
LOAN004721,649.0,0.257,0.717,1,8,Current,0, LOW ,10439.5
LOAN004722,686.0,0.47,0.693,0,0,Current,0,Low,12160.49
LOAN004723,742.0,0.51,0.55,0,0,CURRENT,0,Low,2178.37
LOAN004724,654.0,0.288,,0,0,Paid Off,0,Low,3280.71
LOAN004725,695.0,0.296,,0,0,Current,0,Low,4925.79
LOAN004726,662.0,0.207,,0,0,Current,0,Low,2753.91
LOAN004727,649.0,0.626,0.701,7,180,Defaulted,1,High,202224.99
LOAN004728,697.0,0.488,0.508,0,0,Current,0,Low,12320.52
LOAN004729,614.0,0.853,0.89,4,115,Defaulted,1,High,277098.32
LOAN004730,675.0,0.68,0.898,0,0,Current,0,Medium,68962.49
LOAN004731,716.0,0.477,0.642,0,0,Current,0,Low,12693.78
LOAN004732,671.0,0.361,,0,0,Current,0,Low,11927.97
LOAN004733,681.0,0.346,0.506,0,0,Current,0,Low,5335.57
LOAN004734,684.0,0.542,0.871,1,13,Current,0,Medium,66196.31
LOAN004735,670.0,0.638,0.539,0,0,Current,0,Medium,100790.47
LOAN004736,685.0,0.788,0.781,5,55,Paid Off,0,High,311037.6
LOAN004737,622.0,0.943,0.584,3,45,Current,0,High,378029.43
LOAN004738,755.0,0.229,,0,0,Current,0,Low,5950.83
LOAN004739,698.0,0.651,,1,16,Current,0,Medium,31269.47
LOAN004740,615.0,0.694,0.66,6,126,Late,0,High,32804.1
LOAN004741,639.0,0.985,0.937,3,39,Current,0,High,645643.93
LOAN004742,660.0,0.389,0.539,0,0,Current,0,Low,11535.01
LOAN004743,676.0,0.814,0.541,1,9,Current,0,Medium,57641.73
LOAN004744,751.0,0.36,,0,0,Current,0,Low,22195.9
LOAN004745,677.0,0.516,0.522,0,0,Current,0,Low,33778.75
LOAN004746,683.0,0.722,0.911,5,125,current,0,High,104306.95
LOAN004747,717.0,0.553,0.523,0,0,Current,0,Low,101020.33
LOAN004748,676.0,0.599,,5,148,Written Off,1,Medium,11784.09
LOAN004749,701.0,0.246,,0,0,Current,0, low ,5277.49
LOAN004750,660.0,0.515,,0,0,Current,0,Low,84804.55
LOAN004751,715.0,0.383,0.911,0,0,Current,0, Low ,182554.29
LOAN004752,699.0,0.595,0.764,1,15,Current,0,Medium,39648.28
LOAN004753,743.0,0.354,0.543,0,0,Current,0,Low,20315.29
LOAN004754,582.0,0.73,0.943,2,114,Written Off,1,High,366916.67
LOAN004755,690.0,0.369,0.599,0,0,Current,0,Low,17195.82
LOAN004756,700.0,0.684,0.621,0,0,Current,0,Low,25598.16
LOAN004757,718.0,0.327,0.559,0,0,Current,0,Low,7494.39
LOAN004758,642.0,0.728,0.891,5,85,Late,0,High,174736.37
LOAN004759,,0.479,0.884,0,0,Paid Off,0,Low,43719.47
LOAN004760,682.0,0.416,0.635,0,0,Current,0,Low,1467.12
LOAN004761,710.0,0.686,,0,0,Current,0,Low,22617.38
LOAN004762,696.0,0.806,,1,23,Current,0,Medium,20028.37
LOAN004763,607.0,0.595,0.661,6,180, defaulted ,1,High,348715.9
LOAN004764,602.0,0.534,0.754,2,34,Current,0,Medium,71893.12
LOAN004765,644.0,1.307,0.656,3,173, defaulted ,1,High,602380.03
LOAN004766,640.0,0.408,0.787,2,42,Current,0,Medium,19920.49
LOAN004767,626.0,0.742,0.587,3,66, late ,0,Medium,133868.76
LOAN004768,692.0,0.647,0.507,1,8,Current,0,Medium,41987.85
LOAN004769,675.0,0.223,,0,0,Current,0,Low,6313.61
LOAN004770,630.0,0.876,0.707,5,125,Late,0,High,355502.32
LOAN004771,712.0,0.475,,4,124,Defaulted,1,Medium,9993.33
LOAN004772,674.0,0.79,0.779,2,26,Current,0,Medium,40115.86
LOAN004773,684.0,0.365,,0,0,Current,0,Low,5893.74
LOAN004774,578.0,0.648,0.644,2,44,Current,0,Medium,69562.46
LOAN004775,658.0,0.802,0.573,5,125,Restructured,0,High,42568.48
LOAN004776,633.0,0.618,,5,180,Defaulted,1,High,166961.71
LOAN004777,732.0,0.103,0.898,0,0,Current,0,Low,1375.06
LOAN004778,609.0,0.871,0.505,2,26,Current,0,Medium,599153.66
LOAN004779,713.0,0.515,0.833,0,0,Current,0,Low,99051.47
LOAN004780,694.0,0.601,0.652,0,0, current ,0,Low,147430.1
LOAN004781,689.0,0.303,,0,0,Current,0,Low,3904.44
LOAN004782,633.0,0.852,0.531,5,180,Defaulted,1, high ,49328.69
LOAN004783,647.0,0.337,0.555,4,44,Current,0,Medium,5636.33
LOAN004784,623.0,0.96,0.73,6,180,Written Off,1,High,940730.36
LOAN004785,575.0,0.966,0.701,0,0,Current,0,Medium,726278.25
LOAN004786,634.0,1.077,0.646,7,180,Defaulted,1,High,576478.33
LOAN004787,745.0,0.266,,0,0,Current,0,low,4139.5
LOAN004788,714.0,0.166,0.77,0,0,Current,0,Low,1845.71
LOAN004789,679.0,0.535,0.868,0,0,Current,0,Low,47761.62
LOAN004790,699.0,0.728,0.515,1,23,Current,0,Medium,162161.42
LOAN004791,626.0,0.736,0.518,3,116,Defaulted,1,Medium,188754.35
LOAN004792,658.0,0.69,0.583,0,0,Current,0,Medium,37757.68
LOAN004793,631.0,0.753,,7,56,Current,0,High,33899.54
LOAN004794,660.0,1.322,0.804,2,38,Current,0,High,1573092.88
LOAN004795,719.0,0.459,,0,0,Current,0,Low,15520.69
LOAN004796,620.0,0.769,0.666,2,50,Current,0,Medium,672737.7
LOAN004797,682.0,0.928,0.542,2,18,Current,0,Medium,211916.13
LOAN004798,666.0,0.909,,3,57,Current,0,Medium,247910.36
LOAN004799,608.0,0.694,0.57,4,100,Restructured,0,High,101404.03
LOAN004800,658.0,0.674,0.72,0,0,Current,0,Medium,30812.06
LOAN004801,624.0,0.576,0.563,2,32,Paid Off,0,Medium,179599.38
LOAN004802,,0.707,0.509,2,16,Current,0,Medium,244720.74
LOAN004803,688.0,0.856,0.595,4,64,Late,0,Medium,124940.26
LOAN004804,707.0,0.421,,0,0,Current,0,Low,5457.31
LOAN004805,,0.387,0.664,0,0,Current,0,Low,5681.19
LOAN004806,,0.454,0.656,5,180,Defaulted,1,High,14336.38
LOAN004807,692.0,0.742,0.545,0,0,Current,0,Medium,31184.97
LOAN004808,661.0,0.721,0.822,2,48,Current,0,Medium,35776.05
LOAN004809,687.0,0.676,0.697,0,0,Current,0,Medium,68171.08
LOAN004810,664.0,1.085,0.595,1,13,Current,0,Medium,237971.74
LOAN004811,708.0,0.429,,1,11,Current,0,Low,10572.66
LOAN004812,621.0,0.935,0.829,3,39,Current,0,High,367112.19
LOAN004813,663.0,0.554,0.645,0,0,Current,0,Low,22335.37
LOAN004814,756.0,0.296,0.676,0,0,Current,0,Low,11970.45
LOAN004815,718.0,0.497,0.82,0,0,Current,0,Low,27388.5
LOAN004816,626.0,0.61,,5,125,Late,0,High,43164.36
LOAN004817,667.0,0.278,,0,0,Current,0,Low,1898.79
LOAN004818,746.0,0.436,0.51,0,0,Current,0,Low,29338.3
LOAN004819,635.0,0.51,,3,45,Current,0,Medium,74745.89
LOAN004820,741.0,0.416,,0,0,Current,0,Low,10809.68
LOAN004821,606.0,0.526,,2,38,Current,0,Medium,28919.17
LOAN004822,670.0,0.476,0.784,0,0,Current,0,Low,9644.72
LOAN004823,702.0,0.127,,1,9,Current,0,Low,4476.56
LOAN004824,685.0,0.253,0.783,0,0,Current,0,Low,3379.74
LOAN004825,717.0,0.334,,0,0,Current,0,Low,4991.25
LOAN004826,686.0,0.623,0.755,4,180, defaulted ,1,Medium,54853.53
LOAN004827,665.0,0.743,0.537,1,11,Current,0,Medium,74596.39
LOAN004828,683.0,0.464,,1,10,Current,0,Low,10196.68
LOAN004829,602.0,1.238,0.719,7,125,Defaulted,1,High,1581758.9
LOAN004830,695.0,0.767,,2,20,Current,0,Medium,23444.36
LOAN004831,609.0,0.78,0.621,5,167,Written Off,1,High,250643.92
LOAN004832,641.0,0.937,0.559,3,141,Defaulted,1,High,544523.17
LOAN004833,665.0,0.377,0.588,1,15,Current,0,Low,8520.31
LOAN004834,661.0,0.672,0.846,0,0,Current,0,Medium,120465.71
LOAN004835,666.0,0.471,,0,0,Current,0,Low,6188.86
LOAN004836,675.0,0.751,0.677,1,17,Paid Off,0,Medium,242664.7
LOAN004837,697.0,0.587,,0,0,Current,0,Low,16000.08
LOAN004838,633.0,0.576,0.546,2,40,Current,0,Medium,32980.81
LOAN004839,733.0,0.423,0.629,1,23,Paid Off,0,Low,30946.27
LOAN004840,671.0,0.79,,2,46,Paid Off,0,Medium,8773.83
LOAN004841,672.0,0.651,0.669,0,0,Current,0,Medium,27899.61
LOAN004842,712.0,0.236,,0,0,Current,0,Low,3040.05
LOAN004843,687.0,0.3,,0,0,Current,0,Low,1703.46
LOAN004844,706.0,0.152,0.596,0,0,Current,0,Low,1393.62
LOAN004845,681.0,0.848,0.657,4,84,Restructured,0,Medium,153131.31
LOAN004846,668.0,0.649,0.522,0,0,Current,0,Medium,17317.68
LOAN004847,744.0,0.706,0.626,1,22,Current,0,Medium,13512.55
LOAN004848,691.0,0.543,0.895,1,16,Paid Off,0,Medium,119947.65
LOAN004849,717.0,0.288,0.948,1,22,Current,0,Low,26698.46
LOAN004850,627.0,0.32,0.551,2,32,current,0,Medium,7633.97
LOAN004851,670.0,0.785,0.507,2,20,Current,0,Medium,97970.27
LOAN004852,663.0,0.717,0.872,0,0,Current,0,Medium,251337.26
LOAN004853,636.0,1.177,0.542,4,180,Written Off,1,High,446814.61
LOAN004854,682.0,0.712,0.671,9,180, Defaulted ,1,High,167625.71
LOAN004855,742.0,0.472,0.927,0,0,Current,0,Low,62248.46
LOAN004856,602.0,0.918,0.502,3,60,Current,0,High,1142945.35
LOAN004857,664.0,0.468,,0,0,Current,0,Low,28966.62
LOAN004858,654.0,0.518,,0,0,Current,0,Low,15067.11
LOAN004859,772.0,0.414,0.678,0,0,Current,0,Low,9428.15
LOAN004860,667.0,0.51,0.832,0,0,Current,0,Low,22757.55
LOAN004861,646.0,0.5,,1,18,Current,0,Medium,13350.13
LOAN004862,622.0,0.999,0.503,5,149,Defaulted,1,High,511055.86
LOAN004863,675.0,0.538,0.875,0,0,Current,0,Low,20771.18
LOAN004864,679.0,0.614,0.685,0,0,Current,0,Low,178428.41
LOAN004865,674.0,0.506,,0,0,Current,0,Low,14264.44
LOAN004866,615.0,0.646,0.869,5,125,Late,0,High,132902.61
LOAN004867,776.0,0.612,0.521,0,0,Current,0,Low,71401.63
LOAN004868,673.0,0.55,0.602,0,0,Current,0,Low,43378.57
LOAN004869,605.0,0.867,0.651,7,166,Defaulted,1,High,248617.48
LOAN004870,634.0,0.442,0.74,3,36,Current,0,Medium,178620.43
LOAN004871,621.0,0.857,0.817,6,180,Defaulted,1,High,303782.98
LOAN004872,646.0,0.536,0.5,3,51,Current,0,Medium,119980.57
LOAN004873,744.0,0.296,0.682,1,17,Current,0,Low,47877.47
LOAN004874,705.0,0.63,0.713,0,0,Current,0,Low,6264.56
LOAN004875,641.0,0.918,0.529,3,27,Current,0,Medium,652524.51
LOAN004876,,0.39,0.54,0,0,Current,0,Low,1846.77
LOAN004877,658.0,0.332,0.595,0,0,Current,0,Low,3558.53
LOAN004878,677.0,0.354,,0,0,Paid Off,0,Low,6909.0
LOAN004879,668.0,0.417,,0,0,Current,0,Low,3962.11
LOAN004880,615.0,1.194,0.667,1,9,Current,0,Medium,3084148.73
LOAN004881,634.0,0.412,0.571,1,12,Current,0,Medium,123521.73
LOAN004882,694.0,0.416,0.751,0,0,Current,0,Low,5106.49
LOAN004883,754.0,0.396,,0,0,current,0,Low,4681.94
LOAN004884,,0.441,0.638,0,0,Current,0,Low,11699.28
LOAN004885,704.0,0.547,,0,0,Current,0,Low,4328.03
LOAN004886,749.0,0.496,0.687,0,0,Current,0,Low,17362.58
LOAN004887,623.0,0.392,,2,50,Current,0,Medium,18780.23
LOAN004888,669.0,0.846,0.725,3,33,Current,0,Medium,143321.33
LOAN004889,721.0,0.254,0.553,0,0,Current,0,Low,15424.32
LOAN004890,687.0,0.735,0.514,7,180,Defaulted,1, High ,95072.86
LOAN004891,613.0,1.247,0.766,6,135,Defaulted,1,High,1229122.34
LOAN004892,709.0,0.647,,0,0,Current,0,Low,39468.45
LOAN004893,652.0,0.809,0.654,2,46,Current,0,Medium,125095.56
LOAN004894,627.0,0.45,0.529,1,15,Current,0,Medium,7431.57
LOAN004895,674.0,0.56,,0,0,Current,0,Low,6929.17
LOAN004896,713.0,0.521,0.909,8,174,Defaulted,1,High,165578.47
LOAN004897,705.0,0.315,,0,0,Current,0,Low,5633.49
LOAN004898,675.0,0.706,0.712,1,19,Current,0,Medium,121642.59
LOAN004899,707.0,0.432,0.735,0,0,Current,0,Low,4813.68
LOAN004900,744.0,0.267,,0,0,Paid Off,0,Low,3450.55
LOAN004901,688.0,0.526,,0,0,Current,0,Low,190435.33
LOAN004902,593.0,0.808,0.613,2,18,Current,0,Medium,142394.47
LOAN004903,662.0,0.797,0.598,1,11,Current,0,Medium,76421.65
LOAN004904,717.0,0.56,0.637,0,0,Current,0,Low,9056.57
LOAN004905,754.0,0.564,0.739,1,11,Current,0,Low,81151.05
LOAN004906,658.0,0.674,,1,16,Current,0,Medium,21478.54
LOAN004907,591.0,1.027,0.514,4,148,Defaulted,1,High,182031.77
LOAN004908,713.0,0.141,0.672,0,0,Current,0,Low,2402.52
LOAN004909,691.0,0.327,,7,158,Defaulted,1,Medium,9914.09
LOAN004910,576.0,1.033,0.512,8,180,Defaulted,1,High,433683.69
LOAN004911,581.0,1.169,,8,180,Defaulted,1,High,743595.97
LOAN004912,623.0,0.786,0.92,1,21,Current,0,Medium,625968.91
LOAN004913,731.0,0.24,0.596,0,0,Current,0,Low,2256.28
LOAN004914,607.0,0.656,0.536,1,15,Current,0,Medium,116544.98
LOAN004915,592.0,0.674,0.64,5,55,Current,0,High,186512.88
LOAN004916,684.0,0.349,,0,0,Current,0,Low,3948.73
LOAN004917,632.0,0.539,0.607,2,46,Paid Off,0,Medium,17575.61
LOAN004918,689.0,0.491,0.642,0,0,Current,0,Low,54639.44
LOAN004919,673.0,0.746,0.579,3,27,Current,0,Medium,191827.76
LOAN004920,650.0,0.48,,0,0,Current,0,Low,4487.91
LOAN004921,686.0,0.774,0.614,1,22,Current,0,Medium,11260.45
LOAN004922,615.0,0.797,0.606,2,40,Current,0,Medium,62360.38
LOAN004923,611.0,0.983,0.517,4,40,Current,0,High,737528.24
LOAN004924,685.0,0.422,0.929,0,0,Current,0,Low,3218.44
LOAN004925,691.0,0.246,0.765,0,0,Current,0,Low,2259.83
LOAN004926,761.0,0.207,,0,0,Current,0,Low,7961.06
LOAN004927,670.0,0.507,0.778,0,0,Current,0,Low,21251.2
LOAN004928,616.0,0.723,0.505,3,42,Current,0,Medium,172594.28
LOAN004929,667.0,0.48,0.838,0,0,Current,0,Low,25048.07
LOAN004930,700.0,0.446,0.542,0,0,Current,0,Low,12761.27
LOAN004931,652.0,0.905,,5,115,Late,0,High,146889.54
LOAN004932,697.0,0.841,0.735,1,9,Current,0,Medium,22181.83
LOAN004933,719.0,0.871,0.704,5,175,Written Off,1,High,304207.2
LOAN004934,663.0,0.708,0.511,9,171,Defaulted,1,high,120369.65
LOAN004935,622.0,0.306,,3,69,Restructured,0, Medium ,7787.53
LOAN004936,697.0,0.671,0.911,0,0,Current,0,Medium,217642.63
LOAN004937,639.0,0.845,0.685,5,180,Defaulted,1,High,664331.87
LOAN004938,700.0,0.449,0.596,0,0,Current,0,Low,26028.76
LOAN004939,690.0,0.868,0.544,4,180,Defaulted,1,High,100094.39
LOAN004940,666.0,0.526,,0,0,Current,0,Low,119264.17
LOAN004941,629.0,0.555,0.618,3,51, Current ,0,Medium,87679.09
LOAN004942,666.0,0.483,0.503,0,0,Current,0,Low,24916.78
LOAN004943,689.0,0.415,,0,0,Current,0,Low,37563.62
LOAN004944,629.0,0.788,0.887,4,96,Late,0,High,296055.57
LOAN004945,632.0,0.774,0.619,3,75,Late,0,Medium,43861.99
LOAN004946,655.0,0.33,,0,0,Paid Off,0,Low,6310.14
LOAN004947,607.0,0.805,,2,30,Current,0,Medium,298894.26
LOAN004948,607.0,0.722,0.827,1,15,Current,0,Medium,287663.97
LOAN004949,679.0,0.565,0.58,3,134,Defaulted,1,Medium,6967.36
LOAN004950,720.0,0.724,0.664,3,63,Late,0,Medium,164756.72
LOAN004951,636.0,0.662,0.88,4,36,Current,0,Medium,34452.31
LOAN004952,567.0,0.568,,1,9,Current,0,Medium,26754.59
LOAN004953,719.0,1.048,0.541,8,180,Defaulted,1,High,178542.21
LOAN004954,710.0,0.257,,0,0,Current,0,Low,5493.58
LOAN004955,658.0,0.795,0.59,9,180,Defaulted,1,High,98034.69
LOAN004956,719.0,0.395,0.94,0,0,Current,0,Low,6646.73
LOAN004957,741.0,0.218,,0,0,Current,0,Low,4316.7
LOAN004958,664.0,0.693,,0,0,Current,0,Medium,33298.39
LOAN004959,711.0,0.455,0.553,0,0,Current,0,Low,50665.3
LOAN004960,660.0,0.248,0.659,4,159,Written Off,1,Medium,3465.7
LOAN004961,696.0,0.341,0.639,1,25,Current,0,Low,31351.93
LOAN004962,639.0,0.363,,1,25,Current,0,Medium,22246.72
LOAN004963,593.0,0.79,0.952,4,92,Late,0,High,232492.41
LOAN004964,734.0,0.579,0.717,0,0,Current,0,Low,39419.02
LOAN004965,621.0,0.667,0.624,3,45,Current,0,Medium,25955.93
LOAN004966,667.0,0.952,0.559,7,180,Defaulted,1,High,113598.75
LOAN004967,745.0,0.232,,0,0, Current ,0,Low,7963.15
LOAN004968,731.0,0.396,0.532,0,0,Current,0,Low,15282.06
LOAN004969,736.0,0.631,0.809,1,22,Current,0,Medium,245310.72
LOAN004970,690.0,0.715,0.63,0,0,Current,0,Medium,379690.22
LOAN004971,659.0,0.678,0.505,0,0,Current,0,Medium,83218.18
LOAN004972,715.0,0.193,,0,0,Current,0,Low,1620.75
LOAN004973,778.0,0.275,0.545,0,0,Current,0,Low,3306.37
LOAN004974,691.0,0.305,0.674,1,16,Current,0,Low,4700.17
LOAN004975,653.0,0.609,,0,0,Current,0,Medium,15816.51
LOAN004976,696.0,0.383,0.805,0,0,Current,0,Low,6458.15
LOAN004977,788.0,0.339,,0,0,Current,0,Low,16909.07
LOAN004978,745.0,0.367,,0,0, current ,0,Low,2174.38
LOAN004979,708.0,0.414,0.768,1,22,Current,0,Low,4191.3
LOAN004980,619.0,0.328,,9,180,Defaulted,1,High,14544.01
LOAN004981,655.0,1.008,0.8,4,80,Current,0,High,350898.91
LOAN004982,733.0,,0.525,0,0,Current,0,Low,10456.3
LOAN004983,702.0,0.745,0.749,2,28,Current,0,Medium,96399.68
LOAN004984,639.0,1.03,0.566,1,13,Current,0,Medium,1797014.94
LOAN004985,761.0,0.784,0.585,1,12,Current,0,Low,180200.93
LOAN004986,681.0,0.515,,0,0,Current,0,Low,6827.75
LOAN004987,672.0,0.533,0.528,1,15,Current,0,Medium,12858.66
LOAN004988,666.0,0.571,0.576,0,0,Paid Off,0,Low,9849.4
LOAN004989,668.0,0.426,0.95,0,0,Current,0,Low,5980.98
LOAN004990,626.0,0.316,,2,26,Current,0,Medium,15266.81
LOAN004991,656.0,0.638,,2,108,Defaulted,1,Medium,1319782.71
LOAN004992,711.0,0.476,,0,0, Current ,0,Low,8099.58
LOAN004993,664.0,0.311,,1,10,Paid Off,0,Low,1525.41
LOAN004994,654.0,0.738,0.792,2,16,Current,0,Medium,353483.0
LOAN004995,708.0,,0.732,0,0,Current,0,Low,2757.98
LOAN004996,732.0,0.23,0.52,0,0,Current,0,Low,4242.04
LOAN004997,718.0,0.342,0.829,0,0,Paid Off,0,Low,68818.45
LOAN004998,619.0,0.836,0.505,8,180,Written Off,1,High,347969.45
LOAN004999,720.0,0.563,0.575,0,0,Current,0,Low,39220.33
LOAN005000,671.0,1.085,0.796,6,180,Defaulted,1,High,233025.04
LOAN005001,641.0,0.799,0.792,4,32,Current,0,Medium,141798.4
LOAN005002,654.0,0.685,,0,0,Current,0,Medium,12431.09
LOAN005003,692.0,0.573,0.859,0,0,Current,0,Low,169607.0
LOAN005004,679.0,0.711,0.516,7,180,Defaulted,1,High,49471.05
LOAN005005,637.0,0.82,0.715,4,52,Current,0,High,361535.49
LOAN005006,685.0,0.592,0.83,0,0,Paid Off,0,Low,165905.06
LOAN005007,594.0,0.992,0.509,7,180,Defaulted,1,High,1086947.33
LOAN005008,,0.795,0.609,7,180,Defaulted,1,High,144560.1
LOAN005009,629.0,0.897,0.768,0,0,Current,0,Medium,382472.57
LOAN005010,664.0,0.617,0.722,0,0,Current,0,Medium,8559.15
LOAN005011,667.0,0.745,0.54,3,30,Current,0,Medium,112731.93
LOAN005012,720.0,0.13,,1,21,Current,0,Low,2329.0
LOAN005013,634.0,0.596,0.745,4,44,Current,0,Medium,54836.85
LOAN005014,658.0,0.453,,0,0,Current,0,Low,10370.44
LOAN005015,731.0,0.676,0.582,1,8,Paid Off,0,Low,105997.81
LOAN005016,741.0,0.504,0.862,0,0,Current,0,Low,279851.58
LOAN005017,699.0,0.391,,0,0,Current,0,Low,2530.76
LOAN005018,706.0,0.235,0.545,0,0,Current,0,Low,1012.69
LOAN005019,633.0,0.663,0.774,1,19,Current,0,Medium,191784.68
LOAN005020,624.0,1.128,0.63,1,22,Paid Off,0,Medium,785534.1
LOAN005021,704.0,0.834,0.682,4,92,Current,0,Medium,234835.78
LOAN005022,725.0,0.406,0.789,1,18,Current,0,Low,7460.19
LOAN005023,635.0,0.857,0.869,3,27,Current,0,Medium,1373476.62
LOAN005024,664.0,0.445,0.875,0,0,Current,0,Low,43249.1
LOAN005025,733.0,0.191,,0,0,Current,0,Low,2497.83
LOAN005026,679.0,0.657,0.59,0,0,Current,0,Medium,11202.26
LOAN005027,689.0,0.316,,0,0,Current,0,Low,5475.47
LOAN005028,642.0,0.951,0.798,6,119,Defaulted,1,High,498545.88
LOAN005029,663.0,0.578,0.586,1,19,Current,0,Medium,9470.61
LOAN005030,635.0,0.406,0.507,9,180,Defaulted,1,High,130618.56
LOAN005031,623.0,0.804,0.785,3,106,Defaulted,1,High,566630.01
LOAN005032,763.0,0.234,0.667,1,23,Paid Off,0,Low,5364.12
LOAN005033,693.0,0.19,0.597,0,0,Current,0,Low,6448.31
LOAN005034,677.0,0.537,,0,0,Current,0,Low,41871.44
LOAN005035,660.0,0.466,0.506,0,0,Paid Off,0,Low,16063.59
LOAN005036,745.0,0.33,0.929,0,0,Current,0,Low,18230.68
LOAN005037,697.0,0.204,0.901,8,180,Defaulted,1,High,6613.74
LOAN005038,702.0,0.629,0.949,0,0,Current,0,Low,89290.21
LOAN005039,657.0,0.117,0.692,0,0,Current,0, Low ,2136.29
LOAN005040,645.0,0.864,0.722,1,12,Current,0,Medium,37553.55
LOAN005041,734.0,0.27,0.608,0,0,Current,0,Low,1255.34
LOAN005042,630.0,0.843,0.586,3,48,current,0, MEDIUM ,364721.75
LOAN005043,739.0,0.259,0.713,1,14,Current,0,Low,4645.95
LOAN005044,685.0,0.479,0.546,1,22,Current,0,Low,52156.64
LOAN005045,739.0,0.699,0.66,1,23,Current,0, Medium ,158042.6
LOAN005046,665.0,0.54,0.614,1,18,Current,0,Medium,7998.88
LOAN005047,660.0,0.246,0.605,0,0,Current,0,Low,1438.91
LOAN005048,628.0,0.978,0.831,2,36,Current,0,Medium,354523.97
LOAN005049,,0.588,0.52,1,11,Current,0,Medium,121293.89
LOAN005050,654.0,0.893,0.755,3,51,Paid Off,0,Medium,220392.64
LOAN005051,749.0,0.448,,0,0,Paid Off,0,Low,6546.44
LOAN005052,638.0,0.584,0.934,2,28,Current,0,Medium,63788.41
LOAN005053,674.0,0.608,,0,0,Current,0, low ,12315.09
LOAN005054,685.0,0.457,,0,0,Current,0,Low,9762.15
LOAN005055,745.0,0.437,,1,19,Current,0,Low,14383.43
LOAN005056,686.0,0.408,0.853,0,0,Current,0,Low,5909.48
LOAN005057,631.0,0.866,,6,180,Defaulted,1,High,770924.97
LOAN005058,784.0,0.299,0.84,0,0,Current,0,Low,5024.25
LOAN005059,730.0,0.721,0.784,2,32,Current,0,Medium,104989.74
LOAN005060,672.0,0.314,0.59,1,20,Current,0,Low,1434.52
LOAN005061,636.0,0.636,0.645,4,84,Restructured,0,Medium,16581.52
LOAN005062,634.0,0.427,0.705,1,23,Paid Off,0,Medium,69189.82
LOAN005063,760.0,0.19,,0,0,Current,0,Low,2577.23
LOAN005064,605.0,0.583,0.842,3,66,Late,0,Medium,501140.14
LOAN005065,780.0,0.407,0.716,0,0,Current,0,Low,40398.32
LOAN005066,679.0,0.429,0.721,0,0,Current,0,Low,50490.55
LOAN005067,646.0,0.461,,2,46,Current,0,Medium,54162.65
LOAN005068,645.0,0.506,0.742,2,34,Current,0,Medium,50225.96
LOAN005069,754.0,0.576,,0,0,Current,0,Low,14888.42
LOAN005070,717.0,0.453,0.776,0,0,Current,0,Low,19981.84
LOAN005071,667.0,0.692,0.604,0,0,Current,0,Medium,229128.99
LOAN005072,688.0,0.424,,0,0,Current,0,Low,4999.23
LOAN005073,703.0,0.591,,0,0,Current,0,Low,10534.05
LOAN005074,755.0,0.44,0.729,0,0,Current,0,Low,49832.0
LOAN005075,686.0,0.396,0.902,0,0,Paid Off,0,Low,4650.82
LOAN005076,636.0,0.309,,7,146,Defaulted,1,High,15196.54
LOAN005077,633.0,0.605,0.576,5,80,Late,0,High,256101.21
LOAN005078,706.0,0.669,0.541,0,0,Current,0,Low,55118.84
LOAN005079,721.0,0.292,,1,24,Current,0,Low,3956.66
LOAN005080,647.0,0.915,0.555,3,81,Written Off,1,Medium,203798.9
LOAN005081,674.0,0.578,,0,0,Current,0,LOW,4486.64
LOAN005082,605.0,1.081,0.637,2,22,Current,0,High,884337.18
LOAN005083,692.0,0.508,,0,0,Current,0,Low,6986.19
LOAN005084,714.0,0.42,0.744,0,0,Current,0,Low,22447.41
LOAN005085,683.0,0.694,0.703,2,36,Current,0,Medium,20403.71
LOAN005086,664.0,0.48,0.877,0,0,Current,0,Low,26218.4
LOAN005087,652.0,1.059,0.584,7,180,Defaulted,1,High,388995.71
LOAN005088,678.0,0.22,0.763,0,0,Current,0,Low,1709.4
LOAN005089,738.0,0.499,0.876,0,0,Current,0,Low,37168.49
LOAN005090,709.0,0.288,0.937,7,180,Defaulted,1,Medium,11346.85
LOAN005091,750.0,0.325,,1,17,Current,0,Low,6571.16
LOAN005092,721.0,0.392,,0,0,Current,0,Low,7478.24
LOAN005093,727.0,0.078,,0,0,Current,0,Low,2605.06
LOAN005094,643.0,0.366,0.681,3,69,Restructured,0,Medium,16512.62
LOAN005095,662.0,0.527,,0,0,Paid Off,0,Low,6111.52
LOAN005096,764.0,0.186,,0,0,Current,0,Low,2056.96
LOAN005097,677.0,0.683,0.666,0,0,Current,0,Medium,65841.54
LOAN005098,691.0,0.429,0.843,0,0,Current,0,Low,5583.34
LOAN005099,588.0,0.967,0.528,5,95,Restructured,0,High,977353.34
LOAN005100,637.0,0.747,0.565,2,22,Current,0,Medium,364098.34
LOAN005101,683.0,0.71,0.575,6,165,Defaulted,1,High,151476.6
LOAN005102,632.0,1.103,0.617,3,72,Restructured,0,High,965680.05
LOAN005103,655.0,0.825,,2,34,Current,0,Medium,20107.27
LOAN005104,589.0,0.398,0.703,3,60,Current,0,Medium,89184.87
LOAN005105,632.0,0.406,,5,125,Current,0,Medium,7779.49
LOAN005106,589.0,0.922,0.798,2,16,Current,0,High,308896.25
LOAN005107,700.0,0.471,,0,0, current ,0,Low,6822.92
LOAN005108,670.0,0.39,0.837,0,0,Current,0,Low,5619.39
LOAN005109,585.0,1.094,0.567,2,38,Current,0,High,486815.72
LOAN005110,732.0,0.469,0.58,1,23,Current,0,Low,1856.35
LOAN005111,606.0,1.35,0.54,4,180,Defaulted,1,High,510073.95
LOAN005112,659.0,,0.65,0,0,Current,0,Low,7320.06
LOAN005113,724.0,0.393,,0,0,Current,0,Low,6307.88
LOAN005114,679.0,0.68,0.529,0,0,Current,0,Medium,132339.03
LOAN005115,565.0,0.673,0.557,3,167,Defaulted,1,High,11006.96
LOAN005116,630.0,0.373,0.572,3,57,Current,0,Medium,17490.27
LOAN005117,748.0,0.151,0.836,0,0,Current,0,Low,6107.24
LOAN005118,681.0,0.31,,0,0,Paid Off,0,Low,14271.85
LOAN005119,668.0,0.425,0.561,1,15,Current,0,Low,39093.11
LOAN005120,608.0,1.096,0.642,5,137,Defaulted,1,High,606352.76
LOAN005121,713.0,0.094,,0,0,Current,0,Low,725.84
LOAN005122,709.0,0.694,0.53,8,180,Written Off,1,High,13582.37
LOAN005123,750.0,0.894,0.675,4,68,Restructured,0,Medium,249426.11
LOAN005124,717.0,0.107,,0,0,Paid Off,0,Low,2553.06
LOAN005125,664.0,0.313,,0,0,Current,0,Low,2601.97
LOAN005126,692.0,0.472,0.815,7,180,Defaulted,1,High,33307.54
LOAN005127,682.0,0.435,,0,0,Paid Off,0,Low,7325.08
LOAN005128,686.0,0.092,,1,16,Current,0,Low,2824.53
LOAN005129,688.0,0.349,,0,0,Current,0,Low,6330.21
LOAN005130,578.0,0.625,0.551,3,72,Restructured,0,Medium,71765.72
LOAN005131,611.0,0.838,0.727,1,22,Current,0,Medium,957142.88
LOAN005132,719.0,0.565,0.703,1,17,Current,0,Low,21700.19
LOAN005133,662.0,0.38,0.509,0,0,Current,0,Low,4396.23
LOAN005134,652.0,0.609,0.649,0,0,Current,0,Medium,47877.29
LOAN005135,669.0,0.385,0.592,0,0,Current,0,Low,3162.56
LOAN005136,582.0,0.548,0.753,1,13,Current,0,Medium,194151.91
LOAN005137,700.0,0.607,0.689,1,13,Current,0,Medium,7254.36
LOAN005138,688.0,0.255,,1,13,Current,0,Low,3555.28
LOAN005139,685.0,0.61,0.793,0,0,Current,0,Low,125153.07
LOAN005140,685.0,0.755,0.932,1,18,Current,0,Medium,208845.29
LOAN005141,633.0,0.878,0.57,4,80,Late,0,High,219266.95
LOAN005142,643.0,0.61,0.629,2,46,Current,0,Medium,77279.28
LOAN005143,673.0,0.299,,1,12, Current ,0,Low,6806.84
LOAN005144,666.0,0.287,,0,0,Current,0,Low,2032.32
LOAN005145,700.0,,,0,0,Current,0,Low,11596.29
LOAN005146,654.0,0.361,0.703,0,0,Current,0,Low,7023.68
LOAN005147,707.0,0.618,0.826,0,0,Current,0,Low,67922.93
LOAN005148,663.0,0.576,0.642,0,0,Current,0,Medium,124953.58
LOAN005149,703.0,,,0,0,Current,0,Low,7426.17
LOAN005150,752.0,0.309,0.925,0,0,Current,0,Low,2640.07
LOAN005151,743.0,0.253,0.726,0,0,Current,0,Low,1594.6
LOAN005152,660.0,0.686,0.9,8,138,Defaulted,1,High,69304.22
LOAN005153,767.0,0.192,0.596,0,0,Current,0,Low,1683.69
LOAN005154,619.0,0.267,,7,105,Restructured,0,High,5461.43
LOAN005155,649.0,0.742,0.66,2,152,Defaulted,1,medium,492087.19
LOAN005156,672.0,0.062,0.932,1,8,Current,0,Low,1780.29
LOAN005157,627.0,0.625,0.563,3,27,Current,0,Medium,60731.0
LOAN005158,643.0,0.882,0.785,6,114,Restructured,0,High,456071.13
LOAN005159,698.0,0.386,,0,0,Current,0,Low,4872.19
LOAN005160,684.0,0.691,0.523,0,0,Current,0,Medium,63152.8
LOAN005161,671.0,0.494,0.521,0,0,Current,0,Low,44615.2
LOAN005162,659.0,0.496,,0,0,Current,0,Low,100619.07
LOAN005163,678.0,0.202,,0,0,Current,0,Low,2394.67
LOAN005164,721.0,0.298,,0,0,Current,0,Low,7026.71
LOAN005165,622.0,0.823,0.781,0,0,Current,0,Medium,268708.39
LOAN005166,669.0,0.629,0.79,0,0,current,0,Medium,79949.37
LOAN005167,655.0,1.133,,5,70,Current,0,High,548873.63
LOAN005168,616.0,0.914,0.678,4,56,Current,0,High,816426.76
LOAN005169,697.0,0.576,0.615,0,0,Current,0,Low,31988.24
LOAN005170,634.0,0.291,0.526,0,0,Current,0,Low,4740.27
LOAN005171,720.0,0.615,0.528,0,0,Current,0,Low,66920.15
LOAN005172,657.0,0.629,0.571,7,180,Defaulted,1,High,27158.85
LOAN005173,684.0,0.508,0.575,0,0,Current,0,Low,36649.73
LOAN005174,679.0,0.46,0.576,0,0,Current,0,Low,9819.88
LOAN005175,673.0,0.597,0.687,0,0,CURRENT,0,Low,62927.36
LOAN005176,690.0,0.359,0.769,0,0, CURRENT ,0,Low,18785.9
LOAN005177,699.0,0.629,,0,0,Current,0,Low,21608.05
LOAN005178,644.0,0.704,0.857,6,161,Defaulted,1,High,326842.84
LOAN005179,709.0,0.427,,0,0,Current,0,Low,66006.76
LOAN005180,596.0,1.127,0.781,7,180,Defaulted,1,High,2597170.6
LOAN005181,643.0,1.08,0.627,8,180,Defaulted,1,High,607749.32
LOAN005182,703.0,0.606,0.744,1,23,Paid Off,0,Medium,23064.63
LOAN005183,587.0,0.493,,4,68,Late,0,Medium,53011.5
LOAN005184,733.0,0.17,,0,0,Current,0,Low,4862.5
LOAN005185,704.0,0.297,,0,0,Current,0,Low,9034.58
LOAN005186,688.0,0.603,,0,0,Current,0,Low,22813.32
LOAN005187,,0.309,,0,0,Current,0,Low,2919.71
LOAN005188,643.0,0.236,,0,0,Current,0,Low,2367.96
LOAN005189,690.0,0.406,0.742,1,14,Current,0,Low,15475.97
LOAN005190,662.0,0.772,0.58,0,0,Current,0,Medium,149583.08
LOAN005191,626.0,1.016,0.638,7,180,Defaulted,1,High,788959.2
LOAN005192,708.0,0.084,,0,0,Current,0,Low,1593.27
LOAN005193,663.0,1.104,0.723,6,72,Late,0,High,375539.3
LOAN005194,703.0,0.572,0.74,0,0,Paid Off,0,Low,78293.26
LOAN005195,672.0,0.267,,0,0,Paid Off,0, low ,1216.53
LOAN005196,663.0,1.043,0.693,4,68,Late,0,High,298834.7
LOAN005197,726.0,0.719,0.51,0,0,Current,0,Low,230890.03
LOAN005198,641.0,0.633,0.516,3,75,Restructured,0,Medium,158615.77
LOAN005199,720.0,0.588,0.676,0,0,Current,0,Low,15303.51
LOAN005200,668.0,1.068,0.505,0,0,Paid Off,0,Medium,205429.32
LOAN005201,627.0,1.169,0.774,5,120,Current,0,High,1456734.31
LOAN005202,689.0,0.808,0.571,1,11,Current,0,Medium,112481.06
LOAN005203,668.0,0.544,0.539,0,0,Current,0,Low,21629.33
LOAN005204,690.0,0.45,0.544,1,10,Current,0,Low,5489.22
LOAN005205,,0.476,,0,0,Current,0,Low,23058.35
LOAN005206,682.0,0.463,0.856,0,0,Current,0,Low,45867.39
LOAN005207,644.0,0.376,,0,0,Current,0,Low,15200.42
LOAN005208,678.0,0.583,0.73,0,0,Current,0,Low,50020.23
LOAN005209,606.0,,0.533,6,102,Defaulted,1,High,1329974.92
LOAN005210,694.0,0.473,,0,0,Paid Off,0,Low,2886.7
LOAN005211,693.0,0.46,,1,10,Current,0,Low,26449.57
LOAN005212,731.0,0.418,0.558,0,0,Current,0,Low,6673.69
LOAN005213,628.0,0.976,0.813,9,180,Written Off,1,High,416163.51
LOAN005214,743.0,0.202,0.779,0,0, CURRENT ,0,Low,2216.61
LOAN005215,681.0,0.316,,0,0,Current,0,Low,8291.42
LOAN005216,628.0,0.595,0.715,4,100,Restructured,0,Medium,129203.37
LOAN005217,698.0,0.542,,1,16,Current,0,Low,15603.52
LOAN005218,649.0,0.362,0.615,4,76,Late,0,Medium,62296.35
LOAN005219,703.0,0.291,0.656,1,10,Current,0,Low,5559.2
LOAN005220,612.0,0.689,0.594,3,54,Current,0,Medium,141579.47
LOAN005221,673.0,0.99,0.572,3,27,Current,0,Medium,415734.97
LOAN005222,672.0,0.271,,0,0,Current,0,Low,4896.48
LOAN005223,751.0,0.247,0.599,1,14,Current,0,Low,13001.24
LOAN005224,701.0,0.327,0.876,0,0,Current,0,Low,5754.36
LOAN005225,639.0,0.821,0.723,6,138,Defaulted,1,High,861895.33
LOAN005226,641.0,0.37,,0,0,Current,0,Low,15245.88
LOAN005227,646.0,1.348,,7,180,Defaulted,1,High,1937211.77
LOAN005228,693.0,0.317,,0,0,Current,0,Low,1531.91
LOAN005229,618.0,0.51,0.813,3,45,Current,0,Medium,39059.96
LOAN005230,588.0,0.797,0.774,6,171,Defaulted,1,High,194782.48
LOAN005231,639.0,0.558,0.709,5,75,Current,0,Medium,212249.31
LOAN005232,635.0,0.685,0.831,7,180,Written Off,1,High,245280.68
LOAN005233,738.0,0.23,0.503,0,0,Current,0,Low,41081.62
LOAN005234,704.0,0.686,0.516,0,0,Current,0,Low,52863.01
LOAN005235,666.0,0.584,0.832,0,0,Current,0,MEDIUM,38087.4
LOAN005236,700.0,0.517,0.615,1,21,Paid Off,0,Low,36057.58
LOAN005237,709.0,,,1,19,Current,0,Medium,5748.31
LOAN005238,673.0,0.874,0.549,1,20,Current,0,Medium,162521.33
LOAN005239,729.0,0.227,,1,15,Current,0,Low,3362.0
LOAN005240,678.0,0.494,,0,0,Current,0,Low,8700.83
LOAN005241,697.0,0.685,0.639,3,125,Defaulted,1,Medium,38740.81
LOAN005242,648.0,1.065,0.526,6,154,Defaulted,1,High,1018568.54
LOAN005243,642.0,0.392,,3,69,Current,0,Medium,61828.09
LOAN005244,629.0,1.03,0.636,2,77,Defaulted,1,High,851949.74
LOAN005245,673.0,0.465,,0,0,Current,0,Low,28219.39
LOAN005246,665.0,0.293,,1,13,Current,0,Low,3770.64
LOAN005247,652.0,0.145,0.649,0,0,Current,0,Low,1735.7
LOAN005248,636.0,0.738,,4,165,Defaulted,1,High,684715.75
LOAN005249,672.0,0.738,0.689,4,64,Late,0,Medium,215204.82
LOAN005250,614.0,1.162,0.536,4,52,Current,0,High,865174.97
LOAN005251,622.0,0.529,0.788,3,69,Late,0,Medium,306275.24
LOAN005252,792.0,0.286,,0,0,Paid Off,0,Low,8363.06
LOAN005253,729.0,0.476,0.837,0,0,Current,0,Low,32842.01
LOAN005254,664.0,0.482,,0,0,Current,0,Low,3863.92
LOAN005255,622.0,0.605,,4,179,Defaulted,1,High,23450.67
LOAN005256,648.0,0.479,0.526,3,63,Late,0,Medium,61712.54
LOAN005257,612.0,1.35,0.618,4,108,Defaulted,1,High,2470766.28
LOAN005258,665.0,0.88,0.567,5,120,Restructured,0,High,94265.49
LOAN005259,743.0,0.326,0.85,6,137,Written Off,1,Medium,18985.69
LOAN005260,682.0,0.542,,2,16,Paid Off,0,Medium,13352.51
LOAN005261,637.0,0.746,0.558,3,66,Restructured,0,Medium,262842.01
LOAN005262,664.0,0.229,,0,0,current,0,Low,5802.0
LOAN005263,717.0,0.198,0.552,0,0,Current,0,Low,3682.04
LOAN005264,628.0,0.815,0.523,1,23,Current,0,Medium,223153.0
LOAN005265,628.0,0.619,0.843,1,17,Current,0,Medium,292662.49
LOAN005266,650.0,0.857,0.846,3,60,Current,0,Medium,36510.1
LOAN005267,699.0,0.241,0.633,0,0,Current,0,Low,11520.22
LOAN005268,686.0,0.683,,0,0,Current,0,Medium,104468.26
LOAN005269,682.0,0.271,,0,0,Current,0,Low,4979.09
LOAN005270,669.0,0.581,0.534,0,0,Current,0,Low,21792.19
LOAN005271,560.0,1.214,0.606,2,114,Defaulted,1,High,842093.78
LOAN005272,,0.449,0.506,0,0,Current,0,Low,22068.96
LOAN005273,641.0,0.488,0.833,2,30,Current,0,Medium,478516.66
LOAN005274,733.0,0.331,0.659,0,0,Current,0,Low,4534.82
LOAN005275,723.0,0.268,,0,0,Current,0,Low,5814.93
LOAN005276,686.0,0.547,0.579,1,22,Current,0,Medium,3067.95
LOAN005277,672.0,0.401,,1,16,Current,0,Low,6618.85
LOAN005278,670.0,1.186,,3,86,Defaulted,1,High,1094942.81
LOAN005279,646.0,0.562,,1,14,Current,0,Medium,33192.61
LOAN005280,716.0,0.204,0.539,0,0,Current,0,Low,1887.88
LOAN005281,620.0,1.08,0.676,6,120,Defaulted,1,High,582035.29
LOAN005282,682.0,0.646,0.588,0,0,Current,0,Low,38261.24
LOAN005283,714.0,0.264,,1,11,Current,0,Low,2813.18
LOAN005284,700.0,0.663,0.599,8,166,Written Off,1,High,5136.15
LOAN005285,731.0,0.333,0.902,2,30,Current,0,Low,3621.75
LOAN005286,739.0,0.474,0.693,1,14,Current,0,Low,44727.46
LOAN005287,685.0,0.437,0.561,0,0,Current,0,Low,5623.44
LOAN005288,675.0,0.447,0.791,0,0,Current,0,Low,1709.42
LOAN005289,697.0,0.281,0.637,0,0,Current,0,Low,2356.67
LOAN005290,655.0,0.368,0.51,0,0,Current,0,Low,8184.94
LOAN005291,629.0,0.709,0.881,3,51,Current,0,Medium,41063.05
LOAN005292,745.0,0.785,,5,55,Paid Off,0,Medium,8499.06
LOAN005293,594.0,0.825,,3,33,Current,0,High,19131.06
LOAN005294,695.0,0.537,0.504,1,8,Current,0, LOW ,56048.26
LOAN005295,724.0,0.56,0.799,0,0,Paid Off,0,Low,75606.17
LOAN005296,689.0,0.576,0.508,0,0,Current,0,Low,42860.6
LOAN005297,642.0,0.877,0.521,4,36,Paid Off,0,High,145117.48
LOAN005298,638.0,0.746,0.882,7,180,Written Off,1,High,476601.84
LOAN005299,681.0,0.662,0.659,0,0,Current,0,Medium,240393.45
LOAN005300,664.0,0.392,0.769,0,0,Current,0,Low,75664.54
LOAN005301,611.0,0.582,,4,32,CURRENT,0,Medium,21509.65
LOAN005302,714.0,0.555,0.701,1,8,Current,0,Low,26096.34
LOAN005303,664.0,0.586,,0,0,Current,0,Low,254344.04
LOAN005304,739.0,0.174,,0,0,Current,0,Low,4217.33
LOAN005305,674.0,0.302,0.582,0,0,Current,0,Low,8514.09
LOAN005306,664.0,0.572,0.73,0,0,Current,0,Medium,12328.77
LOAN005307,692.0,0.847,,2,50,Current,0,Medium,125973.25
LOAN005308,621.0,0.821,0.544,2,48,Current,0,Medium,130464.37
LOAN005309,662.0,0.518,0.723,0,0,Current,0,Low,34535.02
LOAN005310,667.0,0.276,,0,0,Current,0,Low,8829.48
LOAN005311,683.0,0.807,0.552,6,54,CURRENT,0,High,333563.56
LOAN005312,680.0,0.615,0.641,0,0,Current,0,Low,80214.25
LOAN005313,665.0,0.506,,0,0,Current,0,Low,11306.71
LOAN005314,737.0,0.353,0.543,0,0,Current,0,Low,7946.79
LOAN005315,644.0,0.38,0.535,4,60,Current,0,Medium,29709.59
LOAN005316,625.0,1.191,0.603,6,150,Restructured,0,High,873480.47
LOAN005317,763.0,0.441,,1,17,Current,0,Low,7058.77
LOAN005318,689.0,0.349,0.658,0,0,Current,0,Low,12766.4
LOAN005319,667.0,0.442,0.608,0,0,Current,0,Low,19423.88
LOAN005320,690.0,0.401,0.507,0,0,Current,0,Low,2101.57
LOAN005321,655.0,0.901,0.512,3,57,Current,0,Medium,283625.7
LOAN005322,677.0,0.396,,0,0,Current,0,Low,5886.68
LOAN005323,697.0,0.394,0.788,1,20,Current,0,Low,85896.58
LOAN005324,687.0,0.401,0.549,0,0,Current,0,Low,2042.76
LOAN005325,637.0,0.598,0.587,2,18,Current,0,Medium,242553.01
LOAN005326,693.0,0.808,,3,94,Written Off,1,Medium,27487.23
LOAN005327,668.0,0.566,,6,180,Defaulted,1,High,70206.71
LOAN005328,582.0,0.527,0.821,4,92,Restructured,0,High,149152.97
LOAN005329,728.0,0.439,,0,0,Current,0,Low,9347.43
LOAN005330,713.0,0.228,0.616,0,0,Paid Off,0,Low,5790.63
LOAN005331,646.0,0.518,,3,39,Current,0,Medium,16130.35
LOAN005332,686.0,0.869,0.659,1,14,Paid Off,0,Medium,127978.54
LOAN005333,661.0,0.696,0.866,0,0, CURRENT ,0,Medium,214865.11
LOAN005334,721.0,0.281,0.899,9,174,Defaulted,1,High,9380.71
LOAN005335,649.0,0.598,,1,8,Current,0,Medium,150393.24
LOAN005336,653.0,0.563,0.686,0,0,Current,0,Medium,11778.65
LOAN005337,730.0,0.206,,1,16,Current,0,Low,10028.54
LOAN005338,642.0,0.476,0.912,5,140,Defaulted,1,High,16984.32
LOAN005339,708.0,0.229,0.637,0,0,Current,0,Low,1827.3
LOAN005340,683.0,0.617,0.901,0,0,Current,0,Medium,129972.64
LOAN005341,655.0,0.435,,0,0,Current,0,Low,12504.59
LOAN005342,766.0,0.437,,0,0,Current,0,Low,8375.65
LOAN005343,722.0,0.195,0.633,0,0,Current,0,Low,5909.35
LOAN005344,623.0,0.871,0.637,2,22,Current,0,Medium,347923.66
LOAN005345,653.0,0.628,0.502,0,0,Current,0,Medium,71517.16
LOAN005346,638.0,0.691,0.616,3,42,Paid Off,0,Medium,211839.89
LOAN005347,617.0,0.544,,6,138,Late,0,High,16679.84
LOAN005348,737.0,0.582,0.59,0,0,Current,0,Low,13193.77
LOAN005349,594.0,1.35,,4,92,Restructured,0,High,1280530.31
LOAN005350,579.0,0.697,0.859,1,16,Current,0,Medium,234520.1
LOAN005351,650.0,0.716,0.716,0,0,Current,0,Medium,116735.86
LOAN005352,781.0,0.26,,0,0,Current,0,Low,4184.67
LOAN005353,628.0,0.844,0.5,2,28,Current,0,Medium,308041.41
LOAN005354,681.0,0.675,0.569,0,0,Current,0,Medium,66312.4
LOAN005355,691.0,0.422,0.516,0,0,Current,0,Low,10287.9
LOAN005356,655.0,0.666,0.716,0,0,Current,0,Medium,103199.9
LOAN005357,660.0,0.772,0.735,4,96,Current,0,High,135670.87
LOAN005358,646.0,0.439,0.797,4,60,Paid Off,0,Medium,179497.0
LOAN005359,737.0,0.381,,0,0,Current,0,Low,5322.32
LOAN005360,714.0,0.487,0.529,0,0,Current,0,Low,174525.79
LOAN005361,713.0,0.594,0.666,0,0,Current,0,Low,67191.81
LOAN005362,646.0,0.649,,3,42,Current,0, medium ,44615.7
LOAN005363,638.0,0.572,0.921,3,27,Current,0,Medium,72058.03
LOAN005364,701.0,0.635,0.786,0,0,Paid Off,0,Low,8590.89
LOAN005365,631.0,1.174,0.646,4,144,Defaulted,1,High,1377406.46
LOAN005366,685.0,0.197,0.755,0,0,Current,0, Low ,1139.35
LOAN005367,696.0,0.663,0.563,0,0,Current,0,Low,81029.7
LOAN005368,679.0,0.778,0.682,1,11,Current,0, Medium ,184657.54
LOAN005369,694.0,0.935,0.64,3,54,Current,0,Medium,274412.6
LOAN005370,617.0,0.762,0.818,3,45,Current,0,Medium,381731.26
LOAN005371,657.0,0.29,,0,0,Current,0,Low,2384.86
LOAN005372,694.0,0.913,0.882,3,69,Current,0,Medium,407815.14
LOAN005373,616.0,0.849,,4,60,Current,0,High,3292584.62
LOAN005374,654.0,0.6,0.552,0,0,Current,0,Medium,92468.04
LOAN005375,629.0,0.716,,2,46,Current,0,Medium,35306.34
LOAN005376,598.0,0.334,0.91,4,159,Defaulted,1,Medium,23097.91
LOAN005377,642.0,1.09,,5,80,Restructured,0,High,1194405.52
LOAN005378,676.0,0.535,,0,0,Current,0,Low,29665.62
LOAN005379,626.0,0.858,0.831,7,126,Defaulted,1,High,314751.54
LOAN005380,730.0,0.672,0.942,0,0,Current,0,Low,143790.42
LOAN005381,699.0,0.817,0.888,3,136,Defaulted,1,Medium,805248.6
LOAN005382,652.0,0.656,0.772,5,180,Written Off,1,High,200211.59
LOAN005383,692.0,0.252,,0,0,Current,0,Low,2887.79
LOAN005384,740.0,0.632,,0,0,Current,0,Low,19791.11
LOAN005385,636.0,0.788,0.572,5,180,Defaulted,1,High,127743.73
LOAN005386,723.0,0.412,,1,25,Paid Off,0,Low,9816.31
LOAN005387,669.0,0.628,0.719,0,0,Current,0,Medium,9236.35
LOAN005388,563.0,0.809,0.523,1,19,Paid Off,0,Medium,255690.03
LOAN005389,596.0,0.577,0.821,5,105,Late,0,High,227768.0
LOAN005390,,0.475,,4,164,Defaulted,1,Medium,29710.34
LOAN005391,710.0,0.537,,0,0,Current,0,Low,11359.3
LOAN005392,654.0,0.609,0.893,0,0,Current,0,Medium,67868.87
LOAN005393,687.0,0.772,0.784,3,66,Current,0,Medium,15755.68
LOAN005394,633.0,0.674,0.893,3,75,Restructured,0,Medium,184102.19
LOAN005395,666.0,0.725,0.776,0,0,Current,0,Medium,81871.71
LOAN005396,739.0,0.363,0.6,1,22,Current,0,Low,8109.87
LOAN005397,627.0,0.652,0.819,6,114,Current,0,High,358544.33
LOAN005398,692.0,0.799,0.806,3,54,Current,0,Medium,241421.37
LOAN005399,785.0,0.143,,0,0,Current,0,Low,683.81
LOAN005400,660.0,0.56,,0,0,Current,0,Low,10925.69
LOAN005401,691.0,0.608,,0,0,Paid Off,0,Low,6352.72
LOAN005402,662.0,0.784,0.765,3,42,Current,0,Medium,98373.14
LOAN005403,722.0,0.786,0.762,5,105,Restructured,0,Medium,153945.72
LOAN005404,633.0,0.474,,3,72, late ,0,Medium,9894.48
LOAN005405,660.0,0.92,0.551,3,27,Current,0,Medium,364987.14
LOAN005406,677.0,0.537,0.813,2,90,Written Off,1,Medium,129352.72
LOAN005407,630.0,0.937,0.581,1,24,Current,0,Medium,267576.32
LOAN005408,716.0,0.702,0.876,9,180,Defaulted,1,High,253870.73
LOAN005409,705.0,0.303,0.613,1,14,Current,0,Low,9609.8
LOAN005410,666.0,0.532,0.673,0,0,Current,0,Low,45498.31
LOAN005411,678.0,,0.761,1,25,Current,0,Medium,71892.72
LOAN005412,698.0,0.265,,0,0,Current,0,Low,8131.91
LOAN005413,653.0,0.765,0.805,4,64,Restructured,0,Medium,334699.59
LOAN005414,615.0,0.663,0.536,2,34,Current,0,Medium,130578.73
LOAN005415,659.0,0.886,0.502,2,48,current,0,Medium,186802.22
LOAN005416,698.0,0.317,0.795,0,0,Current,0,Low,3638.6
LOAN005417,631.0,0.366,,3,39,Current,0,Medium,26816.8
LOAN005418,640.0,0.939,0.586,4,92,Late,0,High,747986.61
LOAN005419,673.0,0.784,,2,16,Current,0, medium ,15952.34
LOAN005420,649.0,0.723,0.587,3,126,Defaulted,1,Medium,151008.61
LOAN005421,718.0,0.339,,0,0,Paid Off,0,Low,8429.93
LOAN005422,668.0,0.519,0.549,0,0,Current,0,Low,79114.34
LOAN005423,674.0,0.549,0.568,0,0,Current,0,Low,114656.43
LOAN005424,656.0,1.021,0.661,1,15,Current,0,Medium,242966.23
LOAN005425,653.0,0.374,,0,0,Current,0,Low,5119.15
LOAN005426,655.0,0.712,,0,0,Current,0,Medium,38197.85
LOAN005427,705.0,0.396,0.586,0,0,Current,0,Low,11503.21
LOAN005428,683.0,0.55,0.606,0,0,Current,0,Low,83865.91
LOAN005429,577.0,1.093,0.87,2,38,Current,0,High,319350.5
LOAN005430,645.0,0.481,0.535,3,51,Current,0,Medium,122806.02
LOAN005431,625.0,0.671,0.566,4,84,Late,0,Medium,183979.3
LOAN005432,671.0,0.845,,4,149,Defaulted,1,High,236909.55
LOAN005433,,0.252,0.547,1,17,Current,0,Low,1599.87
LOAN005434,650.0,0.356,0.594,0,0,Current,0,Low,3229.06
LOAN005435,708.0,0.457,,0,0,Current,0,Low,60653.27
LOAN005436,660.0,0.536,0.517,0,0,Current,0,Low,44301.24
LOAN005437,643.0,0.997,,4,92,Restructured,0,High,77138.37
LOAN005438,703.0,0.421,0.623,1,24,Current,0,Low,3790.6
LOAN005439,751.0,0.36,0.589,0,0,Current,0,Low,55504.64
LOAN005440,640.0,0.626,0.513,0,0,Current,0,Medium,47900.84
LOAN005441,693.0,0.471,0.815,0,0,Paid Off,0,Low,7741.52
LOAN005442,630.0,0.794,0.529,2,162,Defaulted,1,Medium,142771.89
LOAN005443,645.0,0.605,0.829,2,22,Current,0,Medium,417019.49
LOAN005444,662.0,0.302,,0,0,Current,0,Low,2674.85
LOAN005445,623.0,0.877,0.882,1,16,Current,0,Medium,194532.7
LOAN005446,592.0,0.959,0.682,2,48,Current,0,High,395356.98
LOAN005447,595.0,0.808,0.687,5,158,Defaulted,1,High,492356.74
LOAN005448,669.0,0.454,0.855,0,0,Paid Off,0,Low,28367.61
LOAN005449,658.0,0.669,0.6,4,122,Defaulted,1,Medium,127388.95
LOAN005450,694.0,0.498,0.613,0,0,Current,0,Low,5677.23
LOAN005451,612.0,0.645,0.903,4,36,Current,0, medium ,443244.83
LOAN005452,678.0,0.465,0.717,1,17,Current,0,Medium,16385.65
LOAN005453,605.0,0.967,0.528,0,0,Paid Off,0,Medium,332565.38
LOAN005454,703.0,0.584,,0,0,Current,0,Low,110567.96
LOAN005455,,0.458,,3,27,Current,0,Medium,28058.15
LOAN005456,728.0,0.712,0.842,0,0,Current,0,Low,47292.2
LOAN005457,688.0,0.492,0.607,0,0,Current,0,Low,11953.5
LOAN005458,597.0,0.686,0.829,2,22,Paid Off,0,Medium,69865.49
LOAN005459,666.0,0.541,0.715,0,0,Current,0,Low,26918.61
LOAN005460,695.0,0.856,0.648,0,0,current,0,Medium,347091.67
LOAN005461,603.0,1.104,0.677,2,16,Current,0,High,672696.89
LOAN005462,614.0,0.877,0.814,2,26,Current,0,Medium,211306.8
LOAN005463,705.0,0.541,0.677,1,15,Current,0,Low,70807.63
LOAN005464,741.0,0.371,,0,0,Current,0,Low,14272.2
LOAN005465,659.0,1.35,0.523,3,63,Restructured,0,High,1728593.67
LOAN005466,718.0,0.4,0.68,0,0,Current,0,Low,7394.99
LOAN005467,718.0,0.488,0.57,0,0,Current,0,Low,47797.09
LOAN005468,698.0,0.759,0.634,1,8,Current,0,Medium,109608.51
LOAN005469,711.0,0.465,,1,16,Current,0,Low,12636.24
LOAN005470,636.0,0.76,,4,100,Restructured,0,High,162235.7
LOAN005471,694.0,0.538,0.582,1,25,Current,0,Medium,19811.36
LOAN005472,655.0,0.846,0.736,1,8,Current,0,Medium,512891.85
LOAN005473,608.0,0.631,0.713,2,38,Current,0,Medium,296563.65
LOAN005474,611.0,0.986,0.742,4,76,Current,0,High,445344.78
LOAN005475,,0.827,,4,150,Defaulted,1,High,534756.24
LOAN005476,705.0,0.633,0.825,0,0,Current,0,Low,198225.31
LOAN005477,610.0,1.004,0.628,3,24,Current,0,High,1328943.05
LOAN005478,678.0,0.528,0.612,8,129,Defaulted,1,High,129703.76
LOAN005479,661.0,0.885,0.516,2,40,Current,0,Medium,208648.84
LOAN005480,621.0,0.981,0.6,2,36,Current,0,Medium,483431.38
LOAN005481,670.0,0.532,,0,0,Current,0,Low,20618.62
LOAN005482,707.0,0.518,0.541,0,0,Current,0,Low,31776.04
LOAN005483,713.0,0.349,0.552,0,0,Current,0,Low,32867.83
LOAN005484,705.0,0.468,,1,13,Current,0,Low,4301.42
LOAN005485,759.0,0.495,,0,0,Current,0,Low,3872.65
LOAN005486,621.0,0.463,0.631,2,28,Current,0,Medium,6877.47
LOAN005487,715.0,0.447,,0,0,Current,0,Low,15044.32
LOAN005488,692.0,0.482,0.63,0,0,Current,0,Low,5337.2
LOAN005489,725.0,0.314,,0,0,Current,0,Low,5832.55
LOAN005490,698.0,0.391,0.646,0,0,Current,0,Low,4538.45
LOAN005491,718.0,0.915,0.779,3,66,Late,0,Medium,293670.86
LOAN005492,670.0,0.722,,6,180,Defaulted,1,High,123197.7
LOAN005493,663.0,0.626,,1,21,Current,0,Medium,31305.4
LOAN005494,603.0,1.249,0.867,3,75,Late,0,High,1370011.19
LOAN005495,692.0,0.557,0.641,0,0,Current,0,Low,6955.38
LOAN005496,626.0,0.632,0.644,2,44,Current,0,Medium,141637.06
LOAN005497,668.0,0.671,0.714,0,0,Paid Off,0,Medium,56286.17
LOAN005498,653.0,0.829,0.656,4,114,Defaulted,1,High,788007.29
LOAN005499,651.0,0.705,0.721,0,0,Current,0,Medium,199388.64
LOAN005500,618.0,0.884,0.543,1,15,Current,0,Medium,451540.12
LOAN005501,671.0,0.487,,0,0,Current,0,Low,8074.12
LOAN005502,714.0,0.38,0.528,1,11,Current,0,Low,10898.33
LOAN005503,627.0,0.587,0.694,1,25,Current,0,Medium,255906.92
LOAN005504,589.0,1.098,0.569,1,101,Written Off,1,High,809722.08
LOAN005505,710.0,0.628,,0,0,Current,0,Low,20540.57
LOAN005506,611.0,0.93,0.525,2,28,Current,0,Medium,221738.11
LOAN005507,708.0,0.612,0.564,1,20,Current,0,Medium,73247.08
LOAN005508,701.0,0.407,0.548,0,0,Current,0,Low,103744.05
LOAN005509,658.0,0.358,,0,0,Current,0,Low,3159.41
LOAN005510,661.0,0.755,0.526,4,88,Current,0,Medium,49849.76
LOAN005511,650.0,0.797,0.888,2,34,Current,0,Medium,95916.24
LOAN005512,711.0,0.158,,0,0,Current,0,Low,3135.58
LOAN005513,642.0,0.757,0.785,6,119,Defaulted,1,High,298349.05
LOAN005514,723.0,0.881,0.52,1,23,Paid Off,0,Medium,312080.41
LOAN005515,705.0,0.274,0.507,0,0,Current,0,Low,856.47
LOAN005516,690.0,0.464,0.711,0,0,Current,0,Low,6009.1
LOAN005517,,0.482,,0,0,Paid Off,0, Low ,8300.73
LOAN005518,657.0,0.744,0.759,5,133,Defaulted,1,High,101228.09
LOAN005519,718.0,0.612,,0,0,Current,0,Low,6002.37
LOAN005520,642.0,0.5,0.599,3,51,Current,0,Medium,303179.78
LOAN005521,745.0,0.31,0.614,1,22,Current,0,Low,10943.46
LOAN005522,633.0,1.097,0.562,9,180,Defaulted,1,High,642929.72
LOAN005523,736.0,0.44,0.541,0,0,Current,0,Low,45145.53
LOAN005524,631.0,0.621,0.583,3,24,Current,0,Medium,158631.53
LOAN005525,664.0,0.504,0.654,0,0,Current,0,Low,18103.84
LOAN005526,646.0,0.415,,2,42,Current,0,Medium,72759.13
LOAN005527,696.0,0.694,0.545,2,26,Current,0,Medium,277119.59
LOAN005528,643.0,0.7,0.676,1,11,Current,0, medium ,336886.36
LOAN005529,658.0,0.6,0.658,0,0,current,0,Medium,22106.15
LOAN005530,677.0,0.677,,0,0,Current,0,Medium,276216.94
LOAN005531,789.0,0.444,0.563,0,0,Current,0,Low,23699.93
LOAN005532,643.0,0.395,,3,75,Current,0, Medium ,24278.86
LOAN005533,676.0,0.351,,1,9,Current,0,Low,7284.1
LOAN005534,738.0,0.28,,0,0,Current,0,Low,7470.87
LOAN005535,655.0,0.727,0.576,0,0,Current,0,Medium,48219.25
LOAN005536,670.0,0.609,0.538,0,0,Current,0,Low,6031.08
LOAN005537,714.0,0.424,,0,0,Current,0,Low,16305.91
LOAN005538,697.0,0.859,0.847,5,120,Current,0,High,258509.62
LOAN005539,603.0,1.145,0.789,3,66,Current,0,High,3158253.51
LOAN005540,701.0,0.293,,0,0,Current,0,Low,5753.0
LOAN005541,679.0,0.377,,0,0,Current,0,Low,5330.43
LOAN005542,657.0,0.336,0.658,1,17,Current,0,Low,4130.67
LOAN005543,680.0,0.231,0.851,0,0,Current,0,Low,2067.91
LOAN005544,726.0,0.348,,0,0,Current,0,Low,901.45
LOAN005545,679.0,0.261,,0,0,Current,0,Low,3464.18
LOAN005546,678.0,0.488,0.726,0,0,Current,0,Low,6088.06
LOAN005547,637.0,0.624,0.581,2,30,Current,0,Medium,11981.38
LOAN005548,637.0,1.018,0.633,3,33,Current,0,High,538527.89
LOAN005549,639.0,0.525,0.952,4,92,Late,0,Medium,196439.76
LOAN005550,674.0,0.619,0.645,1,12,Current,0,Medium,125529.63
LOAN005551,669.0,0.725,0.502,5,45,Current,0,Medium,115649.68
LOAN005552,720.0,0.577,,0,0,Current,0,Low,18309.66
LOAN005553,637.0,0.923,0.625,2,42,Current,0,Medium,504243.08
LOAN005554,687.0,0.495,0.709,1,9,Current,0,Medium,61196.64
LOAN005555,601.0,0.716,0.671,2,32,Current,0,Medium,226693.22
LOAN005556,625.0,0.653,,1,20,Current,0,Medium,13414.9
LOAN005557,702.0,0.361,,0,0,Current,0,Low,9513.42
LOAN005558,694.0,0.606,0.639,0,0,Current,0,Low,73427.93
LOAN005559,649.0,0.793,0.654,4,64,Late,0,Medium,450215.81
LOAN005560,626.0,0.782,,5,180,Defaulted,1,High,524391.14
LOAN005561,678.0,0.748,0.578,7,112,Current,0,High,56877.1
LOAN005562,616.0,0.497,0.946,2,28,Current,0,Medium,24282.0
LOAN005563,705.0,0.492,0.56,0,0,Current,0,Low,61115.14
LOAN005564,795.0,0.225,0.507,0,0,Current,0,Low,1713.59
LOAN005565,692.0,0.68,0.922,1,23,Current,0,Medium,36123.05
LOAN005566,703.0,,0.568,0,0,Current,0,Low,64747.01
LOAN005567,675.0,0.536,0.531,0,0,Current,0,Low,16981.51
LOAN005568,657.0,0.459,,0,0,Current,0,Low,3998.55
LOAN005569,722.0,0.681,0.818,0,0,Current,0,Low,568299.97
LOAN005570,649.0,0.544,,2,16,Current,0,Medium,29514.35
LOAN005571,620.0,0.365,0.702,2,18,Current,0,Medium,21901.98
LOAN005572,669.0,0.305,,0,0,Current,0,Low,8590.78
LOAN005573,637.0,0.948,0.869,3,75,Late,0,High,523170.22
LOAN005574,640.0,0.87,0.598,2,38,Current,0,Medium,1721136.66
LOAN005575,716.0,0.243,0.737,0,0,Current,0,Low,1276.55
LOAN005576,663.0,0.566,0.714,1,21,Current,0,Medium,81323.9
LOAN005577,666.0,0.639,0.609,0,0,Current,0,Medium,39443.21
LOAN005578,587.0,0.486,,4,60,Current,0,Medium,95029.46
LOAN005579,735.0,0.42,,0,0,Current,0,Low,23276.59
LOAN005580,631.0,0.584,0.809,4,68,Late,0,Medium,160461.44
LOAN005581,709.0,0.502,,1,11,Current,0,Low,4960.15
LOAN005582,650.0,0.633,0.569,1,11,Paid Off,0,Medium,69962.84
LOAN005583,720.0,0.354,0.54,1,12,Current,0,Low,8125.52
LOAN005584,644.0,0.712,0.636,6,180,Defaulted,1,High,114990.85
LOAN005585,624.0,0.737,0.7,2,24,Current,0,Medium,27562.13
LOAN005586,703.0,0.297,0.697,1,24,Current,0,Low,1626.7
LOAN005587,622.0,0.842,0.863,1,8,Current,0,Medium,713267.75
LOAN005588,767.0,0.487,,0,0,current,0,Low,18643.1
LOAN005589,,0.506,,0,0,Current,0,Low,22320.71
LOAN005590,682.0,0.471,0.932,0,0,Current,0,Low,11643.73
LOAN005591,599.0,0.601,,4,100,Restructured,0,High,58527.63
LOAN005592,676.0,0.157,0.76,1,25,Paid Off,0,LOW,1566.43
LOAN005593,711.0,0.192,0.661,0,0,Paid Off,0,Low,2288.04
LOAN005594,615.0,0.77,0.59,0,0,Current,0,Medium,123413.58
LOAN005595,640.0,0.775,0.686,3,51,Current,0,Medium,209809.79
LOAN005596,601.0,1.33,0.71,9,180,Written Off,1,High,1687554.4
LOAN005597,716.0,0.358,0.558,0,0,Current,0,Low,13815.67
LOAN005598,667.0,0.502,0.569,0,0,Current,0,Low,41278.47
LOAN005599,751.0,0.62,0.556,0,0,Current,0,Low,81396.31
LOAN005600,625.0,0.895,0.57,2,46,Paid Off,0,medium,221497.54
LOAN005601,640.0,0.688,0.624,1,21,Current,0,Medium,168298.19
LOAN005602,712.0,0.351,,1,15,Current,0,Low,4458.81
LOAN005603,718.0,0.329,0.545,2,26,Current,0,Low,8475.45
LOAN005604,708.0,0.383,0.882,0,0, Current ,0,Low,20853.24
LOAN005605,755.0,0.388,0.767,0,0, current ,0,Low,21936.71
LOAN005606,,0.152,0.811,0,0,Current,0,Low,895.08
LOAN005607,642.0,0.951,0.72,4,40,Current,0,High,322811.4
LOAN005608,713.0,0.87,0.6,0,0,Current,0,Medium,148402.32
LOAN005609,664.0,0.236,0.657,0,0,current,0,Low,5707.12
LOAN005610,686.0,0.314,0.82,0,0,Current,0,Low,2820.6
LOAN005611,,0.603,,4,135,Defaulted,1,Medium,56362.18
LOAN005612,642.0,0.62,0.528,1,25,Current,0,Medium,11255.65
LOAN005613,636.0,0.509,0.874,3,51,Paid Off,0,Medium,47364.16
LOAN005614,696.0,0.412,,1,14,Current,0,Low,10304.82
LOAN005615,698.0,0.71,0.7,2,90,Defaulted,1,Medium,38116.12
LOAN005616,614.0,1.042,,4,96,Current,0,High,1157958.35
LOAN005617,629.0,0.953,0.579,6,163,Defaulted,1,High,253664.38
LOAN005618,582.0,0.94,0.848,3,27,Current,0,High,1402754.24
LOAN005619,686.0,0.672,,0,0,Current,0,Low,25071.47
LOAN005620,595.0,1.001,0.536,3,63,Current,0,High,461437.05
LOAN005621,640.0,0.655,,4,40,Current,0,Medium,43269.3
LOAN005622,678.0,0.663,,0,0,Current,0,Medium,264091.12
LOAN005623,667.0,0.354,0.603,0,0,Current,0,Low,12674.03
LOAN005624,665.0,0.601,0.941,0,0,Paid Off,0,Medium,67088.06
LOAN005625,776.0,0.151,,3,54,Current,0,Low,1656.82
LOAN005626,705.0,0.363,0.518,0,0,Current,0,Low,2390.76
LOAN005627,736.0,0.593,0.717,0,0,Current,0,Low,40024.93
LOAN005628,660.0,0.9,0.658,1,9,Paid Off,0,Medium,72399.14
LOAN005629,648.0,0.456,,7,180,Defaulted,1,High,36827.68
LOAN005630,627.0,0.812,0.779,5,180,Defaulted,1,High,396614.33
LOAN005631,639.0,0.73,0.853,5,85,Late,0,High,100522.91
LOAN005632,695.0,0.56,0.885,0,0,Current,0,Low,90866.48
LOAN005633,763.0,0.19,,0,0,Current,0,Low,4385.13
LOAN005634,663.0,0.564,0.845,0,0,Current,0,Medium,39482.28
LOAN005635,679.0,0.132,0.535,0,0,Current,0,Low,2212.91
LOAN005636,649.0,0.6,,3,30,Current,0,Medium,9602.09
LOAN005637,729.0,0.623,,0,0,Current,0,Low,26487.52
LOAN005638,651.0,0.718,0.509,0,0,Current,0,Medium,107373.75
LOAN005639,738.0,0.349,,1,25,Current,0, low ,1745.1
LOAN005640,650.0,1.07,0.611,5,125,Late,0,High,324064.84
LOAN005641,583.0,0.594,0.63,6,54,Current,0,High,25258.14
LOAN005642,693.0,0.497,,1,9,Current,0,Low,21980.15
LOAN005643,660.0,0.381,0.65,0,0,Current,0,low,18140.8
LOAN005644,687.0,0.511,0.582,0,0,Current,0,Low,17509.3
LOAN005645,620.0,0.837,,1,22,Current,0,Medium,73127.16
LOAN005646,668.0,0.475,,0,0,Current,0,Low,9095.8
LOAN005647,721.0,0.089,,1,19,Current,0,Low,4733.83
LOAN005648,715.0,0.382,0.631,0,0,Current,0,Low,10666.94
LOAN005649,657.0,0.489,0.591,0,0,Current,0,Low,31389.96
LOAN005650,699.0,0.296,0.589,0,0,Current,0,Low,11607.66
LOAN005651,699.0,0.703,0.923,0,0,Current,0,Medium,92550.67
LOAN005652,674.0,0.591,,0,0,Current,0,low,7083.37
LOAN005653,659.0,0.507,,1,20,Current,0,Medium,4630.24
LOAN005654,674.0,0.51,0.511,0,0,Current,0,Low,112297.58
LOAN005655,639.0,0.364,0.65,3,42,Current,0,Medium,5366.16
LOAN005656,668.0,0.603,0.706,1,10,Current,0,Medium,125682.35
LOAN005657,626.0,0.826,0.57,1,18,Current,0,Medium,308740.94
LOAN005658,653.0,0.644,0.626,0,0,Current,0,Medium,22902.64
LOAN005659,694.0,0.881,0.581,0,0,Current,0,Medium,563428.2
LOAN005660,707.0,0.484,0.512,0,0,Paid Off,0,Low,14306.43
LOAN005661,673.0,0.415,0.815,4,124, defaulted ,1,Medium,5005.56
LOAN005662,636.0,0.733,0.693,5,180,Defaulted,1,High,890157.27
LOAN005663,635.0,0.441,,0,0,Current,0,Low,13770.45
LOAN005664,642.0,0.612,,4,88,Late,0,Medium,16377.75
LOAN005665,737.0,0.253,0.728,1,16,Current,0,Low,2505.38
LOAN005666,662.0,0.901,0.546,4,52,Current,0,High,212855.99
LOAN005667,703.0,0.638,0.692,0,0,Current,0,Low,79675.72
LOAN005668,622.0,0.54,,9,180,Defaulted,1,High,39968.49
LOAN005669,634.0,1.031,0.882,5,75,Late,0,High,613101.27
LOAN005670,719.0,0.343,0.558,0,0,Current,0,Low,13470.42
LOAN005671,656.0,0.569,0.57,0,0,Current,0,Medium,13047.75
LOAN005672,648.0,0.681,0.781,3,150,Defaulted,1,Medium,314142.32
LOAN005673,657.0,0.818,0.582,2,38,Current,0,Medium,181616.62
LOAN005674,697.0,0.573,0.737,0,0,Current,0,Low,12646.8
LOAN005675,620.0,0.778,0.601,5,65,Current,0,High,241875.25
LOAN005676,758.0,0.284,,0,0,Current,0,Low,4983.17
LOAN005677,678.0,0.575,,1,9,Current,0,Medium,38471.37
LOAN005678,676.0,0.143,,0,0,Current,0,Low,16643.12
LOAN005679,671.0,0.967,,2,69,Defaulted,1,Medium,482965.05
LOAN005680,692.0,0.501,,0,0,Current,0,Low,9970.2
LOAN005681,750.0,0.484,,0,0,Current,0,Low,7886.24
LOAN005682,699.0,0.387,0.644,0,0,Current,0,Low,28159.35
LOAN005683,619.0,0.374,0.903,4,80,Late,0,Medium,110009.58
LOAN005684,681.0,0.349,,0,0,Current,0,Low,5897.21
LOAN005685,673.0,0.515,0.917,0,0,Current,0,Low,66856.42
LOAN005686,655.0,0.708,0.614,0,0,Current,0,Medium,115181.06
LOAN005687,658.0,0.316,,0,0,CURRENT,0,Low,4578.3
LOAN005688,731.0,0.421,0.639,0,0,Current,0,Low,3435.89
LOAN005689,652.0,0.687,0.698,0,0,Current,0,Medium,17903.63
LOAN005690,703.0,0.411,,0,0,Paid Off,0,Low,2644.53
LOAN005691,649.0,0.273,0.565,2,30,Current,0,Medium,88115.73
LOAN005692,696.0,0.474,0.656,0,0,Paid Off,0,Low,2255.46
LOAN005693,670.0,0.822,0.761,4,92,Late,0,High,156331.21
LOAN005694,657.0,0.778,0.681,0,0,Current,0,Medium,47529.74
LOAN005695,731.0,0.453,0.588,2,42,Current,0,Low,38679.31
LOAN005696,709.0,0.687,0.748,0,0,Current,0,Low,97348.06
LOAN005697,668.0,0.639,0.931,1,23,Current,0,Medium,172340.03
LOAN005698,644.0,0.477,,5,90, RESTRUCTURED ,0,Medium,16482.71
LOAN005699,664.0,0.748,0.735,1,17,Current,0,Medium,164516.71
LOAN005700,699.0,0.479,,1,16,Current,0,Low,24004.14
LOAN005701,682.0,0.32,0.607,0,0,Current,0,Low,2749.03
LOAN005702,629.0,0.611,0.539,3,72,Late,0,Medium,97703.91
LOAN005703,647.0,0.457,0.677,5,40,Current,0,Medium,10571.75
LOAN005704,653.0,0.555,0.886,0,0,Current,0,Medium,59958.34
LOAN005705,705.0,0.619,0.708,1,16,Paid Off,0,Medium,52318.0
LOAN005706,655.0,1.021,0.754,5,158,Written Off,1,High,570352.84
LOAN005707,702.0,0.769,0.513,4,60,Current,0,Medium,268032.84
LOAN005708,720.0,0.497,,0,0,Current,0,Low,21229.64
LOAN005709,602.0,0.551,0.509,9,117,Late,0,High,77359.99
LOAN005710,604.0,0.988,0.68,1,8,Paid Off,0,Medium,335921.92
LOAN005711,679.0,0.591,,0,0,Current,0,Low,16640.71
LOAN005712,656.0,0.304,,0,0,Current,0,Low,3464.21
LOAN005713,685.0,0.528,,0,0,Current,0,Low,19707.59
LOAN005714,630.0,0.866,0.518,5,120,Restructured,0,High,615666.36
LOAN005715,625.0,0.757,0.76,6,167,Defaulted,1,High,70385.68
LOAN005716,702.0,0.605,0.875,0,0,Current,0,Low,104291.54
LOAN005717,610.0,1.001,,5,40,Current,0,High,911859.27
LOAN005718,633.0,0.866,0.726,4,140,Defaulted,1,High,550145.35
LOAN005719,736.0,0.277,,0,0,Current,0,Low,2494.63
LOAN005720,708.0,0.446,0.512,0,0,Current,0,Low,3305.24
LOAN005721,687.0,0.573,0.561,0,0,Paid Off,0,Low,86880.5
LOAN005722,638.0,0.631,0.789,4,88,Late,0,Medium,50410.62
LOAN005723,656.0,0.629,0.888,0,0,Current,0,Medium,47570.2
LOAN005724,669.0,,0.731,0,0,Current,0,Medium,5629.87
LOAN005725,652.0,0.527,0.857,0,0,Current,0, medium ,64093.89
LOAN005726,653.0,0.444,0.584,0,0,Current,0,Low,57133.24
LOAN005727,664.0,0.551,0.773,0,0,Current,0,Medium,147466.49
LOAN005728,732.0,0.296,0.724,0,0,Current,0,Low,5619.93
LOAN005729,722.0,0.189,,0,0,Current,0, LOW ,2038.3
LOAN005730,663.0,0.503,0.646,0,0,Current,0,Low,13280.37
LOAN005731,580.0,1.35,0.606,3,72,Restructured,0,High,1312438.32
LOAN005732,609.0,0.876,0.675,1,12,Paid Off,0,Medium,513785.04
LOAN005733,714.0,0.311,0.928,1,18,Current,0,Low,6133.51
LOAN005734,683.0,0.918,0.839,4,96,Late,0,High,830829.59
LOAN005735,705.0,0.359,,1,15,Current,0,Low,12163.33
LOAN005736,703.0,0.287,0.686,0,0,Current,0,Low,5590.13
LOAN005737,692.0,0.363,0.533,0,0,Current,0,Low,4644.44
LOAN005738,766.0,0.29,,0,0,Current,0,Low,9791.25
LOAN005739,689.0,0.654,0.83,0,0,Current,0,Medium,238867.34
LOAN005740,752.0,0.231,0.906,0,0,Current,0,Low,13844.64
LOAN005741,691.0,0.47,,1,20,Current,0,Low,18306.06
LOAN005742,660.0,0.739,0.913,2,26,Current,0,Medium,113870.53
LOAN005743,664.0,0.527,0.58,0,0,Current,0,Low,30269.48
LOAN005744,624.0,0.802,0.715,2,84,Defaulted,1,Medium,449684.16
LOAN005745,685.0,0.223,0.556,0,0,Current,0,Low,1809.93
LOAN005746,701.0,0.538,,1,9,Current,0,low,10800.36
LOAN005747,619.0,0.604,,3,54,Current,0,Medium,235125.98
LOAN005748,753.0,0.666,,0,0,Current,0,Low,39434.58
LOAN005749,690.0,0.231,0.745,1,13,Current,0,Low,2441.68
LOAN005750,580.0,1.255,,3,145,Defaulted,1,High,2003652.19
LOAN005751,747.0,0.74,0.58,1,20,Current,0,Medium,12594.95
LOAN005752,704.0,0.465,,0,0,Current,0,Low,6808.33
LOAN005753,750.0,0.33,0.727,0,0,Current,0,Low,5983.24
LOAN005754,680.0,0.503,0.919,0,0,Current,0,Low,67815.13
LOAN005755,728.0,0.49,0.787,0,0,Current,0,Low,47535.29
LOAN005756,643.0,0.375,,3,27,Paid Off,0,Medium,10661.14
LOAN005757,787.0,0.344,0.624,0,0,Current,0,Low,3946.7
LOAN005758,621.0,0.453,0.601,2,50,Current,0,Medium,9907.88
LOAN005759,652.0,0.791,0.775,4,52,Current,0, medium ,23921.32
LOAN005760,693.0,0.558,0.742,0,0,Current,0,Low,8436.24
LOAN005761,648.0,1.106,0.573,4,133,Defaulted,1,High,498300.49
LOAN005762,693.0,0.329,0.532,0,0,Current,0,Low,2248.28
LOAN005763,682.0,0.732,0.93,3,57,Current,0,Medium,216301.9
LOAN005764,686.0,0.314,0.808,0,0,Current,0,Low,2188.01
LOAN005765,734.0,0.286,,0,0,Current,0,Low,6440.44
LOAN005766,618.0,0.578,0.517,1,17,Current,0,Medium,119414.14
LOAN005767,670.0,0.535,0.639,1,12,Current,0,Medium,5384.94
LOAN005768,593.0,0.651,0.573,0,0,Current,0,Medium,320192.49
LOAN005769,679.0,0.461,0.641,0,0,Current,0, low ,101523.06
LOAN005770,712.0,0.468,0.642,0,0,Current,0,Low,24286.58
LOAN005771,595.0,1.047,0.944,3,54,Current,0,High,532991.86
LOAN005772,689.0,0.444,,0,0,Current,0,Low,3987.48
LOAN005773,694.0,0.695,0.774,0,0,Paid Off,0,Medium,164451.58
LOAN005774,586.0,1.114,0.799,5,180,Defaulted,1,High,495365.33
LOAN005775,662.0,0.365,0.711,1,18,Current,0,Low,11981.19
LOAN005776,622.0,0.604,0.939,4,68,Restructured,0,Medium,211222.01
LOAN005777,679.0,0.791,0.807,9,180,Restructured,0,High,69231.5
LOAN005778,672.0,0.408,0.947,0,0,Current,0,Low,7494.38
LOAN005779,698.0,0.26,,0,0,Current,0,Low,4701.66
LOAN005780,711.0,0.547,,0,0,Current,0,Low,78403.64
LOAN005781,592.0,0.536,0.637,4,96,Current,0,High,135862.84
LOAN005782,682.0,0.617,0.723,1,13,Current,0,Medium,81777.98
LOAN005783,721.0,0.238,,0,0,Current,0,Low,3742.79
LOAN005784,696.0,0.193,0.768,0,0,Current,0,Low,2553.84
LOAN005785,741.0,0.199,0.597,0,0,Current,0,Low,3535.36
LOAN005786,615.0,0.766,0.95,2,44,Current,0,Medium,898743.03
LOAN005787,645.0,0.684,0.925,2,34,Current,0,Medium,323859.94
LOAN005788,707.0,0.336,,0,0,Current,0,Low,3505.88
LOAN005789,574.0,0.615,,4,40,current,0,High,15875.09
LOAN005790,720.0,0.331,0.873,0,0,Current,0,Low,5087.19
LOAN005791,692.0,0.547,0.853,1,22,Paid Off,0,Medium,18576.39
LOAN005792,716.0,0.209,0.65,0,0, current ,0,Low,30013.27
LOAN005793,682.0,0.694,0.869,0,0,Current,0,Medium,128908.29
LOAN005794,686.0,0.587,0.515,0,0,Current,0,Low,76715.02
LOAN005795,712.0,0.385,,0,0,Current,0,Low,8453.7
LOAN005796,713.0,0.242,,0,0,Current,0,Low,2141.11
LOAN005797,687.0,0.72,0.523,0,0,Current,0,medium,132111.34
LOAN005798,726.0,0.63,,5,180,Written Off,1,Medium,24887.06
LOAN005799,646.0,0.746,0.819,5,95,Restructured,0,High,83799.16
LOAN005800,715.0,0.516,0.837,0,0,Current,0,Low,80086.02
LOAN005801,640.0,0.33,0.56,1,13,Current,0,Medium,4376.53
LOAN005802,729.0,0.602,,0,0,Current,0,Low,17766.19
LOAN005803,672.0,0.942,0.908,3,75,Restructured,0,Medium,266988.06
LOAN005804,666.0,0.338,,0,0,Current,0,Low,6274.8
LOAN005805,695.0,0.568,0.832,0,0,Current,0,Low,7433.88
LOAN005806,699.0,0.539,0.653,0,0,Current,0,Low,120774.6
LOAN005807,615.0,0.519,0.551,1,24,Current,0,Medium,75130.1
LOAN005808,687.0,0.916,0.612,1,19,Current,0,Medium,128551.45
LOAN005809,743.0,0.507,0.731,0,0,Paid Off,0,Low,55820.55
LOAN005810,753.0,0.263,0.711,1,11, Current ,0,low,2750.23
LOAN005811,683.0,0.503,0.644,1,8,Current,0,MEDIUM,44297.29
LOAN005812,728.0,0.248,0.682,0,0,Paid Off,0,Low,3424.24
LOAN005813,698.0,0.526,0.694,0,0,Current,0,Low,29057.4
LOAN005814,647.0,0.327,0.634,1,19,Current,0,Low,9667.56
LOAN005815,682.0,0.828,0.567,2,32,Current,0,Medium,76353.28
LOAN005816,638.0,0.463,0.546,1,9,Current,0,Medium,129972.14
LOAN005817,653.0,0.544,0.874,0,0,Current,0,Medium,35724.11
LOAN005818,619.0,0.786,0.571,2,34,Current,0,Medium,204929.58
LOAN005819,695.0,0.407,,0,0,Paid Off,0,Low,5151.74
LOAN005820,630.0,0.56,,3,57,Current,0,Medium,22856.13
LOAN005821,698.0,0.802,0.934,3,63,Current,0,Medium,417550.43
LOAN005822,639.0,0.812,0.762,0,0,Current,0,Medium,391960.93
LOAN005823,633.0,0.712,0.939,2,22,Current,0,Medium,195825.12
LOAN005824,628.0,1.318,0.509,8,180,Defaulted,1,High,1465055.63
LOAN005825,659.0,0.583,,0,0,Current,0, MEDIUM ,14499.53
LOAN005826,751.0,0.17,,0,0,Current,0,Low,1747.89
LOAN005827,553.0,1.11,0.51,5,70,Current,0,High,1779791.89
LOAN005828,616.0,0.863,0.811,2,20,Current,0,Medium,261477.19
LOAN005829,672.0,0.449,0.667,0,0,Current,0,Low,7108.51
LOAN005830,726.0,0.237,,0,0,Current,0,Low,6334.38
LOAN005831,,1.062,0.913,3,45,Current,0,High,271824.9
LOAN005832,715.0,0.523,,0,0,Current,0,Low,17229.29
LOAN005833,624.0,1.215,0.638,5,90,Late,0,High,965623.98
LOAN005834,714.0,0.676,0.534,0,0,Current,0,Low,120751.29
LOAN005835,658.0,0.76,0.834,4,32, CURRENT ,0,Medium,125716.64
LOAN005836,709.0,0.571,0.855,0,0,Current,0,Low,96055.33
LOAN005837,692.0,0.444,,0,0,Current,0,Low,14800.19
LOAN005838,642.0,0.478,,4,180,Defaulted,1,Medium,11599.45
LOAN005839,716.0,0.542,0.779,0,0,Current,0,Low,58258.54
LOAN005840,668.0,0.396,,1,9,Current,0,Low,4971.02
LOAN005841,742.0,0.687,0.536,0,0,Current,0,Low,8728.77
LOAN005842,648.0,0.835,0.604,3,146,Defaulted,1,High,390355.86
LOAN005843,741.0,0.175,0.835,0,0,Current,0,Low,4272.82
LOAN005844,607.0,0.992,0.774,5,121,Defaulted,1,High,604479.64
LOAN005845,634.0,0.889,0.659,6,180,Defaulted,1,High,475273.06
LOAN005846,656.0,0.905,0.57,3,45,Current,0,Medium,363005.49
LOAN005847,741.0,0.354,0.85,1,20,Current,0,Low,45294.17
LOAN005848,720.0,0.558,0.619,0,0,Current,0,Low,52807.12
LOAN005849,647.0,0.676,0.598,3,113,Defaulted,1,Medium,166605.36
LOAN005850,764.0,0.342,0.633,0,0,Current,0,Low,57790.32
LOAN005851,697.0,0.32,,0,0,Current,0,Low,5477.92
LOAN005852,697.0,0.686,0.753,0,0,Current,0,Medium,275946.04
LOAN005853,587.0,1.014,0.522,4,36,Current,0,High,787096.08
LOAN005854,701.0,0.696,0.586,0,0,Current,0,Low,154089.4
LOAN005855,654.0,0.479,0.881,0,0,Current,0,Low,11749.48
LOAN005856,660.0,0.439,0.633,0,0,Paid Off,0,Low,146597.39
LOAN005857,702.0,0.346,0.856,0,0,Current,0,Low,4500.37
LOAN005858,678.0,0.565,0.527,0,0,Current,0,Low,65303.82
LOAN005859,723.0,0.531,0.949,0,0,Current,0,Low,6713.46
LOAN005860,747.0,0.479,,0,0,Current,0,Low,10444.81
LOAN005861,663.0,0.53,0.657,0,0,Current,0,Low,72966.51
LOAN005862,621.0,0.809,0.681,7,180,Defaulted,1,High,359443.23
LOAN005863,711.0,0.511,,0,0,Current,0,Low,41151.74
LOAN005864,720.0,0.278,0.651,0,0,Paid Off,0,Low,25844.39
LOAN005865,691.0,0.306,,0,0,Current,0,Low,6139.97
LOAN005866,653.0,0.552,,0,0,Current,0,Medium,14911.48
LOAN005867,672.0,1.35,,5,143,Defaulted,1,High,2763876.08
LOAN005868,599.0,0.897,0.651,4,36,Current,0,High,811574.46
LOAN005869,617.0,0.716,0.812,3,39,Current,0,Medium,18626.4
LOAN005870,682.0,0.39,0.733,0,0,Current,0,Low,7646.57
LOAN005871,646.0,0.778,0.748,2,42,Current,0,Medium,356476.48
LOAN005872,684.0,0.612,,0,0,Current,0,Low,11836.04
LOAN005873,679.0,0.446,0.625,0,0,Current,0,Low,23262.15
LOAN005874,682.0,0.599,0.53,0,0,Current,0,Low,27800.54
LOAN005875,659.0,0.902,0.501,2,38,Current,0,Medium,223027.56
LOAN005876,637.0,0.876,0.653,2,112,Defaulted,1,Medium,428826.41
LOAN005877,736.0,0.314,,0,0,Current,0,Low,4010.24
LOAN005878,698.0,0.513,0.574,0,0,Current,0, low ,26164.83
LOAN005879,638.0,1.195,0.642,6,180,Defaulted,1,High,1491818.88
LOAN005880,610.0,0.923,0.905,2,22,Current,0,Medium,512583.01
LOAN005881,722.0,0.624,0.913,0,0,Current,0,Low,10812.61
LOAN005882,677.0,0.804,0.858,6,147,Defaulted,1,High,275094.95
LOAN005883,684.0,0.331,,1,15,Current,0,Low,3757.62
LOAN005884,708.0,0.436,0.667,1,13,Current,0,Low,80891.02
LOAN005885,631.0,0.449,0.939,2,22,Current,0,Medium,31601.28
LOAN005886,630.0,0.452,0.564,3,24,Current,0,Medium,37813.37
LOAN005887,735.0,0.321,,0,0,Current,0,Low,20960.19
LOAN005888,610.0,0.795,,2,24,Current,0,Medium,100228.01
LOAN005889,723.0,0.517,0.585,9,155,Defaulted,1,High,8522.81
LOAN005890,676.0,1.053,0.61,5,110,Restructured,0,High,308383.82
LOAN005891,642.0,1.04,0.835,2,20,Current,0,Medium,690662.17
LOAN005892,749.0,0.195,,0,0,Current,0,Low,6350.06
LOAN005893,692.0,0.604,0.668,0,0,Paid Off,0,Low,89628.65
LOAN005894,692.0,0.293,0.807,1,8,Current,0,Low,3896.73
LOAN005895,662.0,0.915,0.728,5,180,Defaulted,1,High,91455.01
LOAN005896,681.0,0.519,,0,0,Current,0,Low,5060.18
LOAN005897,678.0,1.001,0.849,2,22,Current,0,Medium,197122.31
LOAN005898,663.0,0.468,0.559,0,0,Current,0,Low,37170.77
LOAN005899,727.0,0.306,0.919,0,0, current ,0,Low,56697.77
LOAN005900,693.0,0.126,,0,0,Current,0,Low,8045.78
LOAN005901,675.0,0.533,0.895,0,0,Current,0,Low,21156.05
LOAN005902,698.0,0.913,0.502,7,112,Late,0,High,266749.57
LOAN005903,690.0,0.759,0.532,2,48,Current,0,Medium,118807.74
LOAN005904,661.0,0.416,,0,0,Current,0,Low,28817.63
LOAN005905,701.0,0.283,0.653,0,0,Current,0,Low,4120.63
LOAN005906,646.0,0.473,0.798,2,40,Current,0,Medium,129671.56
LOAN005907,677.0,0.519,0.643,0,0,Current,0,Low,44619.07
LOAN005908,689.0,0.385,0.569,0,0,Current,0,Low,78533.84
LOAN005909,585.0,1.073,0.781,3,48,Current,0,High,418748.77
LOAN005910,628.0,0.815,0.525,3,60,Current,0,Medium,451866.54
LOAN005911,716.0,0.372,,0,0,Current,0,Low,13358.54
LOAN005912,657.0,0.697,0.713,1,25, CURRENT ,0,Medium,109005.33
LOAN005913,674.0,0.65,0.585,0,0,Paid Off,0,Medium,12402.5
LOAN005914,721.0,0.541,0.532,0,0,Current,0,Low,14467.23
LOAN005915,676.0,0.395,0.782,0,0,Current,0,Low,3718.14
LOAN005916,637.0,0.573,,2,32,current,0,Medium,44943.0
LOAN005917,650.0,0.704,0.544,0,0,Paid Off,0,Medium,27615.08
LOAN005918,683.0,0.667,0.629,0,0,Paid Off,0,Medium,139444.44
LOAN005919,665.0,0.466,,0,0,Current,0,Low,11217.78
LOAN005920,658.0,0.479,0.552,6,180,Defaulted,1,High,189219.01
LOAN005921,719.0,0.316,0.525,1,13,Current,0,Low,3241.95
LOAN005922,595.0,1.0,0.828,2,16,Current,0,High,1041689.8
LOAN005923,663.0,0.556,0.6,0,0,Current,0,Low,16735.38
LOAN005924,691.0,0.382,0.689,0,0,Current,0,Low,9304.64
LOAN005925,618.0,0.582,0.804,1,13,Current,0,Medium,19587.92
LOAN005926,632.0,0.836,0.702,1,15,Current,0,Medium,40427.79
LOAN005927,698.0,0.528,,0,0,Paid Off,0,Low,5790.67
LOAN005928,710.0,0.131,0.521,0,0,Current,0,Low,3479.93
LOAN005929,736.0,0.199,0.876,0,0,Current,0,Low,5015.5
LOAN005930,651.0,0.693,0.73,0,0,Paid Off,0,Medium,139408.86
LOAN005931,736.0,0.125,,0,0,Current,0,Low,1050.61
LOAN005932,688.0,0.506,0.718,0,0,Current,0,Low,56155.76
LOAN005933,642.0,0.684,0.508,2,44, Current ,0,Medium,105592.83
LOAN005934,615.0,0.81,,2,32,Current,0,Medium,145678.94
LOAN005935,,0.626,0.846,0,0,Current,0,Low,15340.2
LOAN005936,637.0,0.591,0.523,4,56,Current,0,Medium,162785.48
LOAN005937,719.0,0.277,0.802,0,0,Current,0,Low,1151.8
LOAN005938,744.0,0.21,,0,0,Current,0,Low,14366.66
LOAN005939,688.0,0.589,0.635,0,0,Current,0,Low,137314.75
LOAN005940,686.0,0.336,,0,0,Current,0,Low,12720.32
LOAN005941,689.0,0.348,0.722,1,21,Current,0,Low,33716.4
LOAN005942,667.0,0.508,0.666,1,17,Current,0,Medium,42105.22
LOAN005943,738.0,0.628,0.525,4,153,Defaulted,1,Medium,53447.86
LOAN005944,624.0,0.789,,6,54,Current,0,High,795359.28
LOAN005945,673.0,0.565,0.55,0,0,Current,0,Low,5834.38
LOAN005946,620.0,0.573,,4,100,Current,0,Medium,18695.66
LOAN005947,636.0,0.697,0.666,2,18,Paid Off,0,Medium,176830.12
LOAN005948,605.0,0.587,0.526,9,180,Written Off,1,High,37574.45
LOAN005949,670.0,0.465,,8,180,Defaulted,1,High,1271.07
LOAN005950,641.0,0.821,0.532,2,18,Current,0,Medium,283604.89
LOAN005951,711.0,0.284,,0,0,Paid Off,0,Low,3299.66
LOAN005952,637.0,0.683,0.648,4,68,Late,0,Medium,258635.39
LOAN005953,676.0,0.371,0.829,0,0,Current,0,Low,5571.39
LOAN005954,654.0,1.164,0.686,1,14,Current,0,Medium,1070117.68
LOAN005955,646.0,0.326,0.52,3,72,Restructured,0,Medium,26923.38
LOAN005956,689.0,0.419,0.699,5,125,Defaulted,1,medium,55635.6
LOAN005957,635.0,1.271,0.515,3,75,Late,0,High,1260495.19
LOAN005958,659.0,0.536,,1,12,Current,0,Medium,94634.26
LOAN005959,648.0,0.654,0.697,6,168,Defaulted,1,High,136003.36
LOAN005960,739.0,0.478,0.669,0,0,Current,0,Low,25232.59
LOAN005961,617.0,0.804,0.917,5,116,Written Off,1,High,439273.9
LOAN005962,694.0,0.79,0.936,2,40,Current,0,Medium,184087.31
LOAN005963,758.0,0.321,,0,0,Current,0,Low,10736.99
LOAN005964,758.0,0.14,,1,10,Current,0,low,4654.36
LOAN005965,701.0,0.679,0.83,2,74,Written Off,1,Medium,30238.71
LOAN005966,654.0,0.798,,4,56,Current,0,Medium,35532.75
LOAN005967,757.0,0.168,,2,30,Current,0,Low,3857.49
LOAN005968,666.0,0.534,,1,21,Current,0,Medium,11576.54
LOAN005969,616.0,0.595,0.506,3,63, late ,0,Medium,309989.76
LOAN005970,540.0,1.227,0.821,2,50,Current,0,High,1670047.43
LOAN005971,704.0,0.528,0.682,1,25,Current,0,Medium,68329.28
LOAN005972,704.0,0.673,,0,0,Current,0,Low,7854.15
LOAN005973,690.0,0.304,0.522,0,0,Current,0,Low,4832.04
LOAN005974,718.0,0.396,,0,0,Current,0,Low,7417.7
LOAN005975,648.0,0.644,0.658,5,60,Current,0,Medium,245506.72
LOAN005976,664.0,0.507,0.578,0,0,Current,0,Low,25538.63
LOAN005977,586.0,1.099,0.638,5,130,Defaulted,1,High,924222.8
LOAN005978,685.0,0.43,,0,0,Current,0,Low,5575.77
LOAN005979,623.0,0.822,0.568,2,34,Current,0,Medium,731464.37
LOAN005980,684.0,0.458,0.58,0,0,Current,0,Low,7652.94
LOAN005981,730.0,0.634,0.664,1,21,Current,0,Low,78408.09
LOAN005982,708.0,0.203,,0,0,Current,0,Low,2825.96
LOAN005983,651.0,0.533,0.602,0,0,Current,0,Medium,47828.76
LOAN005984,681.0,0.546,0.852,0,0,Current,0,Low,65863.19
LOAN005985,679.0,0.379,,0,0,Current,0,Low,3004.68
LOAN005986,636.0,0.71,0.715,3,30,Current,0,Medium,367895.19
LOAN005987,692.0,0.346,0.763,0,0,Paid Off,0,Low,1328.45
LOAN005988,677.0,0.627,0.599,7,180,Written Off,1,High,34460.14
LOAN005989,698.0,0.225,,0,0,Paid Off,0,Low,2719.72
LOAN005990,706.0,0.566,,0,0,Current,0,Low,157830.32
LOAN005991,730.0,0.563,0.818,0,0,Current,0,Low,21181.2
LOAN005992,589.0,1.078,0.521,2,16,Paid Off,0,High,518072.58
LOAN005993,677.0,0.574,0.696,0,0,Current,0,Low,68754.7
LOAN005994,636.0,0.779,0.862,4,113,Defaulted,1,High,386065.87
LOAN005995,667.0,0.442,,1,15,Current,0,Medium,6374.33
LOAN005996,668.0,0.496,,1,25,Current,0,Medium,13112.48
LOAN005997,,0.969,0.895,4,84,Late,0,high,630157.54
LOAN005998,598.0,1.158,,5,175,Defaulted,1,High,1406690.35
LOAN005999,592.0,0.936,0.563,6,152,Defaulted,1,High,769818.19
LOAN006000,599.0,1.152,0.925,1,15,Current,0,High,593815.79
LOAN006001,607.0,1.003,0.681,4,60,Current,0,High,559136.13
LOAN006002,685.0,0.364,0.729,0,0,Current,0,Low,39155.61
LOAN006003,691.0,0.622,,0,0,Current,0,Low,87425.59
LOAN006004,664.0,0.71,0.654,1,13,Current,0,Medium,130742.12
LOAN006005,742.0,0.367,0.523,0,0,Current,0,Low,29162.27
LOAN006006,698.0,0.575,0.524,0,0,Current,0,Low,26529.47
LOAN006007,700.0,0.462,0.947,0,0,Paid Off,0,Low,24113.51
LOAN006008,678.0,0.487,,0,0,Current,0,Low,13621.43
LOAN006009,722.0,0.349,0.93,0,0,Current,0,Low,7441.7
LOAN006010,635.0,0.841,0.91,0,0,Current,0,Medium,236340.31
LOAN006011,663.0,0.478,0.736,0,0, CURRENT ,0,Low,10794.62
LOAN006012,676.0,0.866,0.581,2,30,current,0,Medium,376582.88
LOAN006013,621.0,1.272,0.631,6,161,Defaulted,1,High,1465768.37
LOAN006014,597.0,0.586,0.846,2,36,Current,0,Medium,96414.57
LOAN006015,667.0,0.86,0.547,5,90,Late,0,High,64495.35
LOAN006016,644.0,0.375,0.568,6,120,Late,0,Medium,29454.64
LOAN006017,653.0,0.516,,6,180,Defaulted,1,High,9773.95
LOAN006018,677.0,0.913,0.651,4,40,Current,0,Medium,263508.76
LOAN006019,683.0,0.457,0.77,0,0,Paid Off,0,Low,50991.17
LOAN006020,646.0,1.183,0.582,5,139,Defaulted,1,High,2003064.87
LOAN006021,,0.119,0.621,0,0,Current,0,Low,1833.39
LOAN006022,652.0,0.647,0.657,0,0,Current,0,Medium,55776.25
LOAN006023,745.0,0.333,0.581,0,0,Current,0,Low,3666.71
LOAN006024,732.0,0.543,,0,0,Current,0,Low,4057.0
LOAN006025,701.0,0.397,,2,42,Current,0,Medium,2602.62
LOAN006026,714.0,0.417,0.763,0,0,Current,0,Low,114541.87
LOAN006027,634.0,0.523,0.874,1,13,Current,0,Medium,21077.85
LOAN006028,730.0,0.225,0.549,1,25,Current,0,Low,3373.24
LOAN006029,678.0,0.491,0.921,0,0,Current,0,Low,59779.93
LOAN006030,587.0,0.787,0.907,4,100,Defaulted,1,High,301498.01
LOAN006031,603.0,1.046,0.551,5,180,Defaulted,1,High,384305.8
LOAN006032,680.0,0.583,,0,0,Current,0,Low,20168.77
LOAN006033,675.0,1.113,0.946,5,85,Late,0,High,1087451.85
LOAN006034,751.0,0.305,0.68,0,0,Current,0,Low,13279.5
LOAN006035,642.0,0.295,,6,120,Restructured,0,Medium,9492.62
LOAN006036,637.0,0.85,0.622,1,23,Current,0,Medium,968445.5
LOAN006037,670.0,0.73,0.699,5,75,Current,0, high ,16628.68
LOAN006038,592.0,1.188,0.892,2,34,Current,0,High,594193.72
LOAN006039,615.0,0.632,0.539,5,100,Current,0,High,33777.72
LOAN006040,648.0,0.624,,3,75,Late,0,Medium,27884.54
LOAN006041,732.0,0.42,,0,0,Current,0,Low,6292.17
LOAN006042,662.0,0.422,0.647,0,0,Current,0,Low,18852.04
LOAN006043,701.0,0.489,0.743,0,0,Current,0,Low,14554.75
LOAN006044,710.0,0.618,0.778,0,0,Current,0,Low,12073.0
LOAN006045,678.0,0.639,,0,0,Current,0,Low,5916.65
LOAN006046,664.0,0.752,0.562,0,0,Current,0,Medium,95263.79
LOAN006047,673.0,0.579,0.639,1,24,Current,0,Medium,83508.85
LOAN006048,640.0,0.769,0.801,5,109,Written Off,1,High,254896.04
LOAN006049,634.0,0.618,0.501,3,48,Current,0,Medium,193969.49
LOAN006050,709.0,0.108,,0,0,Current,0,Low,1830.53
LOAN006051,671.0,0.365,0.788,5,122,Defaulted,1,Medium,73064.95
LOAN006052,629.0,0.865,0.81,5,180,Defaulted,1,High,95153.73
LOAN006053,649.0,0.652,0.819,1,14,Current,0,Medium,368588.85
LOAN006054,627.0,1.35,0.75,5,154,Defaulted,1,High,1494429.77
LOAN006055,648.0,0.59,0.564,3,51,Current,0,Medium,39401.9
LOAN006056,682.0,0.7,0.723,0,0,Current,0,Medium,168540.29
LOAN006057,690.0,0.764,0.896,3,45,Current,0,Medium,144039.44
LOAN006058,699.0,0.403,,0,0,Current,0,Low,3277.49
LOAN006059,,0.394,0.926,0,0,Current,0,Low,29909.19
LOAN006060,675.0,0.577,,0,0,Paid Off,0,Low,8454.63
LOAN006061,681.0,0.334,,0,0,Current,0,Low,4270.57
LOAN006062,689.0,0.581,0.701,0,0,Current,0,Low,3322.58
LOAN006063,645.0,0.429,0.563,2,38,Current,0,Medium,40525.49
LOAN006064,709.0,0.248,0.893,0,0,Current,0,Low,4534.31
LOAN006065,622.0,0.896,0.601,4,121,Defaulted,1,High,571578.68
LOAN006066,705.0,0.257,,0,0,Current,0,Low,2507.72
LOAN006067,749.0,0.322,0.823,0,0,Current,0,Low,41681.81
LOAN006068,671.0,0.373,0.732,0,0,Paid Off,0,low,4623.62
LOAN006069,676.0,0.206,,0,0,Current,0,Low,7288.77
LOAN006070,700.0,0.667,0.765,0,0,Current,0,low,38289.12
LOAN006071,598.0,0.746,0.786,7,77,Late,0,High,515172.83
LOAN006072,683.0,0.666,0.927,0,0,Current,0,Medium,193802.36
LOAN006073,625.0,0.637,0.54,1,16,Current,0,Medium,238018.4
LOAN006074,664.0,0.786,0.569,1,12,Current,0,Medium,93933.12
LOAN006075,644.0,0.752,0.671,5,110,Late,0,High,280508.77
LOAN006076,629.0,0.99,0.567,3,30,Current,0,HIGH,616273.0
LOAN006077,657.0,0.419,,0,0,Current,0,Low,7698.84
LOAN006078,775.0,0.432,0.71,0,0,Current,0,Low,48816.94
LOAN006079,683.0,0.531,0.505,0,0,Current,0,Low,50414.37
LOAN006080,657.0,0.514,,1,14,Current,0,Medium,3319.85
LOAN006081,672.0,0.754,0.592,2,28,Current,0,Medium,269605.72
LOAN006082,712.0,0.293,0.549,0,0,Current,0,Low,28565.45
LOAN006083,665.0,0.725,0.605,2,18,Current,0,Medium,104551.23
LOAN006084,671.0,0.512,,1,10,Current,0,Medium,19260.27
LOAN006085,703.0,0.678,,1,9,Current,0,Medium,167051.36
LOAN006086,688.0,0.412,,1,25,Current,0,Low,6517.44
LOAN006087,609.0,1.141,0.621,7,180,Defaulted,1,High,605986.21
LOAN006088,651.0,0.309,0.727,0,0,Current,0,Low,6136.51
LOAN006089,668.0,1.018,0.531,4,84,Late,0,High,584597.24
LOAN006090,622.0,0.803,0.793,2,28,Current,0,Medium,305598.39
LOAN006091,648.0,0.523,0.904,4,92,Late,0,Medium,37499.26
LOAN006092,689.0,0.455,,0,0, Current ,0,Low,14552.97
LOAN006093,580.0,1.35,0.841,0,0,Current,0,High,1007910.72
LOAN006094,696.0,0.529,,0,0,Current,0,Low,4109.59
LOAN006095,757.0,0.557,,0,0,Current,0,Low,34946.85
LOAN006096,665.0,0.743,0.578,2,16,Current,0,Medium,226584.6
LOAN006097,710.0,0.359,0.608,0,0,Current,0,Low,1440.45
LOAN006098,691.0,0.868,0.803,3,72,Current,0,Medium,130612.32
LOAN006099,770.0,0.354,0.584,0,0,Current,0,Low,2227.88
LOAN006100,692.0,0.447,,0,0,Current,0,Low,15054.37
LOAN006101,678.0,,0.617,1,12,Current,0,Medium,70455.94
LOAN006102,661.0,0.637,,0,0,Current,0,Medium,13724.35
LOAN006103,652.0,0.577,0.93,0,0,Current,0,Medium,25944.42
LOAN006104,619.0,0.475,0.527,4,76,Current,0,Medium,14500.86
LOAN006105,620.0,0.823,,5,180,Defaulted,1,High,172167.26
LOAN006106,605.0,0.773,0.583,3,63,Restructured,0,Medium,228954.24
LOAN006107,607.0,1.124,0.53,2,102, DEFAULTED ,1,High,449455.03
LOAN006108,646.0,0.402,,2,34,Current,0,Medium,19630.65
LOAN006109,703.0,0.461,0.573,0,0,Current,0,Low,46580.26
LOAN006110,620.0,1.151,0.803,8,131,Defaulted,1,High,1230859.68
LOAN006111,683.0,0.811,,3,24,Current,0,Medium,20367.2
LOAN006112,710.0,0.413,0.582,1,20,Current,0,Low,10353.65
LOAN006113,684.0,0.49,0.732,0,0,Current,0,Low,14054.0
LOAN006114,603.0,0.625,0.629,1,24,Current,0,Medium,78627.71
LOAN006115,671.0,0.752,0.507,3,54,Current,0,Medium,95620.62
LOAN006116,746.0,0.289,0.776,1,23,Current,0,Low,19369.9
LOAN006117,686.0,0.234,,0,0,Current,0,Low,9760.63
LOAN006118,586.0,0.879,,1,17,Current,0,Medium,597499.42
LOAN006119,679.0,0.305,0.808,0,0,Current,0,Low,4586.88
LOAN006120,694.0,0.515,0.746,0,0,Current,0,Low,70941.5
LOAN006121,618.0,0.343,0.512,2,20,Current,0,Medium,79304.82
LOAN006122,661.0,0.97,0.811,3,27,Current,0,Medium,273365.61
LOAN006123,686.0,0.54,,0,0,Current,0,Low,6460.01
LOAN006124,743.0,0.127,0.722,0,0,Current,0,Low,834.61
LOAN006125,659.0,,0.721,0,0,Current,0,Low,17481.01
LOAN006126,620.0,0.657,0.614,4,84,Late,0,High,187209.82
LOAN006127,631.0,0.932,0.572,4,92,Late,0,High,450558.81
LOAN006128,710.0,0.6,0.523,0,0,Paid Off,0,Low,98206.39
LOAN006129,620.0,1.09,,2,48,Current,0,High,1245765.7
LOAN006130,720.0,0.24,,4,159,Defaulted,1,Medium,2062.29
LOAN006131,699.0,0.73,0.728,1,23,Current,0,Medium,195792.19
LOAN006132,606.0,0.901,,0,0,Current,0,medium,895805.95
LOAN006133,802.0,0.358,0.73,0,0,Current,0,Low,128489.33
LOAN006134,691.0,0.703,0.71,0,0,Current,0,Medium,171927.56
LOAN006135,656.0,0.523,0.647,0,0,Paid Off,0,Low,163714.23
LOAN006136,700.0,0.355,0.561,0,0,Current,0,Low,6499.23
LOAN006137,726.0,0.286,0.59,0,0,Current,0,Low,10801.76
LOAN006138,663.0,1.171,,0,0,Current,0,Medium,395513.92
LOAN006139,569.0,1.155,0.839,5,165,Defaulted,1,High,1122299.3
LOAN006140,675.0,0.477,,0,0,Current,0,Low,4037.78
LOAN006141,672.0,0.429,0.546,0,0,Current,0,Low,7563.14
LOAN006142,649.0,0.703,0.844,2,16,Current,0,Medium,52021.82
LOAN006143,669.0,0.706,0.595,0,0,Paid Off,0,Medium,89817.17
LOAN006144,663.0,1.084,0.797,4,44,Current,0,High,931084.28
LOAN006145,733.0,0.246,,2,50,Current,0,Low,5301.05
LOAN006146,638.0,1.35,0.551,3,33,Paid Off,0,High,984627.5
LOAN006147,584.0,0.567,,5,90,Late,0,High,46445.21
LOAN006148,690.0,0.748,,2,22,Current,0,Medium,462189.65
LOAN006149,684.0,0.173,0.552,0,0,Current,0,Low,2519.71
LOAN006150,646.0,0.392,0.814,2,36,Current,0,Medium,25722.65
LOAN006151,688.0,0.201,,0,0,Current,0,Low,1733.58
LOAN006152,618.0,0.88,,5,180,Written Off,1,High,394514.16
LOAN006153,659.0,1.173,0.5,4,123,Defaulted,1,High,488816.38
LOAN006154,697.0,0.245,,0,0,Current,0,Low,2716.32
LOAN006155,736.0,0.21,0.551,0,0,Paid Off,0,Low,12198.96
LOAN006156,695.0,0.572,0.848,0,0,Current,0,Low,97208.55
LOAN006157,750.0,0.627,0.892,1,20,Current,0,Low,7418.61
LOAN006158,660.0,0.495,0.676,0,0,Current,0,Low,44138.42
LOAN006159,699.0,0.752,0.59,3,42,Current,0,Medium,49889.67
LOAN006160,674.0,0.65,0.602,0,0,Current,0,Medium,107731.55
LOAN006161,637.0,0.658,0.524,3,66,Restructured,0,Medium,707451.11
LOAN006162,667.0,0.516,0.822,0,0,Current,0,Low,27573.09
LOAN006163,689.0,0.365,0.566,0,0,Current,0,Low,29876.79
LOAN006164,652.0,0.776,0.643,4,56,Current,0,Medium,142144.98
LOAN006165,706.0,0.652,0.66,0,0,Current,0,Low,115007.56
LOAN006166,640.0,0.483,,4,68,Late,0,Medium,42175.7
LOAN006167,634.0,0.724,0.643,7,84,Restructured,0,High,686622.7
LOAN006168,695.0,0.339,0.723,0,0,Current,0,Low,27903.96
LOAN006169,634.0,0.776,0.567,5,50,Current,0,High,506443.7
LOAN006170,681.0,0.57,0.529,0,0,Current,0,Low,15341.33
LOAN006171,664.0,0.342,,0,0,Current,0,Low,4612.1
LOAN006172,623.0,0.653,0.731,5,60,Current,0,High,87342.17
LOAN006173,685.0,0.711,0.679,3,75,Current,0,Medium,183995.01
LOAN006174,685.0,0.5,0.786,0,0,Current,0,low,20567.23
LOAN006175,709.0,0.381,0.731,0,0,Current,0,Low,15624.95
LOAN006176,692.0,0.16,,0,0,Current,0,Low,4676.69
LOAN006177,671.0,0.768,0.618,7,168,Restructured,0,High,152892.13
LOAN006178,582.0,0.689,0.757,6,144,Late,0,High,234501.16
LOAN006179,674.0,0.389,0.566,1,16,Current,0,Low,9136.23
LOAN006180,647.0,0.732,0.745,3,72,Restructured,0,Medium,66039.75
LOAN006181,642.0,0.592,0.605,2,24,Paid Off,0,Medium,221954.08
LOAN006182,714.0,0.314,0.916,0,0,Current,0,Low,5811.14
LOAN006183,707.0,,0.512,0,0,Current,0,Low,123165.46
LOAN006184,731.0,0.816,0.72,0,0,Current,0,Medium,118349.17
LOAN006185,689.0,0.472,,8,180,Defaulted,1,High,19756.08
LOAN006186,671.0,0.413,0.515,4,107,Defaulted,1,Medium,11859.55
LOAN006187,656.0,0.67,,1,25,Current,0,Medium,35048.2
LOAN006188,626.0,0.588,0.771,3,124,Defaulted,1,Medium,234109.85
LOAN006189,677.0,0.527,,0,0,Current,0,Low,20426.94
LOAN006190,755.0,0.35,,1,24,Current,0,Low,7674.49
LOAN006191,621.0,0.921,0.826,6,142,Written Off,1, High ,492448.78
LOAN006192,664.0,0.711,0.573,1,8,Current,0,Medium,217982.23
LOAN006193,748.0,0.327,,0,0,Current,0,Low,2532.47
LOAN006194,543.0,1.349,0.549,3,180,Defaulted,1,High,1678993.01
LOAN006195,672.0,0.286,0.802,0,0,Current,0,Low,3067.25
LOAN006196,607.0,0.629,0.517,3,72,Late,0,Medium,169645.06
LOAN006197,677.0,0.693,0.514,0,0,Current,0,Medium,117387.17
LOAN006198,684.0,0.393,,0,0,Paid Off,0,Low,3758.97
LOAN006199,674.0,0.527,0.902,0,0,Current,0,Low,52764.2
LOAN006200,707.0,0.477,0.532,1,19,Current,0,Low,2031.39
LOAN006201,653.0,0.352,,0,0,Paid Off,0,Low,2064.9
LOAN006202,719.0,0.528,0.536,0,0,Current,0,Low,54299.49
LOAN006203,665.0,0.581,0.826,1,19,Current,0,Medium,55519.76
LOAN006204,643.0,0.912,,4,52,Current,0,High,480023.79
LOAN006205,649.0,0.723,,5,122,Defaulted,1,High,36154.05
LOAN006206,673.0,0.229,,0,0,Current,0,Low,5444.22
LOAN006207,717.0,0.243,0.79,0,0,Paid Off,0,Low,4284.26
LOAN006208,743.0,0.1,0.914,0,0,Current,0,Low,3187.45
LOAN006209,639.0,0.303,0.736,3,36,Current,0,Medium,5730.33
LOAN006210,709.0,0.353,0.577,0,0,Current,0,Low,5190.48
LOAN006211,,0.583,0.545,2,42,Current,0,Medium,202544.89
LOAN006212,636.0,0.394,0.621,2,28,Current,0,Medium,12940.84
LOAN006213,693.0,0.862,,1,24,Current,0,Medium,16762.57
LOAN006214,712.0,0.317,,1,10,Current,0,Low,52985.99
LOAN006215,740.0,0.278,,0,0,Current,0,Low,6469.85
LOAN006216,663.0,0.375,0.799,0,0,Current,0,Low,91005.36
LOAN006217,732.0,0.338,,1,20,Current,0,Low,4805.82
LOAN006218,673.0,0.609,0.764,0,0,Current,0,Medium,58707.61
LOAN006219,676.0,0.649,0.697,1,24,Current,0,Medium,56589.84
LOAN006220,680.0,0.609,0.799,1,21,Current,0,Medium,19892.02
LOAN006221,608.0,1.35,0.614,9,119,Defaulted,1,High,953159.32
LOAN006222,711.0,0.398,0.761,0,0,Paid Off,0,Low,67705.12
LOAN006223,692.0,0.515,,0,0,Current,0,Low,10833.53
LOAN006224,708.0,0.495,0.867,2,36,Current,0, medium ,13919.71
LOAN006225,678.0,0.376,,0,0,Current,0,Low,19928.81
LOAN006226,760.0,0.252,,0,0,Current,0,Low,3132.58
LOAN006227,723.0,0.62,,2,20,Current,0,Medium,15989.36
LOAN006228,685.0,0.507,0.824,1,17,Current,0,Medium,73871.43
LOAN006229,708.0,0.575,0.639,0,0,Current,0,Low,114049.21
LOAN006230,693.0,0.476,0.642,2,20,Current,0,Medium,21037.74
LOAN006231,668.0,0.444,0.585,0,0,Current,0,Low,54456.08
LOAN006232,695.0,0.554,0.878,0,0,Current,0,Low,48169.19
LOAN006233,650.0,0.509,0.555,0,0,Current,0, Low ,9238.49
LOAN006234,644.0,0.76,0.651,2,20,Current,0,Medium,141701.41
LOAN006235,684.0,0.49,0.779,1,22,Current,0,Medium,46908.82
LOAN006236,,0.549,,0,0,CURRENT,0,Low,23449.2
LOAN006237,622.0,1.293,0.723,2,118,Written Off,1,High,1852363.95
LOAN006238,645.0,0.498,0.633,1,15,Current,0,Medium,163558.22
LOAN006239,661.0,0.448,0.534,0,0,Current,0,Low,4332.41
LOAN006240,591.0,0.997,0.586,1,21,Paid Off,0,Medium,1281187.64
LOAN006241,683.0,0.535,,0,0,Paid Off,0,Low,9969.27
LOAN006242,679.0,0.778,0.903,2,34,Current,0,Medium,125148.29
LOAN006243,735.0,0.196,0.649,0,0,Current,0,Low,1136.38
LOAN006244,653.0,1.149,0.617,1,21,Current,0,Medium,1059765.97
LOAN006245,612.0,0.633,0.541,2,26,Current,0,Medium,165237.56
LOAN006246,712.0,0.424,,0,0,Paid Off,0,Low,10813.07
LOAN006247,662.0,0.841,0.853,6,120,Late,0,High,412173.09
LOAN006248,709.0,0.344,0.649,1,10,Current,0,Low,8579.79
LOAN006249,706.0,0.851,0.823,2,32,Current,0,Medium,449415.54
LOAN006250,649.0,0.869,0.679,0,0,Current,0,Medium,355908.76
LOAN006251,638.0,0.461,0.537,2,50,Current,0,Medium,90324.12
LOAN006252,690.0,0.868,0.618,3,24,Current,0,Medium,272732.49
LOAN006253,634.0,0.339,,0,0,Current,0,Low,11534.03
LOAN006254,686.0,0.424,0.785,0,0,Paid Off,0,Low,9575.84
LOAN006255,684.0,0.361,,0,0,Current,0,Low,9849.58
LOAN006256,685.0,0.494,0.684,0,0,Current,0,Low,38262.22
LOAN006257,694.0,0.52,,0,0,Current,0,Low,20686.19
LOAN006258,667.0,0.509,,0,0,Paid Off,0,Low,6218.88
LOAN006259,640.0,0.692,,6,96,Late,0,High,137478.05
LOAN006260,675.0,0.295,0.659,0,0,Current,0,Low,4017.01
LOAN006261,643.0,0.819,,5,45,Current,0,High,62787.61
LOAN006262,649.0,0.667,0.727,5,70,Late,0,High,117951.86
LOAN006263,719.0,0.152,,0,0,Current,0,Low,3211.4
LOAN006264,655.0,0.687,0.802,0,0,Current,0,Medium,162309.26
LOAN006265,674.0,0.646,0.846,0,0,Paid Off,0,Medium,302313.75
LOAN006266,703.0,0.418,0.514,0,0,Paid Off,0,low,36056.91
LOAN006267,666.0,1.01,0.602,2,22,Current,0,Medium,20310.53
LOAN006268,626.0,1.35,,3,111,Defaulted,1,High,3841568.14
LOAN006269,711.0,0.583,0.624,0,0,Paid Off,0,Low,116092.63
LOAN006270,632.0,0.231,0.637,1,22,Current,0,Low,9986.73
LOAN006271,743.0,0.267,,0,0,Current,0,Low,2955.75
LOAN006272,647.0,0.863,0.823,1,21,Current,0,Medium,332558.56
LOAN006273,714.0,0.607,0.667,0,0,Current,0,LOW,139538.1
LOAN006274,714.0,0.482,0.605,1,18,Current,0,Low,8025.31
LOAN006275,677.0,0.677,0.558,0,0,Current,0,Medium,115905.67
LOAN006276,707.0,0.523,0.565,0,0,Current,0,Low,102907.88
LOAN006277,659.0,0.377,,1,17,Current,0,Low,5392.64
LOAN006278,702.0,0.334,0.675,0,0,Current,0,Low,4022.22
LOAN006279,708.0,0.215,0.515,6,180,Written Off,1,Medium,1791.41
LOAN006280,693.0,0.515,0.775,0,0,Current,0,Low,32358.58
LOAN006281,639.0,0.198,0.718,4,52,Current,0,Medium,12278.92
LOAN006282,733.0,0.426,,0,0,Current,0,Low,4084.92
LOAN006283,619.0,0.765,,1,23,Current,0,Medium,463318.33
LOAN006284,679.0,0.693,0.819,0,0,Paid Off,0,Medium,339603.68
LOAN006285,737.0,0.216,,0,0,Current,0,Low,6007.02
LOAN006286,628.0,0.54,,4,64,Restructured,0,Medium,13320.03
LOAN006287,652.0,1.012,0.523,4,81,Defaulted,1,High,753190.52
LOAN006288,654.0,0.366,,0,0, current ,0,Low,5939.12
LOAN006289,693.0,0.232,0.664,0,0,Current,0,Low,23499.87
LOAN006290,667.0,0.804,0.654,5,133,Defaulted,1,High,315599.24
LOAN006291,635.0,1.133,,1,24,Current,0,Medium,1246712.29
LOAN006292,589.0,0.891,0.767,5,80,Late,0,High,516278.81
LOAN006293,635.0,0.601,,3,141,Defaulted,1,Medium,42981.86
LOAN006294,725.0,0.266,0.872,0,0,Current,0,Low,4544.31
LOAN006295,695.0,0.548,0.572,0,0,Current,0,Low,2956.83
LOAN006296,640.0,0.664,0.62,6,156,Defaulted,1,High,28072.12
LOAN006297,640.0,1.057,0.658,4,160,Defaulted,1,High,1034856.91
LOAN006298,,0.536,,0,0,Current,0,Low,8611.79
LOAN006299,678.0,0.65,0.57,2,40,Current,0,Medium,99796.77
LOAN006300,728.0,1.015,0.622,3,42,Current,0,Medium,297911.95
LOAN006301,637.0,0.636,0.629,3,30,Current,0,Medium,85563.23
LOAN006302,660.0,0.536,,0,0,Current,0,Low,6378.65
LOAN006303,669.0,0.782,0.758,4,96,Restructured,0,Medium,85781.17
LOAN006304,720.0,0.503,,0,0,Current,0,Low,5405.05
LOAN006305,700.0,0.507,0.594,2,32,Current,0,Medium,77368.46
LOAN006306,693.0,0.353,0.559,0,0,Current,0,Low,5369.83
LOAN006307,666.0,0.513,0.531,0,0,Current,0,Low,3567.86
LOAN006308,636.0,0.675,0.544,3,33,Paid Off,0,Medium,17847.89
LOAN006309,778.0,0.311,,0,0,Current,0,Low,7112.4
LOAN006310,663.0,0.615,0.87,0,0,Current,0,Medium,2242.39
LOAN006311,698.0,0.403,0.649,0,0,Current,0,Low,48265.86
LOAN006312,692.0,0.314,0.93,0,0,Current,0,Low,5328.57
LOAN006313,700.0,0.526,0.849,0,0,Current,0,Low,8156.96
LOAN006314,674.0,0.489,0.696,0,0,Current,0,Low,65979.63
LOAN006315,670.0,1.155,0.692,1,15,Paid Off,0,Medium,299997.73
LOAN006316,598.0,0.875,0.642,4,111, Written Off ,1,High,846145.87
LOAN006317,615.0,0.589,,2,32,Current,0,Medium,49979.6
LOAN006318,717.0,0.636,0.626,0,0,Current,0,Low,46755.82
LOAN006319,640.0,0.472,0.587,7,117,Defaulted,1,High,9840.39
LOAN006320,641.0,0.998,0.555,1,135,Defaulted,1,Medium,529568.7
LOAN006321,621.0,0.699,0.819,5,85,Restructured,0,High,125613.17
LOAN006322,650.0,0.722,0.536,0,0,Current,0,Medium,221166.12
LOAN006323,677.0,0.298,0.62,1,25,Current,0,Low,7116.2
LOAN006324,729.0,0.508,,0,0,Current,0,Low,16428.94
LOAN006325,686.0,0.315,,0,0,Current,0,Low,2381.46
LOAN006326,704.0,0.254,0.803,0,0,Current,0,Low,23968.67
LOAN006327,625.0,0.514,,3,69,Restructured,0,Medium,86179.92
LOAN006328,683.0,0.791,0.886,3,33,Current,0,Medium,315510.69
LOAN006329,677.0,0.432,0.678,1,25,Current,0,Medium,33965.28
LOAN006330,,0.423,,0,0,Current,0,Low,8110.88
LOAN006331,664.0,0.729,0.553,2,28,Current,0,Medium,93778.9
LOAN006332,607.0,0.77,0.664,2,50,Current,0,Medium,300124.53
LOAN006333,715.0,0.35,,0,0, Current ,0,Low,8661.51
LOAN006334,690.0,0.658,0.662,0,0,Current,0,Low,6561.16
LOAN006335,753.0,0.285,,1,24,Current,0,Low,2522.71
LOAN006336,697.0,0.492,0.827,0,0,Paid Off,0,Low,14552.15
LOAN006337,651.0,0.506,,0,0,Current,0,Low,18194.99
LOAN006338,687.0,0.522,,1,18,Current,0,Medium,15259.52
LOAN006339,762.0,0.067,,0,0,Current,0,Low,2526.25
LOAN006340,688.0,0.322,0.555,1,14,Current,0,Low,5069.87
LOAN006341,645.0,0.835,0.644,4,36,Current,0,Medium,343987.52
LOAN006342,728.0,0.469,0.779,1,8,Current,0,Low,62135.22
LOAN006343,639.0,0.561,0.508,2,42,Current,0,Medium,141509.16
LOAN006344,694.0,0.497,,0,0,Current,0,Low,4939.26
LOAN006345,695.0,0.739,0.544,3,72,Current,0,Medium,115618.58
LOAN006346,705.0,0.492,0.707,0,0,Current,0,Low,70680.0
LOAN006347,652.0,0.42,,0,0,Paid Off,0,Low,9647.08
LOAN006348,670.0,0.386,0.818,0,0,Paid Off,0,Low,19350.31
LOAN006349,727.0,0.642,0.884,4,95,Defaulted,1,Medium,152090.05
LOAN006350,642.0,0.198,0.66,5,55,Current,0,Medium,2477.98
LOAN006351,665.0,0.612,0.781,0,0,Current,0,Medium,65457.77
LOAN006352,587.0,0.639,,4,104,Defaulted,1,High,13019.19
LOAN006353,659.0,0.645,,0,0,Current,0,Medium,150375.22
LOAN006354,688.0,0.322,0.631,0,0,Current,0,Low,1702.69
LOAN006355,671.0,0.727,0.536,0,0,Current,0,Medium,105729.61
LOAN006356,702.0,0.521,0.502,4,109,Defaulted,1,Medium,34109.45
LOAN006357,596.0,0.547,0.673,3,33,Current,0,Medium,24123.3
LOAN006358,688.0,0.712,0.765,0,0,Current,0,Medium,203100.06
LOAN006359,704.0,0.641,0.646,2,30,Current,0,Medium,105110.25
LOAN006360,706.0,0.618,0.552,3,79,Defaulted,1,Medium,82424.68
LOAN006361,699.0,0.634,0.625,0,0,Paid Off,0,Low,79198.74
LOAN006362,658.0,0.501,0.824,6,180,Defaulted,1,High,46774.53
LOAN006363,678.0,0.828,0.632,3,63,Restructured,0,Medium,122069.34
LOAN006364,655.0,0.612,0.856,0,0,Current,0,Medium,6115.27
LOAN006365,700.0,0.698,0.829,0,0,Current,0,Medium,239660.84
LOAN006366,615.0,0.477,,1,16,Current,0,Medium,20967.78
LOAN006367,574.0,0.853,0.587,3,39,Current,0,High,126273.25
LOAN006368,646.0,1.046,0.831,4,177,Defaulted,1,High,1783879.39
LOAN006369,695.0,0.645,0.552,0,0,Paid Off,0,Low,270744.82
LOAN006370,737.0,0.427,,3,122,Defaulted,1,Medium,10921.21
LOAN006371,587.0,0.996,0.901,5,180,Defaulted,1,High,905400.58
LOAN006372,620.0,0.46,0.829,6,150,Restructured,0,High,11581.21
LOAN006373,616.0,1.019,0.507,3,48,Current,0,High,581656.06
LOAN006374,708.0,0.65,0.642,0,0,Current,0,Low,151382.55
LOAN006375,661.0,0.269,0.756,3,125,Defaulted,1,Medium,5698.88
LOAN006376,665.0,0.474,0.679,0,0,Current,0,Low,11440.89
LOAN006377,610.0,0.653,0.774,0,0,Current,0,Medium,34976.52
LOAN006378,716.0,0.527,0.732,0,0,Current,0,Low,39820.39
LOAN006379,713.0,0.749,0.675,4,72,Current,0,Medium,208191.18
LOAN006380,686.0,0.673,0.676,0,0,Current,0,Medium,69766.75
LOAN006381,662.0,1.075,0.853,2,26,Current,0,Medium,496551.48
LOAN006382,,0.513,0.785,0,0,Paid Off,0,Low,13458.32
LOAN006383,647.0,0.994,0.811,4,180,Written Off,1,High,1469212.5
LOAN006384,689.0,0.243,,0,0,Current,0,Low,2356.02
LOAN006385,693.0,0.438,0.515,0,0,Current,0,Low,51901.99
LOAN006386,772.0,0.347,0.53,0,0,Current,0,Low,5519.96
LOAN006387,660.0,0.647,0.894,1,8,Current,0,Medium,96698.34
LOAN006388,710.0,0.367,,0,0,Current,0,Low,5087.1
LOAN006389,646.0,0.729,0.647,5,115,Defaulted,1,High,156907.07
LOAN006390,676.0,1.246,0.502,7,164,Defaulted,1, HIGH ,623214.72
LOAN006391,727.0,0.358,,1,13,Current,0,Low,6119.2
LOAN006392,687.0,0.311,0.507,0,0, Current ,0,Low,4504.96
LOAN006393,627.0,0.966,0.555,6,180,Defaulted,1,High,417282.43
LOAN006394,669.0,0.881,0.581,5,180,Defaulted,1,High,818501.88
LOAN006395,735.0,0.322,,1,12,Current,0,Low,3712.71
LOAN006396,746.0,0.549,,0,0,Current,0,Low,11185.98
LOAN006397,695.0,0.436,0.626,0,0,Current,0,Low,6851.76
LOAN006398,669.0,0.259,0.78,0,0,Current,0,Low,2315.36
LOAN006399,644.0,0.51,0.695,3,27,Current,0,Medium,88315.22
LOAN006400,682.0,0.684,,1,24,Current,0,Medium,71590.06
LOAN006401,673.0,0.515,0.862,0,0,Paid Off,0,Low,41828.03
LOAN006402,715.0,0.39,0.52,0,0,Current,0,Low,4974.09
LOAN006403,673.0,0.755,0.653,4,48,Current,0,Medium,279507.89
LOAN006404,645.0,1.005,0.662,2,16, current ,0, Medium ,980556.19
LOAN006405,678.0,0.488,,0,0,Current,0,Low,18729.41
LOAN006406,652.0,0.704,0.644,0,0,Current,0,Medium,62135.57
LOAN006407,690.0,0.527,0.675,0,0,Current,0,Low,5159.22
LOAN006408,761.0,0.183,,0,0,Current,0,Low,2486.47
LOAN006409,672.0,0.669,0.569,0,0,Current,0,Medium,45718.59
LOAN006410,652.0,0.717,0.526,1,11,Current,0,Medium,216249.72
LOAN006411,689.0,0.585,,0,0,Current,0,Low,7634.14
LOAN006412,666.0,0.331,0.805,0,0,Current,0,Low,10335.05
LOAN006413,638.0,0.842,0.665,2,28,Current,0,Medium,194050.28
LOAN006414,566.0,0.944,0.689,2,50, current ,0, high ,365745.28
LOAN006415,682.0,0.348,0.781,0,0,Current,0,Low,8196.72
LOAN006416,656.0,0.65,0.558,0,0,Current,0,Medium,31112.29
LOAN006417,637.0,0.805,0.768,3,39,Current,0,Medium,1177863.63
LOAN006418,628.0,0.781,0.512,1,9,Current,0,Medium,218720.87
LOAN006419,677.0,,0.664,4,76,Current,0,Medium,144598.12
LOAN006420,630.0,1.031,0.674,6,84,Late,0,High,389851.1
LOAN006421,663.0,0.8,,5,125,Current,0,High,25483.55
LOAN006422,684.0,0.382,0.901,0,0,Current,0,Low,5294.89
LOAN006423,648.0,0.843,0.778,2,66,Defaulted,1,Medium,995741.86
LOAN006424,698.0,0.461,0.677,0,0,Current,0,Low,77476.63
LOAN006425,665.0,0.462,0.673,0,0,Current,0,Low,34237.56
LOAN006426,695.0,1.017,0.78,4,80,Current,0,High,504469.12
LOAN006427,665.0,0.536,,0,0,Current,0,Low,11830.53
LOAN006428,706.0,0.641,,0,0,CURRENT,0,Low,30621.16
LOAN006429,659.0,0.63,0.532,0,0,Current,0,Medium,121332.25
LOAN006430,662.0,0.549,0.55,1,22,Current,0,Medium,5220.15
LOAN006431,670.0,0.592,0.516,0,0,Current,0,Low,42530.72
LOAN006432,649.0,0.401,0.595,3,27,Current,0,Medium,8629.59
LOAN006433,657.0,0.731,0.536,2,44,Current,0,Medium,40167.09
LOAN006434,744.0,0.212,0.682,6,173,Defaulted,1,Medium,3006.14
LOAN006435,662.0,0.855,0.59,3,27,Current,0,Medium,68969.33
LOAN006436,652.0,0.568,,1,14,Current,0,Medium,3320.43
LOAN006437,700.0,0.389,,1,22,Paid Off,0,Low,10014.32
LOAN006438,707.0,0.504,0.664,3,101,Written Off,1,Medium,2774.64
LOAN006439,698.0,0.237,0.921,0,0,Current,0,Low,3283.27
LOAN006440,730.0,0.102,,0,0,Current,0,Low,8650.42
LOAN006441,659.0,0.383,,5,180,Defaulted,1, Medium ,5468.62
LOAN006442,647.0,0.997,0.639,3,69,Restructured,0,High,462405.48
LOAN006443,675.0,0.548,0.826,6,180,Defaulted,1,High,81355.19
LOAN006444,670.0,0.192,0.68,0,0,Current,0,Low,4036.51
LOAN006445,660.0,0.514,0.692,0,0,Current,0,Low,12235.28
LOAN006446,612.0,0.794,,2,22,Current,0,Medium,89153.86
LOAN006447,740.0,0.387,0.5,1,22,Current,0,Low,20332.86
LOAN006448,635.0,0.439,0.78,2,32, current ,0,Medium,99979.74
LOAN006449,662.0,0.47,0.576,0,0,Current,0,Low,12765.93
LOAN006450,686.0,0.441,0.648,1,10,Paid Off,0,Low,6108.8
LOAN006451,628.0,0.478,0.601,2,20,Current,0,Medium,14720.58
LOAN006452,698.0,0.865,,6,144,Restructured,0,High,484568.32
LOAN006453,688.0,0.537,0.501,0,0,Current,0,Low,6424.81
LOAN006454,743.0,0.449,0.575,0,0,Current,0,Low,7937.48
LOAN006455,734.0,,0.603,1,9,Current,0,Low,5869.26
LOAN006456,687.0,0.722,0.911,0,0,Current,0,Medium,29701.78
LOAN006457,682.0,0.503,0.544,5,88,Defaulted,1, medium ,27309.09
LOAN006458,662.0,0.589,0.553,0,0, Current ,0,Medium,25020.47
LOAN006459,653.0,0.496,0.529,0,0,Current,0,Low,5971.14
LOAN006460,640.0,0.861,0.716,1,12,Current,0,Medium,336009.06
LOAN006461,663.0,0.375,,0,0,Current,0,Low,16495.57
LOAN006462,,1.35,0.516,0,0,Current,0,High,1114896.52
LOAN006463,689.0,0.239,,0,0,Current,0,Low,1718.83
LOAN006464,701.0,0.36,,0,0,Current,0,Low,6618.78
LOAN006465,697.0,0.514,0.847,0,0, PAID OFF ,0,Low,8952.83
LOAN006466,640.0,0.802,0.518,1,17,Current,0,Medium,405976.36
LOAN006467,660.0,1.012,0.715,3,45,Current,0,High,232738.67
LOAN006468,661.0,0.823,0.714,6,180,Defaulted,1,High,197767.79
LOAN006469,699.0,0.536,,0,0, CURRENT ,0,Low,14237.84
LOAN006470,639.0,0.457,0.707,0,0,Current,0,Low,27820.9
LOAN006471,738.0,0.277,,0,0,Current,0,Low,3787.25
LOAN006472,654.0,1.046,,2,28,Current,0,Medium,520067.46
LOAN006473,672.0,0.927,0.536,2,46,Current,0,Medium,170978.07
LOAN006474,628.0,0.672,0.511,3,57,CURRENT,0,Medium,275801.52
LOAN006475,691.0,0.221,0.539,0,0,Current,0,Low,4485.87
LOAN006476,722.0,0.794,0.873,1,11,Current,0,Medium,242387.98
LOAN006477,606.0,0.728,0.789,4,52,Current,0,High,105758.45
LOAN006478,613.0,0.723,0.571,6,150,Restructured,0,High,338171.07
LOAN006479,718.0,0.33,,1,25,Current,0,Low,4057.35
LOAN006480,717.0,0.413,,0,0,Current,0,Low,7497.14
LOAN006481,675.0,0.525,0.816,0,0,Current,0,Low,9913.75
LOAN006482,668.0,0.554,0.574,0,0,Current,0,Low,16203.25
LOAN006483,666.0,1.001,0.76,1,18,Current,0,Medium,293904.91
LOAN006484,635.0,0.921,,1,19,Current,0,Medium,1177014.89
LOAN006485,695.0,,0.778,0,0,Current,0,Low,65882.28
LOAN006486,659.0,0.488,0.607,0,0,Current,0,Low,57758.63
LOAN006487,678.0,0.568,0.539,2,50,Current,0,Medium,21722.24
LOAN006488,638.0,0.63,0.626,3,156,Defaulted,1,Medium,88162.65
LOAN006489,598.0,1.303,0.595,3,54,Current,0,High,698248.31
LOAN006490,711.0,0.287,0.76,0,0,Current,0,Low,8705.62
LOAN006491,671.0,0.871,0.544,5,180, Defaulted ,1,High,218602.09
LOAN006492,707.0,0.367,,1,19,Current,0,Low,10915.31
LOAN006493,681.0,0.432,0.768,0,0,Paid Off,0,Low,6089.46
LOAN006494,710.0,0.637,,0,0,Current,0,Low,23805.97
LOAN006495,565.0,0.844,0.692,1,22,Current,0,Medium,104727.81
LOAN006496,676.0,0.556,0.662,1,20,Current,0,Medium,64719.74
LOAN006497,721.0,0.409,,1,19,Current,0,Low,18340.3
LOAN006498,658.0,0.425,0.754,0,0,Current,0,Low,8742.32
LOAN006499,651.0,0.723,0.842,7,180,Defaulted,1,High,348026.42
LOAN006500,629.0,0.725,0.738,4,92,Current,0,High,173127.67
LOAN006501,734.0,0.39,0.684,0,0,Current,0,Low,19334.42
LOAN006502,764.0,0.393,0.762,0,0,Current,0,Low,5660.95
LOAN006503,573.0,0.769,0.551,6,108,Late,0,High,309657.56
LOAN006504,667.0,0.713,0.845,0,0,Current,0,Medium,279347.75
LOAN006505,718.0,0.439,0.569,0,0,Current,0,Low,14657.1
LOAN006506,625.0,0.871,0.557,3,42,Current,0,Medium,1164269.11
LOAN006507,649.0,0.646,0.65,3,57,Current,0,Medium,192991.51
LOAN006508,660.0,0.561,0.857,0,0,Current,0,Medium,59121.42
LOAN006509,645.0,0.501,0.681,6,116,Defaulted,1,High,134260.45
LOAN006510,722.0,0.561,0.509,0,0,Current,0,Low,69937.72
LOAN006511,641.0,0.57,,3,42,Current,0,Medium,51989.83
LOAN006512,639.0,0.208,,1,11,Current,0,Low,5252.6
LOAN006513,633.0,0.804,0.745,2,28,Current,0,Medium,291005.91
LOAN006514,643.0,0.572,0.719,4,92,Restructured,0,Medium,49024.07
LOAN006515,687.0,0.544,0.712,0,0,Current,0,Low,12719.24
LOAN006516,744.0,0.602,,2,16,Paid Off,0,Medium,28175.34
LOAN006517,707.0,0.224,,0,0,Current,0,Low,3158.59
LOAN006518,657.0,0.689,,0,0,Current,0,Medium,8128.57
LOAN006519,662.0,0.429,,0,0,Current,0,Low,19388.1
LOAN006520,,0.569,0.617,0,0,Current,0,Low,44240.73
LOAN006521,615.0,1.037,0.654,3,127,Defaulted,1, High ,1288988.26
LOAN006522,683.0,0.366,,0,0,Current,0,Low,5865.67
LOAN006523,612.0,0.963,,6,180,Defaulted,1,High,2613333.15
LOAN006524,644.0,0.847,0.59,7,180,Defaulted,1,High,263961.31
LOAN006525,728.0,0.361,,1,9, CURRENT ,0,Low,14966.33
LOAN006526,628.0,0.61,0.75,3,45,Current,0,Medium,119716.81
LOAN006527,742.0,0.324,0.78,0,0,Current,0,Low,47620.31
LOAN006528,675.0,0.572,0.708,1,9,Current,0,Medium,63080.3
LOAN006529,645.0,0.749,0.649,4,96,Late,0,High,193877.29
LOAN006530,666.0,0.774,0.612,3,60,Current,0,Medium,80487.43
LOAN006531,,0.406,,0,0,Current,0,Low,199426.34
LOAN006532,677.0,0.611,0.555,5,161,Defaulted,1,High,127151.43
LOAN006533,631.0,0.848,0.599,2,46,Current,0,Medium,191793.73
LOAN006534,637.0,0.705,0.821,0,0,Current,0,Medium,226024.7
LOAN006535,771.0,0.263,0.905,1,22,Current,0,Low,35622.02
LOAN006536,677.0,0.408,0.725,1,21,Current,0,Low,19783.55
LOAN006537,640.0,1.102,0.75,6,170,Defaulted,1,High,594464.83
LOAN006538,688.0,0.666,0.631,0,0,Current,0,Medium,253483.6
LOAN006539,639.0,0.652,0.543,6,180,Defaulted,1,High,480246.0
LOAN006540,660.0,0.755,,2,30,Current,0,Medium,21246.46
LOAN006541,672.0,1.026,0.828,3,30,Current,0,Medium,331262.25
LOAN006542,640.0,0.581,0.578,0,0,Current,0, Medium ,97876.18
LOAN006543,642.0,0.816,0.897,2,69,Defaulted,1,Medium,136371.78
LOAN006544,645.0,0.651,0.837,3,60,Current,0,Medium,174607.37
LOAN006545,676.0,0.777,0.556,1,16,Current,0,Medium,110582.93
LOAN006546,623.0,0.934,0.861,2,50,Current,0,Medium,1159234.65
LOAN006547,610.0,1.168,0.862,2,50,Current,0,High,1073660.13
LOAN006548,667.0,0.909,,5,50,Current,0,High,323779.31
LOAN006549,648.0,0.725,0.862,3,30,Current,0,Medium,121672.2
LOAN006550,642.0,0.57,0.52,2,28,Current,0,Medium,38214.81
LOAN006551,733.0,0.293,,0,0,Current,0,Low,9199.64
LOAN006552,670.0,0.613,0.783,0,0,Current,0,Medium,15901.18
LOAN006553,704.0,0.625,0.626,0,0,Current,0,Low,16991.25
LOAN006554,741.0,0.288,,0,0,Paid Off,0,Low,7192.08
LOAN006555,667.0,0.364,,0,0,Current,0,Low,29850.88
LOAN006556,674.0,0.682,,0,0,Current,0,Medium,145713.39
LOAN006557,607.0,0.668,,2,24,Current,0,Medium,20956.61
LOAN006558,696.0,0.492,0.884,0,0,Current,0,Low,81474.96
LOAN006559,725.0,0.431,,0,0,Paid Off,0,Low,10080.08
LOAN006560,638.0,1.031,0.794,5,180,Defaulted,1,High,217108.87
LOAN006561,716.0,0.535,0.888,0,0,Current,0,Low,13820.99
LOAN006562,684.0,0.687,0.86,0,0,Current,0, medium ,294889.69
LOAN006563,647.0,0.594,0.537,5,50,Current,0,Medium,98264.71
LOAN006564,654.0,0.677,0.572,0,0,Current,0,Medium,61124.89
LOAN006565,692.0,0.734,0.95,2,50, CURRENT ,0,Medium,159073.59
LOAN006566,659.0,0.262,0.514,0,0,Current,0,Low,12013.93
LOAN006567,619.0,0.647,0.61,0,0,Current,0,Medium,129549.95
LOAN006568,683.0,0.569,0.852,0,0,Current,0,Low,50864.4
LOAN006569,645.0,0.418,,2,46,Current,0,Medium,10486.38
LOAN006570,599.0,0.864,0.673,6,180,Defaulted,1,High,568153.44
LOAN006571,631.0,0.678,,1,20,Current,0,Medium,38413.91
LOAN006572,681.0,0.462,0.618,1,24,Current,0,Medium,30800.81
LOAN006573,641.0,0.704,,3,63,Late,0,Medium,438108.2
LOAN006574,660.0,0.255,,0,0,Current,0,Low,4560.51
LOAN006575,706.0,0.493,0.737,7,149,Defaulted,1,High,35043.35
LOAN006576,754.0,0.349,0.599,0,0, current ,0,Low,9459.35
LOAN006577,631.0,0.719,,4,68,Restructured,0,Medium,366598.28
LOAN006578,684.0,0.526,0.54,1,11,Current,0,Medium,31058.43
LOAN006579,717.0,0.482,0.611,0,0,Current,0,Low,60212.69
LOAN006580,628.0,0.644,0.796,8,88,Current,0,High,134761.77
LOAN006581,670.0,0.366,0.676,0,0,Current,0,Low,5655.05
LOAN006582,681.0,0.422,,0,0,Current,0,Low,11867.34
LOAN006583,707.0,0.366,,1,24,Current,0,Low,6018.2
LOAN006584,705.0,0.511,0.643,0,0,Current,0,Low,13692.43
LOAN006585,620.0,1.082,0.698,1,20,Current,0,Medium,387163.02
LOAN006586,646.0,0.544,0.938,4,56,Current,0, Medium ,252671.63
LOAN006587,767.0,0.507,0.751,0,0,Current,0,Low,86139.87
LOAN006588,652.0,0.437,,0,0,Current,0,Low,7140.02
LOAN006589,736.0,0.417,0.601,0,0,Current,0,Low,872.69
LOAN006590,682.0,0.432,,0,0,Current,0,Low,4739.34
LOAN006591,681.0,0.666,,0,0,Current,0,Medium,55865.96
LOAN006592,665.0,0.841,0.744,2,38,Current,0,Medium,203530.15
LOAN006593,647.0,0.731,0.681,7,180,Written Off,1,High,101455.77
LOAN006594,705.0,0.86,,6,180,Defaulted,1,High,45382.38
LOAN006595,635.0,0.529,0.866,0,0,Current,0,Medium,137042.26
LOAN006596,668.0,0.345,0.596,0,0,Current,0,Low,38919.08
LOAN006597,637.0,0.653,0.786,4,56,Current,0,Medium,155071.45
LOAN006598,611.0,1.078,,3,128,Defaulted,1,High,2815010.1
LOAN006599,702.0,0.321,,0,0,Current,0,Low,5140.57
LOAN006600,656.0,0.488,,0,0,Current,0,Low,10135.82
LOAN006601,602.0,0.726,0.621,4,52,Paid Off,0,High,324213.51
LOAN006602,694.0,0.669,0.593,0,0,Current,0,low,83136.38
LOAN006603,653.0,0.385,,0,0,Current,0, low ,4518.19
LOAN006604,625.0,0.68,0.528,5,80,Late,0,High,360130.48
LOAN006605,703.0,0.367,0.589,0,0,Current,0,Low,4287.75
LOAN006606,729.0,0.461,0.507,0,0,Current,0,Low,25959.68
LOAN006607,668.0,0.3,0.541,0,0,Current,0,Low,15220.15
LOAN006608,686.0,0.261,0.874,0,0,Current,0,Low,31296.38
LOAN006609,726.0,0.442,0.803,0,0,Paid Off,0,Low,158540.16
LOAN006610,655.0,0.421,0.643,1,21,Current,0,Medium,3422.32
LOAN006611,697.0,0.346,,0,0,Current,0,Low,8408.32
LOAN006612,746.0,0.641,0.866,7,180,Defaulted,1,High,94635.99
LOAN006613,678.0,0.46,,0,0,Current,0,Low,3323.09
LOAN006614,693.0,0.705,0.697,0,0,Current,0,Medium,242208.08
LOAN006615,648.0,0.485,0.68,2,24,Current,0,Medium,51756.5
LOAN006616,704.0,0.591,,0,0,Current,0,Low,4261.75
LOAN006617,703.0,0.531,0.689,0,0,paid off,0,Low,29260.07
LOAN006618,697.0,0.541,,0,0,Current,0,Low,12774.26
LOAN006619,600.0,0.695,0.602,1,24,Current,0,Medium,12576.59
LOAN006620,702.0,0.61,0.66,0,0,Current,0,Low,41692.12
LOAN006621,677.0,0.555,0.817,0,0,Current,0,Low,59481.7
LOAN006622,589.0,0.514,0.594,7,133,Late,0,High,240698.17
LOAN006623,726.0,0.319,0.95,0,0,Current,0,Low,14085.88
LOAN006624,700.0,0.581,0.681,7,133,Defaulted,1,High,28099.96
LOAN006625,761.0,0.119,,0,0,Current,0,Low,2460.38
LOAN006626,681.0,0.549,0.603,0,0,Current,0, LOW ,16845.49
LOAN006627,705.0,0.278,0.67,1,24,Current,0,Low,3142.71
LOAN006628,712.0,0.45,0.833,0,0,Current,0,Low,55973.25
LOAN006629,621.0,0.632,0.553,4,44,Current,0,Medium,238206.49
LOAN006630,700.0,0.338,0.576,1,11,Current,0,Low,4818.6
LOAN006631,712.0,0.796,0.738,4,44,Current,0,Medium,5226.26
LOAN006632,625.0,0.505,,3,24,Current,0,Medium,17439.04
LOAN006633,687.0,0.527,0.709,0,0,Current,0,Low,21845.54
LOAN006634,651.0,0.994,0.825,4,60,Current,0,High,51243.56
LOAN006635,645.0,0.508,0.641,2,28,Current,0,Medium,150745.3
LOAN006636,650.0,0.6,0.536,1,15,Current,0,Medium,58414.01
LOAN006637,720.0,0.536,0.54,0,0,Current,0,Low,58172.95
LOAN006638,710.0,0.472,,0,0,Current,0,Low,7926.33
LOAN006639,689.0,0.828,0.87,4,44,Current,0,Medium,423830.68
LOAN006640,729.0,0.496,,0,0,Current,0,Low,22386.1
LOAN006641,748.0,0.381,0.571,0,0,Current,0,Low,8321.66
LOAN006642,675.0,0.582,,0,0,Current,0, low ,199545.26
LOAN006643,697.0,0.179,0.731,0,0,Current,0,Low,2294.6
LOAN006644,665.0,0.23,,0,0,Current,0,Low,2188.7
LOAN006645,690.0,0.508,,1,21,Current,0,Medium,10607.74
LOAN006646,680.0,0.881,0.604,2,34,Current,0,Medium,55699.81
LOAN006647,643.0,0.784,,4,36,Current,0,Medium,309871.37
LOAN006648,700.0,0.85,0.649,4,40,Current,0,Medium,85867.18
LOAN006649,653.0,0.548,0.744,0,0,Current,0,Medium,41513.86
LOAN006650,670.0,1.077,0.628,5,137,Defaulted,1,High,279547.42
LOAN006651,642.0,0.392,0.568,1,25,Current,0,Medium,30446.0
LOAN006652,692.0,0.282,,0,0,Current,0,Low,8758.84
LOAN006653,708.0,0.308,0.802,0,0,Current,0,Low,2702.87
LOAN006654,737.0,0.438,0.623,0,0,Current,0,Low,26933.61
LOAN006655,696.0,0.637,0.519,0,0,Current,0,Low,24474.49
LOAN006656,748.0,0.297,0.929,1,15,Current,0,Low,7167.31
LOAN006657,671.0,0.533,,0,0,Current,0,Low,7917.94
LOAN006658,587.0,,0.614,6,180,Defaulted,1,High,249547.08
LOAN006659,650.0,0.728,0.782,5,90,Restructured,0,High,127948.56
LOAN006660,674.0,0.65,0.608,1,23,Current,0,Medium,102540.21
LOAN006661,716.0,0.522,0.588,0,0,Current,0,Low,5153.98
LOAN006662,647.0,0.829,0.905,1,24,Current,0,Medium,1093899.93
LOAN006663,670.0,0.545,,8,180,Written Off,1,High,5039.77
LOAN006664,665.0,0.408,0.859,1,8,Current,0,Medium,7228.32
LOAN006665,628.0,0.709,,5,114,Defaulted,1,High,53819.1
LOAN006666,632.0,0.719,0.629,8,180,Defaulted,1,High,165137.62
LOAN006667,658.0,0.457,,1,13,Current,0,Medium,22981.14
LOAN006668,672.0,0.608,0.913,0,0, CURRENT ,0,Medium,60998.08
LOAN006669,710.0,0.437,0.66,0,0,Current,0,Low,47699.87
LOAN006670,610.0,0.848,0.921,2,42,Paid Off,0,Medium,834751.63
LOAN006671,716.0,0.425,,0,0,Current,0,Low,14493.73
LOAN006672,661.0,1.117,0.766,4,154,Defaulted,1,High,157732.8
LOAN006673,651.0,0.474,0.685,0,0,current,0,Low,57068.15
LOAN006674,601.0,0.86,0.764,3,69,Current,0,High,14300.63
LOAN006675,626.0,0.584,,4,76,Current,0,Medium,26728.26
LOAN006676,619.0,0.968,,3,180,Defaulted,1,High,1091218.95
LOAN006677,694.0,0.52,0.638,0,0,Current,0,Low,41127.73
LOAN006678,631.0,0.554,0.578,0,0,Current,0,Medium,55692.0
LOAN006679,615.0,1.024,0.63,2,24,Current,0,Medium,1236654.47
LOAN006680,772.0,0.284,0.855,1,9,Current,0,Low,3055.49
LOAN006681,715.0,0.387,,0,0,Current,0,Low,7242.93
LOAN006682,678.0,0.452,0.552,0,0,Current,0,Low,33775.02
LOAN006683,656.0,0.68,0.621,0,0,Current,0,Medium,11598.1
LOAN006684,740.0,0.464,0.528,0,0,Current,0,Low,61504.58
LOAN006685,632.0,0.617,0.935,5,153,Defaulted,1,High,88141.24
LOAN006686,680.0,0.329,,1,23,Current,0,Low,6705.53
LOAN006687,698.0,0.38,,0,0,Current,0,Low,17196.03
LOAN006688,619.0,0.962,0.739,4,80,Current,0,High,583518.16
LOAN006689,624.0,0.753,0.595,4,36,Current,0,Medium,649150.84
LOAN006690,694.0,0.581,,0,0,Current,0,Low,8537.11
LOAN006691,664.0,0.678,,0,0,Current,0,Medium,7053.87
LOAN006692,698.0,0.52,,0,0,Current,0,Low,6029.97
LOAN006693,718.0,0.537,0.893,1,9,Current,0,Low,6032.35
LOAN006694,786.0,0.629,0.651,0,0,Current,0,Low,63334.24
LOAN006695,653.0,0.59,0.583,0,0,Current,0,Medium,49972.53
LOAN006696,700.0,0.354,,0,0,Current,0,Low,14559.42
LOAN006697,705.0,0.277,0.805,1,9,Current,0,Low,2461.86
LOAN006698,624.0,0.616,0.525,3,57,Current,0, Medium ,189849.21
LOAN006699,686.0,0.678,0.734,0,0,Current,0,Medium,122394.67
LOAN006700,640.0,0.418,,6,180,Written Off,1, high ,40275.0
LOAN006701,701.0,0.623,0.801,0,0,Current,0,Low,54455.45
LOAN006702,701.0,0.756,0.593,6,66,Restructured,0,High,24642.61
LOAN006703,725.0,0.181,0.649,0,0,Current,0,Low,3046.64
LOAN006704,703.0,0.992,0.596,5,90,Restructured,0,High,61295.65
LOAN006705,588.0,0.911,0.643,7,180,Defaulted,1,High,1383001.51
LOAN006706,623.0,0.53,0.529,1,22,Current,0,Medium,38219.53
LOAN006707,720.0,0.521,0.566,1,10,Current,0,Low,5319.43
LOAN006708,699.0,0.574,0.519,0,0,Current,0,Low,115795.14
LOAN006709,696.0,0.664,0.519,0,0,Current,0,Low,140621.56
LOAN006710,751.0,0.448,0.527,0,0,Current,0,Low,41032.12
LOAN006711,715.0,0.226,,0,0,Current,0,Low,3615.38
LOAN006712,692.0,0.723,0.532,5,40,Current,0,Medium,111129.99
LOAN006713,,0.402,,0,0,Current,0,Low,11201.65
LOAN006714,540.0,1.081,0.795,5,180,Defaulted,1,High,590726.69
LOAN006715,637.0,0.822,,7,105,Restructured,0,High,110091.0
LOAN006716,672.0,0.513,,1,13,Current,0,Medium,9307.59
LOAN006717,692.0,,0.633,0,0,Current,0, low ,46028.5
LOAN006718,722.0,0.248,0.701,1,22,Current,0,Low,1484.69
LOAN006719,724.0,0.729,0.673,4,44,Current,0,Medium,98812.08
LOAN006720,648.0,0.382,0.718,2,22,Current,0,Medium,30666.74
LOAN006721,607.0,0.878,0.519,1,21,Current,0,Medium,618642.97
LOAN006722,690.0,0.582,,0,0,Current,0,Low,4837.66
LOAN006723,663.0,0.642,0.909,1,14,Current,0,Medium,23264.29
LOAN006724,690.0,0.444,0.855,1,25,Paid Off,0,Medium,21368.24
LOAN006725,634.0,0.727,0.526,1,15,Current,0,Medium,33896.79
LOAN006726,671.0,0.648,0.889,0,0,Current,0,Medium,66766.31
LOAN006727,632.0,0.663,0.665,4,84,Late,0,Medium,27269.09
LOAN006728,667.0,0.631,0.511,0,0,Current,0,Medium,82588.8
LOAN006729,723.0,0.824,0.782,4,40,Current,0,Medium,292941.82
LOAN006730,709.0,0.423,,1,9,Current,0,Low,17066.86
LOAN006731,670.0,0.713,0.521,1,12,Current,0,Medium,115599.47
LOAN006732,682.0,0.703,,0,0,Current,0,Medium,189017.72
LOAN006733,633.0,0.779,0.555,1,15, current ,0,Medium,365465.54
LOAN006734,587.0,1.045,0.599,4,72,Restructured,0,High,464640.79
LOAN006735,,,0.851,3,166,Defaulted,1,Medium,100777.04
LOAN006736,692.0,0.254,,0,0,Current,0,Low,3266.27
LOAN006737,568.0,0.877,,3,75,Restructured,0,High,1259606.34
LOAN006738,671.0,0.628,0.915,2,42, CURRENT ,0,Medium,86750.75
LOAN006739,694.0,0.967,0.634,3,63,Late,0,Medium,240412.84
LOAN006740,678.0,0.804,0.587,1,14,Current,0,Medium,161875.13
LOAN006741,687.0,0.892,0.918,2,32,Paid Off,0,Medium,77193.38
LOAN006742,649.0,0.386,0.795,0,0,Current,0,Low,65103.27
LOAN006743,756.0,0.69,0.579,0,0,Current,0,Low,11518.25
LOAN006744,616.0,0.513,0.579,6,84,Late,0,High,160999.39
LOAN006745,672.0,0.611,,0,0,Current,0,Low,40503.56
LOAN006746,664.0,0.531,0.554,0,0,Current,0,Low,91859.02
LOAN006747,667.0,0.78,0.502,4,60,Current,0,Medium,153548.61
LOAN006748,691.0,0.36,,0,0,Current,0,Low,31256.85
LOAN006749,644.0,0.74,0.64,7,180,Defaulted,1,High,54880.96
LOAN006750,758.0,0.434,,0,0,Current,0,Low,5909.96
LOAN006751,709.0,0.474,0.56,9,180,Defaulted,1,High,98134.55
LOAN006752,765.0,0.234,0.644,0,0,Paid Off,0,Low,2465.93
LOAN006753,644.0,0.64,0.551,1,22,Current,0,Medium,242792.19
LOAN006754,743.0,0.268,,0,0,Current,0,Low,1875.52
LOAN006755,644.0,0.833,0.62,2,48,Current,0,Medium,128628.2
LOAN006756,618.0,1.015,0.537,3,57,Paid Off,0,High,593001.02
LOAN006757,665.0,0.253,,0,0,Current,0,Low,2793.48
LOAN006758,686.0,0.441,,0,0,Current,0,Low,10660.7
LOAN006759,634.0,0.432,0.668,4,96,Late,0,Medium,85585.68
LOAN006760,671.0,0.303,,0,0,Current,0,Low,2587.84
LOAN006761,650.0,0.964,0.557,4,52,Current,0,High,388552.52
LOAN006762,666.0,0.502,0.558,1,11,Current,0,Medium,13245.71
LOAN006763,678.0,0.586,0.614,1,9,Current,0,Medium,20088.04
LOAN006764,689.0,0.308,0.655,0,0,Current,0,Low,5346.03
LOAN006765,651.0,0.684,0.783,1,22,Current,0,Medium,210917.94
LOAN006766,620.0,0.616,,5,65,Restructured,0,High,182052.91
LOAN006767,645.0,0.282,,3,48,Current,0,Medium,4526.13
LOAN006768,757.0,0.424,,0,0,Current,0,Low,24150.84
LOAN006769,721.0,0.396,0.58,0,0,Current,0,Low,6468.46
LOAN006770,664.0,0.909,0.55,5,115,Restructured,0,High,48983.52
LOAN006771,665.0,0.223,0.709,0,0,Current,0,Low,5563.38
LOAN006772,653.0,0.624,0.527,0,0,Current,0,Medium,3423.82
LOAN006773,670.0,0.527,0.603,0,0,Current,0,Low,9805.22
LOAN006774,621.0,0.989,,5,180,Written Off,1,High,81510.02
LOAN006775,746.0,0.427,0.548,0,0,Current,0,Low,18285.87
LOAN006776,670.0,0.706,0.545,0,0,Current,0,Medium,36768.36
LOAN006777,671.0,0.273,0.613,0,0,Current,0,Low,15526.3
LOAN006778,719.0,0.273,,0,0, CURRENT ,0,Low,4752.41
LOAN006779,706.0,0.491,0.75,0,0,Paid Off,0,Low,26990.64
LOAN006780,694.0,0.338,0.517,2,138,Defaulted,1,Medium,80780.88
LOAN006781,753.0,0.424,0.7,1,20,Current,0,Low,43479.75
LOAN006782,692.0,0.671,0.843,2,46,Current,0,Medium,240814.67
LOAN006783,672.0,0.547,0.728,0,0,Paid Off,0,Low,9657.87
LOAN006784,662.0,0.735,0.664,4,80,Late,0,Medium,151716.57
LOAN006785,608.0,0.228,,1,23,Current,0,Medium,9618.52
LOAN006786,706.0,0.469,,0,0,Current,0,Low,9136.54
LOAN006787,653.0,0.776,0.807,3,69,Late,0,Medium,39139.27
LOAN006788,688.0,0.255,0.931,0,0,Current,0,Low,5581.12
LOAN006789,630.0,0.406,0.504,1,22,Current,0,Medium,11871.18
LOAN006790,666.0,0.488,0.713,0,0,Current,0,Low,12006.58
LOAN006791,705.0,0.728,0.539,5,180,Defaulted,1,High,39185.99
LOAN006792,678.0,0.544,,0,0,Current,0,Low,3547.94
LOAN006793,701.0,0.997,0.549,6,114,Restructured,0,High,415054.41
LOAN006794,810.0,0.232,0.782,0,0,Current,0,Low,2799.05
LOAN006795,710.0,0.2,,0,0,Current,0,Low,3116.21
LOAN006796,724.0,0.276,,0,0,Current,0,Low,7860.27
LOAN006797,641.0,0.475,0.734,4,36,Current,0,Medium,58574.72
LOAN006798,662.0,0.263,0.674,1,14,Current,0,Low,14107.18
LOAN006799,680.0,0.607,0.503,0,0,Current,0,Low,11459.29
LOAN006800,739.0,0.163,,0,0,Current,0,Low,5952.15
LOAN006801,642.0,1.016,0.615,3,180,Defaulted,1,High,145393.43
LOAN006802,634.0,0.356,0.539,4,36,Current,0,Medium,10011.88
LOAN006803,650.0,0.398,0.736,0,0,Current,0,Low,12197.57
LOAN006804,729.0,0.39,0.777,0,0,Current,0,Low,108967.39
LOAN006805,691.0,,0.562,0,0,Paid Off,0,Low,21970.84
LOAN006806,759.0,0.23,,0,0,Current,0,Low,2131.57
LOAN006807,704.0,0.554,,0,0,Current,0,Low,8497.77
LOAN006808,659.0,0.563,0.68,0,0,Current,0,Medium,120447.1
LOAN006809,610.0,0.721,0.613,4,64,Late,0,High,11727.38
LOAN006810,631.0,0.701,0.844,3,72,Late,0,Medium,203610.48
LOAN006811,697.0,0.62,0.512,0,0,Current,0,Low,71221.97
LOAN006812,740.0,0.562,0.764,6,180,Defaulted,1,Medium,5768.43
LOAN006813,635.0,0.618,0.539,3,27,Current,0,Medium,122990.71
LOAN006814,680.0,0.504,,0,0,Current,0,Low,15403.42
LOAN006815,675.0,0.556,0.641,0,0,Current,0,Low,7286.37
LOAN006816,683.0,,0.575,0,0,Current,0,Low,69433.98
LOAN006817,747.0,0.626,,0,0,Current,0,Low,4941.74
LOAN006818,751.0,0.224,,4,64,Late,0,Low,2403.96
LOAN006819,686.0,0.543,,0,0,Current,0,Low,12078.04
LOAN006820,672.0,0.366,0.952,0,0,Current,0,Low,21007.85
LOAN006821,710.0,0.341,,0,0,Current,0,Low,8247.87
LOAN006822,591.0,0.675,0.93,2,44,Paid Off,0,Medium,71075.57
LOAN006823,728.0,0.43,,1,18,Paid Off,0,Low,2865.75
LOAN006824,717.0,0.494,0.567,0,0,Paid Off,0,Low,15272.79
LOAN006825,692.0,,,0,0,Current,0,Low,15492.02
LOAN006826,665.0,,0.535,2,44,Current,0,Medium,139736.84
LOAN006827,731.0,0.524,0.74,0,0,Current,0,Low,42086.06
LOAN006828,737.0,0.898,,1,12,Current,0,Medium,24169.38
LOAN006829,696.0,0.355,0.667,0,0,Current,0,Low,29204.5
LOAN006830,707.0,0.55,0.577,1,12,Current,0,Low,4082.21
LOAN006831,633.0,0.616,0.665,6,180,Defaulted,1,High,180560.48
LOAN006832,630.0,0.437,0.606,3,45,Paid Off,0,Medium,30477.51
LOAN006833,655.0,0.606,0.689,0,0,Current,0,Medium,76172.25
LOAN006834,655.0,0.773,0.756,2,18,Current,0,Medium,582607.41
LOAN006835,748.0,0.379,,0,0,Current,0,Low,5634.8
LOAN006836,649.0,0.696,,2,36,Current,0,Medium,58296.73
LOAN006837,660.0,0.776,,1,24,Current,0,Medium,232334.27
LOAN006838,705.0,0.425,0.739,0,0,Current,0,Low,25456.05
LOAN006839,727.0,0.416,0.515,0,0,Current,0,Low,25092.45
LOAN006840,650.0,0.806,0.692,5,45,Paid Off,0,High,86481.94
LOAN006841,620.0,0.928,0.924,4,158,Written Off,1,High,360388.12
LOAN006842,674.0,0.76,0.905,3,151,Defaulted,1,Medium,121230.81
LOAN006843,740.0,1.071,,5,163,Defaulted,1,High,416766.14
LOAN006844,645.0,0.936,0.728,1,10,Current,0,Medium,366840.17
LOAN006845,663.0,0.846,0.51,1,8,Current,0,Medium,155479.52
LOAN006846,702.0,0.471,,0,0,Current,0,Low,8912.42
LOAN006847,735.0,0.303,0.504,0,0,Current,0,Low,1307.67
LOAN006848,666.0,0.458,,5,141,Defaulted,1, Medium ,11965.21
LOAN006849,661.0,0.617,0.678,0,0,Current,0,Medium,83848.75
LOAN006850,638.0,0.6,0.568,1,21,Current,0,Medium,237687.54
LOAN006851,,0.416,,0,0,Current,0,Low,10889.22
LOAN006852,756.0,0.618,0.778,7,180,Defaulted,1,High,9794.86
LOAN006853,678.0,0.976,0.513,4,176,Defaulted,1,High,185936.66
LOAN006854,656.0,0.584,0.535,0,0,Current,0,Medium,12681.5
LOAN006855,793.0,0.539,0.502,0,0,Current,0,Low,57390.71
LOAN006856,607.0,1.003,0.71,4,44,Current,0,High,827039.15
LOAN006857,729.0,0.272,,1,23,Current,0,Low,3722.87
LOAN006858,707.0,0.464,0.593,1,23, CURRENT ,0,Low,75442.25
LOAN006859,689.0,0.975,,0,0,Current,0,Medium,569529.45
LOAN006860,641.0,0.333,0.892,2,18,Current,0,Medium,102140.78
LOAN006861,673.0,0.477,0.587,0,0,Current,0,Low,50345.52
LOAN006862,652.0,0.778,0.524,6,54,Paid Off,0,High,144264.73
LOAN006863,751.0,1.016,0.864,7,180,Defaulted,1,High,348394.82
LOAN006864,668.0,1.159,0.814,3,92,Defaulted,1,High,212342.98
LOAN006865,643.0,0.394,,2,34,Current,0,Medium,20724.21
LOAN006866,665.0,0.234,0.677,0,0,Current,0,Low,4487.37
LOAN006867,689.0,0.356,,2,46,Paid Off,0,Medium,17443.89
LOAN006868,618.0,0.802,0.608,4,44,Current,0,High,179997.37
LOAN006869,632.0,0.874,0.645,9,180,Defaulted,1,High,634072.91
LOAN006870,671.0,0.476,0.616,1,24,Current,0,Medium,19743.28
LOAN006871,620.0,0.846,0.674,0,0,Current,0,Medium,270851.14
LOAN006872,669.0,0.705,,0,0,Current,0,Medium,300252.29
LOAN006873,711.0,0.342,0.735,0,0,Current,0,Low,12499.5
LOAN006874,671.0,0.46,0.706,0,0,Current,0,Low,29698.11
LOAN006875,704.0,0.609,0.853,0,0,Current,0,Low,58304.94
LOAN006876,687.0,0.285,,0,0,Current,0,Low,3413.92
LOAN006877,718.0,0.262,,0,0,Current,0,Low,3360.37
LOAN006878,690.0,0.608,0.655,0,0,Current,0,Low,18792.9
LOAN006879,619.0,0.538,0.553,3,36,Paid Off,0,Medium,86905.16
LOAN006880,571.0,0.767,0.793,1,12,Current,0,Medium,104373.91
LOAN006881,688.0,0.834,0.842,5,135,Defaulted,1,High,235986.34
LOAN006882,623.0,0.802,0.51,2,34, Current ,0, MEDIUM ,397683.12
LOAN006883,726.0,0.486,0.574,0,0,Paid Off,0,Low,169008.94
LOAN006884,711.0,0.44,0.536,0,0,Current,0,Low,87247.19
LOAN006885,612.0,0.857,0.862,0,0,Current,0,Medium,535943.0
LOAN006886,575.0,1.254,,9,180,Defaulted,1,High,1501640.59
LOAN006887,738.0,0.213,,0,0,Current,0,Low,741.91
LOAN006888,660.0,0.663,0.624,1,21,Current,0,Medium,54867.72
LOAN006889,734.0,0.308,0.664,1,14,Current,0,Low,4000.28
LOAN006890,689.0,0.376,,0,0,Paid Off,0,Low,27112.04
LOAN006891,655.0,0.459,0.784,0,0,Paid Off,0,Low,25838.97
LOAN006892,710.0,0.328,0.557,0,0,Current,0,Low,1823.82
LOAN006893,730.0,0.552,0.881,1,19,Current,0,Low,71529.3
LOAN006894,698.0,0.229,,0,0,Current,0,Low,15808.71
LOAN006895,,0.585,,0,0,Current,0,Low,17898.31
LOAN006896,544.0,1.01,0.814,2,142,Written Off,1,High,696327.82
LOAN006897,673.0,0.744,0.642,0,0,Current,0,Medium,97285.0
LOAN006898,658.0,0.51,0.533,1,14,Current,0,Medium,46550.63
LOAN006899,684.0,0.518,0.907,0,0,Paid Off,0,Low,49548.34
LOAN006900,691.0,0.636,,0,0, Current ,0,LOW,99314.64
LOAN006901,640.0,0.682,,4,56,Current,0,Medium,71994.77
LOAN006902,690.0,0.429,,0,0,Current,0,Low,16426.38
LOAN006903,709.0,0.584,0.815,0,0,Current,0,Low,15222.14
LOAN006904,732.0,0.177,,0,0,Current,0,Low,4859.36
LOAN006905,667.0,0.802,0.686,1,25,Current,0,Medium,370814.61
LOAN006906,703.0,0.538,0.69,0,0,Paid Off,0,Low,67515.67
LOAN006907,635.0,1.022,0.785,2,148,Defaulted,1,High,411150.16
LOAN006908,593.0,0.604,0.629,5,157,Written Off,1,High,202392.58
LOAN006909,653.0,1.086,0.704,4,118,Defaulted,1,High,423715.06
LOAN006910,719.0,0.8,0.734,9,180,Defaulted,1,High,190291.56
LOAN006911,647.0,0.63,0.735,6,90,Current,0,High,356020.86
LOAN006912,693.0,0.416,,0,0,Current,0,Low,3911.56
LOAN006913,694.0,0.842,,1,19,Current,0,Medium,11985.32
LOAN006914,631.0,0.702,0.645,2,50,Current,0,Medium,181423.19
LOAN006915,719.0,0.457,0.613,1,24,Current,0,Low,13596.25
LOAN006916,699.0,0.579,0.824,0,0,Current,0,Low,91161.85
LOAN006917,666.0,0.364,0.743,0,0,Current,0,Low,12375.28
LOAN006918,678.0,0.433,,0,0,Current,0,Low,8871.99
LOAN006919,637.0,0.607,0.566,2,44,Current,0,Medium,488141.95
LOAN006920,676.0,0.356,,1,15,Current,0,Low,7235.85
LOAN006921,723.0,0.329,,0,0,Current,0,Low,7791.22
LOAN006922,757.0,0.286,,1,18,Current,0,Low,13951.07
LOAN006923,648.0,0.779,,3,69,Late,0,Medium,134522.06
LOAN006924,676.0,0.587,,0,0,Current,0,Low,3367.6
LOAN006925,688.0,0.48,,4,142,Written Off,1,Medium,8763.61
LOAN006926,700.0,0.224,,0,0, CURRENT ,0,Low,1626.64
LOAN006927,685.0,0.487,,0,0,Current,0,Low,4288.41
LOAN006928,685.0,0.275,0.588,0,0, current ,0,Low,4766.35
LOAN006929,614.0,0.594,0.702,2,90,Defaulted,1,Medium,67922.49
LOAN006930,621.0,1.35,0.616,3,48,Current,0,High,959393.29
LOAN006931,624.0,0.474,0.676,5,180,Defaulted,1,High,11198.5
LOAN006932,678.0,0.464,,1,17,Current,0,Low,7726.94
LOAN006933,644.0,0.372,0.855,1,21,Current,0,Medium,21912.54
LOAN006934,706.0,0.455,0.715,0,0,Current,0,Low,1710.83
LOAN006935,664.0,0.789,0.837,1,24,Current,0,Medium,93699.05
LOAN006936,700.0,0.605,0.514,3,69,Current,0,Medium,6418.48
LOAN006937,726.0,0.356,0.53,0,0,Paid Off,0,Low,7461.09
LOAN006938,673.0,0.34,,1,15,Current,0,Low,4368.43
LOAN006939,684.0,0.591,,1,14,Paid Off,0,Medium,20699.3
LOAN006940,588.0,0.805,0.517,5,110,Restructured,0,High,264267.62
LOAN006941,653.0,0.776,0.584,5,95,Restructured,0,High,352225.59
LOAN006942,685.0,0.412,,2,18,Paid Off,0, MEDIUM ,8227.71
LOAN006943,712.0,0.984,0.59,4,76,Late,0,Medium,246169.96
LOAN006944,623.0,0.914,,4,96,Restructured,0,High,31332.36
LOAN006945,674.0,0.306,,0,0,Current,0,Low,13721.22
LOAN006946,651.0,0.591,0.602,0,0,Current,0,Medium,68380.48
LOAN006947,662.0,0.662,0.551,0,0,Current,0,Medium,135391.85
LOAN006948,766.0,0.672,0.648,0,0,Current,0,Low,41919.15
LOAN006949,775.0,0.19,0.705,3,125,Defaulted,1,Low,1867.11
LOAN006950,685.0,0.393,0.747,0,0,Current,0,Low,5482.74
LOAN006951,684.0,0.545,0.91,0,0,Current,0,Low,47855.52
LOAN006952,658.0,0.73,0.629,3,69,Restructured,0,Medium,110401.06
LOAN006953,670.0,0.409,0.662,0,0,Current,0,Low,22903.61
LOAN006954,671.0,0.461,0.698,1,23,Current,0,Medium,32806.38
LOAN006955,679.0,0.653,0.633,0,0,Current,0,Medium,99638.08
LOAN006956,698.0,0.448,0.598,0,0,Current,0,LOW,32170.38
LOAN006957,689.0,0.596,0.788,2,36,Current,0,Medium,9023.2
LOAN006958,692.0,0.335,0.637,0,0,Current,0,Low,3280.96
LOAN006959,721.0,0.571,0.541,0,0,Current,0,Low,47300.7
LOAN006960,694.0,0.469,0.82,0,0,Current,0,Low,5101.85
LOAN006961,648.0,0.383,0.506,3,27,Paid Off,0,Medium,19276.11
LOAN006962,696.0,0.514,,0,0,Current,0,Low,19202.92
LOAN006963,708.0,0.719,0.51,0,0,Paid Off,0,Low,32877.99
LOAN006964,647.0,0.532,,2,30,Current,0,Medium,82980.57
LOAN006965,708.0,,0.574,0,0,Current,0,low,18879.2
LOAN006966,606.0,0.723,0.864,6,180,Defaulted,1,High,265283.86
LOAN006967,707.0,0.584,0.591,0,0,Current,0,Low,4981.73
LOAN006968,723.0,0.39,,0,0, Current ,0,Low,10356.56
LOAN006969,717.0,0.496,0.721,0,0,Paid Off,0,Low,46967.58
LOAN006970,728.0,0.225,,0,0,Current,0,Low,4623.46
LOAN006971,650.0,0.294,0.788,0,0,Current,0,Low,1833.65
LOAN006972,676.0,0.352,0.835,0,0,Current,0,Low,5344.63
LOAN006973,682.0,0.388,,1,23,Current,0,Low,3383.98
LOAN006974,583.0,0.943,0.65,6,174,Defaulted,1,High,510329.56
LOAN006975,686.0,0.64,0.84,0,0,Current,0,Medium,13610.56
LOAN006976,639.0,0.636,0.509,3,54,Current,0,Medium,142713.08
LOAN006977,680.0,0.392,0.549,1,16,Current,0,Low,14353.1
LOAN006978,676.0,0.886,0.516,2,44,Current,0,Medium,162994.7
LOAN006979,701.0,0.514,0.927,0,0,Current,0,Low,15548.92
LOAN006980,723.0,0.304,,0,0,Current,0,Low,7255.72
LOAN006981,645.0,1.021,0.564,8,180,Defaulted,1,High,1214498.97
LOAN006982,609.0,1.034,0.653,1,8,Current,0,Medium,2024926.11
LOAN006983,637.0,0.978,0.645,2,48,Current,0,Medium,584281.02
LOAN006984,689.0,0.5,0.502,0,0,Current,0,Low,9932.99
LOAN006985,717.0,0.481,0.584,0,0,Current,0,Low,87045.48
LOAN006986,680.0,0.429,0.626,1,8,Current,0,Low,34112.04
LOAN006987,654.0,0.736,,3,51,Current,0,Medium,17946.75
LOAN006988,730.0,0.545,0.654,6,180,Defaulted,1,Medium,15388.3
LOAN006989,742.0,0.583,,4,112,Defaulted,1,Medium,23620.98
LOAN006990,664.0,0.998,,2,48,Paid Off,0,Medium,968219.85
LOAN006991,680.0,0.531,0.752,0,0,Current,0,Low,18423.16
LOAN006992,656.0,0.498,,0,0,Current,0,Low,17412.53
LOAN006993,739.0,0.631,,0,0,Current,0,Low,18780.39
LOAN006994,656.0,0.702,,0,0,Paid Off,0,Medium,120999.86
LOAN006995,721.0,0.395,,0,0,Current,0,Low,6617.11
LOAN006996,622.0,0.535,0.731,3,33,Current,0,Medium,12114.65
LOAN006997,646.0,0.764,0.638,3,51,Current,0,Medium,1317358.69
LOAN006998,635.0,0.891,0.932,6,136,Written Off,1,High,215047.08
LOAN006999,689.0,0.562,0.813,0,0,Current,0,Low,5308.51
LOAN007000,616.0,1.056,0.672,9,180,Defaulted,1,High,439626.66
LOAN007001,683.0,0.538,0.886,0,0,Current,0,Low,145886.58
LOAN007002,646.0,0.331,,1,8,Current,0,Low,8638.02
LOAN007003,662.0,0.846,0.839,4,76,Late,0,High,132819.83
LOAN007004,738.0,0.118,0.762,0,0,Current,0,Low,1786.68
LOAN007005,595.0,1.079,0.513,3,51,Current,0,High,254533.39
LOAN007006,747.0,0.604,0.882,1,13,Current,0,Low,10686.84
LOAN007007,697.0,0.697,,9,180,Defaulted,1,High,382706.38
LOAN007008,709.0,0.41,0.621,0,0,Current,0,Low,3145.18
LOAN007009,660.0,0.537,0.824,0,0,Current,0,Medium,171208.83
LOAN007010,734.0,0.607,0.576,0,0,Current,0,Low,47665.52
LOAN007011,685.0,0.577,0.51,0,0,Current,0,Low,7497.94
LOAN007012,686.0,0.208,0.62,0,0,Current,0,Low,4130.83
LOAN007013,693.0,0.397,0.768,0,0,Current,0,Low,27794.64
LOAN007014,664.0,0.698,0.822,0,0,Current,0,Medium,123942.66
LOAN007015,634.0,1.201,,3,159,Defaulted,1,High,3480997.02
LOAN007016,704.0,0.543,0.574,0,0,Current,0,Low,62496.55
LOAN007017,699.0,0.56,0.616,0,0,Current,0,Low,112272.87
LOAN007018,710.0,0.39,0.752,0,0,Paid Off,0,Low,11136.95
LOAN007019,665.0,0.64,0.711,0,0,Current,0,Medium,68369.2
LOAN007020,673.0,0.595,0.87,0,0,Current,0,Medium,14737.13
LOAN007021,690.0,0.737,0.521,6,54,Current,0,High,108772.36
LOAN007022,688.0,0.889,0.895,6,180,Defaulted,1,High,923301.52
LOAN007023,667.0,0.447,,2,26,Current,0,Medium,13111.48
LOAN007024,662.0,0.623,,3,48,Paid Off,0,Medium,14945.11
LOAN007025,688.0,0.178,,0,0,Current,0,Low,6692.64
LOAN007026,628.0,0.731,0.926,0,0,Current,0,Medium,103134.14
LOAN007027,672.0,0.421,,0,0,Current,0,Low,31871.5
LOAN007028,681.0,0.559,0.646,0,0,Current,0,Low,8206.25
LOAN007029,704.0,0.525,0.786,0,0,Current,0,Low,73806.34
LOAN007030,778.0,0.342,,0,0,Current,0,Low,6128.43
LOAN007031,712.0,0.493,0.752,0,0,Current,0,Low,51782.19
LOAN007032,678.0,0.381,,0,0,Current,0,Low,9425.45
LOAN007033,689.0,0.682,0.56,0,0,Current,0,Low,71519.98
LOAN007034,725.0,0.632,0.723,0,0, Current ,0,Low,107251.45
LOAN007035,647.0,0.521,0.617,1,21,Current,0,Medium,170929.23
LOAN007036,687.0,0.655,0.789,5,126,Defaulted,1,High,17879.06
LOAN007037,629.0,0.689,0.942,4,84,Restructured,0,High,79300.65
LOAN007038,720.0,0.437,0.5,0,0,Paid Off,0,Low,61867.03
LOAN007039,678.0,0.75,0.543,4,40,Current,0,Medium,148301.49
LOAN007040,730.0,0.478,,0,0,Current,0,Low,3093.94
LOAN007041,701.0,0.246,,1,20,Current,0,Low,5410.13
LOAN007042,594.0,0.507,0.524,0,0,Current,0,Medium,139347.75
LOAN007043,691.0,0.272,0.609,1,18,Current,0,Low,1430.94
LOAN007044,679.0,0.555,,0,0,Current,0,Low,68502.83
LOAN007045,683.0,0.559,0.761,0,0,Current,0,Low,5615.45
LOAN007046,686.0,0.786,0.546,3,24,Current,0,Medium,209820.81
LOAN007047,741.0,0.448,,2,34,Current,0,Low,7983.73
LOAN007048,691.0,0.723,0.607,1,11,Current,0,Medium,115263.43
LOAN007049,670.0,0.533,0.639,0,0,Current,0,Low,46225.59
LOAN007050,599.0,0.889,0.801,6,180,Defaulted,1,High,190076.38
LOAN007051,712.0,0.415,,0,0,Current,0,Low,5263.28
LOAN007052,708.0,0.594,0.629,1,22,Current,0,Medium,105054.93
LOAN007053,751.0,0.512,0.8,1,17,Current,0,Low,42379.72
LOAN007054,714.0,0.247,,0,0,Paid Off,0,Low,3233.8
LOAN007055,664.0,0.499,0.82,0,0,Current,0,Low,20379.68
LOAN007056,702.0,0.8,0.552,6,60,Current,0,High,83095.68
LOAN007057,653.0,0.307,0.506,0,0,Current,0,Low,10874.6
LOAN007058,595.0,0.913,0.602,1,12,Current,0,Medium,334401.05
LOAN007059,734.0,0.307,,1,13,Current,0,Low,3351.79
LOAN007060,702.0,0.582,,0,0,Current,0,Low,42882.23
LOAN007061,616.0,0.376,,2,40,Paid Off,0,Medium,48711.01
LOAN007062,585.0,0.833,0.792,1,10,Current,0,Medium,213015.94
LOAN007063,625.0,0.756,0.779,4,44,Current,0,High,179387.99
LOAN007064,649.0,0.463,0.922,1,25,Paid Off,0,Medium,146415.38
LOAN007065,660.0,0.244,,0,0,Current,0,Low,2068.74
LOAN007066,683.0,1.051,0.821,2,22,Current,0,Medium,613948.23
LOAN007067,603.0,0.9,0.706,3,57,Current,0,High,495519.27
LOAN007068,675.0,0.483,0.689,0,0,Current,0, Low ,53283.3
LOAN007069,674.0,0.298,,0,0,Current,0,Low,5057.71
LOAN007070,675.0,0.447,0.775,0,0,Current,0,Low,15174.66
LOAN007071,688.0,0.214,,0,0,Current,0,Low,2849.46
LOAN007072,760.0,0.162,,0,0,Current,0,Low,2104.05
LOAN007073,643.0,0.472,0.764,2,50,Current,0,medium,12174.91
LOAN007074,662.0,0.243,0.83,0,0,Current,0,Low,2407.36
LOAN007075,722.0,0.335,0.568,1,15,Current,0,Low,2954.38
LOAN007076,719.0,0.302,,0,0,Current,0,Low,5958.3
LOAN007077,718.0,0.219,,0,0,Current,0,Low,2026.09
LOAN007078,579.0,1.08,,3,159,Defaulted,1,High,925469.66
LOAN007079,724.0,0.236,,1,22,Current,0,Low,3881.94
LOAN007080,658.0,1.045,0.517,3,51,Current,0,High,392996.41
LOAN007081,666.0,0.617,,0,0,Current,0,MEDIUM,15028.39
LOAN007082,616.0,0.383,,4,96,Restructured,0,Medium,32966.88
LOAN007083,730.0,0.509,,0,0,Current,0,Low,13023.65
LOAN007084,660.0,0.339,0.501,0,0,Current,0,Low,22367.74
LOAN007085,735.0,0.05,,0,0,Current,0,Low,2967.67
LOAN007086,645.0,0.716,0.791,2,30,Current,0,Medium,79718.9
LOAN007087,676.0,0.586,0.576,0,0,Current,0,Low,50558.13
LOAN007088,612.0,0.87,0.81,4,132,Defaulted,1,High,130548.82
LOAN007089,711.0,0.235,0.808,0,0,Current,0,Low,2502.4
LOAN007090,696.0,0.195,0.789,2,30,Current,0,Low,2832.28
LOAN007091,693.0,0.52,0.946,0,0,Current,0,Low,48594.28
LOAN007092,655.0,1.225,,4,176,Defaulted,1, high ,697139.4
LOAN007093,683.0,0.81,0.669,7,180,Defaulted,1,High,241167.24
LOAN007094,735.0,0.387,0.635,1,16,Current,0,Low,3475.74
LOAN007095,639.0,0.833,0.548,3,36,Current,0,Medium,326765.16
LOAN007096,626.0,0.585,,3,54,Current,0,Medium,31148.32
LOAN007097,641.0,0.755,0.634,4,102,Defaulted,1,High,483642.9
LOAN007098,757.0,0.292,,0,0,Current,0,Low,9478.38
LOAN007099,697.0,0.582,0.864,0,0,Current,0,Low,51146.54
LOAN007100,742.0,0.266,,0,0,Current,0,Low,5076.41
LOAN007101,721.0,0.3,,0,0,Current,0,Low,4438.48
LOAN007102,691.0,0.347,,2,30,Current,0,Low,2775.31
LOAN007103,751.0,0.418,0.51,0,0,Current,0,Low,3982.63
LOAN007104,681.0,0.456,0.735,0,0,Current,0,Low,12009.1
LOAN007105,704.0,0.477,0.566,1,21,Current,0,Low,77877.22
LOAN007106,691.0,0.36,0.913,0,0,Current,0,Low,66045.18
LOAN007107,668.0,0.778,0.504,4,72,Late,0,medium,106061.09
LOAN007108,699.0,0.436,0.751,1,11,Current,0,Low,6511.0
LOAN007109,657.0,0.567,0.701,0,0,Current,0,Medium,11368.93
LOAN007110,680.0,0.585,0.549,0,0,Current,0, Low ,36518.71
LOAN007111,653.0,0.419,0.561,0,0,Current,0,Low,31731.79
LOAN007112,732.0,0.651,,0,0,Current,0,Low,173388.12
LOAN007113,574.0,1.197,0.625,5,168,Defaulted,1,High,615370.19
LOAN007114,676.0,0.657,0.773,0,0,Current,0,Medium,167470.51
LOAN007115,654.0,0.954,0.576,4,60,Current,0,High,34596.98
LOAN007116,689.0,0.886,0.662,4,72,Late,0,Medium,137850.59
LOAN007117,616.0,0.508,0.621,2,28,Current,0,Medium,240716.63
LOAN007118,679.0,0.829,0.596,2,22,Current,0,Medium,107541.1
LOAN007119,626.0,0.595,0.531,3,60,Current,0,Medium,76918.87
LOAN007120,656.0,0.466,0.895,0,0,Current,0,Low,65945.2
LOAN007121,668.0,1.077,0.737,6,180,Defaulted,1,High,154587.72
LOAN007122,655.0,0.689,,0,0,Current,0,Medium,31270.78
LOAN007123,615.0,1.044,0.571,2,48,Current,0,High,902697.93
LOAN007124,559.0,1.206,0.559,1,25,Current,0,High,1716781.27
LOAN007125,712.0,0.662,0.511,0,0,Current,0,Low,157716.82
LOAN007126,636.0,0.842,,1,18,Current,0,Medium,1250024.96
LOAN007127,623.0,1.166,0.733,5,161,Defaulted,1,High,392633.75
LOAN007128,661.0,0.59,0.569,0,0,Current,0,Medium,14303.84
LOAN007129,760.0,0.408,,0,0,Paid Off,0,Low,10786.78
LOAN007130,664.0,0.238,,0,0,Current,0,Low,1937.68
LOAN007131,768.0,0.659,,1,24,Current,0,Low,65084.42
LOAN007132,688.0,0.551,0.5,1,14,Current,0,Medium,42051.35
LOAN007133,703.0,0.399,0.648,1,16,Current,0,Low,10865.06
LOAN007134,699.0,0.288,0.924,0,0,Current,0,Low,3829.72
LOAN007135,608.0,0.826,,1,103,Defaulted,1,Medium,532636.08
LOAN007136,733.0,0.604,,1,25,Paid Off,0,Low,126290.0
LOAN007137,636.0,0.414,,3,51,Paid Off,0,Medium,4596.39
LOAN007138,628.0,1.141,0.784,1,18,Current,0,Medium,670986.26
LOAN007139,593.0,1.091,0.514,3,60,Current,0,High,333072.01
LOAN007140,681.0,0.803,0.741,2,40,Current,0,Medium,68300.23
LOAN007141,647.0,0.674,0.586,3,42,Current,0,Medium,126547.32
LOAN007142,712.0,0.657,,0,0,Current,0,Low,100306.99
LOAN007143,,0.333,0.636,0,0,Current,0,Low,36111.36
LOAN007144,605.0,0.418,0.657,4,76,Restructured,0,Medium,48172.82
LOAN007145,671.0,0.412,0.805,0,0,Current,0,Low,36520.49
LOAN007146,624.0,0.593,,2,50,Current,0,Medium,35459.55
LOAN007147,651.0,0.485,0.526,0,0,Paid Off,0,Low,6638.87
LOAN007148,753.0,0.416,0.506,0,0,Current,0, low ,4483.1
LOAN007149,689.0,0.315,0.508,0,0,Current,0,low,2366.55
LOAN007150,718.0,0.354,,0,0,Current,0,Low,8176.2
LOAN007151,697.0,0.386,,1,11,Current,0,Low,10117.95
LOAN007152,670.0,0.958,,2,73,Defaulted,1,Medium,389138.87
LOAN007153,708.0,0.206,,1,25,Current,0,Low,4818.43
LOAN007154,735.0,,0.722,0,0,Paid Off,0,Low,2375.26
LOAN007155,713.0,0.339,,1,16,Current,0,Low,3755.74
LOAN007156,654.0,0.438,0.533,0,0, CURRENT ,0,Low,36942.61
LOAN007157,670.0,0.69,0.535,0,0,Current,0,Medium,26081.71
LOAN007158,692.0,0.775,,2,22, current ,0,Medium,253095.14
LOAN007159,763.0,0.567,0.558,0,0,Current,0,Low,63662.43
LOAN007160,624.0,0.462,0.686,1,21,Current,0,Medium,936542.33
LOAN007161,687.0,0.777,0.849,2,42,Current,0,Medium,162206.06
LOAN007162,587.0,0.732,,5,123,Defaulted,1,High,66108.63
LOAN007163,656.0,0.803,0.54,8,167,Defaulted,1,High,166521.81
LOAN007164,582.0,0.637,0.705,1,13,Current,0,Medium,179455.4
LOAN007165,614.0,0.993,0.657,4,117,Written Off,1,High,767612.1
LOAN007166,680.0,0.544,0.712,0,0,Paid Off,0,Low,4707.18
LOAN007167,629.0,0.33,,3,72,Late,0,Medium,14396.51
LOAN007168,752.0,0.228,0.561,1,8,Current,0,Low,3219.98
LOAN007169,735.0,0.275,0.621,0,0,Current,0,Low,32747.93
LOAN007170,,0.534,,1,18,Current,0,Low,7425.88
LOAN007171,610.0,0.722,,5,75,Current,0,High,32038.58
LOAN007172,637.0,1.034,0.555,4,96,Late,0,High,250927.09
LOAN007173,606.0,0.989,0.627,2,46,Current,0,High,724649.95
LOAN007174,692.0,0.517,0.53,0,0,Current,0,Low,21930.25
LOAN007175,681.0,0.311,,5,180,Defaulted,1,Medium,14397.22
LOAN007176,705.0,0.495,0.71,0,0,Current,0,Low,38120.19
LOAN007177,648.0,0.638,,3,60,Current,0,Medium,43140.12
LOAN007178,708.0,0.56,0.69,1,22,Current,0,Medium,13392.61
LOAN007179,711.0,0.383,,5,171,Defaulted,1,Medium,2700.4
LOAN007180,608.0,0.776,0.577,3,42,Current,0,Medium,143435.12
LOAN007181,630.0,1.016,0.838,5,163,Defaulted,1,High,453967.56
LOAN007182,698.0,0.463,0.608,0,0,Current,0,Low,5000.08
LOAN007183,646.0,0.634,0.834,4,80,Restructured,0,Medium,454410.12
LOAN007184,616.0,1.131,0.604,6,176,Defaulted,1,High,909003.34
LOAN007185,718.0,0.441,,7,180,Defaulted,1,High,5799.87
LOAN007186,663.0,1.027,0.686,3,116,Defaulted,1,High,152777.09
LOAN007187,726.0,0.384,0.517,2,40,Current,0,Low,6391.38
LOAN007188,701.0,0.603,0.554,0,0,Current,0,Low,68919.5
LOAN007189,643.0,0.7,0.542,4,48,Current,0,Medium,191510.73
LOAN007190,751.0,0.501,0.676,0,0,Current,0,Low,72012.37
LOAN007191,736.0,0.322,0.821,1,21,Paid Off,0,Low,3837.02
LOAN007192,646.0,0.922,0.523,3,42,Current,0,Medium,337849.08
LOAN007193,684.0,0.666,,0,0,Current,0,Medium,32856.04
LOAN007194,633.0,1.059,0.926,6,180,Defaulted,1,High,419348.16
LOAN007195,717.0,0.404,0.535,2,20,Current,0,Low,19776.07
LOAN007196,688.0,0.563,0.543,0,0,Current,0,Low,16315.09
LOAN007197,722.0,0.205,0.549,0,0,Current,0,Low,4294.74
LOAN007198,741.0,0.485,0.924,0,0,Current,0,Low,30788.9
LOAN007199,626.0,1.35,,7,127,Defaulted,1,High,3509171.96
LOAN007200,619.0,0.93,0.676,2,28,Current,0,Medium,497383.91
LOAN007201,727.0,0.561,0.839,0,0,Current,0,Low,43667.81
LOAN007202,694.0,0.611,0.732,0,0,Current,0,Low,124402.59
LOAN007203,721.0,0.254,,1,17,Current,0,Low,10072.69
LOAN007204,670.0,0.494,0.619,0,0,Current,0,Low,19116.44
LOAN007205,637.0,0.669,,2,20,Current,0,Medium,43669.05
LOAN007206,682.0,0.668,0.868,0,0,Current,0,Medium,210139.19
LOAN007207,687.0,0.331,,0,0,Current,0,Low,3480.7
LOAN007208,691.0,0.682,0.627,0,0,Current,0,Medium,35834.78
LOAN007209,731.0,0.377,0.551,0,0,Current,0,Low,15621.81
LOAN007210,650.0,0.95,0.538,1,20,Current,0,Medium,528553.71
LOAN007211,657.0,0.419,0.902,0,0,Current,0,Low,30552.82
LOAN007212,678.0,0.428,0.588,0,0,Current,0,Low,69279.76
LOAN007213,767.0,0.497,,0,0,Current,0,Low,8831.6
LOAN007214,716.0,0.498,0.565,0,0,Current,0,Low,7408.15
LOAN007215,659.0,0.862,0.522,5,45,Current,0,High,83786.85
LOAN007216,,0.527,0.739,1,23,Current,0,Low,18975.02
LOAN007217,707.0,0.499,0.652,8,178,Defaulted,1,High,26457.97
LOAN007218,637.0,0.252,,5,95,Current,0,Medium,9945.63
LOAN007219,720.0,0.256,0.517,1,21,Current,0,Low,2745.45
LOAN007220,657.0,0.549,0.525,1,17,Current,0,Medium,5907.24
LOAN007221,712.0,0.456,0.544,0,0,Paid Off,0,Low,6626.09
LOAN007222,631.0,0.608,0.595,5,120,Restructured,0,High,135486.79
LOAN007223,717.0,0.698,0.505,0,0,Current,0,Low,70435.89
LOAN007224,651.0,0.817,0.886,3,24,Current,0,Medium,18331.74
LOAN007225,675.0,0.204,0.94,0,0,Current,0,Low,19897.82
LOAN007226,687.0,0.325,0.773,0,0,Current,0,Low,23501.46
LOAN007227,693.0,0.581,0.581,0,0,Current,0,Low,33951.28
LOAN007228,673.0,0.474,0.66,1,17,Current,0,Medium,6784.93
LOAN007229,658.0,0.613,,5,122,Defaulted,1,High,167313.74
LOAN007230,716.0,0.413,0.721,0,0,Current,0,Low,18585.98
LOAN007231,,0.3,0.544,0,0,Current,0,Low,4803.84
LOAN007232,668.0,0.674,0.711,0,0,Current,0,Medium,76031.04
LOAN007233,682.0,0.4,0.641,0,0,Current,0,Low,26258.59
LOAN007234,726.0,0.281,,1,22,Current,0,Low,3056.53
LOAN007235,663.0,0.519,,2,50,Current,0,Medium,4327.81
LOAN007236,684.0,0.761,,6,138,Restructured,0,High,44838.84
LOAN007237,704.0,0.478,0.832,2,24,Current,0,Medium,26529.56
LOAN007238,618.0,1.266,0.523,2,28,Current,0,High,456142.6
LOAN007239,,0.55,0.584,4,56,Current,0,Medium,135370.31
LOAN007240,672.0,0.638,0.516,0,0,Current,0,Medium,131035.91
LOAN007241,677.0,0.769,0.77,4,80,Late,0,Medium,211841.01
LOAN007242,,1.301,0.512,4,100,Late,0,High,427119.75
LOAN007243,637.0,0.613,,1,10,Current,0,Medium,32911.37
LOAN007244,645.0,0.678,0.71,0,0,Current,0,Medium,201619.1
LOAN007245,684.0,0.352,,0,0,Current,0,Low,3204.08
LOAN007246,598.0,0.963,0.594,2,32,Current,0,High,1057971.7
LOAN007247,658.0,0.61,0.694,1,8,Current,0,Medium,35575.88
LOAN007248,672.0,,0.547,0,0,Current,0,Low,51788.15
LOAN007249,691.0,0.559,0.55,1,19,Current,0,Medium,188676.94
LOAN007250,660.0,0.474,0.532,0,0,Current,0,Low,1131.57
LOAN007251,625.0,0.672,,5,100,Current,0,High,71440.52
LOAN007252,682.0,0.402,0.534,1,25,Current,0, LOW ,20010.65
LOAN007253,613.0,0.502,0.776,1,22,Current,0,Medium,16347.63
LOAN007254,,0.692,0.748,0,0,Current,0,Low,10894.34
LOAN007255,731.0,0.481,0.6,0,0,Current,0,Low,12469.43
LOAN007256,655.0,0.428,0.861,1,15,Current,0,Medium,10717.64
LOAN007257,707.0,0.571,,0,0,Current,0,Low,25187.11
LOAN007258,586.0,0.769,0.776,3,63,Current,0,High,778825.59
LOAN007259,604.0,0.684,0.597,3,148,Defaulted,1,High,174303.84
LOAN007260,635.0,0.632,0.516,0,0, paid off ,0,Medium,143590.06
LOAN007261,596.0,0.594,0.522,1,19,Paid Off,0,Medium,164874.73
LOAN007262,646.0,0.394,0.886,3,36,Current,0,Medium,13383.99
LOAN007263,688.0,0.301,,0,0,Current,0,Low,1631.5
LOAN007264,689.0,0.589,0.718,0,0,Current,0,Low,6502.62
LOAN007265,678.0,0.702,0.653,0,0,Current,0,Medium,148615.43
LOAN007266,657.0,0.41,0.691,0,0,Current,0,Low,48692.52
LOAN007267,710.0,0.433,,0,0,Current,0,Low,23112.96
LOAN007268,642.0,0.56,0.926,3,45,Current,0,Medium,484759.06
LOAN007269,729.0,0.307,0.607,0,0,Current,0,Low,1774.42
LOAN007270,694.0,0.3,,0,0,Current,0,Low,4835.18
LOAN007271,703.0,0.366,0.653,0,0,Current,0,Low,5303.6
LOAN007272,656.0,1.096,0.766,3,27, paid off ,0,High,275771.8
LOAN007273,712.0,0.516,0.741,1,13,Paid Off,0,Low,44864.61
LOAN007274,607.0,1.177,,4,153,Defaulted,1,High,1289533.87
LOAN007275,653.0,1.092,0.809,2,18,Current,0,Medium,375910.39
LOAN007276,693.0,0.517,,0,0,Current,0,Low,21143.24
LOAN007277,668.0,0.709,0.663,2,24,Current,0,Medium,100382.31
LOAN007278,641.0,0.627,0.769,5,50,Current,0,High,156969.75
LOAN007279,696.0,0.398,0.501,0,0,Current,0,Low,4611.89
LOAN007280,655.0,0.456,,0,0,Current,0,Low,17237.56
LOAN007281,684.0,0.531,0.577,0,0,Current,0,Low,65384.18
LOAN007282,650.0,0.296,0.521,0,0,Current,0,Low,3898.63
LOAN007283,716.0,0.237,,0,0,Current,0,Low,12856.04
LOAN007284,659.0,0.682,0.851,0,0,Current,0,Medium,101015.69
LOAN007285,670.0,0.502,0.733,0,0,Current,0,Low,30918.84
LOAN007286,672.0,1.144,,5,180,Defaulted,1,High,553005.73
LOAN007287,741.0,0.215,,0,0,Current,0,Low,1470.06
LOAN007288,704.0,,0.929,1,12,Paid Off,0,Low,15809.51
LOAN007289,715.0,0.295,,0,0, current ,0,Low,8631.57
LOAN007290,632.0,1.014,0.885,9,162,Defaulted,1,High,1234681.28
LOAN007291,698.0,0.412,0.805,0,0,Current,0,Low,6748.01
LOAN007292,689.0,0.869,0.783,1,14,Current,0,Medium,177702.43
LOAN007293,661.0,1.081,0.879,3,48,Current,0,High,553817.03
LOAN007294,733.0,0.378,,0,0,Current,0,Low,5381.65
LOAN007295,630.0,0.615,0.768,4,48,Paid Off,0,Medium,37570.53
LOAN007296,636.0,0.527,0.872,2,16,Current,0,Medium,23634.19
LOAN007297,707.0,0.662,0.609,0,0,Paid Off,0,Low,32816.48
LOAN007298,695.0,0.306,0.601,0,0,Current,0,Low,11757.16
LOAN007299,748.0,0.124,0.573,0,0,Current,0,Low,1731.88
LOAN007300,661.0,0.8,0.562,9,81,Late,0,High,57198.87
LOAN007301,763.0,0.187,0.731,0,0,Current,0,Low,2296.52
LOAN007302,708.0,0.305,,2,50,Current,0,Low,14573.55
LOAN007303,717.0,0.251,,0,0,Current,0,Low,1959.92
LOAN007304,688.0,0.493,,0,0,Current,0,Low,12114.62
LOAN007305,621.0,0.404,0.94,4,100, restructured ,0,Medium,2676.19
LOAN007306,708.0,0.404,0.586,0,0,Current,0,Low,73868.91
LOAN007307,664.0,0.888,0.505,3,39,Current,0,Medium,263544.96
LOAN007308,687.0,0.386,,5,180,Defaulted,1,Medium,24318.5
LOAN007309,665.0,0.597,,0,0,Paid Off,0,Medium,5878.01
LOAN007310,680.0,0.581,0.55,0,0,Current,0,Low,37631.61
LOAN007311,687.0,0.644,0.676,0,0,Current,0,Low,45208.21
LOAN007312,640.0,0.663,0.577,3,30,Current,0,Medium,233504.55
LOAN007313,677.0,0.767,0.634,3,39,Current,0,Medium,146833.98
LOAN007314,609.0,0.625,0.818,3,75,Late,0,Medium,105623.53
LOAN007315,645.0,,,7,126,Late,0,High,16615.93
LOAN007316,710.0,0.575,0.935,0,0,Current,0,Low,26607.36
LOAN007317,681.0,0.913,0.675,1,22,Current,0,Medium,1024257.28
LOAN007318,641.0,0.611,0.556,5,75,Restructured,0,Medium,109134.58
LOAN007319,680.0,0.552,0.714,0,0,Current,0,Low,47130.74
LOAN007320,638.0,0.782,0.535,2,38,Current,0,Medium,180204.29
LOAN007321,685.0,0.275,,0,0,Current,0,Low,3988.48
LOAN007322,646.0,0.573,0.528,3,60,Current,0,Medium,121592.11
LOAN007323,716.0,0.471,0.924,0,0,Current,0,Low,93189.96
LOAN007324,692.0,0.478,0.82,0,0,Current,0,Low,41660.34
LOAN007325,571.0,1.111,0.699,3,72,Restructured,0,High,1333808.88
LOAN007326,717.0,0.247,0.62,0,0,Current,0,Low,9464.07
LOAN007327,650.0,0.535,,0,0,Current,0,Low,6542.84
LOAN007328,650.0,0.193,,0,0,Current,0,Low,3416.9
LOAN007329,655.0,0.278,0.63,0,0,Current,0,Low,3927.7
LOAN007330,576.0,1.32,0.762,7,180,Defaulted,1,High,413962.96
LOAN007331,615.0,1.084,0.652,5,120,Late,0,High,1780404.95
LOAN007332,722.0,0.36,0.579,0,0,Current,0,Low,49767.45
LOAN007333,708.0,0.715,0.687,0,0,Current,0, low ,26094.67
LOAN007334,697.0,0.339,0.522,0,0,Current,0,Low,2080.61
LOAN007335,666.0,0.809,0.687,3,42,Current,0,Medium,179927.38
LOAN007336,631.0,0.924,0.628,3,33,Current,0,Medium,229482.36
LOAN007337,627.0,0.415,,4,126,Defaulted,1,Medium,34754.18
LOAN007338,654.0,0.543,0.745,1,15,Current,0,Medium,4803.42
LOAN007339,703.0,0.841,0.88,4,60,Current,0,Medium,214877.21
LOAN007340,682.0,0.828,0.52,2,24,Current,0,Medium,320288.72
LOAN007341,706.0,0.703,0.748,1,8,Current,0,Medium,149338.1
LOAN007342,588.0,0.565,0.928,7,180,Defaulted,1,High,130705.65
LOAN007343,660.0,0.581,0.603,0,0,Current,0,Medium,7284.86
LOAN007344,671.0,,,0,0,Current,0,Low,22542.11
LOAN007345,687.0,0.574,0.769,0,0,Current,0,Low,4640.95
LOAN007346,675.0,0.515,0.861,0,0,CURRENT,0,Low,44443.39
LOAN007347,703.0,0.552,0.78,1,12,Current,0,Medium,16984.26
LOAN007348,577.0,0.955,0.547,9,180,Defaulted,1,High,347283.12
LOAN007349,623.0,0.765,0.837,4,141,Defaulted,1,High,209353.14
LOAN007350,733.0,0.702,0.502,0,0, Current ,0,Low,177477.05
LOAN007351,658.0,0.619,0.581,0,0,Paid Off,0,Medium,36151.3
LOAN007352,682.0,0.497,0.528,0,0,Current,0,Low,4978.12
LOAN007353,670.0,0.42,0.872,7,180,Defaulted,1,High,18582.75
LOAN007354,702.0,0.765,0.751,1,18,Current,0,Medium,9836.69
LOAN007355,680.0,0.294,,0,0,Current,0,Low,5175.71
LOAN007356,633.0,1.092,0.678,4,92,Late,0,High,501600.51
LOAN007357,614.0,0.926,0.591,4,80,Restructured,0,High,518170.95
LOAN007358,622.0,0.833,0.683,3,33,Paid Off,0,Medium,298167.61
LOAN007359,677.0,0.702,0.584,0,0,Current,0,Medium,126674.83
LOAN007360,651.0,0.825,0.603,4,100,Late,0,High,55396.5
LOAN007361,660.0,0.589,,0,0,Current,0,Medium,29397.2
LOAN007362,687.0,0.5,0.652,0,0,Current,0,Low,52630.64
LOAN007363,660.0,0.764,,2,24,Current,0,medium,117744.85
LOAN007364,698.0,0.472,0.805,0,0,Current,0,Low,117052.91
LOAN007365,696.0,0.543,,5,163,Defaulted,1,Medium,90946.73
LOAN007366,643.0,0.717,,2,48,Current,0,medium,38569.29
LOAN007367,694.0,0.265,0.645,0,0,Current,0,Low,6003.14
LOAN007368,726.0,0.277,,0,0,Current,0,Low,5480.24
LOAN007369,704.0,0.411,0.693,0,0,Current,0,Low,30827.01
LOAN007370,700.0,,,0,0,Current,0,Low,24197.07
LOAN007371,721.0,0.234,,0,0,Current,0,Low,3312.91
LOAN007372,705.0,0.81,0.501,0,0,Current,0,Medium,138521.76
LOAN007373,703.0,0.538,0.516,0,0,Current,0,Low,6717.63
LOAN007374,689.0,0.326,0.552,0,0,Current,0,Low,21988.4
LOAN007375,677.0,0.606,0.565,0,0,Current,0, Low ,42609.29
LOAN007376,654.0,0.514,0.869,0,0,Current,0,Medium,8203.17
LOAN007377,635.0,0.53,0.891,2,46,Current,0,Medium,360263.61
LOAN007378,633.0,1.35,0.556,2,26,Current,0,High,311291.7
LOAN007379,674.0,0.476,0.864,0,0,Current,0,Low,59663.21
LOAN007380,546.0,1.258,,7,180,Defaulted,1,High,1609918.21
LOAN007381,679.0,0.466,,1,13,Current,0,Low,6250.19
LOAN007382,608.0,0.855,0.713,0,0,Current,0,Medium,262429.12
LOAN007383,634.0,0.666,,1,22,Paid Off,0,Medium,70263.86
LOAN007384,675.0,0.176,,0,0,Current,0,Low,3804.06
LOAN007385,656.0,0.727,0.581,7,133,Written Off,1,High,68259.91
LOAN007386,619.0,0.607,0.555,3,54,Current,0,Medium,166623.65
LOAN007387,682.0,0.522,0.764,0,0,Current,0,Low,9134.45
LOAN007388,816.0,0.165,,0,0,Current,0,Low,6699.24
LOAN007389,639.0,0.203,,2,36,Current,0,Medium,8986.34
LOAN007390,716.0,0.544,0.605,0,0,Paid Off,0,Low,81303.18
LOAN007391,640.0,0.473,,2,36,Current,0,Medium,26075.95
LOAN007392,690.0,0.188,,0,0,Current,0,Low,5930.83
LOAN007393,700.0,0.521,0.576,0,0,Current,0,Low,18576.22
LOAN007394,643.0,0.738,,3,39,Current,0,Medium,377510.56
LOAN007395,658.0,0.746,0.545,3,45,Current,0,Medium,142952.4
LOAN007396,704.0,0.627,0.739,4,79,Written Off,1,Medium,23255.7
LOAN007397,674.0,0.255,0.674,0,0,Current,0,LOW,1792.44
LOAN007398,692.0,0.43,0.603,0,0,Current,0,Low,9230.43
LOAN007399,635.0,0.675,0.612,0,0,Current,0,Medium,29784.88
LOAN007400,681.0,0.258,0.594,0,0,Current,0,Low,2036.39
LOAN007401,638.0,0.749,0.691,2,115,Defaulted,1,Medium,374610.19
LOAN007402,632.0,0.863,0.733,6,180,Defaulted,1,High,370854.2
LOAN007403,722.0,0.419,0.752,0,0,Current,0,Low,31543.27
LOAN007404,664.0,0.529,0.509,0,0,Current,0,Low,50184.05
LOAN007405,715.0,0.503,0.7,0,0,Current,0,Low,61244.62
LOAN007406,621.0,0.885,0.584,2,16,Current,0,Medium,754995.56
LOAN007407,631.0,0.69,0.56,1,21,Current,0,Medium,89924.15
LOAN007408,596.0,0.959,0.815,4,64,Late,0,High,786769.78
LOAN007409,725.0,0.106,,0,0,Paid Off,0,Low,965.59
LOAN007410,590.0,1.111,0.74,9,180,Written Off,1,High,350076.04
LOAN007411,672.0,0.449,0.639,0,0,Current,0,Low,5761.76
LOAN007412,681.0,0.756,0.706,4,44,Paid Off,0,Medium,69372.74
LOAN007413,777.0,0.117,,0,0, current ,0,Low,2995.11
LOAN007414,695.0,0.305,,0,0,Current,0,Low,7928.66
LOAN007415,722.0,1.0,0.563,4,151,Defaulted,1,High,164409.95
LOAN007416,730.0,0.71,,0,0,Current,0,Low,27811.56
LOAN007417,659.0,0.298,0.556,0,0,Current,0,Low,15083.19
LOAN007418,666.0,0.648,0.521,0,0,Current,0,Medium,71680.72
LOAN007419,685.0,0.666,0.507,0,0,Current,0,Low,7475.22
LOAN007420,678.0,0.569,0.614,0,0,Current,0,Low,5102.02
LOAN007421,734.0,0.219,,0,0,Current,0,Low,4188.89
LOAN007422,702.0,0.465,0.537,0,0,Current,0,Low,4569.78
LOAN007423,685.0,0.395,,1,15,Current,0,Low,6383.47
LOAN007424,669.0,0.471,0.649,0,0,Current,0,Low,3706.72
LOAN007425,688.0,0.427,0.658,0,0,current,0,Low,37246.6
LOAN007426,665.0,0.649,0.552,8,180,Written Off,1,High,48776.59
LOAN007427,678.0,0.486,0.567,0,0,Current,0,Low,5383.23
LOAN007428,657.0,0.241,,0,0,Current,0,Low,10228.68
LOAN007429,667.0,0.389,,1,21,Current,0,Low,12541.25
LOAN007430,730.0,0.59,0.692,0,0,Current,0,Low,45219.95
LOAN007431,645.0,0.493,0.717,4,72,Restructured,0,Medium,22692.17
LOAN007432,637.0,0.578,,3,66,Current,0, medium ,36376.34
LOAN007433,640.0,0.789,0.512,1,9,Current,0,Medium,528302.32
LOAN007434,585.0,1.35,0.565,4,133,Defaulted,1,High,1244455.66
LOAN007435,704.0,0.37,,0,0,Current,0,Low,18628.74
LOAN007436,648.0,0.258,0.694,4,120,Defaulted,1,Medium,25770.05
LOAN007437,645.0,0.629,,3,48,Current,0,Medium,16642.47
LOAN007438,652.0,0.74,0.589,4,96,Late,0,Medium,5927.43
LOAN007439,735.0,0.242,,0,0,Current,0,Low,5607.98
LOAN007440,611.0,0.361,0.63,5,105,Late,0,Medium,18064.84
LOAN007441,744.0,0.222,0.505,0,0,Current,0,Low,9694.57
LOAN007442,633.0,0.826,0.545,4,80,Late,0,High,142160.36
LOAN007443,674.0,0.285,,0,0,Current,0,Low,3995.41
LOAN007444,669.0,0.458,0.668,0,0,Current,0,Low,13352.82
LOAN007445,656.0,0.781,0.549,2,16,Paid Off,0,Medium,24565.72
LOAN007446,670.0,0.826,0.757,3,51,Current,0,Medium,98878.16
LOAN007447,721.0,0.401,0.95,0,0,Current,0,Low,6987.79
LOAN007448,711.0,0.28,0.89,0,0,Current,0,Low,5181.5
LOAN007449,659.0,0.453,0.608,0,0,Current,0,Low,5981.96
LOAN007450,646.0,0.815,,2,46,Current,0,Medium,45562.63
LOAN007451,773.0,0.05,,1,21,Current,0,Low,2305.78
LOAN007452,697.0,0.483,,0,0,Current,0,Low,6279.9
LOAN007453,662.0,0.793,0.902,1,17,Current,0,Medium,271110.16
LOAN007454,679.0,0.667,0.729,2,161,Defaulted,1,Medium,31845.53
LOAN007455,681.0,0.671,,0,0,Current,0,Medium,38011.59
LOAN007456,636.0,0.753,0.834,8,180,Defaulted,1,High,189960.49
LOAN007457,674.0,0.651,,1,24,Current,0,Medium,49339.51
LOAN007458,647.0,0.64,0.662,3,36,Current,0,Medium,469212.52
LOAN007459,765.0,0.358,0.59,0,0,Current,0,Low,18280.01
LOAN007460,678.0,0.448,0.736,1,18,Current,0,Medium,90575.41
LOAN007461,675.0,0.3,0.557,1,9, paid off ,0,Low,6635.71
LOAN007462,714.0,0.47,0.506,1,11,Current,0,Low,5535.17
LOAN007463,652.0,0.351,0.546,0,0,Current,0,Low,9184.42
LOAN007464,660.0,0.578,0.74,5,180,Defaulted,1,High,84863.88
LOAN007465,710.0,0.225,0.571,0,0,Current,0,Low,1744.65
LOAN007466,638.0,0.66,,2,125,Defaulted,1,Medium,386361.96
LOAN007467,593.0,0.688,0.593,6,144,Late,0,High,182198.36
LOAN007468,593.0,1.011,0.758,5,100,Restructured,0,High,834052.33
LOAN007469,663.0,0.74,0.614,4,32,Current,0,Medium,326921.28
LOAN007470,600.0,0.794,,3,156,Defaulted,1,High,548557.34
LOAN007471,695.0,0.839,0.58,6,90,Restructured,0,High,64400.61
LOAN007472,736.0,0.434,,0,0,Current,0,Low,12712.36
LOAN007473,603.0,0.728,0.604,4,88,Late,0,High,252827.66
LOAN007474,662.0,0.977,,2,48,Current,0,Medium,98338.45
LOAN007475,685.0,0.654,0.569,0,0,Current,0,Low,25164.07
LOAN007476,798.0,0.141,0.786,1,14,Current,0,Low,3730.0
LOAN007477,670.0,0.996,0.644,5,125,Defaulted,1,High,290468.23
LOAN007478,607.0,0.924,0.523,5,105,Current,0,High,444719.3
LOAN007479,643.0,0.805,0.619,2,26,Paid Off,0,Medium,97045.04
LOAN007480,597.0,0.924,,3,42,Current,0,High,332813.54
LOAN007481,620.0,1.018,0.613,7,180,Written Off,1,High,1110487.53
LOAN007482,642.0,0.922,0.656,2,123,Defaulted,1,Medium,806749.78
LOAN007483,681.0,0.486,,2,99,Defaulted,1,Medium,24628.25
LOAN007484,680.0,0.334,,0,0,Current,0,Low,2628.78
LOAN007485,705.0,0.372,,0,0,Current,0,Low,10422.03
LOAN007486,730.0,0.106,0.551,0,0,Current,0,Low,1517.29
LOAN007487,678.0,0.756,0.542,2,26,Current,0,Medium,116691.89
LOAN007488,701.0,0.775,0.622,4,72,Restructured,0,Medium,186198.87
LOAN007489,662.0,0.408,,0,0,Current,0,Low,2322.94
LOAN007490,,0.333,,0,0, current ,0,Low,10016.97
LOAN007491,691.0,0.395,0.685,0,0,Current,0,Low,12945.65
LOAN007492,729.0,0.225,,1,17,Current,0,Low,6893.09
LOAN007493,621.0,0.49,,9,180,Defaulted,1,High,171720.98
LOAN007494,644.0,0.647,0.724,5,105,Late,0,High,366234.75
LOAN007495,685.0,0.837,0.652,1,19,Current,0,Medium,62303.49
LOAN007496,593.0,1.06,0.554,9,128,Defaulted,1,High,382706.2
LOAN007497,618.0,1.272,,2,38,Current,0,High,2170545.62
LOAN007498,699.0,0.505,,0,0,Current,0,Low,37236.19
LOAN007499,571.0,0.865,0.548,2,32,Current,0,High,299916.17
LOAN007500,692.0,0.819,,2,38,Current,0,Medium,30886.24
LOAN007501,640.0,1.063,0.701,2,36,Current,0,Medium,762484.51
LOAN007502,681.0,0.377,,0,0,Current,0, Low ,9175.33
LOAN007503,602.0,0.378,,0,0,Current,0,Medium,9832.9
LOAN007504,710.0,0.326,0.717,5,112,Defaulted,1,Medium,3868.12
LOAN007505,676.0,0.629,0.729,0,0,Current,0,Medium,146059.31
LOAN007506,714.0,0.433,0.734,1,17,Current,0,Low,132592.6
LOAN007507,692.0,0.362,0.52,0,0,Current,0,Low,1754.33
LOAN007508,705.0,0.409,0.639,0,0,Current,0,Low,8033.01
LOAN007509,710.0,0.704,,0,0,Paid Off,0,Low,8233.37
LOAN007510,629.0,0.694,0.672,4,84,Restructured,0,High,385272.43
LOAN007511,654.0,0.248,0.663,0,0,Current,0,Low,5869.95
LOAN007512,620.0,1.215,0.663,3,75,Late,0,High,948416.92
LOAN007513,656.0,0.625,0.516,1,18,Paid Off,0,Medium,73025.35
LOAN007514,688.0,0.415,0.627,0,0,Paid Off,0,Low,47621.29
LOAN007515,700.0,0.758,0.88,4,48,Current,0,Medium,161426.5
LOAN007516,701.0,0.812,0.846,4,56,Current,0,Medium,178556.66
LOAN007517,700.0,0.723,0.744,2,20, Paid Off ,0,Medium,199122.34
LOAN007518,655.0,0.767,0.761,1,12,Current,0,Medium,120760.1
LOAN007519,633.0,0.511,0.824,4,92,Restructured,0,Medium,172915.94
LOAN007520,616.0,1.125,0.806,2,34,Current,0,High,546663.2
LOAN007521,663.0,0.718,0.788,0,0,Current,0,Medium,113053.43
LOAN007522,677.0,0.15,0.551,0,0,Current,0,Low,1628.09
LOAN007523,675.0,0.826,0.654,2,30,Current,0,Medium,135861.26
LOAN007524,709.0,0.382,,0,0,Current,0,Low,13372.23
LOAN007525,698.0,0.743,,3,72,Current,0,Medium,430337.22
LOAN007526,678.0,0.394,0.581,0,0,Current,0,Low,36771.94
LOAN007527,690.0,0.735,0.66,5,85,Late,0,Medium,121305.88
LOAN007528,740.0,0.379,0.662,8,155,Defaulted,1,Medium,7918.72
LOAN007529,691.0,0.666,0.908,0,0,Current,0,Medium,145739.01
LOAN007530,664.0,0.358,0.645,0,0,Current,0, low ,28919.19
LOAN007531,724.0,0.338,0.519,1,9,Current,0,Low,4639.14
LOAN007532,693.0,0.342,,2,94,Defaulted,1,Medium,7066.26
LOAN007533,655.0,0.665,0.576,0,0,Current,0,Medium,82438.56
LOAN007534,720.0,0.522,0.567,0,0,Paid Off,0,Low,19759.9
LOAN007535,681.0,0.23,0.523,0,0,Current,0,Low,1864.67
LOAN007536,743.0,0.512,,0,0,Current,0,Low,24361.81
LOAN007537,687.0,0.493,0.75,4,179,Written Off,1,Medium,157973.65
LOAN007538,607.0,0.774,0.613,4,180,Defaulted,1,High,663745.86
LOAN007539,657.0,0.826,0.919,6,120,Late,0,High,171263.07
LOAN007540,690.0,0.467,0.513,0,0,Current,0,Low,34619.89
LOAN007541,703.0,0.429,0.766,1,16,Current,0,Low,9968.21
LOAN007542,678.0,0.484,0.565,0,0,Current,0,Low,21227.59
LOAN007543,630.0,1.35,0.569,5,180,Written Off,1,High,1871626.11
LOAN007544,725.0,0.543,0.681,0,0,Current,0,Low,99715.01
LOAN007545,675.0,0.385,0.801,1,20,Current,0,Low,49165.75
LOAN007546,677.0,0.564,,5,136,Written Off,1,Medium,62309.88
LOAN007547,659.0,0.446,,1,25,Current,0,Medium,8607.97
LOAN007548,624.0,1.203,,5,125,Restructured,0,High,1245228.42
LOAN007549,,0.559,,1,25,Current,0,Medium,104951.26
LOAN007550,753.0,0.317,0.91,0,0,Paid Off,0,Low,4105.93
LOAN007551,711.0,0.385,,1,22,Current,0,Low,5821.36
LOAN007552,681.0,0.64,,0,0,Current,0,Low,35839.34
LOAN007553,661.0,1.072,0.802,2,28,Current,0,Medium,799703.52
LOAN007554,650.0,0.784,,3,48, current ,0,Medium,509377.15
LOAN007555,719.0,0.357,0.652,0,0,Current,0,Low,2761.38
LOAN007556,670.0,0.613,0.575,0,0,Current,0,medium,116775.52
LOAN007557,684.0,0.457,0.635,0,0,Current,0,Low,3150.22
LOAN007558,,0.426,0.661,3,57,Current,0,Medium,82076.79
LOAN007559,701.0,0.315,,2,20,Paid Off,0,Low,9954.27
LOAN007560,694.0,0.175,,0,0,Current,0,Low,2816.11
LOAN007561,655.0,,0.656,4,60,Current,0,Medium,23814.43
LOAN007562,595.0,1.143,0.571,1,15,Current,0,High,629667.4
LOAN007563,647.0,0.484,0.727,4,40,Current,0,Medium,52938.94
LOAN007564,642.0,0.939,0.7,7,180,Defaulted,1,High,796578.31
LOAN007565,708.0,0.618,0.698,1,25,Current,0,Medium,207734.92
LOAN007566,653.0,0.708,0.652,0,0,Current,0,Medium,23109.61
LOAN007567,636.0,0.503,0.732,3,39,Current,0,Medium,157282.76
LOAN007568,678.0,0.52,0.565,0,0,Current,0,Low,59014.34
LOAN007569,678.0,0.578,0.628,0,0,Current,0,Low,62375.31
LOAN007570,708.0,0.585,,4,149,Defaulted,1,Medium,38452.77
LOAN007571,640.0,0.887,0.607,1,24,Current,0,Medium,299508.15
LOAN007572,725.0,0.529,0.92,0,0,Current,0,Low,45945.85
LOAN007573,618.0,1.067,0.527,3,108,Written Off,1,High,742170.55
LOAN007574,693.0,0.426,,0,0,Current,0,Low,27757.72
LOAN007575,599.0,0.664,0.57,3,39,Current,0,Medium,118245.37
LOAN007576,699.0,0.271,0.514,0,0,Current,0,Low,3517.54
LOAN007577,627.0,0.967,0.945,6,173,Defaulted,1,High,517527.7
LOAN007578,665.0,0.623,0.765,0,0,Current,0,Medium,242548.42
LOAN007579,680.0,0.339,0.874,0,0,Current,0,Low,11239.65
LOAN007580,643.0,1.027,0.847,5,115,Restructured,0,High,511182.85
LOAN007581,595.0,0.679,0.857,4,92,Current,0,High,323103.13
LOAN007582,643.0,0.77,0.94,2,44,Current,0,Medium,456379.24
LOAN007583,613.0,0.566,0.652,1,8,Current,0,Medium,526887.64
LOAN007584,685.0,0.499,0.523,0,0,Current,0,Low,20872.53
LOAN007585,661.0,0.491,0.567,0,0,Current,0,Low,7677.85
LOAN007586,625.0,0.907,0.548,7,180,Defaulted,1,High,246255.08
LOAN007587,613.0,0.893,0.523,5,105,Restructured,0,High,225325.02
LOAN007588,667.0,0.641,0.804,1,11,Current,0,Medium,84334.53
LOAN007589,675.0,0.6,0.53,0,0,Current,0,Low,18972.78
LOAN007590,767.0,0.403,0.566,0,0,Paid Off,0,Low,2858.06
LOAN007591,694.0,0.382,,0,0,Current,0,Low,11577.69
LOAN007592,701.0,,0.655,0,0,Current,0,Low,75642.25
LOAN007593,700.0,0.973,0.873,4,100,Late,0,high,10556.44
LOAN007594,638.0,0.7,0.745,1,16,Current,0,Medium,494256.06
LOAN007595,666.0,0.454,0.77,1,13,Current,0,Medium,34001.29
LOAN007596,,0.949,0.793,4,44,Current,0,High,1160588.03
LOAN007597,688.0,0.426,0.721,0,0,Current,0,Low,57341.91
LOAN007598,732.0,0.289,0.664,0,0,Paid Off,0,Low,31204.27
LOAN007599,657.0,0.359,,0,0,current,0,Low,7142.79
LOAN007600,685.0,1.067,0.585,1,16,Current,0,Medium,167921.06
LOAN007601,684.0,0.58,0.646,0,0,Current,0,Low,151983.78
LOAN007602,632.0,0.546,0.666,1,16,Current,0,Medium,105626.17
LOAN007603,713.0,0.424,0.818,0,0,Current,0,Low,116513.98
LOAN007604,771.0,0.362,0.72,0,0,Current,0,Low,4259.03
LOAN007605,640.0,0.598,0.63,7,180,Defaulted,1,High,230395.19
LOAN007606,719.0,0.394,0.78,0,0,Current,0,Low,57501.37
LOAN007607,638.0,0.343,0.689,2,50,Current,0,Medium,46350.41
LOAN007608,597.0,0.496,0.856,0,0,Current,0,Medium,222385.91
LOAN007609,697.0,0.304,0.812,2,40,Current,0,Medium,1602.1
LOAN007610,666.0,0.406,0.635,0,0,Current,0,Low,37612.46
LOAN007611,662.0,1.319,0.556,5,115,Late,0,High,724828.38
LOAN007612,781.0,0.51,0.778,0,0,Current,0,Low,67067.78
LOAN007613,699.0,0.21,0.903,0,0,Current,0,Low,4260.7
LOAN007614,651.0,0.703,,1,14,Current,0,Medium,12194.09
LOAN007615,759.0,0.05,,0,0,Current,0,Low,4947.17
LOAN007616,628.0,0.934,0.568,6,172,Defaulted,1,High,181585.42
LOAN007617,695.0,0.282,,1,9,Current,0,Low,3999.61
LOAN007618,656.0,0.479,,0,0,Current,0,Low,21675.27
LOAN007619,678.0,0.619,0.505,0,0,Paid Off,0,Low,87268.51
LOAN007620,667.0,0.703,0.814,8,180,Defaulted,1,High,68292.53
LOAN007621,676.0,1.128,0.664,1,24,Current,0,Medium,309616.08
LOAN007622,693.0,0.37,,0,0,Current,0,Low,3499.97
LOAN007623,683.0,0.436,,0,0,Current,0,Low,10844.15
LOAN007624,775.0,0.349,,0,0,Current,0,Low,1714.97
LOAN007625,639.0,0.975,0.531,8,167,Defaulted,1,High,241169.25
LOAN007626,682.0,0.367,,0,0,Current,0,Low,9326.29
LOAN007627,619.0,0.474,0.53,9,171,Restructured,0, High ,35762.13
LOAN007628,575.0,1.35,,8,180,Written Off,1,High,6681004.38
LOAN007629,685.0,0.888,0.693,7,180, defaulted ,1,High,196097.24
LOAN007630,709.0,0.447,0.798,1,25,Paid Off,0,Low,13978.71
LOAN007631,601.0,1.057,0.583,1,24,Paid Off,0,Medium,1366382.6
LOAN007632,612.0,0.539,0.51,3,96,Defaulted,1,Medium,154438.29
LOAN007633,676.0,0.43,0.628,1,12,Current,0,Low,9626.2
LOAN007634,726.0,0.232,0.647,0,0,Current,0,Low,21841.24
LOAN007635,626.0,1.153,0.857,3,154,Defaulted,1,High,793329.18
LOAN007636,731.0,0.325,0.643,0,0,Current,0,Low,2810.43
LOAN007637,717.0,0.094,,1,17,Current,0,Low,1903.07
LOAN007638,670.0,0.45,0.764,0,0,Paid Off,0,Low,32306.05
LOAN007639,707.0,0.479,0.892,0,0,Current,0,Low,15466.08
LOAN007640,649.0,0.486,0.529,3,60,Current,0,Medium,104190.92
LOAN007641,705.0,0.3,0.799,3,132,Defaulted,1,Medium,2108.45
LOAN007642,646.0,0.637,0.691,4,60,Current,0,Medium,338314.3
LOAN007643,631.0,0.902,0.569,3,24,Current,0,Medium,416879.66
LOAN007644,713.0,0.789,0.742,3,69,Late,0,Medium,140864.83
LOAN007645,733.0,0.533,0.895,0,0,Current,0,Low,66630.75
LOAN007646,720.0,0.521,,0,0,Current,0,Low,11138.33
LOAN007647,690.0,0.325,0.564,0,0,Current,0, low ,11986.63
LOAN007648,712.0,0.477,,0,0,Current,0,Low,7808.69
LOAN007649,723.0,0.308,0.68,5,178,Defaulted,1,Medium,3099.39
LOAN007650,668.0,0.718,0.727,0,0,Current,0,Medium,83870.5
LOAN007651,665.0,0.264,0.643,1,22,Current,0,Low,4870.21
LOAN007652,627.0,0.758,0.527,4,56,Paid Off,0,High,44404.87
LOAN007653,624.0,0.665,0.59,6,180, Defaulted ,1, high ,222293.89
LOAN007654,614.0,0.404,,1,19,Paid Off,0,Medium,39579.91
LOAN007655,673.0,0.783,0.824,1,20,Current,0,Medium,215942.69
LOAN007656,631.0,0.885,0.506,4,174,Defaulted,1,High,276367.16
LOAN007657,666.0,0.594,0.706,0,0,Paid Off,0,Medium,183198.96
LOAN007658,,0.79,0.613,5,90,Current,0,High,369835.65
LOAN007659,610.0,0.805,0.838,4,152,Defaulted,1,High,255071.05
LOAN007660,697.0,0.724,0.673,3,131,Defaulted,1, Medium ,341087.85
LOAN007661,724.0,0.234,,0,0,Current,0,Low,2989.87
LOAN007662,714.0,0.282,0.898,0,0,Current,0,Low,15401.55
LOAN007663,596.0,0.87,,5,180,Defaulted,1,High,951327.99
LOAN007664,687.0,0.917,0.665,8,109,Defaulted,1,High,143598.99
LOAN007665,720.0,0.997,0.634,2,34,Current,0,Medium,318954.45
LOAN007666,620.0,0.928,0.627,5,180,Defaulted,1,High,485032.48
LOAN007667,750.0,0.254,0.501,0,0,Paid Off,0,Low,3050.92
LOAN007668,670.0,0.709,0.536,4,180,Defaulted,1,High,217125.87
LOAN007669,710.0,0.428,0.857,0,0,Current,0,Low,10149.34
LOAN007670,709.0,0.548,,0,0,Current,0,Low,30080.49
LOAN007671,677.0,0.509,,0,0,Current,0,Low,169891.2
LOAN007672,719.0,0.293,,0,0,Current,0,Low,2829.46
LOAN007673,540.0,1.024,0.55,4,114,Defaulted,1,High,1167941.29
LOAN007674,613.0,1.094,0.869,4,36,Current,0,High,882358.62
LOAN007675,722.0,0.722,,4,72,Late,0,Medium,10468.06
LOAN007676,693.0,0.332,,0,0,current,0,Low,2235.47
LOAN007677,749.0,0.56,,0,0,Current,0,Low,29497.68
LOAN007678,626.0,0.578,0.83,6,148,Defaulted,1,High,485106.99
LOAN007679,649.0,0.497,0.688,3,27,Current,0,Medium,99202.47
LOAN007680,688.0,0.788,0.793,5,85,Restructured,0,High,63897.06
LOAN007681,676.0,0.461,0.811,0,0,Current,0,Low,13401.48
LOAN007682,662.0,0.646,0.825,0,0,Current,0,Medium,112158.36
LOAN007683,722.0,0.441,,0,0,Current,0,Low,4623.7
LOAN007684,634.0,0.551,0.638,2,30,Current,0, Medium ,194596.41
LOAN007685,642.0,1.014,0.782,4,162,Defaulted,1,High,1704791.65
LOAN007686,693.0,0.105,,0,0,Current,0,Low,1632.75
LOAN007687,658.0,0.291,0.744,0,0,Current,0,Low,8980.52
LOAN007688,730.0,0.401,,0,0,Current,0,Low,6827.3
LOAN007689,716.0,0.434,,0,0,Current,0,Low,2899.5
LOAN007690,726.0,0.637,0.782,0,0,Current,0,Low,90620.86
LOAN007691,708.0,0.289,,1,12,Current,0,Low,3325.36
LOAN007692,732.0,0.34,0.573,0,0,Current,0, Low ,1566.09
LOAN007693,735.0,0.665,0.518,0,0,Current,0,Low,79662.1
LOAN007694,639.0,1.187,0.929,3,75,Late,0,High,930400.81
LOAN007695,701.0,0.244,0.673,0,0,Current,0,Low,11010.66
LOAN007696,738.0,0.365,,0,0,Current,0,LOW,6685.57
LOAN007697,707.0,0.442,0.558,0,0,Current,0,Low,3622.16
LOAN007698,749.0,0.35,0.614,0,0,Current,0,Low,42451.35
LOAN007699,694.0,0.631,0.511,1,22,Paid Off,0,Medium,43362.74
LOAN007700,718.0,0.294,0.68,0,0,Current,0,Low,1329.97
LOAN007701,642.0,0.706,0.768,3,60,Paid Off,0,Medium,19617.45
LOAN007702,653.0,0.509,0.95,0,0,Current,0,Medium,82248.21
LOAN007703,666.0,0.464,,1,25,Current,0,Medium,2236.13
LOAN007704,605.0,0.8,0.91,3,69,Late,0,High,560713.17
LOAN007705,595.0,1.217,0.711,4,82,Defaulted,1,High,1215913.75
LOAN007706,647.0,0.581,,0,0,Current,0,Medium,32078.99
LOAN007707,715.0,0.213,0.613,0,0,Current,0,Low,4357.32
LOAN007708,612.0,0.837,0.703,3,69,Current,0,High,642327.87
LOAN007709,720.0,0.418,0.932,0,0,Current,0,Low,7149.96
LOAN007710,675.0,0.751,0.611,3,36,Current,0,Medium,132719.36
LOAN007711,671.0,0.622,,1,8,Current,0,Medium,100235.85
LOAN007712,679.0,0.15,,0,0,Current,0,Low,1405.12
LOAN007713,540.0,0.764,0.875,2,16,Paid Off,0,High,408989.14
LOAN007714,617.0,0.842,0.771,2,20,Current,0,Medium,382742.21
LOAN007715,670.0,0.899,0.659,1,9,Current,0,Medium,224058.66
LOAN007716,714.0,0.209,,0,0,Current,0,Low,2337.65
LOAN007717,703.0,0.501,,2,48,Current,0,Medium,21959.04
LOAN007718,641.0,0.899,0.681,1,19,Current,0,Medium,327904.39
LOAN007719,600.0,0.798,0.72,0,0,Current,0,Medium,319610.96
LOAN007720,646.0,0.957,0.602,1,11,Current,0,Medium,2102186.4
LOAN007721,637.0,0.41,0.532,2,38, CURRENT ,0,Medium,18914.94
LOAN007722,691.0,0.382,,0,0,Current,0,low,6466.45
LOAN007723,703.0,0.502,,0,0,Current,0,Low,6351.76
LOAN007724,676.0,0.276,0.879,1,21,Current,0, LOW ,8311.32
LOAN007725,736.0,0.41,0.511,1,9,Current,0,Low,2256.51
LOAN007726,681.0,0.682,,4,150,Defaulted,1,Medium,13550.44
LOAN007727,659.0,0.342,0.793,1,20,Current,0,Low,4075.6
LOAN007728,639.0,0.603,,1,25,Current,0,Medium,53735.54
LOAN007729,677.0,0.793,0.623,3,117,Written Off,1,Medium,78804.65
LOAN007730,612.0,0.351,0.501,1,20,Current,0,Medium,125895.61
LOAN007731,693.0,0.413,,1,15,Current,0,Low,3943.3
LOAN007732,591.0,0.725,0.951,5,171,Written Off,1,High,718142.88
LOAN007733,613.0,0.638,0.545,5,110,Restructured,0,High,177916.02
LOAN007734,741.0,0.492,0.612,0,0,Current,0,Low,3344.15
LOAN007735,622.0,0.551,0.629,3,24,Current,0,Medium,223616.5
LOAN007736,646.0,0.913,0.556,2,50,Current,0,Medium,161743.19
LOAN007737,655.0,0.605,,0,0,Current,0,Medium,11665.61
LOAN007738,678.0,0.67,0.742,0,0,Current,0,Medium,228254.15
LOAN007739,713.0,0.293,0.531,1,18,Current,0,Low,1619.02
LOAN007740,681.0,0.635,0.632,0,0,Current,0,Low,45461.95
LOAN007741,742.0,0.229,0.502,0,0,Current,0,Low,19050.41
LOAN007742,622.0,1.323,0.889,7,180,Defaulted,1,High,1099563.87
LOAN007743,684.0,0.611,0.622,0,0,Current,0,Low,179849.27
LOAN007744,754.0,0.289,0.763,0,0,Current,0,Low,1362.79
LOAN007745,688.0,0.456,,1,19,Current,0,Low,11870.64
LOAN007746,636.0,0.716,0.573,1,126,Defaulted,1,Medium,365548.17
LOAN007747,744.0,0.05,0.749,0,0,Current,0,Low,449.21
LOAN007748,721.0,0.323,,1,12,Current,0,Low,7562.88
LOAN007749,662.0,0.562,0.93,0,0,Current,0,Medium,6756.57
LOAN007750,704.0,0.474,,0,0,Current,0,Low,7350.76
LOAN007751,746.0,0.623,0.625,1,20,Current,0,Low,41813.14
LOAN007752,682.0,0.481,,1,22,Current,0,Medium,5177.91
LOAN007753,698.0,0.573,0.733,0,0,Current,0,Low,46300.36
LOAN007754,653.0,0.663,,0,0,Current,0,Medium,11600.59
LOAN007755,700.0,0.309,0.755,0,0,Current,0,Low,7659.65
LOAN007756,683.0,0.525,0.643,0,0,Current,0,Low,8414.47
LOAN007757,641.0,,0.602,2,44,Current,0,Medium,8581.2
LOAN007758,691.0,0.666,0.604,0,0,Current,0,Low,52182.76
LOAN007759,683.0,0.601,,0,0,Current,0,Low,28851.78
LOAN007760,635.0,0.761,0.502,6,96,Restructured,0,High,195943.5
LOAN007761,753.0,0.599,0.824,0,0,Current,0,Low,74233.25
LOAN007762,709.0,0.61,0.593,1,10,Current,0,Medium,30774.38
LOAN007763,743.0,0.128,,0,0,Current,0,Low,2938.8
LOAN007764,,0.492,0.602,0,0,Current,0,Low,18357.67
LOAN007765,689.0,0.891,0.58,3,125,defaulted,1,Medium,82073.67
LOAN007766,684.0,0.43,,0,0,Current,0, low ,5857.85
LOAN007767,664.0,0.241,0.611,0,0,Current,0,Low,12925.14
LOAN007768,642.0,0.874,0.81,1,15,Paid Off,0,Medium,75328.33
LOAN007769,645.0,0.616,0.581,4,60,Current,0,Medium,55347.64
LOAN007770,670.0,0.879,0.573,0,0,Current,0,Medium,120219.46
LOAN007771,711.0,0.521,0.952,1,19,Current,0,Medium,33560.48
LOAN007772,616.0,0.482,0.559,4,92,Restructured,0,Medium,197535.28
LOAN007773,693.0,0.783,0.523,2,28,Current,0, medium ,74388.38
LOAN007774,689.0,,0.535,0,0,Current,0,Low,2729.06
LOAN007775,625.0,0.413,0.82,2,30,Current,0, medium ,205169.21
LOAN007776,761.0,0.369,0.582,0,0,Current,0,Low,3059.25
LOAN007777,707.0,0.219,0.758,0,0,Current,0,Low,5327.35
LOAN007778,658.0,,,0,0,Paid Off,0,Medium,24564.54
LOAN007779,644.0,0.593,0.7,2,48,Current,0,Medium,172874.6
LOAN007780,670.0,0.576,0.7,0,0,Current,0,Low,8045.79
LOAN007781,654.0,,,0,0,Current,0,Low,12721.3
LOAN007782,705.0,0.145,,0,0,Current,0,Low,1424.86
LOAN007783,715.0,0.802,0.646,7,126,Current,0,High,77880.95
LOAN007784,638.0,0.546,,2,24,Current,0,Medium,52346.05
LOAN007785,710.0,0.426,,0,0,Current,0,Low,14174.2
LOAN007786,784.0,0.175,,0,0,Current,0,Low,2139.88
LOAN007787,680.0,0.512,0.577,0,0,Current,0,Low,145670.17
LOAN007788,732.0,0.469,0.559,0,0,Current,0,Low,17260.24
LOAN007789,623.0,0.814,0.82,4,56,Current,0,High,280032.31
LOAN007790,712.0,0.643,0.602,1,23,Current,0,Medium,10652.92
LOAN007791,710.0,0.252,0.904,6,180,Defaulted,1,Medium,38379.83
LOAN007792,655.0,0.57,0.739,0,0, Current ,0,Medium,5537.09
LOAN007793,618.0,0.715,0.744,3,54,Paid Off,0,Medium,198165.42
LOAN007794,649.0,0.833,0.611,3,48,Current,0,Medium,603838.54
LOAN007795,620.0,1.262,0.638,4,48,Current,0,High,907843.12
LOAN007796,637.0,0.617,0.547,4,56,Current,0, medium ,63733.87
LOAN007797,668.0,0.195,,0,0,CURRENT,0,Low,1405.09
LOAN007798,653.0,0.274,0.615,0,0,Current,0,Low,3650.11
LOAN007799,674.0,0.585,0.647,0,0,Current,0,Low,47798.46
LOAN007800,723.0,0.667,,0,0,Current,0,Low,19342.64
LOAN007801,638.0,0.637,0.652,0,0,Current,0,Medium,232411.14
LOAN007802,596.0,,0.912,4,60,Current,0,High,1196696.6
LOAN007803,723.0,0.38,0.524,0,0,Current,0,Low,29858.08
LOAN007804,631.0,0.629,,4,40,Current,0,Medium,22738.38
LOAN007805,742.0,0.144,,0,0,Paid Off,0,Low,815.57
LOAN007806,745.0,0.394,0.703,0,0,Current,0,Low,3374.78
LOAN007807,640.0,0.569,,3,54,Current,0,Medium,15461.25
LOAN007808,651.0,0.528,,0,0,Current,0,Low,7391.55
LOAN007809,680.0,0.554,,3,143,Defaulted,1,Medium,26882.11
LOAN007810,643.0,1.028,0.648,5,45,Current,0,High,420122.14
LOAN007811,661.0,0.547,0.872,9,173,Defaulted,1,High,171120.96
LOAN007812,725.0,0.558,,0,0,Current,0,Low,11985.48
LOAN007813,699.0,0.705,0.515,0,0,Current,0,Low,189063.95
LOAN007814,699.0,0.832,0.598,0,0,Current,0,Medium,110505.11
LOAN007815,632.0,1.069,0.679,6,180,Defaulted,1,High,1059417.05
LOAN007816,708.0,0.272,,0,0,Current,0,Low,3924.08
LOAN007817,686.0,0.768,0.594,1,15,Current,0,Medium,169904.45
LOAN007818,677.0,,,0,0,Paid Off,0,Low,5174.42
LOAN007819,691.0,0.462,,0,0,Current,0,Low,2461.94
LOAN007820,674.0,0.884,0.695,7,180,Defaulted,1,High,147807.65
LOAN007821,753.0,0.457,,0,0,Current,0,Low,27568.65
LOAN007822,726.0,0.512,,1,8,Current,0,Low,31749.4
LOAN007823,662.0,0.57,0.506,2,30,Current,0,Medium,12233.01
LOAN007824,683.0,0.533,0.769,0,0,Current,0,Low,35052.4
LOAN007825,651.0,0.84,0.566,3,57,Current,0,Medium,171580.43
LOAN007826,686.0,0.235,,0,0,Paid Off,0,Low,2247.04
LOAN007827,672.0,0.73,0.867,0,0,Current,0,Medium,419294.86
LOAN007828,588.0,1.036,0.577,9,180,Defaulted,1,High,1087804.0
LOAN007829,657.0,0.983,0.609,3,57,Current,0,Medium,148879.67
LOAN007830,642.0,1.098,0.831,2,24,Paid Off,0,High,809696.65
LOAN007831,668.0,0.68,,0,0,Current,0,Medium,12959.21
LOAN007832,,0.495,0.579,0,0,Current,0,Low,18164.91
LOAN007833,671.0,0.908,0.682,2,34,Current,0,Medium,179845.6
LOAN007834,712.0,0.522,0.714,2,165,Defaulted,1,Medium,66863.94
LOAN007835,670.0,0.71,0.577,0,0,Current,0,Medium,111745.68
LOAN007836,,0.606,0.782,3,54,Current,0,Medium,138233.42
LOAN007837,620.0,1.021,0.578,3,135,Defaulted,1,High,455582.05
LOAN007838,715.0,0.355,,0,0,Current,0,Low,3904.32
LOAN007839,661.0,0.512,0.646,0,0,Current,0,Low,69781.33
LOAN007840,690.0,0.192,,0,0,Current,0,Low,3277.46
LOAN007841,661.0,0.307,,2,40,Current,0,Medium,2408.81
LOAN007842,631.0,0.782,,1,20,Current,0,Medium,82153.27
LOAN007843,718.0,0.336,,0,0,Current,0,Low,5654.34
LOAN007844,662.0,0.831,0.545,2,24,Current,0,Medium,103112.28
LOAN007845,643.0,0.563,,6,78,Late,0,High,38467.91
LOAN007846,621.0,0.623,0.59,6,120,Restructured,0,High,50196.52
LOAN007847,656.0,0.831,,4,60,Current,0,Medium,20824.05
LOAN007848,714.0,0.816,0.867,4,88,Late,0,Medium,146067.83
LOAN007849,666.0,0.373,,0,0,Current,0,Low,11434.79
LOAN007850,688.0,0.34,,0,0,Current,0,Low,2357.86
LOAN007851,777.0,0.573,,0,0,Current,0,Low,43968.8
LOAN007852,675.0,0.737,0.74,4,40,Current,0,Medium,26412.98
LOAN007853,639.0,0.909,0.583,4,72,Restructured,0,High,593651.28
LOAN007854,690.0,0.59,,1,14,Current,0,Medium,3215.96
LOAN007855,679.0,0.308,0.834,0,0,Current,0,Low,6720.8
LOAN007856,684.0,0.425,,0,0,current,0,Low,4552.84
LOAN007857,646.0,1.048,,2,40,Current,0,Medium,1262706.09
LOAN007858,681.0,0.683,0.563,0,0,Current,0,Medium,99593.5
LOAN007859,679.0,0.345,0.61,0,0,Current,0,Low,3862.45
LOAN007860,667.0,0.673,0.88,0,0,Current,0,Medium,172588.71
LOAN007861,729.0,0.2,,0,0,Current,0,Low,1185.23
LOAN007862,690.0,0.576,0.686,1,24,Current,0,Medium,46324.77
LOAN007863,656.0,0.781,0.66,5,90,Restructured,0,High,221031.43
LOAN007864,635.0,0.849,0.776,5,97,Defaulted,1,High,219782.46
LOAN007865,746.0,0.134,,0,0,Current,0,Low,2053.97
LOAN007866,660.0,0.584,0.756,0,0,Current,0,Medium,64562.37
LOAN007867,655.0,0.732,0.564,5,120,Restructured,0,High,127477.94
LOAN007868,690.0,0.328,,1,11,Current,0,Low,3238.66
LOAN007869,682.0,0.805,0.819,1,24,Current,0,Medium,188346.72
LOAN007870,718.0,0.442,0.841,4,180,Defaulted,1,Medium,97992.81
LOAN007871,606.0,0.783,,2,40,Current,0,Medium,116794.28
LOAN007872,589.0,0.733,0.579,1,8,Current,0,Medium,107352.39
LOAN007873,680.0,0.25,0.66,0,0,Current,0,Low,2333.41
LOAN007874,664.0,0.81,0.613,4,48,Current,0,Medium,94655.34
LOAN007875,717.0,1.023,0.909,5,112,Written Off,1,High,392562.02
LOAN007876,644.0,0.63,,3,45,Current,0,Medium,14131.8
LOAN007877,685.0,0.584,,0,0,Current,0,Low,20662.01
LOAN007878,642.0,0.393,0.597,2,32,Current,0,Medium,87450.53
LOAN007879,593.0,0.96,0.717,9,180,Defaulted,1,High,1096264.6
LOAN007880,701.0,0.31,0.605,1,20,Current,0,Low,5042.02
LOAN007881,603.0,0.395,0.705,2,26,Current,0,Medium,187507.73
LOAN007882,,0.717,,0,0,Paid Off,0,Low,5875.67
LOAN007883,629.0,1.061,0.782,2,82,Defaulted,1,High,457168.53
LOAN007884,722.0,0.359,,0,0,Current,0,Low,7388.6
LOAN007885,631.0,0.554,0.933,1,8,Current,0,Medium,440897.66
LOAN007886,666.0,0.973,,6,180,Defaulted,1,High,282541.29
LOAN007887,620.0,0.792,0.508,4,92,Restructured,0,High,162874.24
LOAN007888,727.0,0.076,,0,0,Current,0,Low,4287.12
LOAN007889,612.0,0.832,,2,26,Current,0,Medium,175817.91
LOAN007890,722.0,0.441,0.668,1,10,Paid Off,0,Low,6053.23
LOAN007891,657.0,0.786,0.892,2,16,Current,0,Medium,202684.77
LOAN007892,646.0,0.702,0.793,7,161,Restructured,0,High,221023.56
LOAN007893,633.0,1.17,0.691,4,40,Current,0,High,1971156.46
LOAN007894,626.0,0.479,0.891,2,18,Current,0,Medium,86585.54
LOAN007895,672.0,0.586,0.657,0,0,Current,0,Low,39335.01
LOAN007896,739.0,0.601,,1,11,Current,0,Low,232722.89
LOAN007897,656.0,0.608,0.638,1,24,Paid Off,0,Medium,203214.27
LOAN007898,641.0,0.379,0.822,3,75,Restructured,0,Medium,8720.57
LOAN007899,772.0,0.469,0.558,0,0,Current,0,Low,6969.01
LOAN007900,,0.215,,0,0,Current,0,Low,3859.58
LOAN007901,603.0,1.135,0.811,7,180,Defaulted,1,High,2133661.25
LOAN007902,753.0,0.226,0.735,2,46,Current,0,Low,3936.33
LOAN007903,685.0,0.708,0.699,0,0,Current,0,Medium,4722.73
LOAN007904,714.0,0.55,0.51,2,28,Current,0,Medium,57263.82
LOAN007905,659.0,0.795,,4,88,Late,0,Medium,24226.42
LOAN007906,716.0,0.336,0.94,5,168,Written Off,1,Medium,34761.91
LOAN007907,671.0,0.472,0.868,0,0, current ,0,Low,67539.56
LOAN007908,654.0,0.43,0.681,2,32,Current,0,Medium,51847.8
LOAN007909,591.0,0.759,0.782,3,88,Defaulted,1,High,399695.43
LOAN007910,603.0,1.123,0.52,7,180,Defaulted,1,High,2703609.55
LOAN007911,594.0,1.11,0.901,5,141,Defaulted,1,High,370031.64
LOAN007912,,0.543,0.634,3,136,Defaulted,1,Medium,12178.86
LOAN007913,673.0,0.387,0.671,0,0,Current,0,Low,4033.34
LOAN007914,648.0,0.761,0.927,2,18,Current,0,Medium,322896.61
LOAN007915,686.0,0.698,0.61,1,11,Current,0,Medium,136519.26
LOAN007916,625.0,0.228,0.876,4,56,Current,0,Medium,7897.94
LOAN007917,651.0,1.125,0.576,8,180,Written Off,1,High,384158.42
LOAN007918,661.0,0.813,0.59,3,27,Current,0,Medium,144339.1
LOAN007919,641.0,0.403,,8,180,Defaulted,1,High,8778.56
LOAN007920,642.0,1.301,0.846,2,28,Current,0, High ,567274.97
LOAN007921,698.0,0.163,0.841,0,0,Current,0,Low,9197.72
LOAN007922,714.0,0.366,0.621,0,0,Current,0,Low,32131.76
LOAN007923,651.0,0.527,0.79,0,0, current ,0,Medium,22590.14
LOAN007924,679.0,0.343,,0,0,Current,0,Low,6040.9
LOAN007925,649.0,1.244,,4,72,Current,0,High,1558434.45
LOAN007926,,0.481,0.545,4,100,Defaulted,1,Medium,11236.99
LOAN007927,673.0,0.335,0.863,1,10,Current,0,Low,4575.56
LOAN007928,646.0,0.376,0.561,4,68,Current,0,Medium,16186.1
LOAN007929,695.0,0.249,0.715,0,0,Current,0,Low,3184.14
LOAN007930,642.0,0.599,0.777,2,24,Paid Off,0,Medium,270940.66
LOAN007931,645.0,0.464,0.807,5,80,Restructured,0,Medium,80635.67
LOAN007932,672.0,0.702,,0,0,Current,0,Medium,108197.26
LOAN007933,723.0,0.447,,0,0,Current,0,Low,4761.46
LOAN007934,644.0,0.921,0.847,5,136,Defaulted,1,High,312631.8
LOAN007935,697.0,0.371,,0,0,Current,0,Low,2723.98
LOAN007936,638.0,0.46,0.587,3,48,Current,0,Medium,151547.32
LOAN007937,757.0,0.797,0.582,1,17,Current,0,Medium,260943.65
LOAN007938,725.0,0.473,,0,0,Current,0,Low,6935.42
LOAN007939,650.0,0.73,0.549,2,42,Current,0,Medium,87820.09
LOAN007940,720.0,0.296,0.811,0,0,Current,0,Low,5288.84
LOAN007941,740.0,0.395,0.55,0,0,PAID OFF,0,Low,7998.39
LOAN007942,657.0,0.388,,0,0,Paid Off,0,Low,13343.83
LOAN007943,641.0,0.607,0.619,1,15,Current,0,Medium,44941.78
LOAN007944,653.0,0.658,0.52,0,0,Current,0,Medium,139153.51
LOAN007945,680.0,0.596,0.693,0,0,Current,0,Low,114305.15
LOAN007946,697.0,0.182,,0,0,Current,0,Low,10272.4
LOAN007947,673.0,0.322,,0,0,Current,0,Low,4595.43
LOAN007948,,0.506,,0,0,Current,0,Low,17890.03
LOAN007949,688.0,0.691,0.747,0,0,Current,0,Medium,217378.23
LOAN007950,677.0,0.544,0.745,0,0,Current,0,Low,46906.72
LOAN007951,632.0,1.19,0.632,2,18,Current,0,High,944202.77
LOAN007952,726.0,0.35,0.528,0,0,Current,0,Low,24468.45
LOAN007953,672.0,0.589,,1,8,Current,0,Medium,4692.05
LOAN007954,702.0,0.416,,0,0,Current,0,Low,5235.16
LOAN007955,724.0,0.529,0.641,0,0,Current,0,Low,65513.17
LOAN007956,,0.382,0.622,1,24,Current,0,Low,3646.65
LOAN007957,642.0,0.851,0.564,5,180,Defaulted,1, high ,403266.63
LOAN007958,706.0,0.177,,0,0,Current,0,Low,1902.55
LOAN007959,676.0,0.64,0.525,0,0,Current,0,Low,71550.04
LOAN007960,735.0,0.156,0.919,0,0,Current,0,Low,16469.81
LOAN007961,673.0,0.357,0.698,0,0,Current,0,Low,22579.56
LOAN007962,742.0,0.497,0.555,0,0,Current,0,Low,20841.58
LOAN007963,600.0,1.011,0.892,4,100,Restructured,0,High,266814.32
LOAN007964,,0.841,0.921,7,180,Defaulted,1,High,130618.41
LOAN007965,702.0,0.69,0.628,0,0,Current,0,Low,19008.5
LOAN007966,693.0,0.451,0.633,0,0,Current,0,Low,31794.19
LOAN007967,673.0,0.9,0.505,3,42,Current,0,Medium,327843.39
LOAN007968,708.0,0.642,,2,28,Current,0,Medium,12110.66
LOAN007969,663.0,0.253,0.909,0,0,Current,0,Low,4963.75
LOAN007970,711.0,0.239,,0,0,Current,0,Low,5726.4
LOAN007971,660.0,0.622,0.722,1,18,Current,0,Medium,27512.17
LOAN007972,653.0,0.646,0.926,0,0,Current,0,Medium,115841.99
LOAN007973,701.0,0.123,,1,22,Paid Off,0,Low,1027.0
LOAN007974,613.0,0.502,0.951,4,92,Late,0,Medium,78128.41
LOAN007975,682.0,0.755,0.89,2,48,Current,0,Medium,142621.57
LOAN007976,717.0,0.525,0.543,1,17,Current,0,Low,63449.0
LOAN007977,728.0,0.55,0.514,0,0,Current,0,Low,14246.01
LOAN007978,700.0,0.649,0.676,0,0, CURRENT ,0,Low,125794.48
LOAN007979,586.0,0.686,0.504,2,34,Current,0,Medium,230707.59
LOAN007980,782.0,0.173,,0,0,Current,0,Low,5736.83
LOAN007981,632.0,0.886,0.507,3,66,Late,0,Medium,370013.77
LOAN007982,635.0,0.403,0.7,9,180,Defaulted,1,High,102811.43
LOAN007983,736.0,0.376,,0,0,Current,0,Low,5357.88
LOAN007984,670.0,0.94,0.839,0,0,Current,0,Medium,195322.88
LOAN007985,691.0,0.934,0.505,4,153,Defaulted,1,High,301627.99
LOAN007986,730.0,0.257,0.527,0,0,Paid Off,0,Low,3180.03
LOAN007987,627.0,0.475,0.593,3,75,Restructured,0,Medium,31136.74
LOAN007988,640.0,0.805,0.635,2,26,Current,0,Medium,231995.36
LOAN007989,594.0,0.811,0.651,2,46,Current,0,Medium,576317.38
LOAN007990,698.0,0.572,0.643,3,92,Defaulted,1,Medium,30067.75
LOAN007991,636.0,0.483,,4,68,Late,0,Medium,26008.17
LOAN007992,637.0,0.805,0.531,3,60,Current,0,Medium,518174.11
LOAN007993,715.0,0.233,0.719,0,0,Current,0,Low,16548.99
LOAN007994,720.0,0.577,,1,14,Current,0,Low,75390.37
LOAN007995,593.0,,,7,123,Defaulted,1,High,91411.29
LOAN007996,720.0,0.468,0.866,0,0,Current,0,Low,72409.3
LOAN007997,644.0,0.67,0.786,1,18,Current,0,Medium,384164.75
LOAN007998,645.0,0.435,0.795,5,75,Current,0,Medium,83394.96
LOAN007999,675.0,0.282,0.534,0,0,Current,0,Low,3422.25
LOAN008000,718.0,0.815,0.723,1,22,Current,0,Medium,18161.88
LOAN008001,643.0,0.838,0.687,7,180,Defaulted,1,High,359332.67
LOAN008002,616.0,0.588,,2,44,Current,0,Medium,25055.57
LOAN008003,693.0,0.648,,0,0,Paid Off,0,Low,152779.23
LOAN008004,693.0,0.701,0.912,0,0,Current,0,Medium,54524.21
LOAN008005,642.0,0.615,0.783,3,36,Current,0,Medium,447047.57
LOAN008006,736.0,0.222,,0,0,Current,0,Low,2532.54
LOAN008007,615.0,0.988,0.944,4,52,Current,0,High,1053658.12
LOAN008008,654.0,1.018,0.577,1,16,Current,0,Medium,217621.18
LOAN008009,741.0,0.456,0.92,0,0,Current,0,Low,39477.27
LOAN008010,638.0,0.641,,4,96,Restructured,0,Medium,96756.82
LOAN008011,697.0,0.568,0.661,0,0,Current,0,Low,46806.64
LOAN008012,712.0,0.558,,0,0,Current,0,Low,16272.59
LOAN008013,672.0,0.683,,1,19,Current,0,Medium,25559.79
LOAN008014,680.0,0.292,0.673,0,0,Current,0,Low,3262.94
LOAN008015,705.0,0.761,,1,21,Current,0,Medium,31855.86
LOAN008016,740.0,0.377,0.589,0,0,Current,0,Low,2967.04
LOAN008017,686.0,0.587,0.595,0,0,Current,0,Low,10298.32
LOAN008018,643.0,1.198,0.57,4,107,Defaulted,1,High,429770.72
LOAN008019,589.0,1.117,0.696,2,40,Current,0,High,740483.69
LOAN008020,658.0,0.835,0.907,3,36,Current,0,Medium,22936.77
LOAN008021,635.0,0.19,,3,45,Paid Off,0,Medium,10889.34
LOAN008022,629.0,0.5,0.551,4,40,Current,0,Medium,19967.87
LOAN008023,608.0,,0.508,6,180,Defaulted,1,High,1212459.94
LOAN008024,716.0,0.392,,0,0,Current,0,Low,10853.32
LOAN008025,736.0,0.429,,0,0,Current,0,Low,7663.6
LOAN008026,706.0,0.341,,0,0,Paid Off,0,Low,12328.17
LOAN008027,684.0,0.415,0.608,0,0,Current,0,Low,2859.44
LOAN008028,684.0,0.326,,0,0,Current,0,Low,3702.32
LOAN008029,663.0,1.021,0.612,4,68,Late,0,High,476505.46
LOAN008030,708.0,0.444,0.738,0,0,Current,0,Low,8706.3
LOAN008031,610.0,0.708,0.668,3,51,Current,0,Medium,366410.61
LOAN008032,715.0,0.551,0.599,0,0,Current,0,Low,38599.58
LOAN008033,627.0,1.183,0.691,5,115,Defaulted,1,High,2799094.8
LOAN008034,571.0,1.095,0.69,4,180,Defaulted,1,High,161555.78
LOAN008035,667.0,0.445,,1,14,Current,0,Medium,15224.39
LOAN008036,749.0,0.242,,1,10,Current,0,Low,4634.29
LOAN008037,676.0,0.573,0.767,0,0,Current,0,Low,44019.54
LOAN008038,646.0,0.902,0.507,4,40,Current,0,High,747203.92
LOAN008039,676.0,1.043,,5,120,Late,0,High,895356.44
LOAN008040,,0.603,0.881,1,9,Current,0,Medium,128790.09
LOAN008041,593.0,0.521,,1,15,Current,0,Medium,21555.9
LOAN008042,701.0,0.63,0.939,0,0,Current,0,Low,116351.93
LOAN008043,609.0,0.176,0.75,1,22,Current,0,Medium,8308.11
LOAN008044,582.0,0.737,0.552,2,16,Current,0,Medium,277770.1
LOAN008045,670.0,0.466,0.55,0,0,Current,0,Low,31389.23
LOAN008046,694.0,0.593,0.777,0,0,Paid Off,0,Low,7432.89
LOAN008047,,0.88,,3,45,Current,0,Medium,73116.94
LOAN008048,689.0,0.246,0.866,0,0,Current,0,Low,18048.04
LOAN008049,699.0,0.432,,1,22,Current,0,Low,3005.87
LOAN008050,620.0,1.309,0.5,6,48,Current,0,High,1862955.76
LOAN008051,711.0,0.523,,1,22,Current,0,Low,72798.24
LOAN008052,668.0,0.717,,0,0,Current,0,Medium,43160.18
LOAN008053,639.0,0.792,,5,95,Restructured,0,High,104918.15
LOAN008054,654.0,0.419,0.766,1,12,Current,0,Medium,40929.4
LOAN008055,670.0,0.417,0.778,0,0,Current,0,Low,95535.01
LOAN008056,676.0,0.852,0.772,3,48,Current,0,Medium,99388.97
LOAN008057,636.0,0.501,0.667,6,164,Defaulted,1,High,96541.72
LOAN008058,699.0,0.57,0.703,0,0,Current,0,LOW,38928.92
LOAN008059,632.0,0.92,0.545,5,180,Defaulted,1,High,206142.65
LOAN008060,645.0,0.401,0.516,2,16,Current,0,Medium,32286.16
LOAN008061,551.0,1.245,0.586,4,64,Late,0,High,1413308.42
LOAN008062,681.0,0.205,0.688,0,0,Current,0,Low,8118.04
LOAN008063,698.0,0.534,0.506,1,21,Paid Off,0,Low,36038.4
LOAN008064,698.0,0.279,,2,30,Current,0,Low,3061.13
LOAN008065,654.0,0.506,0.73,0,0,Current,0,Low,4692.43
LOAN008066,716.0,0.446,0.587,0,0,Current,0,Low,44141.38
LOAN008067,653.0,0.306,0.54,0,0,Current,0,Low,26236.16
LOAN008068,734.0,0.631,0.545,0,0,Current,0,Low,7010.13
LOAN008069,,0.362,,0,0,Current,0,Low,2469.56
LOAN008070,667.0,0.801,0.928,4,76,Current,0,High,159645.31
LOAN008071,664.0,0.627,,1,21,Current,0,Medium,198208.78
LOAN008072,686.0,0.306,0.878,0,0,Current,0,Low,6156.5
LOAN008073,637.0,0.322,0.792,2,20,Current,0,Medium,104316.75
LOAN008074,716.0,0.517,0.562,0,0,Current,0,Low,88628.66
LOAN008075,752.0,0.183,0.901,0,0,Current,0,Low,4648.24
LOAN008076,709.0,0.27,0.728,0,0,Current,0,Low,5010.93
LOAN008077,661.0,0.739,0.696,1,14,Current,0,Medium,169456.72
LOAN008078,662.0,0.572,0.535,0,0,Current,0,Low,5076.93
LOAN008079,695.0,0.67,0.642,0,0,Current,0,Low,82756.86
LOAN008080,599.0,0.291,0.937,2,48,Current,0,Medium,9901.76
LOAN008081,,0.374,0.635,0,0,Current,0,Low,3109.44
LOAN008082,713.0,0.265,0.617,0,0,Current,0,Low,21066.91
LOAN008083,540.0,1.187,0.534,9,180,Defaulted,1,High,1353664.99
LOAN008084,644.0,0.737,0.842,4,64,Restructured,0,Medium,515184.32
LOAN008085,664.0,0.629,0.5,0,0,Current,0,Medium,106501.49
LOAN008086,687.0,0.726,0.66,2,24,Current,0,Medium,75568.17
LOAN008087,660.0,0.71,0.706,3,30,Current,0,Medium,65045.46
LOAN008088,681.0,0.767,,4,40,Paid Off,0,Medium,297374.88
LOAN008089,670.0,0.574,0.576,0,0,Current,0,Low,69814.24
LOAN008090,719.0,0.661,,0,0,Current,0,Low,11589.02
LOAN008091,714.0,0.586,0.817,1,16,Current,0,Medium,60426.2
LOAN008092,692.0,0.586,0.636,0,0,Current,0,Low,18163.69
LOAN008093,,0.387,0.62,0,0,Current,0,Low,6902.81
LOAN008094,639.0,0.393,0.5,2,34,Current,0,Medium,48490.38
LOAN008095,673.0,0.439,,0,0,Current,0,Low,8672.4
LOAN008096,702.0,0.164,0.845,1,10,Current,0,Low,3934.2
LOAN008097,663.0,0.806,0.829,6,108,Restructured,0,High,604365.89
LOAN008098,635.0,0.536,0.773,2,40,Current,0,Medium,205739.39
LOAN008099,642.0,1.047,0.522,1,11,current,0,Medium,578442.15
LOAN008100,728.0,0.409,0.762,1,8,Current,0,Low,69865.26
LOAN008101,632.0,1.083,0.554,2,110,Defaulted,1,High,676974.03
LOAN008102,686.0,0.282,0.698,0,0,Current,0,Low,10441.14
LOAN008103,660.0,0.579,0.558,0,0,Current,0,Medium,41036.4
LOAN008104,704.0,0.55,0.537,0,0,Current,0,Low,31140.56
LOAN008105,716.0,0.274,,0,0,Current,0,Low,3302.52
LOAN008106,656.0,0.803,0.692,4,32,Current,0,Medium,159543.91
LOAN008107,610.0,0.848,0.79,4,85,Defaulted,1,High,382262.49
LOAN008108,722.0,0.274,,0,0,Paid Off,0,Low,16468.74
LOAN008109,708.0,0.725,,2,50,Current,0,Medium,8403.41
LOAN008110,633.0,0.778,0.585,4,60,Current,0,High,133188.81
LOAN008111,680.0,0.843,0.674,6,160,Defaulted,1,High,148174.84
LOAN008112,607.0,0.466,,3,72,Late,0,Medium,18929.69
LOAN008113,637.0,0.457,0.502,3,33,Current,0,Medium,9263.35
LOAN008114,716.0,0.202,,1,9,Paid Off,0,Low,7559.6
LOAN008115,622.0,1.17,0.511,5,60,Current,0,High,322433.59
LOAN008116,765.0,0.238,,1,15,Current,0,Low,5832.87
LOAN008117,752.0,0.528,0.515,1,11,Current,0,Low,70013.52
LOAN008118,596.0,1.35,0.533,1,24,Current,0,High,3201814.7
LOAN008119,625.0,0.455,,2,32,Current,0,Medium,5677.95
LOAN008120,695.0,0.698,0.845,0,0, current ,0,Medium,94112.61
LOAN008121,668.0,0.935,0.74,6,180,Defaulted,1,High,201180.82
LOAN008122,671.0,0.679,,1,22,Current,0,Medium,10787.85
LOAN008123,684.0,0.414,0.586,0,0,Current,0,Low,26774.44
LOAN008124,700.0,0.693,,0,0,Current,0,Low,13786.4
LOAN008125,684.0,0.226,0.694,0,0,Current,0,Low,2740.19
LOAN008126,701.0,0.606,,0,0,Current,0,Low,17085.85
LOAN008127,610.0,0.721,0.63,7,180,Defaulted,1,High,230555.02
LOAN008128,694.0,0.866,0.527,3,66,Restructured,0,Medium,321347.35
LOAN008129,753.0,0.453,0.622,1,12,Current,0,Low,51296.21
LOAN008130,707.0,0.705,0.682,6,128,Defaulted,1,High,87965.29
LOAN008131,778.0,0.307,0.667,0,0,Current,0,Low,2776.56
LOAN008132,694.0,0.416,0.553,0,0,Current,0,Low,14001.69
LOAN008133,663.0,0.591,0.614,0,0,Current,0,Medium,61271.72
LOAN008134,601.0,0.508,0.565,3,60,Current,0,Medium,9180.14
LOAN008135,609.0,0.862,0.5,1,10,Current,0,Medium,293926.84
LOAN008136,692.0,0.457,0.511,0,0,Current,0,Low,95745.47
LOAN008137,653.0,0.871,0.508,9,180,Defaulted,1,High,534835.31
LOAN008138,655.0,0.977,0.566,4,84,Current,0,High,176539.52
LOAN008139,641.0,0.483,0.531,4,64,Late,0,Medium,94539.66
LOAN008140,721.0,0.23,,0,0,Current,0,Low,3793.38
LOAN008141,740.0,0.409,0.7,0,0,Current,0,Low,16976.41
LOAN008142,692.0,0.435,0.594,0,0,Current,0,Low,2077.52
LOAN008143,656.0,0.596,,0,0,Current,0,Medium,23613.96
LOAN008144,682.0,0.634,0.939,0,0,Current,0,Medium,179057.74
LOAN008145,,0.544,0.726,3,69,Restructured,0,Medium,75467.58
LOAN008146,597.0,0.415,,1,23,Current,0,Medium,14161.32
LOAN008147,714.0,0.544,0.613,1,16,Paid Off,0,Low,7724.22
LOAN008148,723.0,0.313,0.543,0,0,Current,0,Low,625.43
LOAN008149,753.0,0.276,0.9,0,0,Current,0,Low,16835.53
LOAN008150,644.0,1.178,,2,26,Current,0,High,1931495.73
LOAN008151,725.0,0.297,0.856,1,25,Current,0,Low,2894.99
LOAN008152,648.0,0.692,0.672,2,18,Current,0,Medium,483157.42
LOAN008153,674.0,0.802,0.552,3,33,Current,0,Medium,725189.35
LOAN008154,595.0,0.712,0.502,6,172,Defaulted,1,High,370145.07
LOAN008155,662.0,0.811,0.903,3,33,Current,0,Medium,30959.26
LOAN008156,699.0,0.667,0.693,0,0,Current,0,Low,306269.8
LOAN008157,624.0,0.767,0.585,6,180,Written Off,1,High,323703.53
LOAN008158,767.0,0.322,0.685,0,0,Current,0,Low,3802.13
LOAN008159,698.0,0.603,0.609,0,0,Current,0,Low,61071.28
LOAN008160,691.0,0.339,0.804,0,0,Paid Off,0,Low,7577.76
LOAN008161,699.0,0.478,,0,0,Current,0,Low,47161.6
LOAN008162,686.0,0.308,0.703,0,0, CURRENT ,0,Low,2917.81
LOAN008163,664.0,0.514,0.857,0,0,Current,0,Low,3675.08
LOAN008164,639.0,0.524,0.521,1,11,Current,0,Medium,153227.01
LOAN008165,720.0,0.295,,0,0,Current,0,Low,10818.45
LOAN008166,709.0,0.659,0.554,0,0,current,0,Low,69635.86
LOAN008167,713.0,0.695,0.922,0,0,Current,0,Low,169569.41
LOAN008168,692.0,0.344,0.545,0,0,Current,0,Low,26914.4
LOAN008169,650.0,0.51,,0,0,Current,0,Low,9772.74
LOAN008170,710.0,0.412,0.606,0,0,Current,0,Low,6295.41
LOAN008171,580.0,0.924,,3,69,Late,0,High,2856215.48
LOAN008172,691.0,0.692,0.714,0,0,Paid Off,0,Medium,8132.67
LOAN008173,621.0,0.575,0.536,5,55,Current,0,Medium,367771.64
LOAN008174,690.0,0.598,0.621,0,0,Current,0,Low,25237.44
LOAN008175,627.0,0.573,0.615,2,32,Current,0,Medium,18253.96
LOAN008176,652.0,0.758,,0,0,Current,0,Medium,39201.77
LOAN008177,704.0,0.482,,1,21,Current,0,Low,91494.31
LOAN008178,692.0,0.462,0.532,1,19,Current,0,Low,34800.51
LOAN008179,675.0,0.827,0.596,2,22,Current,0,Medium,260482.88
LOAN008180,684.0,0.281,,2,24,Paid Off,0,Low,3983.92
LOAN008181,693.0,0.743,0.735,4,72,Restructured,0,Medium,204743.42
LOAN008182,704.0,0.6,,1,16,Paid Off,0,Medium,17994.79
LOAN008183,696.0,0.968,0.585,5,70,Restructured,0,High,322078.76
LOAN008184,674.0,0.502,0.77,0,0,Current,0, low ,8273.07
LOAN008185,670.0,0.376,0.695,1,15,Paid Off,0,Low,5387.38
LOAN008186,599.0,0.873,0.597,5,55,Current,0,High,662942.02
LOAN008187,645.0,0.405,,1,14,Current,0,Medium,11462.96
LOAN008188,691.0,0.927,0.877,6,180,Defaulted,1,High,55230.28
LOAN008189,677.0,0.679,0.544,0,0,Current,0,Medium,95444.58
LOAN008190,699.0,0.284,0.76,0,0,Current,0,Low,4867.26
LOAN008191,755.0,0.69,,0,0,Current,0,Low,242802.83
LOAN008192,700.0,0.58,0.551,0,0,Current,0, Low ,46926.32
LOAN008193,714.0,0.512,0.551,0,0,Paid Off,0,Low,38255.49
LOAN008194,712.0,0.561,0.516,0,0,Current,0,Low,13052.49
LOAN008195,734.0,0.324,0.843,1,19,Current,0,Low,45650.46
LOAN008196,701.0,0.276,0.689,5,161,Written Off,1,Medium,5028.02
LOAN008197,644.0,0.397,,4,96,Restructured,0,Medium,17183.33
LOAN008198,695.0,0.39,0.903,0,0,Current,0,Low,35302.27
LOAN008199,696.0,0.711,,4,87,Defaulted,1,Medium,14713.73
LOAN008200,540.0,0.911,0.921,4,100,Late,0,High,224627.29
LOAN008201,661.0,0.67,0.948,1,17,Current,0,Medium,108143.38
LOAN008202,688.0,0.871,0.618,1,14,Current,0,Medium,259315.88
LOAN008203,680.0,0.416,0.622,0,0,Current,0,Low,4571.48
LOAN008204,758.0,0.55,0.722,1,12,Current,0,Low,77291.19
LOAN008205,621.0,1.01,,3,27,Current,0,High,1045401.94
LOAN008206,646.0,0.987,0.548,6,169,Defaulted,1,High,332252.23
LOAN008207,671.0,0.223,,1,16,Current,0,Low,3009.05
LOAN008208,684.0,0.563,0.572,0,0,Current,0,Low,82610.14
LOAN008209,668.0,0.148,0.902,7,180,Defaulted,1,Medium,6558.7
LOAN008210,686.0,0.249,,0,0,Paid Off,0,Low,7580.66
LOAN008211,620.0,0.742,0.591,3,51,Paid Off,0,Medium,79403.64
LOAN008212,594.0,1.088,,7,180,Defaulted,1,High,4124598.72
LOAN008213,646.0,0.447,0.538,3,51,Current,0,Medium,22696.54
LOAN008214,636.0,0.749,,4,60,Current,0,Medium,93889.91
LOAN008215,680.0,0.425,0.538,0,0,Current,0,Low,8408.03
LOAN008216,705.0,0.506,0.604,0,0,Current,0,Low,79387.16
LOAN008217,666.0,0.361,0.65,0,0,Current,0, Low ,6928.56
LOAN008218,662.0,0.774,,1,19,Current,0,Medium,159727.74
LOAN008219,675.0,0.577,0.747,0,0,Current,0,Low,106168.15
LOAN008220,718.0,0.392,,2,46,Current,0, low ,21528.72
LOAN008221,649.0,0.61,0.68,3,69,Current,0,Medium,155942.38
LOAN008222,717.0,0.825,0.856,5,180,Defaulted,1,High,192433.8
LOAN008223,694.0,0.505,,0,0,Current,0,Low,5647.65
LOAN008224,674.0,0.64,0.574,0,0,Current,0,Medium,5369.66
LOAN008225,671.0,0.576,0.809,0,0,Current,0,Medium,34316.88
LOAN008226,691.0,0.562,0.55,1,13,Current,0,Medium,57606.42
LOAN008227,671.0,0.561,0.729,0,0,Current,0,Low,24614.36
LOAN008228,660.0,0.388,,1,17,Current,0,Low,2997.66
LOAN008229,719.0,0.345,0.717,0,0,Current,0,Low,8738.79
LOAN008230,703.0,0.608,0.512,0,0,Current,0,Low,91943.79
LOAN008231,686.0,0.423,0.684,0,0, Current ,0,Low,41464.12
LOAN008232,652.0,0.328,0.91,0,0,Current,0,Low,46783.11
LOAN008233,693.0,0.673,,0,0,Paid Off,0,Low,12363.67
LOAN008234,638.0,0.659,,1,9,Current,0,Medium,610294.26
LOAN008235,718.0,0.62,0.799,0,0,Current,0,Low,99036.59
LOAN008236,640.0,0.985,0.508,3,42,Paid Off,0,High,470518.24
LOAN008237,667.0,0.459,,0,0,Paid Off,0,Low,11609.45
LOAN008238,721.0,0.663,0.669,0,0,Current,0,Low,47955.98
LOAN008239,667.0,0.357,,1,18,Current,0,Low,9235.75
LOAN008240,685.0,0.268,0.669,1,12,Current,0,Low,1922.51
LOAN008241,642.0,0.869,0.944,2,34, current ,0,Medium,832960.72
LOAN008242,723.0,0.578,0.573,0,0,Current,0,Low,18900.88
LOAN008243,616.0,0.725,0.783,9,180,Defaulted,1,High,250999.39
LOAN008244,683.0,0.805,,3,75,Late,0,Medium,26026.79
LOAN008245,678.0,0.748,0.767,2,26,Current,0,Medium,192669.21
LOAN008246,681.0,0.281,,0,0,Current,0,Low,1722.45
LOAN008247,688.0,0.245,,0,0,Current,0,Low,12353.77
LOAN008248,696.0,0.632,0.663,0,0,Current,0,low,159283.71
LOAN008249,654.0,0.615,,0,0,Current,0,Medium,15115.57
LOAN008250,720.0,0.488,0.66,0,0,Current,0,Low,6054.0
LOAN008251,684.0,0.374,,0,0,Current,0,Low,14187.3
LOAN008252,704.0,0.349,0.605,0,0,Current,0,Low,15515.5
LOAN008253,667.0,0.251,0.811,0,0,Paid Off,0,Low,20832.29
LOAN008254,636.0,0.272,,4,68,Late,0,Medium,24314.38
LOAN008255,708.0,0.602,,0,0,Current,0,Low,23034.39
LOAN008256,741.0,0.05,,0,0, Current ,0,Low,1133.09
LOAN008257,716.0,0.312,0.562,0,0,Current,0,Low,14853.69
LOAN008258,667.0,0.642,0.6,1,17,Current,0,Medium,236083.7
LOAN008259,677.0,0.53,0.548,1,10,Paid Off,0,Medium,26973.19
LOAN008260,729.0,0.557,0.607,1,24,Current,0,Low,61548.35
LOAN008261,689.0,0.791,0.559,6,138,Late,0,High,293286.1
LOAN008262,640.0,0.809,0.845,1,24,Current,0,Medium,512365.03
LOAN008263,740.0,0.324,,0,0,Current,0,Low,3481.67
LOAN008264,631.0,0.719,0.63,4,52, current ,0,Medium,166258.65
LOAN008265,691.0,0.372,,0,0,Current,0,Low,1848.93
LOAN008266,712.0,0.337,0.906,0,0,Current,0,Low,4683.68
LOAN008267,654.0,0.598,0.882,0,0,Current,0,Medium,134365.16
LOAN008268,671.0,0.829,0.596,7,140,Late,0,High,116167.91
LOAN008269,661.0,0.377,0.524,0,0,Current,0,Low,25009.57
LOAN008270,714.0,0.627,0.605,1,24,Paid Off,0,Medium,5969.32
LOAN008271,654.0,0.739,0.878,3,27,Current,0,Medium,168162.72
LOAN008272,666.0,0.867,0.522,9,180,Written Off,1,High,212721.82
LOAN008273,632.0,0.895,0.917,5,116,Defaulted,1,High,299527.15
LOAN008274,707.0,0.212,0.516,0,0,Current,0,Low,4502.03
LOAN008275,598.0,1.085,0.613,2,28,Current,0,High,1262663.85
LOAN008276,685.0,0.272,,0,0,Current,0,Low,4147.84
LOAN008277,613.0,0.718,0.669,8,128,Late,0,High,372569.98
LOAN008278,666.0,1.288,0.917,4,180,Defaulted,1,High,839499.35
LOAN008279,594.0,0.782,0.633,1,9,Current,0,Medium,404361.09
LOAN008280,661.0,0.455,,0,0,Current,0,Low,93727.89
LOAN008281,694.0,0.411,,0,0,Current,0,Low,3083.19
LOAN008282,659.0,0.382,,0,0,Current,0,Low,17260.05
LOAN008283,664.0,0.743,0.634,4,36,Current,0,Medium,163438.53
LOAN008284,647.0,0.29,0.532,5,105,Current,0, Medium ,14619.69
LOAN008285,661.0,0.727,0.571,1,11,Current,0,Medium,191679.17
LOAN008286,654.0,0.645,0.569,0,0,Current,0,Medium,67651.53
LOAN008287,722.0,0.179,,0,0,Current,0,Low,1500.75
LOAN008288,681.0,0.568,0.892,0,0,Current,0,Low,4029.71
LOAN008289,631.0,0.447,0.856,3,60,Current,0,Medium,11046.36
LOAN008290,680.0,1.034,0.565,5,85,Restructured,0,High,351931.76
LOAN008291,694.0,0.365,0.817,0,0,Current,0,Low,43466.78
LOAN008292,678.0,0.412,0.774,0,0,Current,0,Low,8252.86
LOAN008293,712.0,0.176,,0,0,Paid Off,0,Low,2729.62
LOAN008294,787.0,0.452,,1,24,Current,0,Low,24046.46
LOAN008295,707.0,0.69,0.645,0,0,Current,0,Low,196772.25
LOAN008296,660.0,0.211,0.57,1,9,Current,0,Low,4118.55
LOAN008297,668.0,0.547,0.541,2,20,Current,0,Medium,39668.88
LOAN008298,738.0,0.407,0.52,1,10,Current,0,Low,41130.94
LOAN008299,686.0,0.292,,0,0,Current,0,Low,7069.73
LOAN008300,695.0,0.817,,0,0,Current,0,Medium,430635.33
LOAN008301,602.0,0.981,0.563,1,25,Current,0,Medium,681472.0
LOAN008302,680.0,,,0,0,Current,0,Low,2345.25
LOAN008303,688.0,0.638,,1,18,Current,0,MEDIUM,41166.95
LOAN008304,706.0,0.728,0.77,2,50,Current,0,Medium,92545.1
LOAN008305,690.0,0.756,0.749,6,66,Current,0,High,38255.72
LOAN008306,663.0,0.448,0.508,0,0,Current,0,Low,5057.51
LOAN008307,691.0,0.521,0.701,6,140,Defaulted,1,High,64888.18
LOAN008308,711.0,0.352,0.744,1,9,Current,0,Low,4012.72
LOAN008309,684.0,0.326,0.95,1,15,Current,0,Low,8749.17
LOAN008310,687.0,0.307,,0,0,Current,0,Low,5891.39
LOAN008311,608.0,0.873,0.594,5,70,Late,0,High,252595.49
LOAN008312,640.0,0.89,0.554,4,68,Late,0,High,310490.0
LOAN008313,634.0,0.886,0.741,3,54,Current,0,High,369417.25
LOAN008314,602.0,0.681,0.878,1,12,Current,0,Medium,546435.61
LOAN008315,670.0,1.04,0.839,2,42,Current,0,Medium,429419.91
LOAN008316,652.0,0.329,,0,0,Paid Off,0,low,4990.64
LOAN008317,602.0,0.757,0.871,7,180,Defaulted,1,High,529546.7
LOAN008318,673.0,0.383,0.649,0,0,Current,0,Low,15013.52
LOAN008319,677.0,0.433,,0,0,Current,0,Low,46754.7
LOAN008320,655.0,0.207,,0,0,Current,0,Low,2937.26
LOAN008321,560.0,0.695,0.62,3,72,Late,0,High,68398.22
LOAN008322,737.0,,,0,0,Current,0,Low,3760.76
LOAN008323,671.0,0.947,0.559,3,30, current ,0,Medium,143381.25
LOAN008324,656.0,0.334,0.908,0,0,Current,0,Low,37206.19
LOAN008325,637.0,0.848,0.935,6,126,Current,0,High,218298.72
LOAN008326,656.0,0.431,,0,0,Current,0,Low,5746.55
LOAN008327,724.0,0.346,,5,180,Defaulted,1,Medium,6778.95
LOAN008328,714.0,0.243,0.775,0,0,Current,0,Low,2905.03
LOAN008329,627.0,0.861,0.824,3,60,Current,0,High,1673492.39
LOAN008330,664.0,0.579,0.508,0,0,Paid Off,0,Low,11007.65
LOAN008331,719.0,0.461,0.822,0,0,Current,0,Low,49234.13
LOAN008332,595.0,0.732,0.501,3,60,Current,0,Medium,267852.52
LOAN008333,678.0,0.634,0.537,0,0,Paid Off,0,Low,114402.53
LOAN008334,644.0,0.545,0.575,3,60,Current,0,Medium,88893.68
LOAN008335,730.0,0.493,0.741,8,180,Defaulted,1,High,53372.54
LOAN008336,582.0,0.532,0.95,9,171,Late,0,High,207603.33
LOAN008337,678.0,0.793,0.787,0,0,Current,0,Medium,78696.79
LOAN008338,593.0,0.974,0.527,3,42,Current,0,High,754863.48
LOAN008339,761.0,0.127,,0,0,Current,0,Low,2178.23
LOAN008340,667.0,0.744,0.662,1,18,Current,0,Medium,86020.24
LOAN008341,676.0,0.706,,1,18,Current,0,Medium,20235.01
LOAN008342,737.0,0.816,0.682,2,30,Paid Off,0,Medium,394594.45
LOAN008343,665.0,0.758,0.533,2,24,Current,0,Medium,266767.74
LOAN008344,641.0,0.782,0.832,3,27,Current,0,Medium,239875.99
LOAN008345,697.0,0.461,0.644,0,0,Current,0,Low,39447.18
LOAN008346,685.0,0.496,0.579,1,10,Current,0,Low,133320.2
LOAN008347,631.0,0.73,,1,12,Current,0,Medium,43702.59
LOAN008348,637.0,0.653,,4,147,Defaulted,1,High,22333.63
LOAN008349,658.0,0.413,0.623,0,0,Current,0,Low,29294.67
LOAN008350,672.0,0.606,0.712,0,0,Current,0,Medium,85619.57
LOAN008351,635.0,0.979,0.761,2,44,Current,0,Medium,619150.23
LOAN008352,659.0,0.916,0.579,2,28,Current,0,Medium,259714.16
LOAN008353,698.0,0.446,,0,0,Paid Off,0,Low,1566.39
LOAN008354,667.0,0.609,0.848,0,0,Current,0,Medium,19026.58
LOAN008355,618.0,0.686,,3,54,Current,0,Medium,474721.72
LOAN008356,733.0,0.429,0.647,0,0,Current,0,Low,21205.9
LOAN008357,680.0,0.592,,0,0,Current,0,Low,9442.4
LOAN008358,700.0,0.622,0.623,0,0,Current,0,Low,192313.32
LOAN008359,679.0,0.436,,0,0,Current,0,Low,3887.88
LOAN008360,667.0,0.59,,1,21,Current,0,Medium,15605.19
LOAN008361,762.0,0.12,,0,0,Current,0,Low,4089.31
LOAN008362,627.0,0.755,0.694,2,140,Defaulted,1,Medium,64910.61
LOAN008363,698.0,0.402,0.727,0,0,Current,0,Low,26038.69
LOAN008364,703.0,0.319,,1,23,Paid Off,0,Low,3236.48
LOAN008365,659.0,0.387,,0,0,Current,0,Low,4958.9
LOAN008366,639.0,0.583,,2,22,Current,0,Medium,30768.75
LOAN008367,655.0,0.87,0.619,0,0,current,0,Medium,130992.01
LOAN008368,592.0,0.808,0.758,1,20,Current,0,Medium,530165.43
LOAN008369,700.0,0.402,0.85,0,0,Current,0,Low,9818.83
LOAN008370,598.0,0.832,0.699,3,174,Defaulted,1,High,953372.76
LOAN008371,636.0,0.571,0.637,2,34,Current,0,Medium,26842.39
LOAN008372,640.0,0.712,0.732,4,96,Restructured,0,High,250251.81
LOAN008373,653.0,0.61,,0,0,current,0,Medium,24707.32
LOAN008374,642.0,0.666,,1,23,Current,0,Medium,13826.66
LOAN008375,678.0,0.575,0.742,0,0,Current,0,Low,35563.2
LOAN008376,665.0,0.459,,1,14,Current,0,Medium,10321.46
LOAN008377,695.0,0.755,0.602,6,90,Late,0,High,64567.46
LOAN008378,663.0,0.724,0.524,4,48,Current,0,Medium,185684.03
LOAN008379,694.0,0.488,0.592,0,0,Current,0,low,58746.56
LOAN008380,687.0,0.648,0.651,1,13,Paid Off,0,Medium,122902.13
LOAN008381,706.0,0.427,,0,0,Current,0,Low,3567.16
LOAN008382,673.0,0.667,0.54,0,0,Current,0,Medium,23350.51
LOAN008383,697.0,0.513,0.526,0,0,Current,0,Low,123584.12
LOAN008384,642.0,1.064,,4,90,Written Off,1,High,1259314.37
LOAN008385,704.0,0.784,0.506,1,11,Current,0,Medium,117694.73
LOAN008386,680.0,0.486,0.595,0,0,Current,0,Low,26711.41
LOAN008387,752.0,0.521,,0,0,Current,0,Low,25637.89
LOAN008388,,0.616,,0,0,Paid Off,0,Low,6319.82
LOAN008389,634.0,0.894,0.57,0,0,Current,0,Medium,255596.6
LOAN008390,631.0,0.62,0.688,3,39, CURRENT ,0,Medium,133806.51
LOAN008391,643.0,,0.649,1,24,Current,0,Medium,23832.75
LOAN008392,694.0,0.515,0.836,0,0,Current,0,Low,87075.15
LOAN008393,762.0,0.618,0.527,0,0,Current,0,LOW,30342.79
LOAN008394,717.0,0.438,0.569,0,0,Current,0,Low,33856.79
LOAN008395,747.0,0.435,0.569,0,0,Paid Off,0,Low,2905.13
LOAN008396,739.0,0.543,0.701,0,0,Current,0,Low,74852.87
LOAN008397,674.0,0.361,0.809,0,0,Current,0,Low,39709.56
LOAN008398,614.0,1.107,0.507,6,96,Current,0,High,813440.63
LOAN008399,756.0,0.403,0.561,0,0,Current,0,Low,13517.94
LOAN008400,692.0,0.373,,0,0,Current,0,Low,7964.67
LOAN008401,636.0,,0.624,5,125,Restructured,0,High,115152.66
LOAN008402,687.0,0.581,0.848,0,0,Current,0,Low,15292.01
LOAN008403,,0.542,0.773,4,79,Defaulted,1,Medium,130046.4
LOAN008404,748.0,0.449,0.812,0,0,Current,0,Low,81486.11
LOAN008405,663.0,0.561,0.552,0,0,Paid Off,0,Low,6117.75
LOAN008406,658.0,0.273,,0,0,Current,0,Low,1779.93
LOAN008407,763.0,0.381,0.618,0,0,Current,0,Low,40597.13
LOAN008408,692.0,0.356,0.564,0,0,Current,0,Low,3758.7
LOAN008409,630.0,0.58,0.624,6,180,Defaulted,1,High,846130.67
LOAN008410,704.0,0.498,0.666,0,0,Current,0,LOW,7910.78
LOAN008411,646.0,0.618,,4,92,Restructured,0,Medium,21527.43
LOAN008412,689.0,0.63,,0,0,Current,0,Low,78921.98
LOAN008413,649.0,0.211,0.592,3,45,Current,0,Medium,5237.8
LOAN008414,736.0,0.362,0.508,0,0,Current,0,Low,5601.4
LOAN008415,661.0,0.575,0.819,0,0,Current,0,Medium,69713.34
LOAN008416,622.0,0.748,0.768,5,167,Defaulted,1,High,283479.66
LOAN008417,652.0,0.988,,2,26,Current,0,Medium,467307.64
LOAN008418,610.0,0.565,0.794,6,166,Defaulted,1,High,16908.99
LOAN008419,,0.183,0.529,0,0,Current,0,Low,3050.04
LOAN008420,659.0,0.453,,0,0,Current,0,Low,31073.63
LOAN008421,610.0,0.448,,3,36,Current,0,Medium,25987.15
LOAN008422,708.0,0.7,0.565,0,0,Current,0,Low,66580.54
LOAN008423,612.0,0.973,0.923,1,15,Paid Off,0,Medium,806589.65
LOAN008424,672.0,0.594,0.615,1,20,Current,0,Medium,8169.93
LOAN008425,685.0,0.405,0.706,0,0,Current,0,Low,18094.68
LOAN008426,,,0.583,1,19,Paid Off,0,Medium,180488.79
LOAN008427,576.0,0.55,0.879,1,9,Current,0,Medium,158512.42
LOAN008428,691.0,0.601,0.915,0,0,Current,0,Low,42765.25
LOAN008429,674.0,0.998,0.568,1,8,Current,0,Medium,321762.62
LOAN008430,707.0,0.539,0.512,1,9,Current,0,Low,11249.58
LOAN008431,656.0,0.539,0.708,0,0,Current,0,Medium,74907.3
LOAN008432,642.0,0.651,0.753,7,180, defaulted ,1,High,33268.56
LOAN008433,699.0,0.441,,0,0,Current,0,Low,10230.12
LOAN008434,679.0,0.791,,4,96,Restructured,0,Medium,17777.2
LOAN008435,664.0,0.527,0.585,0,0,Current,0,Low,47648.02
LOAN008436,680.0,0.753,0.78,2,46,Current,0,Medium,96567.62
LOAN008437,660.0,0.453,,0,0,Current,0,Low,20612.41
LOAN008438,668.0,0.53,,0,0,Current,0,Low,4917.8
LOAN008439,685.0,0.849,0.667,2,36,Current,0,Medium,153228.24
LOAN008440,758.0,0.367,,1,24,Paid Off,0,Low,3643.33
LOAN008441,681.0,1.024,0.535,3,24,Current,0,Medium,221157.59
LOAN008442,708.0,0.464,,0,0,Current,0,Low,25906.13
LOAN008443,728.0,0.151,,0,0,Paid Off,0,Low,3715.56
LOAN008444,717.0,0.402,0.809,0,0,Current,0,Low,7169.4
LOAN008445,739.0,0.541,0.878,2,46,Current,0,Medium,35709.6
LOAN008446,633.0,0.637,0.587,6,144,Late,0,High,131630.76
LOAN008447,629.0,1.35,0.66,4,106,Defaulted,1,High,1657369.44
LOAN008448,612.0,0.639,0.894,1,25,Current,0,Medium,40261.63
LOAN008449,716.0,0.531,0.69,0,0,Current,0,Low,14326.33
LOAN008450,689.0,0.094,,0,0,Current,0,Low,2694.72
LOAN008451,654.0,0.635,0.938,1,22,Current,0,Medium,62247.18
LOAN008452,721.0,0.412,,0,0,Current,0,Low,3169.81
LOAN008453,712.0,0.592,,1,20,Current,0,Medium,8031.93
LOAN008454,693.0,0.498,0.586,1,18,Current,0,Low,50124.68
LOAN008455,712.0,0.371,,0,0,Current,0,Low,5243.22
LOAN008456,620.0,0.623,0.873,5,125,Late,0,High,166590.76
LOAN008457,624.0,0.659,0.882,8,180,Defaulted,1,High,174846.17
LOAN008458,600.0,0.806,,0,0,Current,0,Medium,143833.62
LOAN008459,724.0,0.612,0.541,6,171,Written Off,1,Medium,26536.84
LOAN008460,674.0,0.921,0.712,5,172,Defaulted,1,High,336096.69
LOAN008461,699.0,0.63,0.615,0,0,Current,0,Low,86990.57
LOAN008462,634.0,1.08,0.837,1,21,Current,0,Medium,845684.47
LOAN008463,655.0,0.593,0.61,0,0,Current,0,Medium,37334.51
LOAN008464,661.0,0.717,,0,0,Current,0,Medium,60192.62
LOAN008465,662.0,0.902,0.718,1,20,Current,0,Medium,190072.04
LOAN008466,783.0,0.3,,0,0,Current,0,Low,3566.24
LOAN008467,739.0,0.647,0.716,0,0,Current,0,Low,39436.94
LOAN008468,722.0,0.492,0.661,1,8,Current,0,Low,35452.7
LOAN008469,647.0,0.389,0.83,5,100,Restructured,0,Medium,9015.11
LOAN008470,681.0,0.619,0.628,0,0,Current,0,Low,48321.69
LOAN008471,682.0,0.593,0.517,1,11,Current,0,Medium,36461.29
LOAN008472,671.0,0.687,0.694,0,0,Current,0,Medium,258549.22
LOAN008473,707.0,0.225,0.842,1,12,Current,0,Low,4803.19
LOAN008474,663.0,0.666,0.933,1,17,Current,0,Medium,262320.9
LOAN008475,629.0,0.773,0.753,5,180,Defaulted,1,High,127767.04
LOAN008476,710.0,0.608,0.901,0,0,Paid Off,0,Low,270662.62
LOAN008477,658.0,0.704,0.835,0,0,Current,0,Medium,92054.55
LOAN008478,702.0,0.456,,2,30,Current,0,Medium,14501.57
LOAN008479,684.0,0.527,0.575,0,0,Current,0,Low,52950.85
LOAN008480,621.0,0.855,0.545,3,160,Defaulted,1,High,292980.75
LOAN008481,711.0,0.288,0.5,0,0,Current,0,Low,2414.06
LOAN008482,702.0,0.476,0.556,0,0,Current,0,Low,16013.95
LOAN008483,756.0,0.41,0.794,0,0,Current,0,Low,31336.68
LOAN008484,607.0,0.725,0.92,3,72,Current,0,High,161286.92
LOAN008485,719.0,0.145,0.536,0,0,Current,0,Low,5560.17
LOAN008486,659.0,1.099,0.771,9,180,Written Off,1,High,454934.81
LOAN008487,661.0,0.321,,0,0,current,0,Low,3334.42
LOAN008488,700.0,0.61,,1,20,Current,0,Medium,10453.42
LOAN008489,695.0,0.609,0.791,0,0,Current,0,Low,90212.96
LOAN008490,728.0,0.183,,0,0,Current,0,Low,3172.16
LOAN008491,566.0,1.132,0.639,4,153,Defaulted,1,High,447111.95
LOAN008492,774.0,0.41,,0,0,Current,0,Low,11915.7
LOAN008493,728.0,0.607,0.765,1,23,Current,0,Medium,4911.12
LOAN008494,686.0,0.541,0.646,0,0,Current,0,Low,33650.08
LOAN008495,702.0,0.42,0.697,0,0,Current,0,Low,20496.35
LOAN008496,668.0,0.24,,0,0,Current,0,Low,4029.42
LOAN008497,626.0,,0.768,3,54,Current,0,Medium,120968.07
LOAN008498,640.0,0.763,0.64,5,75,Current,0,High,156286.08
LOAN008499,671.0,0.273,,0,0,Current,0,Low,2874.73
LOAN008500,630.0,0.924,0.806,4,180,Defaulted,1,High,601927.43
LOAN008501,623.0,0.944,0.542,3,69,Late,0,High,509703.81
LOAN008502,684.0,0.841,0.546,6,66,Late,0,High,172387.48
LOAN008503,624.0,0.683,0.504,4,153,Defaulted,1,High,106035.87
LOAN008504,670.0,0.548,0.614,0,0,Current,0,Low,35228.86
LOAN008505,622.0,0.874,0.569,2,22,Current,0,Medium,124443.94
LOAN008506,646.0,0.708,0.917,6,96,Restructured,0,High,184871.02
LOAN008507,708.0,0.754,0.779,1,12,Current,0,Medium,281265.34
LOAN008508,701.0,0.618,0.543,0,0,Current,0,Low,35601.03
LOAN008509,703.0,0.391,0.563,0,0,Current,0,Low,11956.96
LOAN008510,644.0,0.625,,4,72,Late,0,Medium,20081.04
LOAN008511,719.0,0.601,0.812,0,0,Current,0,Low,255240.75
LOAN008512,710.0,0.483,0.889,0,0,Current,0,Low,31441.69
LOAN008513,630.0,1.014,0.524,4,157,Defaulted,1,High,544964.62
LOAN008514,676.0,0.667,0.593,0,0,Current,0,Medium,68540.15
LOAN008515,697.0,0.421,0.583,0,0,Paid Off,0,Low,15716.24
LOAN008516,674.0,0.323,,0,0,Current,0,Low,4940.97
LOAN008517,629.0,1.001,0.52,4,180,Defaulted,1,High,563481.43
LOAN008518,674.0,0.567,0.649,0,0,Current,0,Low,32310.78
LOAN008519,680.0,0.743,0.926,1,21,Current,0,Medium,38740.27
LOAN008520,668.0,0.591,0.56,1,8,Current,0,Medium,83481.92
LOAN008521,713.0,0.221,0.657,0,0,Current,0,Low,3059.64
LOAN008522,698.0,0.509,,0,0,Current,0,Low,18038.79
LOAN008523,671.0,0.598,0.737,0,0,Current,0,Medium,58322.73
LOAN008524,630.0,0.967,0.575,4,176,Defaulted,1,High,495506.31
LOAN008525,687.0,0.504,0.65,0,0,Current,0,Low,21856.99
LOAN008526,675.0,0.809,0.778,3,75,Current,0,Medium,84917.89
LOAN008527,711.0,0.3,0.785,0,0,Current,0,Low,10587.1
LOAN008528,656.0,0.227,,0,0,Paid Off,0,Low,1645.36
LOAN008529,643.0,0.616,0.526,3,66,Current,0,Medium,38001.82
LOAN008530,690.0,0.672,0.501,0,0,Current,0,Low,98842.41
LOAN008531,662.0,0.893,0.862,4,80,Late,0,High,550217.13
LOAN008532,696.0,0.593,0.693,0,0,Current,0,Low,45690.52
LOAN008533,707.0,0.657,,1,11,Current,0,Medium,3822.99
LOAN008534,703.0,0.101,,0,0,Paid Off,0,Low,2406.11
LOAN008535,649.0,0.915,,3,48,Current,0,Medium,613887.41
LOAN008536,629.0,0.744,0.601,3,48,Current,0,Medium,667267.52
LOAN008537,717.0,0.317,0.705,0,0,Current,0,Low,2664.9
LOAN008538,698.0,0.379,0.512,1,10,Current,0,Low,39952.17
LOAN008539,689.0,0.325,0.572,1,20,Current,0,Low,1411.55
LOAN008540,687.0,0.642,0.806,0,0,Current,0,Medium,117793.09
LOAN008541,690.0,0.534,0.536,0,0,Current,0,Low,47894.66
LOAN008542,670.0,0.36,,0,0,Current,0,Low,14771.82
LOAN008543,620.0,0.633,0.706,6,124,Defaulted,1,High,211198.65
LOAN008544,685.0,0.365,0.591,0,0,Current,0,Low,98571.36
LOAN008545,714.0,0.434,0.876,5,150,Defaulted,1,Medium,53594.24
LOAN008546,688.0,0.81,0.722,2,30,Current,0,Medium,391871.73
LOAN008547,,0.337,0.503,0,0,Current,0,Low,31229.5
LOAN008548,659.0,0.592,0.578,0,0,Current,0,Medium,18444.67
LOAN008549,703.0,0.451,0.58,0,0,Current,0,Low,2384.29
LOAN008550,693.0,0.458,0.641,0,0,Paid Off,0,Low,7767.35
LOAN008551,725.0,0.409,0.915,1,22,Current,0,Low,28618.19
LOAN008552,661.0,0.239,0.636,0,0,Current,0,Low,10634.9
LOAN008553,547.0,1.35,0.676,4,107,Defaulted,1,High,977983.71
LOAN008554,685.0,0.402,0.503,1,20,Current,0,Low,12842.69
LOAN008555,717.0,0.508,0.702,0,0,Paid Off,0,Low,21146.09
LOAN008556,612.0,0.991,0.516,5,179,Defaulted,1,High,1111895.14
LOAN008557,722.0,0.213,,0,0,Current,0,Low,1887.49
LOAN008558,695.0,0.399,0.536,0,0,Paid Off,0,Low,6261.79
LOAN008559,638.0,0.315,,5,90,Late,0,Medium,19928.73
LOAN008560,747.0,0.388,,0,0,Current,0,Low,4234.0
LOAN008561,630.0,0.973,0.697,5,124,Defaulted,1,High,418493.72
LOAN008562,638.0,0.46,0.556,4,76,Restructured,0,Medium,10399.98
LOAN008563,653.0,0.676,0.757,0,0,Current,0,Medium,29344.67
LOAN008564,696.0,0.391,0.717,0,0,Current,0,Low,27755.83
LOAN008565,653.0,0.83,0.826,6,180,Defaulted,1,High,88160.99
LOAN008566,704.0,0.471,0.652,1,23,Current,0,Low,81701.52
LOAN008567,817.0,0.372,0.715,0,0,Current,0,Low,5577.95
LOAN008568,700.0,0.475,,0,0,Current,0,Low,7014.7
LOAN008569,677.0,0.74,,4,40,Current,0,Medium,19745.74
LOAN008570,671.0,0.721,0.774,3,24,Paid Off,0,Medium,345202.16
LOAN008571,707.0,0.619,0.633,0,0,Current,0,Low,35930.74
LOAN008572,,1.095,0.549,3,54,Current,0,High,402983.94
LOAN008573,644.0,0.89,0.797,6,84,Current,0,High,157943.61
LOAN008574,656.0,0.623,0.538,0,0,Current,0,Medium,109189.88
LOAN008575,691.0,0.523,0.851,1,17,Current,0,Medium,114120.76
LOAN008576,708.0,0.715,,0,0,Current,0,Low,22745.73
LOAN008577,594.0,1.003,,3,27,Current,0,High,2044265.39
LOAN008578,652.0,0.685,,1,9,Current,0,Medium,18802.52
LOAN008579,554.0,0.791,0.666,4,72,Restructured,0,High,107176.09
LOAN008580,778.0,0.414,0.82,0,0,Current,0,Low,36762.5
LOAN008581,669.0,0.687,0.565,0,0,Current,0,Medium,87301.21
LOAN008582,758.0,0.22,0.634,0,0,Current,0,Low,2645.51
LOAN008583,664.0,0.262,,0,0,Paid Off,0,Low,2418.78
LOAN008584,708.0,0.392,0.844,1,24,Current,0,Low,7168.34
LOAN008585,704.0,0.636,,7,180,Defaulted,1,High,40132.92
LOAN008586,651.0,0.539,0.713,0,0,Current,0,Medium,47832.85
LOAN008587,680.0,0.322,0.526,1,9,Current,0,Low,14747.42
LOAN008588,733.0,0.426,,0,0,Current,0,LOW,4967.69
LOAN008589,666.0,0.641,0.607,0,0,Current,0,Medium,106922.63
LOAN008590,687.0,0.215,,0,0,Paid Off,0,Low,7311.3
LOAN008591,693.0,0.723,0.527,2,20,Current,0,Medium,60065.91
LOAN008592,722.0,0.23,0.519,0,0,Paid Off,0,Low,2171.95
LOAN008593,691.0,0.657,,0,0,Current,0,Low,151026.56
LOAN008594,664.0,0.859,0.513,1,19,Current,0,Medium,30876.85
LOAN008595,698.0,0.397,0.647,0,0,Current,0,Low,14520.68
LOAN008596,671.0,0.684,,0,0,Current,0,Medium,461242.7
LOAN008597,,0.762,0.503,3,104,Defaulted,1,Medium,94417.82
LOAN008598,695.0,0.394,,0,0,CURRENT,0,Low,2061.84
LOAN008599,705.0,0.441,0.543,0,0,Current,0,Low,25621.47
LOAN008600,,0.473,,0,0,Current,0,Low,9743.76
LOAN008601,603.0,0.588,0.58,2,16,Current,0,Medium,104803.44
LOAN008602,621.0,0.896,,1,23,Current,0,Medium,1674745.87
LOAN008603,697.0,0.685,0.863,1,11,Current,0,Medium,17188.53
LOAN008604,693.0,0.489,0.79,0,0,Current,0,Low,136510.14
LOAN008605,680.0,0.818,0.58,2,48,Current,0,Medium,140586.98
LOAN008606,689.0,0.661,0.704,1,9,Current,0,Medium,160716.96
LOAN008607,688.0,0.471,0.767,0,0,Current,0,LOW,85131.46
LOAN008608,621.0,0.842,0.902,2,30,Current,0, medium ,291532.09
LOAN008609,701.0,0.517,0.538,1,11,Paid Off,0,low,3906.41
LOAN008610,626.0,0.752,0.715,2,48,Current,0,Medium,228443.83
LOAN008611,611.0,0.478,0.524,4,44,Current,0,Medium,94306.84
LOAN008612,697.0,0.636,0.594,0,0,Current,0,low,13739.46
LOAN008613,594.0,0.74,0.553,3,42,Paid Off,0,Medium,85941.49
LOAN008614,629.0,1.006,,2,20,Current,0,Medium,502539.93
LOAN008615,669.0,0.32,0.549,0,0,Current,0,Low,2533.97
LOAN008616,699.0,0.598,0.801,1,22,Current,0,Medium,97693.76
LOAN008617,645.0,0.818,0.642,3,129,Written Off,1,High,150162.57
LOAN008618,682.0,1.022,0.93,3,72,Current,0,High,295418.88
LOAN008619,688.0,0.645,0.613,0,0,Current,0,Low,48809.25
LOAN008620,735.0,0.474,0.507,0,0,Paid Off,0,Low,40526.5
LOAN008621,734.0,0.411,0.516,0,0,current,0,low,10790.19
LOAN008622,633.0,0.62,,3,60,Current,0,Medium,88659.13
LOAN008623,620.0,0.864,0.715,6,180,Defaulted,1,High,274333.27
LOAN008624,693.0,0.596,,1,16,Current,0,Medium,33136.12
LOAN008625,683.0,0.378,0.532,0,0,Current,0,Low,15018.09
LOAN008626,715.0,0.232,0.708,1,18,Current,0,Low,6355.98
LOAN008627,714.0,0.335,,0,0,Paid Off,0,Low,3476.58
LOAN008628,687.0,0.617,0.502,0,0,Current,0,Low,78942.0
LOAN008629,651.0,1.101,,1,20,Current,0,Medium,1808036.08
LOAN008630,643.0,0.44,,2,32,Current,0,Medium,35484.75
LOAN008631,668.0,0.765,0.8,2,46,Current,0,Medium,426582.06
LOAN008632,648.0,0.817,0.708,3,137,Defaulted,1,High,31926.14
LOAN008633,681.0,0.5,,0,0,Paid Off,0,Low,149687.39
LOAN008634,620.0,0.959,0.576,6,140,Defaulted,1,High,391854.61
LOAN008635,785.0,0.107,,0,0,Current,0,Low,1731.43
LOAN008636,679.0,0.368,,1,24,Current,0,Low,4642.65
LOAN008637,663.0,0.724,,2,20,Current,0,Medium,84886.25
LOAN008638,679.0,0.539,0.781,0,0,Current,0,Low,66802.63
LOAN008639,678.0,0.857,,6,108,Current,0,High,220503.85
LOAN008640,671.0,0.69,0.518,0,0,Current,0,Medium,47865.33
LOAN008641,667.0,0.959,0.812,4,80,Current,0,High,515952.22
LOAN008642,701.0,,0.543,2,28,Current,0,Medium,64101.71
LOAN008643,646.0,0.628,0.526,7,105,Current,0,High,13709.51
LOAN008644,694.0,0.323,0.536,1,24,Current,0,Low,6136.68
LOAN008645,710.0,0.376,,1,23,Current,0,Low,4092.97
LOAN008646,688.0,0.613,0.764,0,0,Current,0,Low,75370.37
LOAN008647,661.0,0.385,0.574,0,0,Current,0,Low,5003.25
LOAN008648,679.0,0.535,0.816,0,0,Current,0,Low,84433.67
LOAN008649,605.0,0.342,0.717,2,40,Current,0,Medium,128363.24
LOAN008650,651.0,0.623,0.542,1,23,Current,0,Medium,187744.96
LOAN008651,694.0,0.451,0.717,0,0,Paid Off,0,Low,4680.28
LOAN008652,659.0,1.296,,4,175,Defaulted,1,High,1217897.98
LOAN008653,656.0,0.474,0.591,1,12,Paid Off,0,Medium,3942.37
LOAN008654,759.0,0.489,,0,0,Current,0,Low,59378.65
LOAN008655,649.0,0.786,0.575,9,180,Defaulted,1,High,252544.1
LOAN008656,618.0,1.077,0.506,6,150,Late,0,High,801973.6
LOAN008657,687.0,0.248,,0,0,Current,0,Low,4906.41
LOAN008658,714.0,0.665,0.767,0,0,Current,0,Low,279675.29
LOAN008659,621.0,0.805,0.928,7,104,Defaulted,1,High,292780.45
LOAN008660,676.0,0.685,0.527,0,0,Current,0,Medium,180470.73
LOAN008661,575.0,0.772,0.517,3,60,Current,0, High ,222515.49
LOAN008662,641.0,1.259,0.705,1,14,Current,0,Medium,334627.48
LOAN008663,653.0,0.337,,0,0,Current,0,Low,26419.67
LOAN008664,698.0,0.377,0.579,0,0,Current,0,Low,7327.02
LOAN008665,665.0,0.542,0.876,0,0,Current,0,Medium,18589.45
LOAN008666,667.0,0.487,0.732,0,0,Current,0,Low,20333.35
LOAN008667,663.0,0.785,0.819,7,180,Defaulted,1,High,132412.2
LOAN008668,719.0,0.44,0.525,3,144,Defaulted,1,Medium,9700.64
LOAN008669,702.0,0.22,0.681,0,0,Current,0,Low,2461.89
LOAN008670,694.0,0.625,0.505,0,0,Current,0,Low,8136.91
LOAN008671,683.0,0.548,0.69,0,0,Current,0,Low,17523.02
LOAN008672,592.0,0.866,0.923,1,22,Current,0,Medium,1161191.49
LOAN008673,694.0,0.345,,0,0,Current,0,Low,2023.8
LOAN008674,611.0,0.905,,5,60,Current,0,High,871014.3
LOAN008675,596.0,0.768,0.634,6,118,Defaulted,1,High,929581.19
LOAN008676,671.0,0.68,0.794,0,0,Current,0,Medium,80767.88
LOAN008677,780.0,0.137,,0,0,Current,0,Low,1885.38
LOAN008678,710.0,0.392,0.555,1,13,current,0,Low,47374.77
LOAN008679,555.0,1.159,0.515,5,146,Defaulted,1,High,264116.43
LOAN008680,627.0,0.731,0.523,5,143,Defaulted,1,High,318628.25
LOAN008681,625.0,0.499,0.607,4,56,Current,0,Medium,55143.19
LOAN008682,726.0,0.416,,0,0,Current,0,Low,1911.71
LOAN008683,644.0,0.704,,7,180,Defaulted,1,High,45737.78
LOAN008684,590.0,1.119,0.751,3,152,Defaulted,1,High,557095.89
LOAN008685,695.0,0.437,,0,0,Current,0, low ,4576.89
LOAN008686,675.0,0.736,0.551,3,60,Current,0,Medium,18501.38
LOAN008687,675.0,0.585,0.889,0,0,Paid Off,0,Medium,72761.24
LOAN008688,643.0,0.576,0.764,4,40,Current,0,Medium,199441.17
LOAN008689,675.0,,0.799,0,0,Current,0,Low,50364.44
LOAN008690,687.0,0.157,,0,0,Current,0,Low,5744.52
LOAN008691,693.0,0.855,0.746,3,27,Current,0,Medium,108056.17
LOAN008692,703.0,0.565,0.576,1,14,Paid Off,0,Medium,9437.65
LOAN008693,721.0,0.752,0.551,2,30,Current,0,Medium,22905.35
LOAN008694,618.0,0.971,0.814,4,163,Defaulted,1,High,552505.72
LOAN008695,761.0,0.226,0.611,0,0,Current,0,Low,4420.75
LOAN008696,693.0,0.563,0.533,1,11,current,0,Medium,115181.12
LOAN008697,676.0,0.599,,0,0,Current,0,Low,105288.98
LOAN008698,670.0,1.01,0.671,3,75,Late,0,High,361595.05
LOAN008699,737.0,0.638,0.537,0,0,Current,0,Low,24337.84
LOAN008700,729.0,0.123,,0,0,Current,0,Low,7685.62
LOAN008701,683.0,0.5,0.634,0,0,Current,0,Low,2933.31
LOAN008702,640.0,0.597,,0,0,Current,0,Medium,136569.97
LOAN008703,699.0,0.622,0.549,0,0,Current,0,Low,70550.71
LOAN008704,714.0,0.976,,7,180,Defaulted,1,High,43455.44
LOAN008705,702.0,0.643,0.575,2,147,Defaulted,1,Medium,111180.38
LOAN008706,616.0,0.848,0.767,7,180,Defaulted,1,High,150430.86
LOAN008707,632.0,0.86,0.798,2,48,Current,0,Medium,182043.54
LOAN008708,672.0,0.792,0.516,4,72,Late,0,Medium,350042.8
LOAN008709,703.0,0.255,,0,0,Current,0,Low,2433.41
LOAN008710,667.0,0.394,,1,24,Current,0,Low,2948.24
LOAN008711,676.0,0.711,0.806,1,15,Current,0,Medium,91165.53
LOAN008712,681.0,0.462,0.839,0,0,Current,0,Low,12098.6
LOAN008713,640.0,0.841,,1,12,Current,0,Medium,264546.56
LOAN008714,634.0,1.099,,1,24,Current,0,Medium,732113.01
LOAN008715,650.0,0.992,0.856,7,63,Restructured,0,High,241559.13
LOAN008716,732.0,,0.605,0,0,Current,0,Low,2755.92
LOAN008717,728.0,0.443,0.515,0,0,Current,0,Low,27660.12
LOAN008718,649.0,0.774,0.532,3,66,Late,0,Medium,170514.3
LOAN008719,620.0,1.035,0.764,1,19,Current,0,Medium,881434.73
LOAN008720,770.0,0.281,,0,0,Current,0,Low,5190.31
LOAN008721,624.0,0.686,0.534,1,20,Current,0,Medium,123982.04
LOAN008722,628.0,0.438,0.658,5,180,Defaulted,1,High,140202.4
LOAN008723,620.0,0.694,,2,18,Current,0,Medium,91627.06
LOAN008724,656.0,0.376,0.539,0,0,Current,0,Low,3899.67
LOAN008725,698.0,0.428,,0,0,Current,0,Low,8018.82
LOAN008726,696.0,0.734,0.664,0,0,Current,0,Medium,100936.1
LOAN008727,612.0,1.151,0.5,5,180,Defaulted,1,High,971340.45
LOAN008728,568.0,0.797,0.731,6,132,Late,0,High,275068.08
LOAN008729,696.0,0.56,0.548,0,0,Current,0,Low,175617.47
LOAN008730,605.0,0.511,0.571,3,24,Current,0,Medium,84879.68
LOAN008731,595.0,0.698,0.605,4,68,Restructured,0,High,282534.22
LOAN008732,643.0,0.838,,1,20,Current,0,Medium,72649.9
LOAN008733,648.0,0.839,0.663,8,180,Defaulted,1,High,216715.25
LOAN008734,715.0,0.335,,1,22,Current,0,Low,3435.85
LOAN008735,700.0,0.586,,1,10,Current,0,Medium,14165.6
LOAN008736,732.0,0.507,,0,0,Current,0,Low,26195.54
LOAN008737,680.0,0.956,0.783,5,85,Current,0,High,116929.13
LOAN008738,685.0,0.332,,0,0,Current,0,Low,13834.39
LOAN008739,683.0,0.634,0.68,0,0,Current,0,Low,49529.53
LOAN008740,662.0,0.475,0.642,1,14,Current,0,Medium,48269.81
LOAN008741,663.0,0.835,0.738,5,141,Defaulted,1,High,144069.84
LOAN008742,626.0,0.942,0.612,1,21,Current,0,Medium,260385.45
LOAN008743,714.0,0.369,0.745,0,0, CURRENT ,0,Low,3786.47
LOAN008744,713.0,0.378,0.926,0,0,Current,0,Low,7763.79
LOAN008745,663.0,0.701,0.733,0,0,Current,0,Medium,75557.57
LOAN008746,768.0,0.303,0.665,0,0,Paid Off,0,Low,18518.93
LOAN008747,654.0,,0.541,0,0,Paid Off,0,Medium,66297.95
LOAN008748,608.0,0.649,,5,80,Late,0,High,41823.52
LOAN008749,656.0,0.541,,0,0,Current,0,Low,139586.54
LOAN008750,616.0,0.764,0.663,1,23,Paid Off,0,Medium,70262.43
LOAN008751,675.0,0.313,0.897,0,0,Current,0,Low,78892.57
LOAN008752,735.0,0.283,0.545,0,0,Current,0,Low,2943.35
LOAN008753,579.0,0.75,0.833,5,110,Current,0,High,228942.6
LOAN008754,704.0,0.521,0.776,0,0,Paid Off,0,Low,108210.75
LOAN008755,702.0,0.387,,1,25,Current,0,Low,8636.13
LOAN008756,672.0,0.453,,0,0,Current,0,Low,17600.17
LOAN008757,648.0,0.824,0.774,6,90,Late,0,High,19165.3
LOAN008758,735.0,0.544,,0,0,Current,0,Low,18603.2
LOAN008759,669.0,0.406,,0,0,Current,0,Low,10374.76
LOAN008760,699.0,0.46,,0,0,Current,0,Low,12120.05
LOAN008761,564.0,1.049,0.679,5,85,Late,0,High,980848.84
LOAN008762,646.0,0.706,,4,80,Restructured,0,Medium,409979.14
LOAN008763,675.0,0.566,0.528,0,0,Current,0,Low,15656.08
LOAN008764,727.0,0.668,0.73,0,0,Current,0,Low,43347.73
LOAN008765,642.0,0.767,0.619,4,157,Defaulted,1,High,34612.77
LOAN008766,661.0,0.589,0.55,0,0,Current,0,Medium,10441.39
LOAN008767,709.0,0.427,0.809,1,8,Current,0,Low,24057.88
LOAN008768,641.0,0.521,0.518,2,40,Current,0,Medium,215976.39
LOAN008769,716.0,0.404,,1,10,Current,0,Low,5402.7
LOAN008770,588.0,1.122,0.507,7,180,defaulted,1,High,756068.02
LOAN008771,663.0,0.617,,1,15,Current,0,Medium,45491.58
LOAN008772,643.0,0.865,0.667,4,84,Late,0,High,351573.44
LOAN008773,696.0,0.372,0.861,0,0,Current,0,Low,2817.74
LOAN008774,679.0,0.254,0.65,0,0,Current,0,Low,3184.54
LOAN008775,712.0,0.347,,1,19,Current,0,Low,1716.12
LOAN008776,747.0,0.609,0.519,0,0,Current,0,Low,80257.26
LOAN008777,623.0,0.356,0.617,0,0,Current,0,Low,187485.89
LOAN008778,677.0,0.283,0.808,0,0,Current,0,Low,5108.24
LOAN008779,653.0,0.655,0.78,0,0,Paid Off,0,Medium,9139.04
LOAN008780,685.0,0.698,,9,180,Defaulted,1,High,235639.06
LOAN008781,614.0,0.861,0.541,5,70,Restructured,0,High,87327.57
LOAN008782,669.0,0.567,0.629,1,12,Current,0,Medium,48336.23
LOAN008783,693.0,0.547,0.584,0,0,Current,0,Low,42065.12
LOAN008784,623.0,0.658,0.595,8,180,Defaulted,1,High,43348.94
LOAN008785,,0.707,0.758,5,144,Defaulted,1,High,421156.11
LOAN008786,709.0,0.275,,0,0,Paid Off,0,Low,3849.32
LOAN008787,673.0,0.779,0.586,4,84,Restructured,0,Medium,205083.38
LOAN008788,724.0,0.573,0.504,0,0,Current,0,Low,9876.61
LOAN008789,674.0,0.384,,1,14,Current,0,Low,30594.3
LOAN008790,625.0,1.109,0.541,4,72,Late,0,High,580694.73
LOAN008791,688.0,0.546,,0,0,Current,0,Low,2969.79
LOAN008792,646.0,0.199,,3,33,Current,0,Medium,5850.28
LOAN008793,676.0,0.533,0.72,0,0,Current,0,Low,33234.47
LOAN008794,628.0,0.473,0.661,5,90,Current,0,Medium,162292.7
LOAN008795,693.0,0.457,0.938,8,180, Defaulted ,1,High,50517.78
LOAN008796,642.0,0.763,0.592,3,57,Current,0,Medium,316119.02
LOAN008797,711.0,0.434,,1,11,Current,0,Low,7008.79
LOAN008798,719.0,0.665,0.526,0,0,Current,0,Low,24909.71
LOAN008799,691.0,0.668,0.588,0,0,Current,0,Low,74206.59
LOAN008800,682.0,0.93,0.514,1,11,Current,0,Medium,230990.73
LOAN008801,780.0,0.42,0.514,0,0,Current,0,Low,3397.05
LOAN008802,687.0,0.812,0.586,4,84,Restructured,0,Medium,239992.31
LOAN008803,699.0,0.811,0.565,5,85,Restructured,0,Medium,148448.94
LOAN008804,657.0,0.859,0.694,5,127,Defaulted,1,High,254936.13
LOAN008805,638.0,1.131,0.532,3,92,Defaulted,1,High,418429.33
LOAN008806,669.0,0.494,0.891,1,10,Current,0,Medium,36100.9
LOAN008807,576.0,0.713,0.544,5,100,Late,0,High,246607.56
LOAN008808,737.0,0.22,0.533,0,0,Current,0,Low,4846.35
LOAN008809,680.0,0.946,0.625,4,64,Late,0,High,700229.12
LOAN008810,665.0,0.897,0.684,0,0,Current,0,medium,290181.17
LOAN008811,687.0,0.766,,1,24,Current,0,Medium,23793.05
LOAN008812,679.0,0.68,0.501,0,0,Current,0,Medium,116626.97
LOAN008813,638.0,0.581,0.613,3,36,Current,0,Medium,637651.06
LOAN008814,707.0,0.246,0.59,0,0,Current,0,Low,1910.68
LOAN008815,687.0,0.423,,0,0,Current,0,Low,7805.3
LOAN008816,667.0,0.688,0.853,1,12,Current,0,Medium,24187.12
LOAN008817,662.0,0.657,,1,13,Current,0,Medium,2775.06
LOAN008818,619.0,0.868,0.735,1,23,Current,0,Medium,607429.89
LOAN008819,636.0,0.812,,6,180,Defaulted,1,High,60601.49
LOAN008820,634.0,0.536,0.539,5,113,Defaulted,1,High,64194.44
LOAN008821,706.0,0.188,0.621,0,0,Paid Off,0,Low,8578.41
LOAN008822,587.0,0.738,0.842,3,42,Current,0,High,336397.59
LOAN008823,649.0,0.778,,4,44,Current,0,Medium,69762.03
LOAN008824,740.0,0.35,0.848,0,0,Current,0,Low,11362.95
LOAN008825,678.0,0.743,,6,133,Defaulted,1,High,384251.23
LOAN008826,677.0,0.339,0.614,1,16,Current,0,Low,24223.58
LOAN008827,713.0,0.548,0.573,0,0,Current,0, LOW ,44432.72
LOAN008828,672.0,0.709,0.788,0,0,Paid Off,0,Medium,220532.15
LOAN008829,607.0,0.809,0.686,1,24,Current,0,Medium,381436.26
LOAN008830,716.0,0.192,0.716,0,0,Current,0,Low,2275.01
LOAN008831,694.0,0.509,0.882,0,0,Current,0,Low,126572.73
LOAN008832,746.0,0.486,0.745,0,0,Current,0,Low,44765.78
LOAN008833,645.0,0.396,,5,80,Current,0,Medium,16537.42
LOAN008834,628.0,,0.822,7,180,Defaulted,1,High,160264.75
LOAN008835,688.0,0.498,0.692,0,0,Current,0,Low,8603.49
LOAN008836,689.0,0.649,0.52,1,8,Paid Off,0,Medium,11772.76
LOAN008837,736.0,0.407,,1,14,Current,0,Low,8009.76
LOAN008838,621.0,0.861,,4,162,Defaulted,1,High,519454.89
LOAN008839,659.0,0.466,0.503,0,0,Current,0,Low,38354.8
LOAN008840,641.0,1.136,0.735,6,180,Defaulted,1,High,309482.54
LOAN008841,695.0,0.365,,0,0,Current,0,Low,15131.65
LOAN008842,705.0,0.368,0.855,0,0,Current,0,Low,48194.49
LOAN008843,652.0,1.13,0.751,5,180,Defaulted,1,High,128236.68
LOAN008844,690.0,0.327,0.861,0,0,Current,0,Low,4611.81
LOAN008845,647.0,0.673,0.888,0,0,Current,0,Medium,266642.9
LOAN008846,733.0,1.008,0.862,5,163,Defaulted,1,High,426985.57
LOAN008847,540.0,1.122,0.856,3,127,Defaulted,1,High,1289891.24
LOAN008848,662.0,0.634,,4,152,Defaulted,1,Medium,20471.93
LOAN008849,636.0,0.547,0.539,5,95,Restructured,0,Medium,15187.29
LOAN008850,630.0,0.968,0.93,7,180,Defaulted,1,High,496133.26
LOAN008851,693.0,0.508,0.937,0,0,Current,0,Low,26595.79
LOAN008852,686.0,0.835,0.752,6,114,Restructured,0,High,188097.49
LOAN008853,738.0,0.368,0.591,0,0,Current,0,Low,1108.28
LOAN008854,559.0,0.847,,1,9,Current,0,Medium,737275.21
LOAN008855,715.0,0.518,0.706,0,0,Current,0,Low,27537.17
LOAN008856,760.0,0.372,0.637,0,0,Current,0,Low,15851.91
LOAN008857,599.0,0.756,0.675,1,23,Current,0,Medium,159157.62
LOAN008858,648.0,0.671,0.593,5,110,Restructured,0,High,218621.45
LOAN008859,636.0,0.593,,1,12,Current,0,Medium,36398.5
LOAN008860,573.0,0.667,0.73,5,180,Defaulted,1,High,55952.21
LOAN008861,686.0,0.524,0.773,0,0,Current,0,Low,14271.52
LOAN008862,639.0,0.902,0.596,5,110,Restructured,0,High,1231334.24
LOAN008863,712.0,0.634,0.512,0,0,Current,0,Low,139447.82
LOAN008864,691.0,0.574,,0,0,Current,0,Low,22080.74
LOAN008865,710.0,1.002,0.545,2,20,Current,0,Medium,404135.53
LOAN008866,667.0,0.221,0.517,0,0,Current,0,Low,17163.21
LOAN008867,707.0,0.629,0.831,1,15,Current,0,Medium,28351.48
LOAN008868,619.0,0.658,0.601,9,180,Defaulted,1,High,379653.15
LOAN008869,668.0,0.483,0.543,0,0,Current,0,Low,7455.41
LOAN008870,662.0,0.671,0.676,0,0,Current,0,Medium,69653.32
LOAN008871,605.0,1.35,,8,160,Defaulted,1,High,5452617.8
LOAN008872,726.0,0.387,0.865,0,0,Current,0,Low,22788.9
LOAN008873,686.0,0.685,0.591,0,0,Current,0,Medium,14760.9
LOAN008874,758.0,0.301,,0,0,Current,0,Low,2799.37
LOAN008875,661.0,0.27,0.839,2,28,Current,0,Medium,19370.94
LOAN008876,719.0,0.573,0.602,1,18,Current,0,Low,35927.89
LOAN008877,611.0,0.914,0.582,2,38,Current,0,Medium,376775.16
LOAN008878,678.0,0.269,,0,0,Current,0,Low,1199.66
LOAN008879,664.0,0.552,,0,0,Current,0,Low,9060.06
LOAN008880,747.0,0.21,,0,0,Current,0,Low,3868.84
LOAN008881,656.0,0.37,,1,12,Current,0,Low,5343.6
LOAN008882,668.0,0.371,,0,0,Current,0,Low,8380.83
LOAN008883,725.0,0.267,0.824,0,0,Current,0,Low,33900.92
LOAN008884,651.0,0.69,0.68,0,0,Current,0,Medium,97126.27
LOAN008885,639.0,0.239,0.694,3,51, paid off ,0,Medium,5759.57
LOAN008886,691.0,0.369,,0,0,Current,0,Low,2773.72
LOAN008887,725.0,0.308,0.501,0,0,Paid Off,0,Low,3261.42
LOAN008888,679.0,0.728,0.754,4,92,Late,0,Medium,90417.77
LOAN008889,681.0,0.452,0.87,0,0,Current,0,LOW,31853.98
LOAN008890,727.0,0.15,,0,0,Current,0,Low,1644.12
LOAN008891,698.0,0.53,0.724,1,22,Paid Off,0,Medium,6334.52
LOAN008892,640.0,0.825,0.865,2,105,Defaulted,1,Medium,528593.73
LOAN008893,638.0,0.833,0.64,1,13,Current,0,Medium,128589.04
LOAN008894,759.0,0.372,,0,0,Current,0,Low,1614.34
LOAN008895,721.0,0.211,0.714,0,0,Current,0,Low,2547.33
LOAN008896,661.0,0.694,0.636,0,0,Current,0,MEDIUM,64957.76
LOAN008897,691.0,0.57,0.604,0,0,Current,0,Low,194546.37
LOAN008898,646.0,0.789,0.639,6,72,Restructured,0,High,158669.32
LOAN008899,735.0,0.293,0.605,0,0,Current,0,Low,7550.01
LOAN008900,689.0,0.365,0.755,0,0, CURRENT ,0,Low,6066.18
LOAN008901,751.0,0.521,0.509,0,0,Current,0,Low,2885.86
LOAN008902,665.0,0.432,0.543,0,0,Paid Off,0,Low,9728.62
LOAN008903,699.0,0.234,,1,20,Current,0,Low,4875.09
LOAN008904,654.0,1.042,0.533,4,170,Defaulted,1,High,504699.86
LOAN008905,671.0,0.496,0.636,0,0,Current,0,Low,4238.5
LOAN008906,712.0,0.118,0.931,0,0,Current,0,Low,2925.18
LOAN008907,789.0,0.57,0.569,0,0,Current,0,Low,72737.43
LOAN008908,666.0,0.896,,2,18,Current,0,Medium,88334.75
LOAN008909,625.0,1.119,0.623,2,42,Current,0,High,729465.22
LOAN008910,660.0,0.53,0.91,0,0,Current,0,Medium,39710.09
LOAN008911,675.0,0.405,,1,11,Current,0,Low,19402.87
LOAN008912,682.0,0.424,0.582,0,0,Current,0,Low,6268.8
LOAN008913,665.0,0.446,,0,0,Current,0,Low,33264.38
LOAN008914,621.0,1.08,0.584,1,23,Current,0,Medium,945044.63
LOAN008915,672.0,0.239,,0,0,Current,0,Low,1282.27
LOAN008916,693.0,0.383,0.575,0,0,Current,0,Low,5785.87
LOAN008917,728.0,0.351,0.592,0,0,Current,0,Low,26992.36
LOAN008918,731.0,0.455,0.752,0,0,Current,0,Low,94143.14
LOAN008919,665.0,0.517,0.512,0,0,Current,0,Low,15657.52
LOAN008920,647.0,0.689,0.652,2,18,Current,0,Medium,348459.81
LOAN008921,704.0,0.391,0.73,0,0,Current,0,Low,4104.69
LOAN008922,724.0,0.268,0.723,0,0,Current,0,Low,4186.52
LOAN008923,676.0,0.247,,1,18,Current,0,Low,4299.76
LOAN008924,689.0,0.577,0.831,0,0,Current,0,Low,59639.97
LOAN008925,717.0,0.76,0.614,5,65,Restructured,0,Medium,78575.33
LOAN008926,702.0,0.484,0.553,0,0,Current,0,Low,68826.46
LOAN008927,657.0,0.947,0.778,3,66,Late,0,High,22466.16
LOAN008928,725.0,0.547,,0,0,Current,0,Low,11404.06
LOAN008929,652.0,0.488,0.676,0,0,Paid Off,0,Low,5095.73
LOAN008930,691.0,0.378,0.607,0,0,Current,0,Low,11316.32
LOAN008931,719.0,,0.666,0,0,Current,0,Low,3228.61
LOAN008932,656.0,0.705,0.554,0,0,Current,0,Medium,186346.8
LOAN008933,742.0,0.436,,1,20,Current,0,Low,7731.29
LOAN008934,597.0,0.934,0.624,3,36,Current,0,High,479331.59
LOAN008935,573.0,1.016,0.544,6,96,Restructured,0,High,620538.12
LOAN008936,699.0,0.62,,0,0,Current,0,Low,23223.64
LOAN008937,664.0,0.529,0.514,0,0,Current,0,Low,6707.03
LOAN008938,671.0,0.349,0.529,1,13,Current,0,Low,34851.08
LOAN008939,687.0,0.378,0.849,0,0,Paid Off,0,Low,30779.78
LOAN008940,748.0,0.052,,0,0,Current,0, Low ,2235.22
LOAN008941,748.0,0.46,0.682,1,16,Current,0,Low,5213.06
LOAN008942,600.0,1.193,0.74,3,42,Current,0,High,532228.1
LOAN008943,705.0,0.494,0.671,0,0,Current,0,Low,33293.49
LOAN008944,700.0,0.63,,0,0,Current,0,Low,64739.43
LOAN008945,,0.685,0.534,1,23,Current,0,Medium,58227.77
LOAN008946,696.0,0.414,0.532,0,0,Current,0, Low ,25973.95
LOAN008947,790.0,,,0,0,Current,0,Low,6472.04
LOAN008948,608.0,0.701,0.802,3,27,Current,0,Medium,270840.92
LOAN008949,711.0,0.56,0.945,0,0,Current,0,Low,138219.0
LOAN008950,592.0,0.859,,5,180,Defaulted,1,High,83441.91
LOAN008951,684.0,0.745,0.709,4,64,Late,0,Medium,46307.45
LOAN008952,714.0,0.63,0.769,1,18,Current,0,Medium,18420.35
LOAN008953,750.0,0.172,0.547,1,17,Paid Off,0,Low,641.88
LOAN008954,598.0,0.702,0.861,7,77,Restructured,0,High,247938.68
LOAN008955,673.0,0.354,0.576,0,0,Current,0,Low,16337.37
LOAN008956,685.0,0.904,0.87,3,66,Current,0,Medium,200197.22
LOAN008957,648.0,0.191,,8,180,Defaulted,1,High,5377.63
LOAN008958,652.0,0.704,0.595,6,180,Defaulted,1,High,213473.79
LOAN008959,647.0,0.405,0.645,4,92,Late,0,Medium,16839.97
LOAN008960,662.0,0.719,0.606,0,0,Current,0,Medium,59010.03
LOAN008961,663.0,0.634,0.523,1,13,Current,0,Medium,60051.46
LOAN008962,634.0,0.738,0.606,4,40,Current,0,Medium,111625.49
LOAN008963,679.0,0.326,,1,14,Current,0,Low,46932.82
LOAN008964,614.0,0.914,0.615,3,126,Defaulted,1,High,745465.76
LOAN008965,741.0,0.393,,1,16,Current,0,Low,13165.86
LOAN008966,619.0,0.572,,2,20,Current,0,Medium,469798.1
LOAN008967,705.0,0.437,0.614,0,0,Paid Off,0,Low,26024.61
LOAN008968,677.0,0.509,0.739,0,0,current,0,Low,40264.72
LOAN008969,631.0,,,4,68,Late,0,Medium,38314.73
LOAN008970,676.0,0.954,0.569,5,154,Defaulted,1,High,252352.47
LOAN008971,584.0,1.35,0.898,3,33,Paid Off,0,High,2759979.48
LOAN008972,704.0,0.478,0.727,0,0,Current,0,Low,3257.04
LOAN008973,740.0,0.393,0.573,1,23,Current,0,Low,24826.34
LOAN008974,671.0,0.396,0.679,2,18,Current,0,Medium,2339.97
LOAN008975,676.0,0.493,0.797,0,0,Current,0,Low,91490.4
LOAN008976,756.0,0.174,0.582,0,0,Current,0,Low,1012.36
LOAN008977,651.0,0.687,0.744,0,0,Current,0,Medium,36866.64
LOAN008978,651.0,0.846,0.616,2,38,Current,0,Medium,180643.93
LOAN008979,698.0,0.437,0.834,0,0,Paid Off,0,Low,44049.51
LOAN008980,726.0,0.352,0.545,1,13,Current,0,Low,5139.85
LOAN008981,653.0,0.651,0.706,0,0,Current,0,Medium,74516.98
LOAN008982,648.0,0.721,,1,9,Current,0,Medium,152012.55
LOAN008983,708.0,0.578,0.688,1,15,Current,0,Medium,16015.56
LOAN008984,665.0,0.667,0.686,0,0,Current,0,Medium,84782.09
LOAN008985,642.0,0.846,0.806,8,180,Restructured,0,High,1961965.92
LOAN008986,665.0,0.614,0.641,0,0,Current,0,Medium,87985.55
LOAN008987,653.0,0.776,,8,180,Defaulted,1,High,8475.08
LOAN008988,691.0,0.573,0.628,0,0,Current,0,Low,14553.75
LOAN008989,642.0,0.202,,8,128,Restructured,0,High,5221.51
LOAN008990,732.0,0.82,0.704,1,11,Paid Off,0,Medium,84950.25
LOAN008991,687.0,0.643,,1,9,Current,0,Medium,26354.72
LOAN008992,707.0,0.54,0.594,0,0,Current,0,Low,176788.49
LOAN008993,655.0,0.839,0.562,5,60,Current,0,High,118694.62
LOAN008994,668.0,0.658,0.576,0,0,Current,0,Medium,66771.54
LOAN008995,689.0,0.319,0.933,1,23,Current,0,LOW,9469.61
LOAN008996,702.0,0.485,,2,40,Current,0,Medium,31705.36
LOAN008997,688.0,0.372,,1,21,Current,0,Low,11702.87
LOAN008998,684.0,0.426,0.503,0,0,Current,0,Low,4181.21
LOAN008999,634.0,0.595,0.59,6,180,Defaulted,1,High,41171.87
LOAN009000,660.0,0.458,,0,0,Current,0,Low,5402.67
LOAN009001,631.0,0.544,,2,20,Current,0,Medium,12172.55
LOAN009002,,0.522,0.549,0,0,Paid Off,0,Low,93662.23
LOAN009003,712.0,0.924,0.527,3,36,Current,0, Medium ,354024.75
LOAN009004,742.0,0.234,,1,23,Current,0,Low,6322.67
LOAN009005,613.0,0.606,,3,54,Current,0,Medium,35820.89
LOAN009006,689.0,0.345,0.522,0,0,Current,0,Low,9828.06
LOAN009007,699.0,0.397,0.604,1,13,Current,0,Low,9698.63
LOAN009008,666.0,1.112,0.687,0,0,Current,0,Medium,263976.5
LOAN009009,658.0,0.892,0.943,5,40,Current,0,High,316435.53
LOAN009010,618.0,0.444,0.745,5,40,Current,0,Medium,48361.77
LOAN009011,664.0,0.523,,0,0,Paid Off,0,Low,9705.95
LOAN009012,720.0,0.785,0.588,4,44,Current,0,Medium,54124.95
LOAN009013,634.0,0.689,,1,8,Current,0,Medium,89738.64
LOAN009014,691.0,0.552,,0,0,Paid Off,0,Low,13069.66
LOAN009015,577.0,1.35,,2,26,Current,0,High,3230758.97
LOAN009016,686.0,0.538,0.516,1,18,Current,0,Medium,3400.48
LOAN009017,698.0,0.694,,0,0,Paid Off,0,Low,235876.25
LOAN009018,637.0,0.825,0.546,2,42,CURRENT,0,Medium,568488.09
LOAN009019,740.0,0.595,0.801,6,180,Defaulted,1,Medium,84788.84
LOAN009020,660.0,0.526,0.652,0,0,Current,0,Low,16543.56
LOAN009021,635.0,0.57,0.712,6,180,Defaulted,1,High,181059.57
LOAN009022,669.0,0.74,0.949,1,11,Current,0,Medium,74874.11
LOAN009023,686.0,0.589,0.751,2,26,Current,0,Medium,8936.02
LOAN009024,673.0,0.539,0.701,0,0,Current,0,Low,76500.76
LOAN009025,674.0,0.838,0.624,1,18,Current,0,Medium,173871.42
LOAN009026,641.0,0.736,,3,57,Current,0,Medium,26807.14
LOAN009027,705.0,0.561,0.734,0,0,Current,0,low,18182.22
LOAN009028,682.0,0.62,0.544,0,0,Current,0,Low,158287.28
LOAN009029,632.0,0.866,,1,16,Current,0,Medium,1097855.48
LOAN009030,695.0,0.453,0.624,0,0,Current,0,Low,2239.87
LOAN009031,,0.952,0.785,9,180,Defaulted,1,High,323088.44
LOAN009032,602.0,0.53,,6,120,Late,0,High,7004.51
LOAN009033,628.0,0.503,,6,132,Late,0,High,68041.8
LOAN009034,633.0,0.325,0.629,2,18,Current,0,Medium,44149.33
LOAN009035,636.0,0.791,0.632,3,33,Current,0,Medium,881700.28
LOAN009036,,0.557,,1,9,Current,0,Medium,108847.67
LOAN009037,703.0,0.579,0.536,0,0,Current,0,Low,79173.6
LOAN009038,666.0,0.449,0.645,0,0,Paid Off,0,Low,2786.33
LOAN009039,682.0,0.716,,0,0,Current,0,Medium,159269.18
LOAN009040,696.0,0.299,,0,0,Current,0,Low,19168.78
LOAN009041,656.0,0.463,0.668,0,0,Current,0,Low,16415.36
LOAN009042,704.0,0.785,0.663,2,38,Current,0,Medium,129038.72
LOAN009043,601.0,0.936,0.827,6,180,Written Off,1,High,365515.35
LOAN009044,732.0,0.423,0.895,0,0,Current,0,Low,5036.73
LOAN009045,700.0,0.527,0.568,0,0,Current,0,Low,122521.1
LOAN009046,663.0,0.843,0.531,6,96, Late ,0,High,503611.57
LOAN009047,722.0,0.567,,0,0,Current,0, Low ,77592.68
LOAN009048,673.0,0.412,,0,0,Current,0,Low,5299.17
LOAN009049,641.0,0.758,0.559,7,140,Late,0,High,717454.19
LOAN009050,693.0,0.372,0.53,0,0,Current,0,Low,1088.35
LOAN009051,774.0,0.431,,0,0,Current,0,Low,7463.04
LOAN009052,622.0,0.537,0.594,2,46,Current,0,Medium,48069.6
LOAN009053,744.0,0.386,,0,0,Current,0,Low,23439.4
LOAN009054,725.0,0.319,0.576,0,0,Paid Off,0,Low,18789.03
LOAN009055,639.0,0.745,,4,68,Current,0,Medium,126954.78
LOAN009056,726.0,0.479,0.885,0,0,Current,0,Low,6866.0
LOAN009057,773.0,0.538,0.712,1,8, Current ,0,Low,14869.21
LOAN009058,624.0,1.028,0.793,3,114,defaulted,1,High,663813.76
LOAN009059,740.0,0.173,,0,0,Current,0,Low,3917.09
LOAN009060,725.0,0.395,0.506,0,0,Current,0,Low,3086.19
LOAN009061,641.0,0.76,0.517,7,150,Defaulted,1,High,164164.78
LOAN009062,629.0,0.626,0.738,1,24,Current,0,Medium,146762.17
LOAN009063,720.0,0.345,,0,0,Current,0,Low,7744.43
LOAN009064,636.0,0.557,,4,36,Current,0,Medium,38954.77
LOAN009065,752.0,0.463,,0,0,Current,0,Low,6502.56
LOAN009066,646.0,0.517,,4,80,Current,0,Medium,23662.07
LOAN009067,649.0,0.912,0.619,8,180,Defaulted,1,High,597579.25
LOAN009068,700.0,0.463,,0,0,Current,0,Low,10201.74
LOAN009069,674.0,0.678,0.772,6,172,Defaulted,1,High,160349.0
LOAN009070,720.0,0.493,0.614,0,0,Current,0,Low,30275.84
LOAN009071,641.0,0.932,,3,39,Current,0,Medium,1712029.57
LOAN009072,594.0,0.641,0.516,3,48,Paid Off,0,Medium,137745.42
LOAN009073,675.0,0.76,0.647,2,28,Current,0,Medium,103641.07
LOAN009074,661.0,0.358,,1,17,Current,0,Low,23932.11
LOAN009075,597.0,0.915,0.704,4,92,Restructured,0,High,885950.74
LOAN009076,652.0,0.606,0.588,9,180,Defaulted,1,High,216961.19
LOAN009077,648.0,0.871,0.639,1,16,Current,0, medium ,192031.18
LOAN009078,753.0,0.372,,0,0,Current,0,Low,6591.27
LOAN009079,684.0,0.427,,0,0,Paid Off,0,Low,4830.57
LOAN009080,651.0,0.266,,0,0,Current,0,low,16312.44
LOAN009081,707.0,0.551,0.684,1,10,Current,0,Low,51762.13
LOAN009082,649.0,0.412,,5,45,Paid Off,0,Medium,16463.7
LOAN009083,741.0,0.397,0.57,0,0,Current,0,Low,29975.43
LOAN009084,678.0,0.745,0.93,3,57,Current,0,Medium,146345.01
LOAN009085,695.0,0.519,0.726,0,0,Current,0,Low,67501.57
LOAN009086,675.0,0.737,0.635,3,45,Current,0,Medium,45503.76
LOAN009087,657.0,0.602,,0,0,Current,0,Medium,54875.41
LOAN009088,728.0,0.566,0.747,0,0,Current,0,Low,54264.99
LOAN009089,625.0,0.45,,3,54,Current,0,Medium,16321.65
LOAN009090,639.0,0.421,0.668,2,22,Current,0,Medium,6841.2
LOAN009091,718.0,0.41,,0,0,Current,0,Low,9477.07
LOAN009092,599.0,1.072,0.734,3,45,Paid Off,0,High,531593.67
LOAN009093,650.0,0.973,0.771,4,52,Current,0,High,196066.78
LOAN009094,661.0,0.861,0.736,7,130,Defaulted,1,High,105523.26
LOAN009095,713.0,0.598,,1,12,Current,0,Low,31109.89
LOAN009096,728.0,0.644,0.75,0,0,Current,0,Low,47469.95
LOAN009097,707.0,0.508,,0,0,Current,0,Low,190198.49
LOAN009098,737.0,0.32,0.632,0,0,Current,0,Low,1393.63
LOAN009099,685.0,0.665,0.566,1,17,Current,0,Medium,14671.1
LOAN009100,609.0,0.639,0.502,4,40, Current ,0,Medium,186003.38
LOAN009101,640.0,0.441,0.798,5,70,Late,0,Medium,6362.97
LOAN009102,651.0,0.691,,1,22,Current,0,Medium,40191.37
LOAN009103,608.0,0.98,0.591,7,180,Defaulted,1,High,663258.76
LOAN009104,799.0,0.28,,0,0,Current,0,Low,8960.02
LOAN009105,682.0,0.812,0.513,2,30,Current,0,Medium,202883.03
LOAN009106,665.0,0.646,0.844,0,0,Current,0,Medium,152667.09
LOAN009107,685.0,0.517,0.884,1,10,Current,0,Medium,14935.62
LOAN009108,714.0,0.352,,0,0,Current,0,Low,8621.41
LOAN009109,672.0,0.412,0.645,0,0,Current,0,Low,43607.81
LOAN009110,621.0,0.81,0.605,3,83,DEFAULTED,1,High,220394.28
LOAN009111,717.0,0.456,0.77,0,0,Current,0,Low,5657.54
LOAN009112,690.0,0.594,0.784,0,0,Current,0,low,19423.7
LOAN009113,716.0,0.598,0.912,0,0,Paid Off,0,Low,55674.32
LOAN009114,641.0,0.503,0.672,3,24,Current,0,Medium,77540.73
LOAN009115,624.0,0.666,0.896,1,13,Current,0,Medium,139719.61
LOAN009116,589.0,1.133,0.601,5,55,Current,0,High,773935.59
LOAN009117,639.0,0.537,,4,68,Late,0,Medium,15932.76
LOAN009118,677.0,0.641,0.686,0,0,Paid Off,0,Medium,7504.83
LOAN009119,694.0,0.444,0.576,0,0,Current,0,Low,3439.43
LOAN009120,679.0,0.691,0.903,0,0,Current,0,Medium,237709.44
LOAN009121,726.0,0.425,,1,20,Current,0,Low,8451.52
LOAN009122,687.0,0.399,0.852,0,0,Paid Off,0,Low,62289.93
LOAN009123,694.0,0.789,,5,100,Late,0,High,188448.43
LOAN009124,690.0,0.624,0.534,3,167,Defaulted,1,Medium,69684.24
LOAN009125,718.0,0.6,0.932,0,0,Current,0,Low,33984.76
LOAN009126,626.0,0.447,0.651,3,42,Current,0,Medium,31448.48
LOAN009127,640.0,0.789,0.678,2,30,Current,0,Medium,287203.99
LOAN009128,600.0,0.856,0.624,5,90,Late,0,High,288592.67
LOAN009129,678.0,0.446,0.67,0,0,Current,0,Low,74023.24
LOAN009130,624.0,0.808,,7,180,Defaulted,1,High,444137.23
LOAN009131,746.0,0.526,0.845,0,0,Current,0,Low,35067.56
LOAN009132,721.0,0.704,,0,0,Current,0,Low,56732.73
LOAN009133,570.0,0.8,0.835,3,27,Current,0,High,411360.84
LOAN009134,680.0,0.338,0.761,0,0,Current,0,Low,2384.27
LOAN009135,717.0,0.493,0.592,0,0,Current,0,Low,2283.85
LOAN009136,689.0,0.684,0.578,0,0,Current,0,Medium,69387.56
LOAN009137,687.0,0.218,0.642,1,12,Current,0,Low,4573.54
LOAN009138,700.0,0.456,0.631,0,0,Current,0,Low,7039.2
LOAN009139,712.0,0.217,,0,0,Current,0,Low,5307.33
LOAN009140,659.0,0.354,0.609,0,0,Current,0,Low,1748.62
LOAN009141,689.0,0.799,,3,51,Current,0,Medium,22215.44
LOAN009142,705.0,0.57,0.898,0,0,Current,0,Low,30647.64
LOAN009143,609.0,0.7,,3,69,current,0,Medium,847273.96
LOAN009144,671.0,0.806,0.902,5,145,Defaulted,1,High,664068.05
LOAN009145,697.0,0.063,0.655,1,11,Current,0,Low,1938.1
LOAN009146,774.0,0.466,0.525,7,180,Written Off,1,Medium,23095.54
LOAN009147,656.0,0.581,0.608,1,14,Current,0,Medium,31761.76
LOAN009148,639.0,0.733,,5,70,Late,0,High,143127.18
LOAN009149,707.0,0.476,0.7,1,22,Current,0,Low,84250.94
LOAN009150,662.0,0.55,0.725,0,0,Current,0,Medium,12145.76
LOAN009151,631.0,0.524,0.761,4,68,Current,0,Medium,54851.63
LOAN009152,744.0,0.385,,0,0,Current,0,Low,6067.85
LOAN009153,624.0,1.171,0.543,0,0,Current,0,Medium,825017.99
LOAN009154,696.0,0.348,0.9,2,38,Current,0,Medium,73384.1
LOAN009155,769.0,0.426,0.66,1,11,Current,0,Low,3439.31
LOAN009156,727.0,0.649,0.527,0,0,Current,0,Low,292025.93
LOAN009157,731.0,0.617,0.818,0,0,Current,0,Low,92611.45
LOAN009158,622.0,0.764,0.671,2,18,Current,0,Medium,207391.16
LOAN009159,661.0,0.984,0.832,1,13,Current,0,Medium,1073386.62
LOAN009160,720.0,0.755,0.558,4,36,Current,0,Medium,193009.33
LOAN009161,675.0,0.433,0.543,1,24,Current,0,Low,4056.6
LOAN009162,639.0,0.424,0.75,3,66,Current,0,Medium,75281.81
LOAN009163,658.0,0.761,0.58,1,9,Current,0,Medium,20482.91
LOAN009164,642.0,0.51,0.771,4,36,Current,0,Medium,56311.03
LOAN009165,619.0,1.152,0.501,2,50,Current,0,High,1277166.88
LOAN009166,713.0,0.298,0.632,1,25,Current,0,Low,2133.73
LOAN009167,614.0,0.754,,3,60,Current,0,Medium,53192.3
LOAN009168,654.0,0.69,,0,0,Current,0,Medium,35279.69
LOAN009169,690.0,0.614,0.541,0,0,Current,0,Low,5496.25
LOAN009170,678.0,0.382,0.559,0,0,Current,0,Low,13704.04
LOAN009171,773.0,0.447,0.575,0,0,Current,0,Low,27101.34
LOAN009172,564.0,1.35,0.576,3,180,Defaulted,1,High,2201116.17
LOAN009173,668.0,0.794,0.76,8,136,Restructured,0,High,59962.77
LOAN009174,,0.937,0.774,4,60,Current,0,High,120211.26
LOAN009175,601.0,1.064,0.695,6,157,Defaulted,1,High,822421.26
LOAN009176,663.0,0.59,0.861,0,0,Current,0,Medium,194069.58
LOAN009177,690.0,0.468,,0,0,Paid Off,0,Low,14020.41
LOAN009178,728.0,0.273,0.575,0,0,Current,0,Low,2975.15
LOAN009179,711.0,0.5,0.634,0,0,Current,0,Low,6891.3
LOAN009180,679.0,0.819,0.588,3,42,Current,0,Medium,74271.07
LOAN009181,690.0,0.432,0.534,0,0,Paid Off,0,Low,46309.01
LOAN009182,658.0,0.726,,1,9,Current,0,Medium,10112.42
LOAN009183,771.0,0.476,0.735,0,0,Current,0,Low,52186.12
LOAN009184,684.0,0.683,0.672,0,0,Current,0,Medium,32343.47
LOAN009185,648.0,0.449,,3,63,Current,0,Medium,15496.19
LOAN009186,621.0,0.914,0.749,3,51,Current,0,High,263076.3
LOAN009187,744.0,0.334,,0,0,Current,0,Low,19481.24
LOAN009188,736.0,0.569,,0,0,Paid Off,0,Low,15902.24
LOAN009189,683.0,0.472,,1,25,Current,0,Medium,13363.25
LOAN009190,672.0,0.624,0.531,0,0,Current,0,Medium,13704.08
LOAN009191,662.0,0.711,0.721,0,0,Current,0,Medium,327791.64
LOAN009192,628.0,0.42,,3,75,Current,0,Medium,20907.45
LOAN009193,644.0,0.621,0.665,3,24,Current,0,Medium,31011.81
LOAN009194,642.0,0.322,,4,72,Late,0,Medium,35470.62
LOAN009195,712.0,0.306,,1,17,CURRENT,0,Low,7047.61
LOAN009196,707.0,0.585,0.76,2,18,Current,0,Medium,89605.05
LOAN009197,642.0,0.267,0.574,3,57,Current,0,Medium,31377.15
LOAN009198,671.0,0.565,0.576,0,0,Current,0,Low,119174.43
LOAN009199,677.0,0.591,0.809,0,0,Current,0,Medium,50835.48
LOAN009200,686.0,0.373,0.527,1,8,Current,0,Low,29989.05
LOAN009201,653.0,0.217,0.636,0,0,Current,0,Low,2932.64
LOAN009202,688.0,0.096,,0,0,Current,0,Low,2106.58
LOAN009203,717.0,0.595,,0,0,Paid Off,0,Low,51905.83
LOAN009204,645.0,0.507,,5,125,Defaulted,1,Medium,30413.68
LOAN009205,697.0,0.694,0.784,0,0,Current,0,Medium,152841.03
LOAN009206,767.0,0.197,,1,22,Current,0,Low,2811.1
LOAN009207,653.0,0.326,0.556,1,22,Current,0,Low,28013.42
LOAN009208,667.0,0.381,0.616,0,0,Current,0,Low,13759.56
LOAN009209,720.0,0.766,0.897,1,22,Current,0,Medium,194572.89
LOAN009210,608.0,0.659,,0,0,Current,0,Medium,58209.35
LOAN009211,658.0,0.607,,0,0,Current,0,Medium,29822.54
LOAN009212,717.0,0.224,,0,0,Current,0,Low,3968.23
LOAN009213,691.0,0.943,,2,46,Current,0,Medium,278199.29
LOAN009214,663.0,0.731,0.845,4,60,Current,0,Medium,131692.22
LOAN009215,682.0,0.491,0.614,0,0,Current,0,Low,28465.99
LOAN009216,654.0,0.791,0.566,2,50,Current,0,Medium,219746.08
LOAN009217,672.0,0.768,,3,30,Current,0,Medium,40448.66
LOAN009218,704.0,0.214,0.811,0,0,Paid Off,0,Low,2292.87
LOAN009219,668.0,0.816,0.639,1,21,current,0,Medium,85656.82
LOAN009220,738.0,0.325,,0,0,Current,0,Low,2323.12
LOAN009221,625.0,0.882,,3,77,Defaulted,1,High,1263501.83
LOAN009222,716.0,0.337,0.592,0,0,Current,0,Low,3345.36
LOAN009223,651.0,0.859,0.577,1,25,Current,0,Medium,124423.4
LOAN009224,669.0,0.315,,1,25,Current,0,Low,3800.59
LOAN009225,636.0,0.308,,3,45,Paid Off,0,Medium,4774.51
LOAN009226,609.0,0.751,0.554,0,0,Current,0,Medium,659684.38
LOAN009227,681.0,0.802,0.561,1,8,Current,0,Medium,91574.78
LOAN009228,705.0,0.226,0.821,1,20,Current,0,Low,2272.98
LOAN009229,693.0,0.549,0.539,0,0,Current,0,Low,9109.77
LOAN009230,616.0,0.571,,1,9,current,0,Medium,30555.4
LOAN009231,704.0,0.352,0.631,0,0,Paid Off,0,Low,10967.9
LOAN009232,651.0,0.422,,0,0,Current,0,Low,10167.98
LOAN009233,640.0,0.353,,6,114,Late,0,Medium,10441.58
LOAN009234,663.0,0.462,,0,0,Current,0,Low,6556.45
LOAN009235,694.0,1.124,0.616,1,12,Current,0,Medium,372587.11
LOAN009236,617.0,0.659,0.732,3,75,Restructured,0,Medium,75616.67
LOAN009237,678.0,0.576,0.546,0,0,Current,0,Low,15215.89
LOAN009238,691.0,0.589,0.554,5,155,Defaulted,1,Medium,153407.46
LOAN009239,649.0,0.54,,4,100,Late,0,Medium,13136.34
LOAN009240,653.0,0.564,0.747,0,0,Current,0,Medium,26099.81
LOAN009241,690.0,0.848,0.508,6,114,Current,0,High,167269.33
LOAN009242,638.0,1.11,0.862,3,159,Written Off,1,High,1405568.46
LOAN009243,678.0,0.732,0.793,3,36,Current,0,Medium,190153.17
LOAN009244,728.0,0.192,,0,0,Current,0,low,3767.99
LOAN009245,,0.337,,0,0,Current,0,Low,4352.83
LOAN009246,645.0,0.829,0.708,3,30,Current,0,Medium,339798.49
LOAN009247,663.0,1.039,0.546,3,36,Current,0,Medium,497367.23
LOAN009248,738.0,0.265,0.836,1,23,Paid Off,0,Low,4637.8
LOAN009249,651.0,0.459,,0,0,Current,0,Low,11287.79
LOAN009250,704.0,0.863,0.534,1,25,Current,0,Medium,106990.56
LOAN009251,628.0,0.575,0.51,1,15,Current,0,Medium,17127.14
LOAN009252,650.0,0.844,,1,12,Current,0,Medium,24810.24
LOAN009253,703.0,0.615,0.674,4,180,Written Off,1,Medium,46784.9
LOAN009254,654.0,0.394,0.74,0,0,Current,0,Low,6559.35
LOAN009255,599.0,0.484,,3,69,Late,0,Medium,24563.14
LOAN009256,706.0,1.164,0.772,4,144,Defaulted,1,High,371996.94
LOAN009257,640.0,0.891,0.861,1,23,Current,0,Medium,1672910.81
LOAN009258,684.0,0.863,0.659,3,36,Current,0,Medium,141035.18
LOAN009259,649.0,0.681,0.878,4,140,Defaulted,1,High,259642.5
LOAN009260,630.0,0.8,0.636,3,27,Current,0,Medium,196998.42
LOAN009261,748.0,0.523,0.683,1,8,Current,0,Low,97718.52
LOAN009262,631.0,0.355,0.543,5,50,Current,0,Medium,5420.26
LOAN009263,674.0,0.637,0.581,6,180,Defaulted,1,High,34117.73
LOAN009264,642.0,0.496,0.765,5,90,Restructured,0,Medium,17110.41
LOAN009265,626.0,0.614,0.531,2,20,Current,0,Medium,71997.2
LOAN009266,685.0,0.289,,0,0,Current,0,Low,2990.74
LOAN009267,701.0,0.755,0.633,2,20,Current,0,Medium,163007.37
LOAN009268,703.0,0.42,0.513,0,0,Current,0,Low,18114.77
LOAN009269,687.0,0.516,,3,33,Current,0,Medium,7975.85
LOAN009270,722.0,0.345,,0,0,Current,0,Low,16922.44
LOAN009271,716.0,0.522,,1,25,Current,0,Low,9936.64
LOAN009272,653.0,0.823,,4,91,Defaulted,1,High,219587.4
LOAN009273,702.0,0.222,0.591,0,0,Paid Off,0,Low,2771.29
LOAN009274,658.0,0.254,0.926,1,20,Current,0,Low,3348.69
LOAN009275,641.0,0.619,0.782,7,77,Late,0,High,41926.13
LOAN009276,692.0,0.604,0.933,0,0,Current,0,Low,12648.68
LOAN009277,654.0,0.697,,0,0,Current,0,Medium,17406.5
LOAN009278,687.0,0.243,,0,0,Current,0,Low,3530.35
LOAN009279,716.0,0.644,0.589,0,0,Current,0,Low,198955.7
LOAN009280,657.0,0.659,,0,0,Current,0,Medium,12802.17
LOAN009281,679.0,0.261,0.785,0,0,Current,0,Low,22197.68
LOAN009282,680.0,0.464,,0,0,Current,0,Low,20674.45
LOAN009283,637.0,0.473,,3,30,Paid Off,0,Medium,19441.51
LOAN009284,705.0,0.738,,5,80,Late,0,Medium,50589.97
LOAN009285,611.0,0.457,0.737,6,84,Current,0,High,50227.0
LOAN009286,599.0,0.822,0.621,1,21,Current,0,Medium,218396.97
LOAN009287,647.0,0.719,0.926,4,68,Late,0,Medium,78938.21
LOAN009288,658.0,0.582,,0,0,Current,0,Medium,5753.38
LOAN009289,665.0,0.979,0.596,6,102,Restructured,0,High,386238.74
LOAN009290,704.0,0.722,0.56,1,23,Current,0,Medium,29503.44
LOAN009291,710.0,0.466,0.788,0,0,Current,0,Low,25570.34
LOAN009292,611.0,0.866,0.598,2,32,Current,0,Medium,232121.72
LOAN009293,703.0,0.41,0.845,0,0,Current,0,Low,11412.79
LOAN009294,664.0,0.703,0.579,0,0,Current,0,Medium,90792.1
LOAN009295,692.0,0.275,,1,18,Current,0,Low,33060.21
LOAN009296,668.0,0.505,,0,0,Current,0,Low,18427.72
LOAN009297,717.0,0.44,0.8,0,0,Current,0,Low,58448.05
LOAN009298,638.0,0.685,0.723,2,50,Current,0,Medium,330976.93
LOAN009299,676.0,0.966,,0,0,Current,0,Medium,573675.24
LOAN009300,645.0,1.073,,3,69,Late,0,High,721823.36
LOAN009301,698.0,0.852,0.735,0,0,Current,0,Medium,122486.19
LOAN009302,662.0,0.613,0.617,1,20,Current,0,Medium,19398.52
LOAN009303,789.0,0.176,0.529,0,0,Current,0,Low,432.06
LOAN009304,753.0,0.367,0.64,0,0,Current,0, low ,5663.95
LOAN009305,718.0,0.441,,0,0,Current,0,Low,8170.42
LOAN009306,641.0,0.427,,0,0,Current,0,Low,35950.41
LOAN009307,696.0,0.568,0.68,0,0,Current,0,Low,34410.0
LOAN009308,679.0,0.148,0.673,0,0,Current,0,Low,7526.01
LOAN009309,694.0,0.402,0.521,0,0,Current,0,Low,4080.0
LOAN009310,755.0,0.111,0.602,0,0,Current,0,Low,4243.21
LOAN009311,692.0,0.532,,5,180,Defaulted,1,Medium,2220.51
LOAN009312,716.0,0.332,,0,0,Current,0,Low,2526.57
LOAN009313,685.0,0.575,,0,0,Current,0,Low,7614.24
LOAN009314,684.0,0.299,,0,0,Current,0,Low,5874.24
LOAN009315,712.0,0.242,0.539,0,0,Current,0,Low,2335.64
LOAN009316,691.0,0.394,,1,13,Current,0,Low,5640.14
LOAN009317,670.0,0.172,,1,16,Paid Off,0,Low,1106.94
LOAN009318,662.0,0.419,,0,0,Current,0,Low,15450.8
LOAN009319,647.0,0.754,0.68,4,64,Restructured,0,Medium,40778.19
LOAN009320,739.0,0.676,0.55,0,0,Current,0,Low,20039.68
LOAN009321,683.0,0.533,0.595,1,22,Current,0,Medium,91446.67
LOAN009322,590.0,0.628,,3,57,Current,0,Medium,43196.16
LOAN009323,702.0,0.059,,0,0,Current,0,Low,2900.92
LOAN009324,727.0,0.348,0.53,0,0,Current,0,Low,19203.22
LOAN009325,655.0,0.946,,8,172,Defaulted,1,High,725773.64
LOAN009326,724.0,0.426,0.598,0,0,Current,0,Low,17201.09
LOAN009327,697.0,0.448,,1,15,Current,0,Low,10832.34
LOAN009328,787.0,0.429,0.685,0,0,Current,0,Low,4096.13
LOAN009329,651.0,0.744,0.818,3,24,Current,0,Medium,456201.84
LOAN009330,641.0,0.762,,0,0,Current,0,Medium,48501.43
LOAN009331,646.0,0.543,0.511,6,180,Defaulted,1,High,169006.83
LOAN009332,704.0,0.195,0.808,0,0,Current,0,Low,8137.54
LOAN009333,,0.303,,6,114,Late,0,Medium,8559.77
LOAN009334,682.0,0.488,,0,0,Current,0,Low,8585.21
LOAN009335,698.0,0.323,,0,0,Current,0,Low,5959.16
LOAN009336,725.0,0.438,0.529,0,0,Paid Off,0,Low,14164.61
LOAN009337,668.0,0.592,0.601,1,16,Current,0,Medium,6865.92
LOAN009338,567.0,0.979,0.801,4,60,Current,0,High,680361.22
LOAN009339,729.0,0.706,0.563,1,21,Current,0,Medium,60440.52
LOAN009340,665.0,0.483,0.569,0,0,Current,0,Low,44730.82
LOAN009341,651.0,0.285,0.51,5,131,Defaulted,1,Medium,1996.9
LOAN009342,654.0,0.527,,1,23,Current,0,Medium,15745.67
LOAN009343,663.0,0.929,0.556,2,40,Current,0,Medium,94853.0
LOAN009344,710.0,0.154,,0,0,Current,0,Low,2373.48
LOAN009345,649.0,0.689,0.712,2,36,Current,0,Medium,169325.39
LOAN009346,641.0,1.068,0.835,9,170,Defaulted,1,High,589880.95
LOAN009347,595.0,0.885,0.744,2,160,Defaulted,1,High,203330.77
LOAN009348,757.0,0.299,,2,36,current,0,Low,4984.62
LOAN009349,681.0,0.244,0.829,0,0,Current,0,Low,2446.36
LOAN009350,630.0,0.551,,5,110,Late,0,High,30642.85
LOAN009351,720.0,0.66,0.584,0,0,Current,0,Low,188224.86
LOAN009352,671.0,0.672,0.746,0,0,Current,0,Medium,80116.25
LOAN009353,671.0,0.763,,2,46,Current,0,Medium,14287.88
LOAN009354,682.0,0.336,0.715,1,9,Current,0,Low,57305.76
LOAN009355,607.0,0.652,,2,46,Current,0,Medium,16310.69
LOAN009356,667.0,0.682,0.541,1,20,Current,0,Medium,94511.15
LOAN009357,,0.889,,2,38,Paid Off,0,Medium,1186376.12
LOAN009358,634.0,0.587,0.623,1,15,Current,0,Medium,103894.55
LOAN009359,682.0,0.185,,0,0,Current,0,Low,1899.27
LOAN009360,679.0,0.627,0.918,3,158,Defaulted,1,Medium,33697.68
LOAN009361,670.0,0.9,0.898,3,66,Current,0,Medium,352897.46
LOAN009362,667.0,0.632,0.671,0,0,Current,0,Medium,10368.0
LOAN009363,643.0,0.674,0.935,6,180,Defaulted,1,High,699617.46
LOAN009364,618.0,0.687,0.691,7,162,Defaulted,1,High,339931.45
LOAN009365,590.0,1.33,0.503,4,150,Defaulted,1,High,399597.49
LOAN009366,719.0,0.449,0.617,0,0,Current,0,Low,6222.16
LOAN009367,677.0,0.279,0.607,1,13,Paid Off,0,Low,13254.2
LOAN009368,641.0,0.754,0.656,1,13,Current,0,Medium,498354.84
LOAN009369,636.0,0.909,0.591,4,40,Current,0,High,162517.9
LOAN009370,739.0,0.565,0.773,8,180,Defaulted,1,High,30185.78
LOAN009371,677.0,0.539,0.624,0,0,Current,0,Low,97298.95
LOAN009372,627.0,0.606,0.831,2,50,Current,0,Medium,756998.44
LOAN009373,698.0,0.339,0.766,0,0,Current,0,Low,3405.56
LOAN009374,660.0,1.027,0.653,1,8,Paid Off,0,Medium,489623.11
LOAN009375,732.0,0.532,0.633,2,116,Defaulted,1,Medium,74458.93
LOAN009376,693.0,0.672,,0,0,Current,0,Low,30896.55
LOAN009377,652.0,0.6,0.505,0,0,Current,0,Medium,86208.72
LOAN009378,711.0,0.481,0.618,0,0,Current,0,Low,22807.09
LOAN009379,771.0,0.54,0.903,0,0,Current,0,Low,95642.49
LOAN009380,680.0,0.771,,1,16,Paid Off,0,Medium,56028.08
LOAN009381,626.0,0.564,0.747,6,156,Defaulted,1,High,306909.91
LOAN009382,688.0,0.626,,0,0,Current,0,Low,53347.64
LOAN009383,711.0,0.329,0.531,0,0,Current,0,Low,2337.5
LOAN009384,722.0,0.207,0.513,0,0,Current,0,Low,19967.68
LOAN009385,702.0,0.75,0.725,0,0,Current,0,Medium,138104.93
LOAN009386,609.0,0.655,0.946,6,66,Restructured,0,High,151515.5
LOAN009387,711.0,0.68,0.582,0,0,Current,0,Low,141630.12
LOAN009388,675.0,0.842,,2,50,Paid Off,0,Medium,9413.99
LOAN009389,705.0,0.503,,0,0,Current,0,Low,74464.18
LOAN009390,600.0,0.626,0.512,1,17,Current,0,Medium,173290.19
LOAN009391,571.0,0.954,0.501,3,48,Current,0,High,701226.03
LOAN009392,662.0,0.822,0.66,3,48,Current,0,Medium,138673.06
LOAN009393,659.0,0.214,,0,0,Current,0,Low,7922.4
LOAN009394,665.0,0.658,0.578,1,23,Current,0,Medium,116352.61
LOAN009395,696.0,0.651,0.535,1,18,Current,0,Medium,73380.08
LOAN009396,711.0,0.368,,1,24,Current,0,Low,6098.23
LOAN009397,725.0,0.419,0.812,0,0,Current,0,Low,29689.93
LOAN009398,,0.885,0.786,5,175,Defaulted,1,High,1060062.6
LOAN009399,,0.646,0.781,1,22,Current,0,Medium,27569.71
LOAN009400,689.0,0.743,0.526,3,127,Defaulted,1,Medium,117580.01
LOAN009401,714.0,0.612,0.74,0,0,Current,0,Low,162107.03
LOAN009402,,0.436,,4,171,Defaulted,1,Medium,110322.46
LOAN009403,632.0,0.17,0.654,2,38, CURRENT ,0,Medium,2032.86
LOAN009404,763.0,0.549,,0,0,Current,0,Low,10942.98
LOAN009405,606.0,0.65,0.604,2,42,Current,0,Medium,72306.18
LOAN009406,691.0,0.317,0.52,0,0, Paid Off ,0,Low,2208.06
LOAN009407,666.0,0.46,0.582,0,0,Current,0,Low,3994.92
LOAN009408,735.0,0.292,0.731,1,18,Paid Off,0,Low,4560.19
LOAN009409,703.0,0.153,0.837,0,0,Current,0,Low,1652.9
LOAN009410,683.0,0.541,0.515,0,0,Current,0,Low,17519.11
LOAN009411,690.0,0.522,,0,0,Current,0,Low,11495.82
LOAN009412,,0.406,,1,16,Current,0,Low,8509.82
LOAN009413,643.0,0.826,0.773,1,16,Current,0,Medium,149365.22
LOAN009414,680.0,0.754,0.576,5,40,Current,0,Medium,34658.57
LOAN009415,695.0,0.272,0.609,0,0,Current,0,Low,3399.66
LOAN009416,672.0,0.532,0.794,0,0,Current,0,Low,8034.31
LOAN009417,660.0,0.794,0.788,4,40,Current,0, medium ,5558.91
LOAN009418,685.0,0.587,,1,19,Current,0,Medium,28059.34
LOAN009419,702.0,0.654,,0,0,Current,0,Low,15718.56
LOAN009420,716.0,0.137,,0,0,Current,0, low ,7377.3
LOAN009421,703.0,0.514,,0,0,Current,0,Low,10107.63
LOAN009422,635.0,0.482,0.921,3,75,Late,0,Medium,106725.11
LOAN009423,624.0,1.061,0.814,3,180,Defaulted,1,High,474883.05
LOAN009424,675.0,0.825,0.73,3,60,Current,0,Medium,112910.44
LOAN009425,685.0,0.273,,0,0,Current,0,Low,8481.6
LOAN009426,697.0,0.658,0.528,0,0,Current,0,Low,6671.37
LOAN009427,685.0,0.437,0.503,1,10,Current,0,Low,4213.13
LOAN009428,660.0,0.532,0.728,0,0,Current,0,Low,13607.7
LOAN009429,660.0,,0.554,3,57,Current,0,Medium,16977.46
LOAN009430,731.0,0.4,0.55,1,19,Current,0,Low,24377.44
LOAN009431,637.0,1.011,0.66,4,167,Defaulted,1,High,622732.83
LOAN009432,717.0,0.588,0.691,1,16,Current,0,Low,12934.71
LOAN009433,677.0,0.532,0.665,0,0,Current,0,Low,116379.95
LOAN009434,682.0,0.459,0.95,0,0,Current,0,Low,48841.69
LOAN009435,690.0,0.543,0.559,0,0,Current,0,Low,2026.49
LOAN009436,621.0,0.705,0.601,2,40,Current,0,Medium,231708.43
LOAN009437,725.0,0.318,0.658,0,0,Current,0,Low,28530.94
LOAN009438,695.0,0.142,,0,0,Current,0,Low,3404.57
LOAN009439,659.0,0.954,0.528,3,51,Current,0,Medium,154300.84
LOAN009440,702.0,0.481,,0,0,Current,0,Low,12842.15
LOAN009441,739.0,0.806,0.902,3,57,Current,0,Medium,206423.09
LOAN009442,673.0,0.405,,0,0,Current,0,Low,5116.5
LOAN009443,665.0,0.39,0.592,0,0,Current,0,Low,13483.15
LOAN009444,671.0,0.408,0.504,0,0,Current,0,Low,53905.91
LOAN009445,630.0,0.643,,3,72,Late,0,Medium,21760.32
LOAN009446,735.0,0.645,,0,0,Paid Off,0,Low,24142.4
LOAN009447,618.0,0.882,0.597,1,8,Current,0,Medium,1617356.17
LOAN009448,689.0,0.317,0.515,0,0,Current,0,Low,32844.87
LOAN009449,,0.697,0.947,0,0,Current,0,Medium,253873.36
LOAN009450,735.0,0.31,0.561,3,137,Defaulted,1,Medium,5290.86
LOAN009451,668.0,0.356,,1,19,Current,0,Low,8745.68
LOAN009452,724.0,0.556,0.919,0,0,Current,0,Low,94832.81
LOAN009453,587.0,0.798,0.626,5,50,Current,0,High,249374.67
LOAN009454,649.0,0.497,0.948,0,0,Current,0,Medium,216711.33
LOAN009455,768.0,0.329,,0,0,Current,0,Low,18669.76
LOAN009456,703.0,0.332,0.703,1,12,Current,0,Low,5235.91
LOAN009457,724.0,0.586,0.5,1,22,Current,0,Low,78248.91
LOAN009458,670.0,0.513,0.898,0,0,Paid Off,0,Low,112707.7
LOAN009459,699.0,0.539,0.64,0,0,Current,0,Low,15747.74
LOAN009460,,0.648,0.588,5,123,Defaulted,1,HIGH,50540.71
LOAN009461,630.0,0.694,,5,90,Late,0,High,183539.36
LOAN009462,676.0,0.868,,2,34, current ,0,Medium,21741.09
LOAN009463,722.0,0.348,0.929,0,0,Current,0,Low,7219.98
LOAN009464,714.0,0.596,0.825,3,36,Current,0,Medium,97302.19
LOAN009465,638.0,0.732,0.593,3,48,Current,0,Medium,705466.63
LOAN009466,700.0,0.395,0.699,4,143,Defaulted,1,Medium,13947.37
LOAN009467,645.0,0.817,0.877,3,27,Current,0,Medium,25749.31
LOAN009468,563.0,0.599,0.636,7,180,Defaulted,1,High,125985.13
LOAN009469,659.0,0.654,0.719,0,0,Current,0,Medium,33879.99
LOAN009470,600.0,1.21,0.926,3,60,Current,0,High,1636655.88
LOAN009471,709.0,0.642,0.546,0,0,Current,0,Low,157117.21
LOAN009472,679.0,0.267,0.787,0,0,Current,0,Low,4952.39
LOAN009473,618.0,1.038,0.833,7,109,Defaulted,1,High,843763.59
LOAN009474,663.0,0.546,0.596,0,0,Current,0,Low,159607.83
LOAN009475,669.0,0.267,,0,0,Paid Off,0,Low,7413.04
LOAN009476,679.0,0.584,,1,15,Current,0,Medium,12940.99
LOAN009477,632.0,0.956,,3,79,Defaulted,1,High,2148260.2
LOAN009478,627.0,0.441,0.92,1,10,Current,0,Medium,48901.38
LOAN009479,704.0,0.515,0.505,0,0,Current,0,Low,65653.53
LOAN009480,690.0,0.719,0.611,0,0,Current,0,Medium,139310.84
LOAN009481,599.0,1.022,0.794,1,91,Defaulted,1,High,1374133.28
LOAN009482,625.0,1.025,0.724,2,71,Defaulted,1,high,578528.78
LOAN009483,675.0,0.622,0.664,0,0,Current,0,Medium,109114.13
LOAN009484,662.0,0.736,0.552,5,85,Late,0,High,120421.04
LOAN009485,686.0,0.486,,0,0,Current,0,Low,14595.84
LOAN009486,661.0,0.519,0.557,0,0,Current,0,Low,35766.51
LOAN009487,640.0,0.395,,0,0,Current,0,Low,20452.95
LOAN009488,713.0,0.193,,1,23,Current,0,Low,2344.92
LOAN009489,729.0,0.547,0.914,0,0,Current,0,Low,11494.93
LOAN009490,658.0,0.524,0.615,0,0,Current,0,Low,19598.33
LOAN009491,744.0,0.361,0.607,0,0,Current,0,Low,5697.44
LOAN009492,634.0,1.0,0.93,1,25,Current,0,Medium,433275.08
LOAN009493,685.0,0.895,0.651,1,11,Paid Off,0,Medium,311995.86
LOAN009494,709.0,0.967,0.565,1,14,Paid Off,0,Medium,118525.8
LOAN009495,701.0,0.303,,1,21,Current,0,Low,16216.5
LOAN009496,694.0,0.429,0.738,0,0,Current,0,Low,4743.32
LOAN009497,616.0,0.548,,3,66,Late,0,Medium,21169.33
LOAN009498,606.0,0.472,,1,23,CURRENT,0,Medium,38807.96
LOAN009499,667.0,0.247,,0,0,Current,0,Low,5281.03
LOAN009500,724.0,0.63,0.594,0,0,Current,0,Low,201536.4
LOAN009501,692.0,0.678,,0,0,Current,0,Low,24400.12
LOAN009502,699.0,0.252,0.813,0,0,Current,0,Low,991.05
LOAN009503,662.0,0.593,0.895,0,0,Current,0,Medium,196815.35
LOAN009504,636.0,0.728,0.805,5,60,Paid Off,0,High,186656.25
LOAN009505,624.0,0.778,,3,36,Current,0,Medium,299084.1
LOAN009506,690.0,0.266,,0,0,Current,0,Low,3247.22
LOAN009507,692.0,0.536,0.501,1,23,Current,0,Medium,62137.46
LOAN009508,655.0,0.666,,0,0,Current,0,Medium,14181.84
LOAN009509,642.0,0.605,,3,75,Late,0,Medium,19566.59
LOAN009510,636.0,0.775,0.629,4,44,Current,0,Medium,369941.54
LOAN009511,601.0,1.056,0.881,7,180,Defaulted,1,High,1146149.08
LOAN009512,681.0,0.548,,0,0,Current,0,Low,9445.26
LOAN009513,638.0,0.397,0.716,1,18,Current,0,Medium,78413.38
LOAN009514,674.0,0.352,0.915,0,0,Current,0,Low,23855.38
LOAN009515,684.0,0.38,0.63,0,0,Current,0,Low,11154.19
LOAN009516,705.0,0.229,0.678,0,0,Current,0,Low,2855.32
LOAN009517,624.0,0.838,0.809,2,24,Current,0,Medium,339397.77
LOAN009518,686.0,0.677,0.566,0,0,Current,0,Medium,62112.22
LOAN009519,649.0,0.501,0.68,1,12,Current,0,Medium,92666.85
LOAN009520,728.0,0.423,0.84,0,0,Current,0,Low,7897.48
LOAN009521,647.0,0.495,0.796,1,8,Current,0,Medium,98975.89
LOAN009522,689.0,0.454,0.592,0,0,Current,0,Low,3528.7
LOAN009523,707.0,0.263,0.593,0,0,Current,0,Low,3294.36
LOAN009524,591.0,0.907,0.668,2,48,Current,0,High,753518.43
LOAN009525,759.0,0.454,0.595,0,0,Current,0,Low,39208.3
LOAN009526,646.0,0.541,0.502,4,167,Defaulted,1,Medium,95620.41
LOAN009527,704.0,0.602,,1,9,Paid Off,0,Medium,17139.12
LOAN009528,693.0,0.86,0.513,9,180,Written Off,1,High,80934.82
LOAN009529,622.0,0.796,0.818,5,95,Late,0,High,243404.43
LOAN009530,750.0,0.361,,0,0,Current,0,Low,4053.88
LOAN009531,650.0,0.799,,0,0,Current,0,Medium,204759.22
LOAN009532,580.0,0.752,,4,44,Current,0,High,38340.83
LOAN009533,628.0,0.624,,2,122,Defaulted,1,Medium,42072.11
LOAN009534,708.0,0.32,0.828,0,0,Current,0,Low,2938.59
LOAN009535,620.0,0.717,0.528,2,44,Current,0,Medium,5928.85
LOAN009536,720.0,0.632,0.932,1,20,Current,0,Medium,252967.26
LOAN009537,624.0,1.018,0.555,2,78,Defaulted,1,High,752183.45
LOAN009538,630.0,0.96,0.529,3,30,Current,0,High,251189.35
LOAN009539,649.0,0.568,0.541,2,24,Current,0,Medium,13522.75
LOAN009540,705.0,0.921,0.623,3,63,Current,0,Medium,177503.82
LOAN009541,650.0,0.557,0.683,0,0,Current,0,Medium,48226.87
LOAN009542,639.0,0.464,0.816,2,16,Current,0,Medium,53168.74
LOAN009543,628.0,1.19,0.606,5,80,Late,0,High,793277.87
LOAN009544,699.0,0.522,0.617,0,0,Current,0,Low,30295.21
LOAN009545,623.0,0.749,0.862,2,36,Current,0,Medium,422150.64
LOAN009546,680.0,0.46,0.683,0,0,Current,0,Low,32835.68
LOAN009547,713.0,0.382,,0,0,Current,0,Low,15208.36
LOAN009548,705.0,0.883,0.838,3,39,Current,0,Medium,74570.84
LOAN009549,612.0,1.35,0.863,4,141,Defaulted,1,High,2196220.48
LOAN009550,672.0,0.514,,0,0,Current,0,Low,11557.23
LOAN009551,648.0,0.538,,5,105,Restructured,0,Medium,213871.97
LOAN009552,729.0,0.276,0.578,0,0,Current,0,Low,18584.23
LOAN009553,676.0,0.41,0.627,0,0,Current,0,Low,4169.57
LOAN009554,652.0,,0.697,2,44,Current,0,High,383810.21
LOAN009555,668.0,0.795,0.652,7,70,Current,0,High,465763.91
LOAN009556,704.0,0.352,0.523,0,0,Current,0,Low,17907.27
LOAN009557,682.0,0.753,0.568,1,14,Paid Off,0,Medium,31161.57
LOAN009558,685.0,0.616,0.817,0,0,Current,0, low ,13341.74
LOAN009559,667.0,0.932,0.726,1,11,Current,0,Medium,127129.94
LOAN009560,645.0,0.504,0.846,5,90,Late,0,Medium,116571.51
LOAN009561,739.0,0.789,0.674,1,20,Paid Off,0,Medium,206530.12
LOAN009562,742.0,0.587,0.82,1,15,Current,0,Low,66801.58
LOAN009563,682.0,0.788,0.574,1,21,Current,0,Medium,66441.48
LOAN009564,702.0,0.351,0.776,0,0,Current,0,Low,3528.48
LOAN009565,663.0,0.621,0.516,1,10,Current,0,Medium,70939.03
LOAN009566,587.0,0.671,0.854,3,45,Current,0,Medium,373773.63
LOAN009567,567.0,1.144,,2,121,Defaulted,1,High,1577479.7
LOAN009568,695.0,0.163,0.749,0,0,Current,0,Low,1378.96
LOAN009569,751.0,0.213,,0,0,Current,0,Low,9978.15
LOAN009570,672.0,0.333,0.514,1,18,Current,0,Low,5716.1
LOAN009571,656.0,0.704,0.542,0,0,Current,0,Medium,87847.12
LOAN009572,689.0,0.277,0.532,1,19,Current,0,Low,25720.67
LOAN009573,676.0,0.912,,2,16,Current,0,Medium,40721.08
LOAN009574,601.0,0.52,,3,63,Late,0,Medium,13350.4
LOAN009575,720.0,0.223,,0,0,Current,0,Low,4379.21
LOAN009576,647.0,0.693,0.724,3,63,Current,0,Medium,146641.49
LOAN009577,640.0,0.333,0.667,2,42,Current,0,Medium,18341.48
LOAN009578,635.0,0.636,,2,36,Current,0,Medium,71612.97
LOAN009579,751.0,0.263,0.758,0,0, current ,0,Low,3973.53
LOAN009580,721.0,0.563,,0,0,Current,0, LOW ,14784.44
LOAN009581,651.0,0.543,0.804,8,180,Defaulted,1,High,177630.46
LOAN009582,664.0,0.384,0.595,0,0,Current,0,Low,17721.62
LOAN009583,663.0,0.761,0.615,2,16,Current,0,Medium,417640.45
LOAN009584,683.0,0.911,0.532,4,64,Late,0,Medium,852564.92
LOAN009585,581.0,0.982,0.705,4,96,Late,0,High,312666.24
LOAN009586,691.0,0.3,0.598,0,0,Current,0,Low,3341.43
LOAN009587,707.0,0.351,0.712,1,15,Current,0,Low,4136.92
LOAN009588,691.0,0.363,,1,14,Current,0,Low,6658.19
LOAN009589,654.0,0.41,0.507,0,0,Current,0,Low,53617.18
LOAN009590,646.0,1.218,0.525,3,180,Defaulted,1,High,1807360.69
LOAN009591,743.0,0.296,0.63,1,10,Current,0,Low,1933.18
LOAN009592,702.0,0.256,0.531,0,0,Current,0,Low,5898.16
LOAN009593,658.0,1.097,0.546,2,44,Current,0,Medium,396195.51
LOAN009594,646.0,0.807,0.61,3,51,Paid Off,0,Medium,319631.22
LOAN009595,733.0,0.371,0.933,0,0,Paid Off,0,Low,3425.44
LOAN009596,690.0,0.654,0.803,0,0,Current,0,Medium,49641.12
LOAN009597,641.0,0.832,0.824,4,48,Current,0,High,233570.27
LOAN009598,690.0,0.464,0.712,1,20,Current,0,Low,12320.39
LOAN009599,638.0,0.556,0.533,4,72,Late,0,Medium,39826.13
LOAN009600,633.0,0.983,0.648,5,95, Restructured ,0,High,898095.92
LOAN009601,679.0,0.61,0.651,0,0,Current,0,Low,100666.8
LOAN009602,619.0,0.766,0.71,0,0,Current,0,Medium,334014.64
LOAN009603,609.0,0.698,0.62,1,22,Current,0,Medium,34965.52
LOAN009604,671.0,0.551,0.723,0,0,Current,0,Low,42334.05
LOAN009605,736.0,0.598,0.915,0,0,Current,0,Low,142173.55
LOAN009606,714.0,0.332,,1,9,Current,0,Low,7685.54
LOAN009607,639.0,1.35,0.637,4,143,Defaulted,1,High,1738878.03
LOAN009608,,0.697,,8,180,Defaulted,1,High,201072.97
LOAN009609,659.0,0.797,0.583,3,57,Current,0,Medium,59697.33
LOAN009610,641.0,0.947,0.634,1,20,Current,0,Medium,1104344.75
LOAN009611,662.0,1.08,0.566,5,85,Late,0,High,528610.8
LOAN009612,620.0,0.962,,3,30,Current,0,High,789674.48
LOAN009613,676.0,0.833,0.936,3,39,Current,0,Medium,160419.53
LOAN009614,659.0,0.675,0.639,0,0,Current,0,Medium,34431.36
LOAN009615,705.0,0.402,0.556,0,0,Current,0,Low,127202.42
LOAN009616,623.0,0.698,0.68,6,90,Late,0,High,178582.07
LOAN009617,614.0,0.633,0.553,6,114,Restructured,0,High,15929.59
LOAN009618,566.0,0.986,0.902,6,180,Defaulted,1,High,417337.71
LOAN009619,646.0,0.376,0.763,2,142,defaulted,1,Medium,150921.28
LOAN009620,699.0,0.425,,0,0,Current,0,Low,10418.08
LOAN009621,674.0,0.313,0.918,0,0,Current,0,Low,4778.99
LOAN009622,700.0,0.422,0.678,0,0,Current,0,Low,7280.55
LOAN009623,679.0,0.446,0.683,0,0,Current,0,Low,3031.93
LOAN009624,634.0,0.464,0.884,1,19,Current,0,Medium,248931.89
LOAN009625,,0.718,0.673,0,0,Current,0,Medium,22126.25
LOAN009626,682.0,0.301,0.739,0,0,Current,0, LOW ,11363.84
LOAN009627,677.0,0.647,0.6,1,13,Paid Off,0,Medium,101309.31
LOAN009628,672.0,0.549,0.562,0,0,Current,0,Low,12927.56
LOAN009629,720.0,0.258,,0,0,Current,0,low,4699.2
LOAN009630,658.0,0.486,0.806,0,0,Current,0,Low,93869.99
LOAN009631,669.0,0.328,0.637,0,0,Current,0,Low,9790.3
LOAN009632,716.0,0.808,0.772,6,180,Defaulted,1,High,135906.4
LOAN009633,711.0,0.206,,0,0,Current,0,Low,3055.82
LOAN009634,695.0,0.602,,0,0,Current,0, LOW ,9527.36
LOAN009635,769.0,0.355,,0,0,Current,0,Low,1516.36
LOAN009636,664.0,0.713,,0,0,Current,0,Medium,5898.23
LOAN009637,684.0,0.676,0.525,6,180, Defaulted ,1,High,45396.25
LOAN009638,653.0,0.78,0.675,1,17,Current,0,Medium,14603.74
LOAN009639,673.0,0.74,0.592,6,126,Late,0,High,257062.75
LOAN009640,713.0,0.627,0.624,0,0, CURRENT ,0,LOW,22860.37
LOAN009641,696.0,0.557,0.554,0,0,Paid Off,0,Low,91345.68
LOAN009642,695.0,0.311,0.543,0,0,Current,0,Low,3677.28
LOAN009643,662.0,0.51,0.535,0,0,Current,0,Low,17030.24
LOAN009644,703.0,0.267,,0,0,Current,0,Low,951.55
LOAN009645,642.0,0.573,0.901,5,55,Current,0,Medium,21080.78
LOAN009646,698.0,0.371,0.528,1,21,Current,0,Low,38657.69
LOAN009647,625.0,0.733,0.709,1,10,Paid Off,0,Medium,469906.0
LOAN009648,656.0,0.702,0.869,0,0,Current,0,Medium,120002.04
LOAN009649,627.0,0.449,0.648,0,0,Current,0,Medium,59844.94
LOAN009650,649.0,0.425,,1,20,Current,0,Medium,29218.27
LOAN009651,648.0,0.748,0.71,3,180,Defaulted,1,High,694347.22
LOAN009652,673.0,,0.518,0,0,Current,0,Low,69397.55
LOAN009653,,0.742,,4,48,Current,0,Medium,27038.01
LOAN009654,696.0,0.458,0.765,0,0,Current,0,Low,9471.91
LOAN009655,723.0,0.459,0.612,0,0,Current,0, LOW ,68403.45
LOAN009656,698.0,0.51,0.887,0,0,Current,0,Low,12266.3
LOAN009657,625.0,0.515,,2,40,Paid Off,0,Medium,17397.65
LOAN009658,640.0,0.777,0.552,2,32,Current,0,Medium,134579.87
LOAN009659,687.0,0.814,0.529,3,30,Current,0,Medium,58597.39
LOAN009660,723.0,0.259,,0,0,Current,0,Low,2049.17
LOAN009661,771.0,0.699,0.576,3,154,Written Off,1,Medium,78034.49
LOAN009662,695.0,0.363,0.556,0,0,Current,0,Low,5047.98
LOAN009663,718.0,0.984,0.614,2,46,Current,0,Medium,236610.51
LOAN009664,649.0,0.796,,6,108,Current,0,High,115614.51
LOAN009665,674.0,0.7,,0,0,Current,0,Medium,12176.07
LOAN009666,633.0,0.666,0.829,4,40,Current,0,Medium,14144.55
LOAN009667,736.0,0.319,,7,180,Defaulted,1,Medium,7654.05
LOAN009668,648.0,0.398,,5,55,Current,0,Medium,5373.94
LOAN009669,716.0,0.319,,0,0,Current,0,Low,6831.71
LOAN009670,663.0,0.387,,1,21,Current,0,Low,11022.86
LOAN009671,649.0,0.548,0.866,1,16,Current,0,Medium,167055.06
LOAN009672,700.0,0.621,0.641,0,0,Current,0,Low,100960.45
LOAN009673,660.0,0.589,0.816,0,0,Current,0,Medium,166583.79
LOAN009674,636.0,0.625,0.552,4,84,Late,0,Medium,93207.84
LOAN009675,617.0,0.774,0.514,2,16,Current,0,Medium,15675.81
LOAN009676,778.0,0.311,0.841,0,0,Paid Off,0,Low,8545.68
LOAN009677,667.0,0.264,,1,23,Current,0,Low,3212.06
LOAN009678,658.0,1.1,0.65,1,21,Current,0,Medium,344277.0
LOAN009679,669.0,0.786,0.525,2,50,Current,0,Medium,133983.97
LOAN009680,663.0,1.095,0.583,7,98,Current,0,High,319811.09
LOAN009681,635.0,0.641,0.517,1,15,Current,0,Medium,218857.79
LOAN009682,652.0,0.479,,7,155,Defaulted,1, high ,2244.85
LOAN009683,621.0,0.979,0.629,1,17,Current,0,Medium,393172.82
LOAN009684,666.0,0.414,,0,0,Paid Off,0,Low,8034.26
LOAN009685,695.0,0.829,0.655,2,28,Current,0,Medium,109633.55
LOAN009686,692.0,0.87,0.768,3,24,Current,0,Medium,233637.88
LOAN009687,,0.356,,0,0,Current,0,Low,9098.98
LOAN009688,667.0,0.513,0.502,0,0,Paid Off,0,Low,13723.12
LOAN009689,670.0,0.809,0.758,0,0,Current,0,Medium,226523.61
LOAN009690,717.0,0.118,,0,0,Current,0,Low,3720.43
LOAN009691,619.0,0.655,0.775,3,39,Current,0,Medium,156807.65
LOAN009692,676.0,1.08,0.928,2,40,Paid Off,0,Medium,475727.42
LOAN009693,623.0,1.174,0.657,3,121,Defaulted,1,High,1188709.59
LOAN009694,699.0,0.649,0.93,1,12,Current,0,Medium,94950.65
LOAN009695,654.0,0.445,0.516,1,18,Current,0,Medium,19514.82
LOAN009696,673.0,0.52,0.645,0,0,Current,0,Low,69554.26
LOAN009697,678.0,0.511,0.579,0,0,Current,0,Low,119032.68
LOAN009698,713.0,0.437,0.532,0,0,Current,0,Low,9117.23
LOAN009699,593.0,0.68,0.686,6,120,Late,0,High,217990.28
LOAN009700,618.0,0.663,0.531,3,33,Current,0,Medium,34222.82
LOAN009701,626.0,1.151,0.714,1,19,Current,0,Medium,1066174.74
LOAN009702,645.0,0.54,0.629,5,105,Restructured,0,Medium,178635.9
LOAN009703,658.0,0.865,0.864,5,125,Late,0,High,103360.4
LOAN009704,668.0,0.414,0.912,0,0,Paid Off,0,Low,4708.67
LOAN009705,681.0,0.515,0.502,0,0,Current,0,Low,3609.39
LOAN009706,609.0,0.778,0.892,5,128,Defaulted,1,High,368034.01
LOAN009707,618.0,0.699,,5,75,Late,0,High,93544.02
LOAN009708,610.0,1.054,0.604,4,88,Current,0,High,259592.73
LOAN009709,685.0,0.595,,0,0,Current,0,Low,63278.5
LOAN009710,697.0,0.739,0.928,4,56,Current,0,Medium,26476.5
LOAN009711,723.0,0.389,0.607,0,0,Current,0,Low,10906.12
LOAN009712,664.0,0.273,0.846,1,19,Current,0,Low,2773.68
LOAN009713,733.0,0.375,,0,0,Current,0,Low,7146.9
LOAN009714,662.0,0.423,0.74,0,0,Current,0,Low,6656.33
LOAN009715,679.0,0.741,0.56,0,0,Current,0,Medium,23726.69
LOAN009716,731.0,0.228,0.7,0,0,Current,0,Low,3092.39
LOAN009717,741.0,0.134,,0,0,Current,0,Low,1059.59
LOAN009718,569.0,0.966,,3,82,Written Off,1,High,691310.48
LOAN009719,681.0,0.768,,2,34,Current,0,Medium,231571.33
LOAN009720,737.0,0.467,,0,0,Current,0,Low,15411.57
LOAN009721,618.0,0.657,0.515,5,100,Late,0,High,16588.73
LOAN009722,733.0,0.356,,1,19,Current,0,Low,1665.46
LOAN009723,739.0,0.444,0.677,0,0,Current,0,Low,28470.94
LOAN009724,676.0,0.394,0.72,0,0,Current,0,Low,29672.56
LOAN009725,704.0,0.274,0.88,0,0,Current,0,Low,3259.89
LOAN009726,682.0,0.629,0.53,0,0,Current,0,Low,61838.29
LOAN009727,608.0,0.384,0.795,1,22,Current,0,Medium,34486.17
LOAN009728,,0.247,0.539,0,0,Current,0,Low,18688.95
LOAN009729,716.0,0.393,,0,0,Current,0,Low,20176.07
LOAN009730,761.0,0.109,0.583,1,11,Current,0,Low,1441.04
LOAN009731,690.0,0.475,0.694,1,15,Current,0,Low,5581.91
LOAN009732,677.0,0.422,0.574,0,0,Current,0,Low,60088.52
LOAN009733,586.0,0.905,0.875,4,180,Defaulted,1,High,338702.55
LOAN009734,752.0,0.367,,1,9,Current,0,Low,11991.39
LOAN009735,672.0,0.217,,0,0,Current,0,Low,2014.71
LOAN009736,672.0,0.439,,0,0,Current,0,Low,57448.97
LOAN009737,646.0,0.751,,1,8,Current,0,Medium,73024.9
LOAN009738,646.0,0.896,0.629,1,22,Current,0,Medium,280138.37
LOAN009739,682.0,0.393,0.734,0,0,Current,0,Low,8075.57
LOAN009740,633.0,0.878,0.857,4,52,Current,0,High,542921.72
LOAN009741,680.0,0.985,0.534,6,143,Defaulted,1,High,217953.72
LOAN009742,722.0,0.103,0.624,0,0,Current,0,Low,656.71
LOAN009743,693.0,0.398,,0,0,Current,0,Low,3542.51
LOAN009744,662.0,0.801,0.774,4,32,Current,0,Medium,259506.12
LOAN009745,620.0,0.84,0.861,3,42,Current,0,High,316753.26
LOAN009746,684.0,0.271,0.694,0,0,Current,0,Low,30633.35
LOAN009747,606.0,0.516,,2,44,Current,0,Medium,8091.64
LOAN009748,629.0,0.974,,4,48,Current,0,High,387528.36
LOAN009749,686.0,0.38,0.537,1,15,Current,0,Low,3996.5
LOAN009750,753.0,0.556,0.69,0,0,Current,0,Low,73882.71
LOAN009751,733.0,0.401,,0,0,Current,0,Low,25061.31
LOAN009752,685.0,0.329,,1,21,Paid Off,0,Low,13239.27
LOAN009753,693.0,0.725,0.866,3,54,Current,0,Medium,60738.74
LOAN009754,665.0,0.672,0.769,0,0,Current,0,Medium,147471.03
LOAN009755,703.0,0.524,0.77,0,0,Current,0,Low,5807.56
LOAN009756,665.0,0.443,0.913,0,0,Current,0,Low,32392.3
LOAN009757,737.0,0.697,0.622,0,0,Current,0,Low,95593.6
LOAN009758,677.0,0.477,,1,24,Current,0,Medium,7932.49
LOAN009759,700.0,0.376,0.506,0,0,Current,0,Low,12211.46
LOAN009760,608.0,0.228,0.636,4,92,Current,0,Medium,9562.7
LOAN009761,595.0,0.514,0.564,1,20,Current,0,Medium,28329.04
LOAN009762,709.0,0.179,,1,10,Current,0,Low,1894.48
LOAN009763,604.0,0.963,0.513,2,20,Current,0,Medium,446712.12
LOAN009764,626.0,0.638,0.774,4,40,Current,0,Medium,103299.69
LOAN009765,707.0,0.447,0.727,0,0,Paid Off,0,Low,6756.51
LOAN009766,695.0,0.124,,0,0,Current,0,Low,2958.57
LOAN009767,586.0,0.691,,4,64,Restructured,0,High,85787.04
LOAN009768,648.0,0.742,0.509,7,180,Defaulted,1,High,563640.06
LOAN009769,646.0,0.342,,4,44,Current,0, Medium ,5088.34
LOAN009770,594.0,1.109,0.612,5,120,Late,0,High,1382502.87
LOAN009771,644.0,0.442,,4,44,Current,0,Medium,15767.84
LOAN009772,756.0,0.385,0.799,0,0,Current,0,Low,24834.99
LOAN009773,641.0,0.585,0.526,5,120,Restructured,0,High,72291.29
LOAN009774,690.0,0.801,0.554,4,72,Late,0,Medium,252276.95
LOAN009775,687.0,0.586,,0,0,Current,0,Low,12518.76
LOAN009776,722.0,0.41,,1,8,Current,0,Low,11400.22
LOAN009777,693.0,0.54,0.545,1,13,Paid Off,0,Medium,42996.26
LOAN009778,688.0,0.405,0.773,1,9,Current,0,Low,58235.34
LOAN009779,692.0,0.444,0.594,0,0,Current,0,Low,10276.75
LOAN009780,678.0,0.344,0.561,0,0,Current,0,Low,32339.19
LOAN009781,702.0,0.376,0.549,0,0,Current,0,Low,7001.74
LOAN009782,619.0,0.791,0.873,4,166,Defaulted,1,High,423112.93
LOAN009783,642.0,0.368,0.876,3,36,Current,0,Medium,80107.24
LOAN009784,709.0,0.389,0.73,0,0,Current,0,Low,77188.07
LOAN009785,691.0,0.576,0.532,0,0,Current,0,Low,73331.63
LOAN009786,678.0,0.477,,0,0,Current,0,Low,8229.68
LOAN009787,670.0,0.385,,0,0,Current,0,Low,7209.55
LOAN009788,645.0,0.35,,4,72,Late,0,Medium,9266.28
LOAN009789,680.0,0.359,0.585,0,0,Current,0,Low,2212.01
LOAN009790,709.0,0.7,0.813,0,0, CURRENT ,0,Low,40375.4
LOAN009791,644.0,0.511,0.852,2,99,Defaulted,1,Medium,35962.71
LOAN009792,720.0,0.748,0.761,6,66,Restructured,0,Medium,14297.16
LOAN009793,690.0,0.417,0.673,0,0,Current,0,low,9168.08
LOAN009794,673.0,0.537,,0,0,Paid Off,0,Low,24183.21
LOAN009795,611.0,0.869,,7,180,Defaulted,1,High,234475.24
LOAN009796,686.0,0.603,0.649,1,25,Current,0, MEDIUM ,22608.88
LOAN009797,636.0,0.908,0.534,5,95,Current,0,High,1062506.44
LOAN009798,702.0,0.807,0.502,4,32,Current,0,Medium,67880.97
LOAN009799,627.0,0.418,,4,72,Current,0,Medium,9710.84
LOAN009800,665.0,0.582,,3,60,Current,0,Medium,130726.14
LOAN009801,691.0,0.629,0.645,0,0,Current,0,Low,83743.11
LOAN009802,680.0,0.674,,0,0,Current,0,Medium,28821.3
LOAN009803,669.0,1.021,,3,72,Late,0,High,853421.07
LOAN009804,640.0,0.622,0.592,4,60,Current,0,Medium,195804.77
LOAN009805,701.0,0.231,0.817,0,0,Current,0,Low,8354.66
LOAN009806,675.0,1.096,0.658,6,150,Current,0,High,954725.78
LOAN009807,709.0,0.726,0.665,3,72,Late,0,Medium,130385.25
LOAN009808,656.0,1.148,0.565,1,18,Current,0,Medium,759277.79
LOAN009809,658.0,0.979,0.746,1,24,Current,0,Medium,365958.73
LOAN009810,613.0,1.026,0.874,2,24,Current,0,High,945812.47
LOAN009811,708.0,0.411,,1,11,Current,0,Low,8191.76
LOAN009812,674.0,0.729,,0,0,Current,0,Medium,177454.2
LOAN009813,,0.978,0.535,5,147,Written Off,1,High,322062.22
LOAN009814,622.0,1.063,,3,33,Current,0,High,470777.45
LOAN009815,746.0,0.396,0.523,0,0,Current,0,Low,4712.38
LOAN009816,687.0,0.523,0.587,0,0,Current,0,Low,5141.26
LOAN009817,647.0,0.386,0.576,3,57,Current,0,Medium,11101.74
LOAN009818,698.0,0.265,0.895,1,19,Current,0,Low,4964.95
LOAN009819,682.0,0.397,0.808,0,0,CURRENT,0,Low,3521.15
LOAN009820,679.0,0.908,,3,69,Restructured,0,Medium,223837.45
LOAN009821,650.0,0.594,0.762,0,0,Current,0,Medium,73144.55
LOAN009822,657.0,0.807,0.58,2,20,Current,0,Medium,103566.66
LOAN009823,643.0,0.674,0.612,1,11,Current,0,Medium,32671.87
LOAN009824,668.0,0.471,0.546,0,0,Current,0,Low,15734.62
LOAN009825,676.0,0.473,0.552,1,20,Current,0,Medium,71303.38
LOAN009826,707.0,0.964,0.625,1,24,Current,0,Medium,388773.08
LOAN009827,733.0,0.377,0.56,0,0,Paid Off,0,Low,4794.62
LOAN009828,752.0,0.45,0.548,0,0,Current,0,Low,145421.17
LOAN009829,679.0,0.665,0.702,1,17,Current,0,Medium,270685.74
LOAN009830,635.0,0.885,0.615,2,48,Current,0,Medium,454399.91
LOAN009831,629.0,0.393,,3,36,Paid Off,0,Medium,62460.28
LOAN009832,565.0,1.141,0.914,4,56,Current,0,High,759847.44
LOAN009833,646.0,1.085,0.633,4,134,Defaulted,1,High,1539338.53
LOAN009834,703.0,0.462,0.561,0,0,Current,0,Low,5065.73
LOAN009835,694.0,0.157,,0,0,Paid Off,0,Low,1087.6
LOAN009836,599.0,1.015,0.615,1,97,Defaulted,1,High,495647.97
LOAN009837,692.0,0.331,,0,0,Current,0,Low,7272.25
LOAN009838,684.0,0.667,0.611,0,0,Current,0,Medium,22605.84
LOAN009839,656.0,0.771,0.902,2,16,Current,0,Medium,13923.54
LOAN009840,643.0,0.614,,6,180,Written Off,1,High,23634.4
LOAN009841,597.0,1.202,0.86,4,48,Current,0,High,1113264.9
LOAN009842,584.0,0.66,,4,64,Current,0,High,48254.59
LOAN009843,704.0,0.464,0.738,0,0,Current,0,Low,49202.02
LOAN009844,616.0,0.827,,1,14,Current,0,Medium,1281582.07
LOAN009845,673.0,0.641,0.513,0,0,Current,0,Medium,54807.15
LOAN009846,708.0,0.594,0.762,1,21,Current,0,Medium,19987.68
LOAN009847,656.0,1.146,0.855,5,90,Late,0,High,792600.79
LOAN009848,720.0,0.824,0.704,0,0,Current,0,Medium,327311.18
LOAN009849,688.0,0.505,,0,0,Current,0,Low,184420.83
LOAN009850,709.0,0.078,0.525,0,0,Current,0,Low,1884.76
LOAN009851,609.0,0.551,0.688,1,25,Paid Off,0,Medium,166971.26
LOAN009852,689.0,0.414,0.512,0,0,Current,0,Low,9033.41
LOAN009853,682.0,0.638,0.533,0,0,Current,0,Low,8061.63
LOAN009854,717.0,0.395,,1,21,Current,0,Low,2877.7
LOAN009855,701.0,0.331,0.56,0,0,Current,0,Low,2021.45
LOAN009856,656.0,0.69,,0,0,Current,0,Medium,4874.85
LOAN009857,597.0,1.034,0.561,7,180,Written Off,1,High,468155.99
LOAN009858,717.0,0.307,,0,0,Current,0,Low,4677.96
LOAN009859,645.0,0.448,0.76,2,34,Current,0,Medium,28694.57
LOAN009860,664.0,0.815,,3,179,Defaulted,1, HIGH ,20802.84
LOAN009861,587.0,0.997,0.589,4,127,Defaulted,1,High,351274.33
LOAN009862,688.0,0.511,0.617,1,12,Current,0,Medium,6318.75
LOAN009863,749.0,0.707,0.565,1,11,Current,0,Low,91427.23
LOAN009864,680.0,0.546,0.545,0,0,Current,0,Low,51914.12
LOAN009865,672.0,0.614,,0,0,Current,0,Low,39174.5
LOAN009866,598.0,0.746,0.522,1,16,Current,0,Medium,220837.74
LOAN009867,635.0,0.976,0.525,4,56,Paid Off,0,High,597410.24
LOAN009868,644.0,0.65,0.56,3,54,Current,0,Medium,40094.9
LOAN009869,679.0,0.377,0.6,0,0,Current,0,Low,18846.75
LOAN009870,585.0,0.966,0.78,1,12,Current,0,Medium,720612.05
LOAN009871,709.0,0.606,,0,0,Current,0,Low,19301.46
LOAN009872,670.0,0.819,0.629,2,42,Current,0,Medium,83763.47
LOAN009873,611.0,1.127,0.661,1,25,Current,0,Medium,1671453.96
LOAN009874,656.0,0.624,,0,0,Current,0,Medium,153969.3
LOAN009875,547.0,1.002,0.669,3,123,Defaulted,1,High,637278.78
LOAN009876,653.0,,0.65,0,0,Current,0,Medium,7959.64
LOAN009877,699.0,0.75,0.947,4,84,Current,0,Medium,281411.73
LOAN009878,624.0,0.497,0.693,5,75,Late,0,Medium,116499.8
LOAN009879,691.0,0.452,,0,0,Current,0,Low,12960.15
LOAN009880,704.0,0.613,,0,0,Current,0,Low,82722.44
LOAN009881,669.0,0.348,,0,0,Current,0,Low,8250.5
LOAN009882,625.0,0.922,0.647,2,26,Current,0,Medium,334581.3
LOAN009883,719.0,0.301,,1,18,Current,0,Low,9171.45
LOAN009884,668.0,0.245,,1,24,Current,0,Low,2825.07
LOAN009885,706.0,0.595,0.571,4,122,Defaulted,1,Medium,15850.06
LOAN009886,711.0,0.675,0.932,0,0,Current,0,Low,193345.39
LOAN009887,662.0,0.477,,0,0,Paid Off,0,Low,6510.28
LOAN009888,661.0,0.734,0.863,3,63,Restructured,0,Medium,130644.82
LOAN009889,594.0,0.627,0.88,0,0,Current,0,Medium,172887.4
LOAN009890,659.0,0.756,0.733,3,33,Current,0,Medium,193288.45
LOAN009891,756.0,0.145,0.556,0,0,Current,0,Low,6069.24
LOAN009892,671.0,0.451,,0,0,Current,0,Low,5640.68
LOAN009893,685.0,0.196,,1,21,Current,0,Low,3189.9
LOAN009894,641.0,0.371,0.716,2,20,Current,0,Medium,49291.33
LOAN009895,607.0,0.984,,3,54,Current,0,High,48435.24
LOAN009896,673.0,0.356,0.701,0,0,Current,0,Low,5317.58
LOAN009897,711.0,0.607,0.519,6,175, defaulted ,1,High,28820.23
LOAN009898,659.0,0.592,0.718,0,0,Paid Off,0,Medium,18066.57
LOAN009899,682.0,0.55,0.652,0,0,Current,0,Low,19981.19
LOAN009900,618.0,0.77,,3,36,Current,0,Medium,562017.73
LOAN009901,659.0,0.722,,3,42,Current,0,Medium,48518.12
LOAN009902,639.0,0.734,0.868,4,36,Current,0,Medium,395102.78
LOAN009903,674.0,0.213,,0,0,Current,0,Low,2827.64
LOAN009904,608.0,0.61,,7,140,Late,0,High,24367.68
LOAN009905,664.0,0.648,,0,0,Paid Off,0,Medium,23036.14
LOAN009906,651.0,0.513,0.73,5,133,Defaulted,1,Medium,115815.93
LOAN009907,657.0,0.403,0.645,0,0,Paid Off,0,Low,5731.41
LOAN009908,683.0,0.126,0.894,0,0,Current,0,Low,978.08
LOAN009909,631.0,0.264,,2,22,Current,0,Medium,3447.44
LOAN009910,640.0,0.519,,3,63,Current,0,Medium,27490.88
LOAN009911,,0.741,0.577,4,36,Current,0,Medium,166363.92
LOAN009912,648.0,0.859,0.544,5,75,Late,0,High,352743.32
LOAN009913,670.0,0.411,0.67,0,0,Current,0,Low,2329.9
LOAN009914,671.0,0.749,0.704,6,160,Defaulted,1,High,65432.27
LOAN009915,649.0,0.53,0.869,2,36,Current,0,Medium,65530.46
LOAN009916,707.0,0.317,0.94,0,0,Paid Off,0,Low,31833.5
LOAN009917,689.0,0.397,,0,0, CURRENT ,0,Low,6590.1
LOAN009918,669.0,0.51,0.651,0,0,Current,0,Low,40030.09
LOAN009919,707.0,0.343,0.552,0,0,Current,0,Low,43444.68
LOAN009920,718.0,0.375,0.706,0,0,Current,0,Low,4331.62
LOAN009921,632.0,0.701,0.801,0,0,Current,0,medium,320328.35
LOAN009922,650.0,0.155,0.775,0,0,Current,0,Low,2240.18
LOAN009923,715.0,0.274,0.889,6,117,Defaulted,1,Medium,6677.14
LOAN009924,749.0,0.435,,0,0,Current,0,Low,8558.52
LOAN009925,601.0,0.81,,3,48,Current,0, high ,70655.23
LOAN009926,630.0,1.037,0.6,3,140,Defaulted,1,high,311059.25
LOAN009927,680.0,0.615,0.568,0,0,Current,0,Low,208594.84
LOAN009928,683.0,0.687,0.57,1,25,Current,0,Medium,398886.78
LOAN009929,717.0,0.222,0.588,0,0,Current,0,Low,2809.74
LOAN009930,638.0,0.489,0.919,2,42,Paid Off,0,Medium,88540.49
LOAN009931,673.0,0.969,0.517,3,33,Current,0,Medium,363267.64
LOAN009932,655.0,0.674,,0,0,Current,0,Medium,15167.13
LOAN009933,745.0,0.532,0.57,0,0,Current,0,Low,50261.75
LOAN009934,700.0,0.549,0.66,1,8,Current,0,Medium,76444.95
LOAN009935,733.0,0.533,0.661,0,0,Current,0,Low,33291.22
LOAN009936,578.0,0.339,0.714,1,9,Current,0,Medium,38749.4
LOAN009937,661.0,0.406,,0,0,Current,0,Low,6045.01
LOAN009938,730.0,0.334,,0,0,Current,0,Low,9536.95
LOAN009939,602.0,0.939,0.552,4,180,Defaulted,1,High,200018.24
LOAN009940,708.0,0.335,,0,0,Current,0,Low,4408.15
LOAN009941,586.0,0.756,0.561,3,108,Defaulted,1,High,135627.8
LOAN009942,646.0,0.774,,2,26,Current,0,Medium,795710.26
LOAN009943,682.0,0.636,0.55,0,0,Current,0,Low,78977.11
LOAN009944,600.0,0.865,0.572,5,105,Current,0,High,188458.93
LOAN009945,643.0,0.544,0.676,5,60,Current,0,Medium,21261.75
LOAN009946,642.0,0.868,0.619,6,144,Defaulted,1,High,496854.88
LOAN009947,704.0,0.282,0.862,1,24,Current,0,Low,8003.18
LOAN009948,695.0,0.939,0.703,1,21,Current,0,Medium,243232.92
LOAN009949,649.0,0.81,,5,128,Defaulted,1,High,911249.29
LOAN009950,614.0,0.811,0.774,4,96,Late,0,High,320140.67
LOAN009951,677.0,0.402,,0,0,Current,0,Low,7709.23
LOAN009952,736.0,0.573,0.665,0,0,Current,0,Low,19175.8
LOAN009953,673.0,0.458,,0,0,Current,0,Low,11977.36
LOAN009954,641.0,0.319,,0,0,Current,0,Low,8930.54
LOAN009955,630.0,0.899,0.512,3,130,Written Off,1,High,499846.4
LOAN009956,623.0,0.641,0.508,1,12,Current,0,Medium,263400.22
LOAN009957,679.0,0.619,0.715,0,0,Current,0,Medium,81119.65
LOAN009958,692.0,0.142,0.776,0,0,Current,0,Low,1460.87
LOAN009959,663.0,0.409,0.629,0,0,Paid Off,0,Low,16030.43
LOAN009960,712.0,0.554,,0,0,Current,0,Low,44147.71
LOAN009961,709.0,0.594,0.889,0,0,CURRENT,0,Low,59268.89
LOAN009962,659.0,0.714,,0,0,Current,0,Medium,435768.78
LOAN009963,635.0,0.317,0.854,7,63, LATE ,0,High,17547.31
LOAN009964,657.0,0.61,,0,0,Current,0,Medium,4909.48
LOAN009965,700.0,0.51,,1,11,Current,0,Low,24225.6
LOAN009966,574.0,1.133,0.81,3,24,Current,0,High,563548.52
LOAN009967,715.0,0.455,,0,0,Current,0,Low,5489.46
LOAN009968,711.0,0.519,0.527,0,0,Current,0,Low,10758.43
LOAN009969,631.0,0.354,0.761,3,169,DEFAULTED,1,Medium,6442.95
LOAN009970,655.0,0.305,0.64,0,0,Current,0,Low,2898.27
LOAN009971,686.0,0.365,0.708,1,25,Current,0,Low,6935.96
LOAN009972,644.0,0.696,0.943,5,60,Current,0,High,640869.86
LOAN009973,702.0,0.308,,0,0,Current,0,Low,13625.35
LOAN009974,651.0,0.148,,0,0,Current,0,Low,4339.32
LOAN009975,699.0,0.28,0.74,0,0,Current,0,Low,12416.0
LOAN009976,689.0,0.488,0.719,7,176,Defaulted,1,High,87468.88
LOAN009977,704.0,0.748,0.865,1,20,Current,0,Medium,220365.62
LOAN009978,569.0,0.979,0.556,4,156,Defaulted,1,High,557463.65
LOAN009979,668.0,0.63,0.611,9,180,defaulted,1,High,16288.44
LOAN009980,600.0,1.144,,7,140,Defaulted,1,High,2263551.65
LOAN009981,685.0,0.533,0.714,0,0,Current,0,Low,30906.23
LOAN009982,672.0,0.507,,1,20, current ,0,Medium,6219.31
LOAN009983,650.0,1.128,0.542,0,0,Current,0,Medium,290769.5
LOAN009984,724.0,0.264,,0,0,Paid Off,0,Low,4239.34
LOAN009985,553.0,1.35,,6,155,Written Off,1,High,3761688.16
LOAN009986,645.0,1.104,0.526,3,80,Defaulted,1,High,2544045.6
LOAN009987,696.0,0.152,0.614,0,0,Current,0,Low,3988.98
LOAN009988,623.0,0.759,0.511,4,44,Current,0,Medium,165559.06
LOAN009989,657.0,0.542,,0,0,Current,0,Low,15871.0
LOAN009990,692.0,0.627,0.546,0,0,Paid Off,0,Low,11753.09
LOAN009991,704.0,0.376,,0,0,Current,0,Low,64972.62
LOAN009992,695.0,0.317,0.599,0,0,Current,0,Low,4003.12
LOAN009993,661.0,0.799,0.726,3,69,Restructured,0,Medium,42980.15
LOAN009994,648.0,0.682,,2,46,Current,0,Medium,47352.71
LOAN009995,645.0,0.584,,2,22,Current,0,Medium,29260.68
LOAN009996,656.0,0.64,0.91,4,123,Defaulted,1,Medium,9532.26
LOAN009997,664.0,0.704,,0,0,Current,0,Medium,37222.36
LOAN009998,673.0,0.925,0.806,3,51,Current,0,Medium,589888.56
LOAN009999,741.0,0.485,0.906,1,17,Current,0,Low,31258.34
LOAN010000,744.0,0.329,0.557,0,0,Current,0,Low,15584.16
LOAN010001,682.0,0.469,0.669,2,22,Paid Off,0,Medium,219867.72
LOAN010002,646.0,0.72,,3,63,Late,0,Medium,25968.52
LOAN010003,644.0,0.589,0.623,2,26,Current,0,Medium,154082.22
LOAN010004,690.0,0.386,0.86,0,0,Current,0,Low,2325.46
LOAN010005,655.0,0.958,0.845,1,19,Current,0,Medium,279239.34
LOAN010006,609.0,0.819,0.524,2,20,Current,0,Medium,12697.28
LOAN010007,565.0,1.026,0.828,2,50,Current,0,High,652492.74
LOAN010008,680.0,0.46,0.636,0,0,Current,0,Low,63176.75
LOAN010009,642.0,0.597,0.915,7,180,Defaulted,1,High,164957.74
LOAN010010,686.0,0.54,0.662,0,0,Current,0,Low,6178.14
LOAN010011,638.0,0.663,0.564,4,52,Current,0,Medium,329309.58
LOAN010012,639.0,0.827,,2,20,Current,0,Medium,149910.91
LOAN010013,722.0,0.236,0.643,0,0,Current,0,Low,22903.99
LOAN010014,703.0,0.561,0.661,0,0,Current,0,Low,7384.23
LOAN010015,654.0,0.519,0.5,0,0,Current,0,Low,116285.66
LOAN010016,688.0,1.148,0.9,4,60,Current,0,High,1207393.71
LOAN010017,682.0,0.665,,0,0,Paid Off,0,Medium,23587.2
LOAN010018,635.0,0.485,,5,75,Current,0,Medium,7822.63
LOAN010019,630.0,0.641,0.758,3,54,Current,0, Medium ,663485.89
LOAN010020,704.0,0.322,0.768,0,0,Current,0,Low,13281.95
LOAN010021,653.0,0.337,,0,0,Current,0, low ,5079.22
LOAN010022,694.0,0.567,0.764,7,180,Defaulted,1,High,93321.52
LOAN010023,565.0,1.016,0.728,1,11,Paid Off,0,High,1041114.89
LOAN010024,702.0,0.493,0.923,0,0,Current,0,Low,38357.37
LOAN010025,559.0,1.35,0.546,5,180,Defaulted,1,High,1140102.38
LOAN010026,634.0,0.648,0.586,2,42,Current,0,Medium,26379.79
LOAN010027,680.0,0.619,,0,0,Current,0,Low,279478.42
LOAN010028,650.0,0.87,0.537,1,13,Current,0,Medium,145910.42
LOAN010029,660.0,0.428,,0,0,Current,0,Low,5344.23
LOAN010030,649.0,0.292,,1,11,Current,0,Low,56291.24
LOAN010031,753.0,0.454,0.566,0,0,Current,0,Low,10638.73
LOAN010032,709.0,0.534,,0,0,Current,0,Low,61229.82
LOAN010033,648.0,0.768,0.635,5,110,Late,0,High,473337.88
LOAN010034,683.0,0.815,0.55,9,180,Defaulted,1,High,430552.11
LOAN010035,687.0,0.487,0.88,0,0,Current,0,Low,9071.47
LOAN010036,695.0,0.404,,0,0,Current,0, low ,5055.69
LOAN010037,741.0,0.526,0.543,0,0, paid off ,0,Low,45386.45
LOAN010038,725.0,0.515,,0,0,Current,0,Low,6987.45
LOAN010039,671.0,0.837,,4,48,CURRENT,0,Medium,19508.61
LOAN010040,601.0,0.95,,7,180,Defaulted,1,High,736810.89
LOAN010041,678.0,0.811,0.553,1,9,Current,0,Medium,219469.52
LOAN010042,641.0,0.954,0.92,4,89,Defaulted,1,High,1015166.4
LOAN010043,651.0,0.858,0.536,2,18,Current,0,Medium,66131.95
LOAN010044,736.0,0.459,,0,0,Current,0,Low,46610.79
LOAN010045,655.0,0.572,0.877,0,0,Current,0,Medium,178004.59
LOAN010046,741.0,0.437,,1,16,Current,0,Low,4737.65
LOAN010047,662.0,0.628,0.887,0,0,Current,0,Medium,286163.86
LOAN010048,679.0,0.476,0.604,0,0,Current,0,Low,46040.39
LOAN010049,745.0,0.282,0.67,0,0,Current,0,Low,3759.92
LOAN010050,707.0,0.785,0.657,2,20,Current,0,Medium,396523.04
LOAN010051,663.0,0.465,0.598,1,25,Current,0,Medium,26416.14
LOAN010052,708.0,0.493,0.52,2,48,Current,0,Medium,26755.58
LOAN010053,604.0,0.815,0.504,2,46,Current,0,Medium,359863.43
LOAN010054,639.0,0.915,0.607,2,40,Current,0,Medium,217853.03
LOAN010055,745.0,0.338,0.579,0,0,Current,0,Low,2614.61
LOAN010056,703.0,0.397,0.926,0,0,Current,0,Low,3581.75
LOAN010057,676.0,0.475,,0,0,Current,0,Low,8617.06
LOAN010058,648.0,0.735,0.685,4,97,Defaulted,1,High,618796.56
LOAN010059,705.0,0.713,0.505,0,0,Current,0,Low,52280.01
LOAN010060,653.0,0.76,0.648,6,180,Written Off,1, High ,64640.2
LOAN010061,,0.838,0.567,4,64,Late,0,Medium,147922.29
LOAN010062,726.0,0.826,0.501,3,54,Current,0,Medium,99907.33
LOAN010063,596.0,0.408,,4,76,Restructured,0,Medium,13330.79
LOAN010064,617.0,0.589,0.672,1,15,Current,0,Medium,8676.42
LOAN010065,660.0,0.764,0.784,3,57,Current,0,Medium,27569.05
LOAN010066,721.0,0.386,,1,24,Current,0,Low,4875.56
LOAN010067,736.0,,0.643,0,0,Current,0,Low,6483.58
LOAN010068,651.0,0.926,0.64,1,19,Paid Off,0,Medium,536902.75
LOAN010069,697.0,0.541,,0,0,Current,0,Low,8506.72
LOAN010070,624.0,0.422,,7,180,Defaulted,1,High,27748.92
LOAN010071,712.0,0.248,,0,0,Current,0,Low,6290.96
LOAN010072,655.0,0.796,0.608,2,24,Current,0,Medium,101843.8
LOAN010073,687.0,0.282,0.609,0,0,Current,0,Low,9457.03
LOAN010074,678.0,0.501,0.715,0,0,Current,0,Low,2779.45
LOAN010075,693.0,0.196,0.511,1,8,Current,0,Low,4746.53
LOAN010076,724.0,0.434,0.764,0,0,Paid Off,0,Low,5587.55
LOAN010077,745.0,0.246,0.851,0,0,Current,0,Low,8791.51
LOAN010078,650.0,0.678,0.772,0,0,Current,0,Medium,42300.26
LOAN010079,698.0,0.466,0.522,4,180,Defaulted,1,Medium,19241.63
LOAN010080,692.0,0.595,0.664,1,24,Paid Off,0,Medium,49485.48
LOAN010081,695.0,0.331,0.634,0,0,Current,0, LOW ,12384.04
LOAN010082,600.0,1.154,0.559,4,72,Late,0,High,311997.47
LOAN010083,658.0,0.304,0.66,0,0,Current,0,Low,3064.61
LOAN010084,688.0,0.456,0.532,2,34,Paid Off,0,Medium,35834.25
LOAN010085,655.0,0.589,0.598,2,18,Current,0,Medium,3447.92
LOAN010086,727.0,0.451,0.735,0,0,Current,0,Low,53347.79
LOAN010087,692.0,0.486,0.832,0,0,Current,0,Low,38891.1
LOAN010088,633.0,0.605,0.832,6,180,Defaulted,1,High,152248.14
LOAN010089,641.0,0.599,0.753,5,142,Defaulted,1,High,8709.43
LOAN010090,676.0,0.526,0.595,1,13,Current,0,Medium,40105.79
LOAN010091,570.0,0.905,0.826,4,60,Current,0,High,693216.27
LOAN010092,660.0,0.599,0.915,0,0, current ,0,Medium,56122.2
LOAN010093,664.0,0.886,0.761,3,124,Defaulted,1,High,282699.38
LOAN010094,683.0,0.366,,0,0,Paid Off,0,Low,9490.46
LOAN010095,651.0,0.428,0.524,0,0,Current,0,Low,1249.17
LOAN010096,671.0,0.623,0.85,0,0,Current,0,Medium,80536.3
LOAN010097,614.0,0.725,0.952,1,13,Current,0,Medium,39810.59
LOAN010098,708.0,0.402,0.722,0,0,Current,0,Low,6278.91
LOAN010099,739.0,0.363,0.635,0,0,Current,0,Low,2074.14
LOAN010100,589.0,0.645,,5,65,Late,0,High,14957.43
LOAN010101,709.0,0.592,0.692,0,0,Current,0,Low,30229.12
LOAN010102,718.0,0.291,,0,0,Paid Off,0,Low,7295.05
LOAN010103,765.0,0.28,0.526,0,0,Current,0,Low,3585.35
LOAN010104,729.0,0.652,,0,0,Current,0,Low,8737.81
LOAN010105,657.0,0.938,,2,24,current,0,Medium,26500.06
LOAN010106,702.0,,0.944,0,0,Current,0,Low,43224.31
LOAN010107,725.0,0.511,0.504,2,26,Current,0,Medium,135922.32
LOAN010108,706.0,0.785,0.649,5,157,Defaulted,1,High,212653.19
LOAN010109,682.0,0.457,0.531,1,10,Current,0,Low,57456.06
LOAN010110,710.0,0.495,0.574,0,0, paid off ,0,Low,68550.37
LOAN010111,632.0,0.799,0.615,3,39,Current,0,Medium,319830.69
LOAN010112,619.0,0.892,0.851,7,153,Defaulted,1,High,215174.38
LOAN010113,681.0,0.823,,0,0, Current ,0,Medium,286446.65
LOAN010114,661.0,0.395,0.649,0,0,Current,0,Low,44264.48
LOAN010115,666.0,0.656,0.588,0,0,Current,0,Medium,66168.92
LOAN010116,747.0,0.393,0.61,0,0,current,0,Low,6542.9
LOAN010117,602.0,0.958,,7,143,Defaulted,1,High,389427.93
LOAN010118,621.0,0.712,,3,72,Restructured,0,Medium,57987.31
LOAN010119,677.0,0.306,,0,0,Current,0,Low,6562.66
LOAN010120,663.0,0.904,0.728,4,40,Paid Off,0,High,253473.09
LOAN010121,633.0,0.704,,3,66,Current,0,Medium,23392.92
LOAN010122,681.0,0.324,,0,0,Current,0,Low,8060.88
LOAN010123,674.0,0.936,0.549,1,24,Current,0,Medium,203539.48
LOAN010124,668.0,0.488,0.873,0,0,Current,0,Low,78462.74
LOAN010125,708.0,0.498,0.703,0,0,Current,0,Low,8664.3
LOAN010126,689.0,0.082,,1,15,Current,0,Low,2217.74
LOAN010127,657.0,1.161,,9,135,Late,0,High,902943.0
LOAN010128,679.0,0.725,,3,45, current ,0,Medium,10209.97
LOAN010129,657.0,0.645,,0,0,Current,0,Medium,18540.69
LOAN010130,,0.392,,0,0,Current,0,Low,75836.2
LOAN010131,660.0,0.651,0.737,0,0,Current,0,Medium,166941.65
LOAN010132,664.0,0.371,0.704,7,180,Defaulted,1,High,14476.17
LOAN010133,690.0,0.68,0.533,1,20,Current,0,Medium,82122.24
LOAN010134,740.0,0.153,0.7,0,0,Current,0,Low,1980.48
LOAN010135,708.0,0.337,0.721,0,0,Current,0,Low,11219.65
LOAN010136,614.0,0.572,,2,24,Current,0,Medium,39074.94
LOAN010137,664.0,0.722,,3,54,Current,0, Medium ,22989.19
LOAN010138,707.0,0.304,0.653,0,0,Current,0,Low,9271.11
LOAN010139,710.0,0.698,,0,0,Current,0,Low,19839.21
LOAN010140,708.0,0.664,0.559,0,0,Current,0,Low,17384.91
LOAN010141,,0.853,0.588,4,64,Restructured,0,Medium,175362.65
LOAN010142,627.0,0.871,0.505,3,24,Current,0,Medium,510496.64
LOAN010143,712.0,0.547,0.681,0,0,Current,0,Low,18189.17
LOAN010144,723.0,0.435,0.825,0,0,Current,0,Low,13027.05
LOAN010145,679.0,0.672,0.58,1,21,PAID OFF,0,Medium,69974.29
LOAN010146,620.0,0.548,0.906,6,54,Current,0,High,259462.26
LOAN010147,694.0,0.6,,1,17,Current,0,Medium,10018.46
LOAN010148,601.0,0.926,0.833,1,11,Current,0,Medium,614158.12
LOAN010149,698.0,0.506,,1,23,Current,0,Low,22912.31
LOAN010150,707.0,0.478,0.791,0,0,CURRENT,0,Low,35037.41
LOAN010151,581.0,0.945,0.618,3,135,Defaulted,1,High,988680.94
LOAN010152,718.0,0.345,0.586,0,0,Current,0,Low,19954.82
LOAN010153,753.0,0.263,0.788,0,0,Current,0,Low,3014.36
LOAN010154,766.0,0.153,0.606,2,32,Current,0,Low,5083.74
LOAN010155,638.0,0.702,0.662,4,32,Current,0,Medium,368669.27
LOAN010156,705.0,0.499,0.741,0,0,Current,0,Low,26305.34
LOAN010157,612.0,0.593,0.589,2,50,Current,0,Medium,219241.94
LOAN010158,686.0,0.755,0.662,0,0,Current,0,Medium,632565.73
LOAN010159,748.0,0.172,,0,0,Current,0,Low,1821.3
LOAN010160,612.0,1.151,,2,36,Current,0,High,2226868.54
LOAN010161,683.0,0.931,0.763,0,0,Current,0,Medium,388254.02
LOAN010162,672.0,0.485,0.915,0,0,Current,0,Low,13374.52
LOAN010163,704.0,0.503,0.934,1,10,Paid Off,0,Low,30985.83
LOAN010164,665.0,0.629,,1,15, current ,0,Medium,11520.0
LOAN010165,649.0,0.754,,3,42,Current,0,Medium,33745.2
LOAN010166,647.0,1.059,0.645,5,180,Written Off,1,High,719628.46
LOAN010167,588.0,1.11,0.628,3,153,Defaulted,1,High,1071568.05
LOAN010168,632.0,0.502,0.771,1,25,Current,0,Medium,90453.2
LOAN010169,679.0,1.004,0.538,4,60,Current,0,High,500908.7
LOAN010170,679.0,0.615,0.525,1,12,Current,0,Medium,44299.44
LOAN010171,688.0,0.6,,1,19,Current,0,Medium,14755.98
LOAN010172,579.0,0.896,0.599,3,60,Current,0,High,478679.23
LOAN010173,713.0,0.961,,6,126,Written Off,1,High,43188.76
LOAN010174,647.0,0.613,,4,64,Late,0,Medium,127766.57
LOAN010175,664.0,0.682,0.88,0,0,Current,0,Medium,124507.6
LOAN010176,678.0,0.769,0.551,4,84,Late,0,Medium,140654.02
LOAN010177,664.0,0.998,0.548,6,144,Restructured,0,High,168630.12
LOAN010178,680.0,0.467,,0,0,Current,0,Low,14149.54
LOAN010179,652.0,0.374,0.684,0,0,Current,0,Low,9193.17
LOAN010180,690.0,0.382,,0,0,Current,0,Low,2006.87
LOAN010181,695.0,0.645,0.564,0,0,CURRENT,0,low,126479.51
LOAN010182,690.0,0.797,,3,42,Current,0,Medium,19925.36
LOAN010183,705.0,0.207,0.783,0,0,Current,0,Low,3520.31
LOAN010184,671.0,0.637,0.75,0,0,Current,0,Medium,292178.86
LOAN010185,695.0,0.87,0.745,2,26,Current,0,Medium,90768.85
LOAN010186,661.0,0.976,0.813,8,72,Late,0,High,933400.02
LOAN010187,736.0,0.371,,0,0,Current,0,Low,4359.37
LOAN010188,690.0,0.423,0.631,1,16,Current,0,Low,10062.51
LOAN010189,723.0,0.261,0.822,0,0,Current,0,Low,4752.51
LOAN010190,652.0,0.741,0.893,3,69,Restructured,0,Medium,70048.59
LOAN010191,634.0,0.992,0.547,2,28,Current,0,Medium,2334261.86
LOAN010192,735.0,0.342,,0,0,Current,0,Low,15224.54
LOAN010193,648.0,1.061,0.725,5,133, defaulted ,1,HIGH,269666.57
LOAN010194,642.0,1.06,0.866,9,180,Written Off,1,High,168234.17
LOAN010195,696.0,0.851,0.577,7,147,Late,0,High,395368.62
LOAN010196,771.0,0.203,0.734,0,0,Current,0,Low,5023.49
LOAN010197,704.0,0.644,0.891,0,0,Current,0,Low,21766.07
LOAN010198,651.0,0.593,0.858,0,0,Current,0,Medium,120164.92
LOAN010199,618.0,0.869,0.562,4,56,Current,0,High,561597.76
LOAN010200,659.0,0.618,0.563,0,0,Current,0,Medium,86291.53
LOAN010201,674.0,0.266,0.725,0,0, CURRENT ,0,Low,2853.1
LOAN010202,751.0,0.23,,0,0,Current,0,Low,6536.9
LOAN010203,,0.309,0.587,0,0,Current,0,Low,1187.18
LOAN010204,705.0,0.612,0.589,0,0,Current,0,Low,43697.34
LOAN010205,585.0,0.473,0.542,1,14,Current,0,Medium,91297.93
LOAN010206,701.0,0.319,0.758,0,0,Current,0,Low,3394.8
LOAN010207,739.0,0.748,0.51,4,48,Current,0, MEDIUM ,226994.43
LOAN010208,658.0,1.074,,6,144,Restructured,0,High,783989.8
LOAN010209,658.0,0.574,0.567,0,0,Current,0, medium ,15492.83
LOAN010210,681.0,0.559,,0,0,Current,0,Low,115995.32
LOAN010211,704.0,0.53,0.75,0,0,Current,0,Low,57766.83
LOAN010212,615.0,0.608,0.917,1,25,Current,0,Medium,139334.42
LOAN010213,707.0,0.255,,0,0,Current,0,Low,7727.21
LOAN010214,603.0,1.116,0.807,8,180,Defaulted,1,High,1447266.03
LOAN010215,743.0,0.501,0.701,0,0,Current,0,Low,6582.84
LOAN010216,670.0,0.328,,0,0,Current,0,Low,2009.51
LOAN010217,744.0,0.436,0.52,0,0,Current,0,Low,3378.11
LOAN010218,589.0,0.826,0.808,2,26,Current,0,Medium,430544.67
LOAN010219,697.0,0.509,,0,0,Current,0,Low,15066.52
LOAN010220,631.0,0.648,0.804,1,10,Current,0,Medium,259299.67
LOAN010221,,0.621,0.728,0,0,Current,0,Low,99840.2
LOAN010222,624.0,1.002,,0,0,Paid Off,0,Medium,1071774.9
LOAN010223,662.0,0.256,0.636,0,0,current,0,Low,4160.22
LOAN010224,625.0,0.534,0.839,1,15,Current,0,Medium,245764.08
LOAN010225,633.0,1.138,,1,25,Current,0,Medium,776220.95
LOAN010226,669.0,0.776,0.674,4,80,Restructured,0,Medium,145343.53
LOAN010227,689.0,0.698,0.609,1,16,Current,0,Medium,207148.38
LOAN010228,710.0,0.73,0.568,4,84,Late,0,Medium,171121.17
LOAN010229,676.0,0.32,0.839,0,0,Current,0,Low,24112.65
LOAN010230,,0.428,0.609,0,0,Current,0,Low,30628.55
LOAN010231,696.0,0.254,,0,0,Current,0,Low,3712.35
LOAN010232,698.0,0.473,,0,0,Current,0,Low,116858.83
LOAN010233,603.0,1.04,0.876,4,159,Defaulted,1,High,1518548.9
LOAN010234,727.0,0.53,0.691,0,0,Current,0,Low,11549.32
LOAN010235,709.0,0.582,0.609,1,16,Current,0,Medium,23012.16
LOAN010236,610.0,0.494,0.591,2,42,Current,0,Medium,90708.91
LOAN010237,,0.313,0.543,1,8,Current,0,Low,11046.15
LOAN010238,665.0,0.591,0.533,0,0,Current,0,Low,166352.57
LOAN010239,732.0,0.786,,2,20,Current,0,Medium,131234.51
LOAN010240,718.0,0.221,,0,0,Current,0,Low,3064.19
LOAN010241,736.0,0.179,,0,0,Current,0,Low,3172.9
LOAN010242,729.0,0.526,,0,0,Current,0,Low,9238.19
LOAN010243,735.0,0.688,0.504,0,0,Current,0,Low,84095.06
LOAN010244,654.0,0.566,,0,0,Current,0,Medium,10586.48
LOAN010245,647.0,1.193,,4,142,Defaulted,1,high,2788765.86
LOAN010246,701.0,0.611,0.677,0,0,Paid Off,0,Low,191321.24
LOAN010247,725.0,0.45,,0,0,Current,0,Low,178838.3
LOAN010248,632.0,0.86,0.546,0,0,Current,0,Medium,341716.67
LOAN010249,661.0,0.626,0.595,0,0,Current,0,Medium,11780.71
LOAN010250,702.0,0.505,0.605,0,0,Current,0,Low,25506.45
LOAN010251,632.0,0.437,,5,125,Restructured,0,Medium,192811.55
LOAN010252,650.0,0.864,0.582,9,164,Defaulted,1,High,58228.55
LOAN010253,731.0,0.516,0.585,0,0,Current,0,Low,32567.83
LOAN010254,633.0,0.56,0.783,4,56,Current,0,Medium,21042.76
LOAN010255,686.0,0.639,0.578,0,0,Current,0,Low,24371.56
LOAN010256,680.0,0.503,0.894,0,0,Current,0,Low,6562.76
LOAN010257,635.0,,0.708,4,180,Defaulted,1,High,296176.66
LOAN010258,699.0,0.424,0.729,0,0,Current,0,Low,41319.83
LOAN010259,661.0,0.522,,0,0,Current,0,Low,4659.4
LOAN010260,637.0,0.429,,5,55,Paid Off,0,MEDIUM,12176.32
LOAN010261,685.0,0.561,0.785,0,0,Paid Off,0,Low,35792.38
LOAN010262,699.0,0.512,0.71,0,0,Current,0,Low,65165.54
LOAN010263,586.0,0.775,,2,36,Current,0,Medium,132529.49
LOAN010264,710.0,0.172,0.516,1,15,Current,0,Low,2284.42
LOAN010265,604.0,0.719,0.528,4,159,Written Off,1,High,371902.77
LOAN010266,665.0,0.385,0.652,0,0,Current,0,Low,8683.06
LOAN010267,654.0,0.559,0.565,0,0,Current,0,Medium,4361.15
LOAN010268,601.0,0.985,0.59,1,17,Current,0,Medium,284840.85
LOAN010269,714.0,0.254,,0,0,Paid Off,0,Low,4571.74
LOAN010270,727.0,0.466,0.578,0,0,Current,0,Low,7918.0
LOAN010271,555.0,1.032,0.582,2,32,Current,0,High,791818.29
LOAN010272,683.0,0.858,0.84,1,23,Current,0,Medium,160515.78
LOAN010273,680.0,0.55,,0,0,Paid Off,0,Low,6459.89
LOAN010274,700.0,0.503,0.763,7,180,Defaulted,1,High,8094.83
LOAN010275,697.0,0.445,0.547,0,0,Paid Off,0,Low,160087.16
LOAN010276,667.0,0.603,0.741,0,0,Current,0,Medium,75680.69
LOAN010277,627.0,0.666,0.761,7,180,Defaulted,1,High,25172.86
LOAN010278,708.0,0.69,0.57,0,0,Current,0,Low,68498.95
LOAN010279,757.0,0.609,0.64,0,0,Paid Off,0,Low,75145.74
LOAN010280,625.0,0.757,0.779,6,78,Restructured,0,High,503341.01
LOAN010281,672.0,0.266,,0,0,Current,0,Low,2934.03
LOAN010282,732.0,0.562,,1,21,Current,0,Low,15693.16
LOAN010283,668.0,0.967,0.646,2,34,Current,0,Medium,286616.49
LOAN010284,706.0,0.397,0.529,1,14,Current,0,Low,2527.94
LOAN010285,670.0,0.35,0.73,1,24,Current,0,Low,40373.43
LOAN010286,707.0,0.649,0.82,2,38,Paid Off,0,Medium,55722.76
LOAN010287,745.0,0.142,0.544,0,0,Paid Off,0,Low,2372.35
LOAN010288,661.0,0.92,0.588,5,85,Restructured,0,High,26251.65
LOAN010289,626.0,1.011,0.506,7,180,Defaulted,1,High,1089827.57
LOAN010290,641.0,0.688,0.514,1,21,Current,0,Medium,29225.0
LOAN010291,641.0,0.976,,3,45,Current,0,High,627975.8
LOAN010292,713.0,0.514,0.556,0,0,Current,0,Low,61069.43
LOAN010293,673.0,0.524,,0,0, Current ,0,Low,7857.75
LOAN010294,689.0,0.43,,1,24,Current,0,Low,57983.68
LOAN010295,618.0,0.715,0.546,1,18,Paid Off,0, MEDIUM ,136698.9
LOAN010296,663.0,0.444,,0,0,Current,0,Low,13630.09
LOAN010297,671.0,0.298,0.521,1,11,Current,0,Low,18992.73
LOAN010298,619.0,0.702,0.703,4,114,Defaulted,1,High,244195.85
LOAN010299,567.0,0.873,0.765,3,42,Current,0,High,351819.16
LOAN010300,739.0,0.531,0.551,0,0,Current,0,Low,26538.53
LOAN010301,648.0,0.68,0.535,7,180,Defaulted,1,High,183608.65
LOAN010302,714.0,0.409,0.668,0,0,Paid Off,0,Low,46175.19
LOAN010303,748.0,0.287,0.832,0,0,Current,0,Low,3254.82
LOAN010304,718.0,0.747,0.653,0,0,Current,0,Low,162317.21
LOAN010305,672.0,1.035,0.794,5,85,Restructured,0,High,424647.6
LOAN010306,632.0,0.701,0.712,1,14,Current,0,Medium,37751.34
LOAN010307,703.0,0.694,0.748,1,15,Current,0,Medium,9613.18
LOAN010308,655.0,0.389,,2,120,Defaulted,1,Medium,12490.71
LOAN010309,644.0,0.997,0.582,2,24,Current,0, medium ,491701.69
LOAN010310,692.0,0.558,,0,0,Current,0,Low,20494.72
LOAN010311,743.0,0.248,,2,22,Current,0,Low,10696.98
LOAN010312,626.0,0.91,0.527,1,10,Current,0,Medium,230387.65
LOAN010313,650.0,1.147,0.546,7,133,Restructured,0,High,742110.43
LOAN010314,716.0,0.367,,1,23,Current,0,Low,8718.2
LOAN010315,630.0,0.823,,3,63,Late,0,Medium,149844.15
LOAN010316,628.0,1.201,,2,26,Current,0,High,508974.92
LOAN010317,696.0,0.239,0.523,0,0,Current,0,Low,2889.56
LOAN010318,664.0,0.653,0.779,0,0,Current,0,Medium,63859.39
LOAN010319,702.0,0.703,0.724,0,0,Current,0,Medium,188969.15
LOAN010320,732.0,0.705,,0,0,Current,0,Low,315540.68
LOAN010321,597.0,1.249,0.868,2,40,Current,0,High,562944.3
LOAN010322,681.0,0.717,0.839,0,0,Current,0, MEDIUM ,98771.71
LOAN010323,610.0,0.591,0.689,3,66,Late,0,Medium,132795.01
LOAN010324,706.0,0.283,0.768,1,10,Current,0,Low,6292.28
LOAN010325,575.0,1.23,0.502,5,180,Defaulted,1,High,759622.37
LOAN010326,650.0,0.42,,0,0,Current,0,Low,3619.99
LOAN010327,652.0,0.381,0.614,0,0,Current,0,Low,5117.13
LOAN010328,692.0,0.557,0.703,4,146,Defaulted,1,Medium,41351.14
LOAN010329,725.0,0.294,,0,0,Current,0,Low,3505.58
LOAN010330,718.0,0.709,0.796,0,0,Current,0,Low,88164.84
LOAN010331,748.0,0.352,0.851,0,0,Current,0,Low,31064.82
LOAN010332,725.0,0.238,0.523,0,0,Current,0,Low,2209.24
LOAN010333,615.0,0.966,0.61,4,32,Current,0,High,466354.93
LOAN010334,659.0,0.897,0.637,1,21,Current,0,Medium,57539.43
LOAN010335,585.0,0.979,0.655,5,45,Paid Off,0,High,256115.53
LOAN010336,663.0,0.582,0.596,0,0,Current,0,Medium,71542.98
LOAN010337,701.0,0.445,0.634,0,0,Current,0,Low,2666.31
LOAN010338,668.0,0.192,0.742,0,0,Current,0,Low,1470.33
LOAN010339,657.0,0.624,0.775,0,0,Current,0,Medium,91434.77
LOAN010340,734.0,0.424,,0,0,Current,0,Low,9343.3
LOAN010341,735.0,0.216,,0,0,Current,0,Low,5792.11
LOAN010342,711.0,0.468,0.628,0,0,Current,0,Low,27631.86
LOAN010343,704.0,0.613,0.501,0,0,Current,0,Low,4647.78
LOAN010344,596.0,0.592,,9,180,Defaulted,1,High,16198.77
LOAN010345,661.0,0.621,0.525,0,0,Current,0,Medium,25582.03
LOAN010346,690.0,0.352,0.816,0,0,Current,0,Low,14612.17
LOAN010347,651.0,0.578,0.544,0,0,Current,0,Medium,13946.61
LOAN010348,688.0,0.618,0.557,1,11,Paid Off,0,Medium,126096.94
LOAN010349,618.0,0.661,0.572,9,180,Defaulted,1,High,186463.03
LOAN010350,666.0,0.427,,0,0,Current,0, low ,3174.79
LOAN010351,686.0,0.654,,0,0,Current,0,Low,49467.58
LOAN010352,696.0,0.566,0.562,0,0,Current,0,Low,40711.08
LOAN010353,656.0,0.452,0.935,0,0,Current,0,Low,5084.51
LOAN010354,694.0,0.645,0.585,0,0, paid off ,0,low,60924.94
LOAN010355,670.0,0.717,,0,0,Current,0,Medium,31078.83
LOAN010356,666.0,0.862,,2,28,Current,0,Medium,17735.27
LOAN010357,747.0,0.251,,0,0,Current,0,Low,9190.75
LOAN010358,726.0,0.249,0.588,0,0,Paid Off,0,Low,3705.15
LOAN010359,631.0,0.677,0.766,4,158,Defaulted,1,High,499429.9
LOAN010360,723.0,0.544,,1,18, current ,0,Low,4468.44
LOAN010361,644.0,0.619,0.547,3,72,Late,0,Medium,175117.37
LOAN010362,667.0,0.7,0.681,0,0,Current,0,Medium,97388.14
LOAN010363,708.0,0.625,0.84,1,11, Current ,0,Medium,94561.7
LOAN010364,756.0,0.05,,0,0,Current,0,Low,2518.08
LOAN010365,660.0,0.685,0.574,0,0,Current,0,Medium,63363.64
LOAN010366,604.0,1.095,,3,27,Current,0,High,1677197.28
LOAN010367,646.0,1.035,0.517,3,51,Current,0,High,452037.22
LOAN010368,580.0,0.705,0.849,4,96,Current,0,High,377357.27
LOAN010369,713.0,0.635,,0,0,Current,0,Low,233744.93
LOAN010370,719.0,0.509,0.663,1,19, current ,0,Low,63927.91
LOAN010371,662.0,0.323,,1,9,Current,0,Low,1697.33
LOAN010372,631.0,0.54,,1,22,Current,0,Medium,11341.05
LOAN010373,648.0,0.45,0.542,2,30,Current,0,Medium,27322.56
LOAN010374,707.0,0.51,0.538,0,0,Current,0,Low,14595.6
LOAN010375,657.0,0.946,0.791,2,34,Current,0,MEDIUM,311328.38
LOAN010376,763.0,0.204,0.84,1,16,Current,0,Low,1977.33
LOAN010377,651.0,0.712,0.812,0,0,Current,0,Medium,102727.63
LOAN010378,715.0,0.336,,1,20,Current,0,Low,16436.67
LOAN010379,633.0,0.54,,1,16, paid off ,0,Medium,13399.44
LOAN010380,629.0,0.321,0.866,2,30,Paid Off,0,Medium,54723.99
LOAN010381,569.0,1.264,,5,161,Defaulted,1,High,729133.29
LOAN010382,661.0,0.559,0.559,0,0,Current,0,Low,8960.69
LOAN010383,617.0,0.693,0.548,3,57,Current,0,Medium,303760.46
LOAN010384,727.0,0.584,0.592,0,0,Current,0,Low,5578.52
LOAN010385,740.0,0.489,,0,0,Current,0,Low,128968.21
LOAN010386,687.0,0.357,,0,0,Paid Off,0,Low,4418.74
LOAN010387,636.0,1.195,0.615,5,180,Defaulted,1,High,553934.11
LOAN010388,736.0,0.213,0.517,0,0,Current,0,Low,10302.95
LOAN010389,647.0,1.12,0.871,5,158,Defaulted,1,High,1006522.17
LOAN010390,738.0,0.261,,1,25,Current,0,Low,2821.46
LOAN010391,646.0,0.946,0.739,5,146,Defaulted,1,High,673342.05
LOAN010392,694.0,0.588,0.626,0,0,Current,0,Low,108667.4
LOAN010393,,0.361,0.672,0,0,Current,0,Low,1472.39
LOAN010394,664.0,0.417,0.588,0,0,Current,0,Low,3474.7
LOAN010395,705.0,0.509,0.527,0,0,Current,0,Low,5281.93
LOAN010396,652.0,0.482,0.877,0,0,Current,0,Medium,35244.86
LOAN010397,689.0,0.465,,0,0,Current,0,Low,4132.24
LOAN010398,713.0,0.648,,0,0,Current,0,Low,19114.02
LOAN010399,666.0,0.526,0.555,0,0,Current,0,Low,28193.36
LOAN010400,684.0,0.311,0.952,0,0,Current,0,Low,36408.88
LOAN010401,810.0,0.419,,0,0,Current,0,Low,8811.13
LOAN010402,587.0,0.501,,3,24,Current,0,Medium,36032.99
LOAN010403,630.0,0.497,0.545,3,39,Current,0,Medium,68672.0
LOAN010404,686.0,0.691,,0,0,Current,0,Medium,13491.69
LOAN010405,651.0,0.514,0.878,1,22,Current,0,Medium,118493.03
LOAN010406,689.0,0.312,0.927,1,18,Paid Off,0,Low,6129.91
LOAN010407,629.0,0.91,0.554,2,42,Paid Off,0,Medium,587959.94
LOAN010408,652.0,0.989,,6,180,Written Off,1,High,838428.67
LOAN010409,686.0,0.231,0.556,0,0,Current,0,Low,2539.56
LOAN010410,744.0,0.413,0.558,1,17,Current,0,Low,83450.12
LOAN010411,720.0,0.524,0.659,0,0,Current,0,Low,12455.29
LOAN010412,641.0,0.946,0.69,4,180,Defaulted,1,High,657365.29
LOAN010413,716.0,0.421,0.735,2,20,Current,0,Low,24344.49
LOAN010414,671.0,0.499,,0,0,Current,0,Low,14369.04
LOAN010415,637.0,0.795,0.846,2,36,Current,0,Medium,389682.42
LOAN010416,713.0,0.335,0.727,0,0,Current,0,Low,20791.16
LOAN010417,620.0,0.441,0.851,0,0,Current,0,Medium,12947.59
LOAN010418,669.0,0.527,0.709,0,0,Current,0,Low,4300.2
LOAN010419,695.0,0.553,0.87,0,0,Current,0,Low,101303.8
LOAN010420,658.0,0.729,0.547,3,72,Late,0,Medium,115603.96
LOAN010421,660.0,0.78,0.69,4,68,Late,0,Medium,111076.94
LOAN010422,705.0,0.587,0.543,1,9,Current,0, Low ,31851.93
LOAN010423,619.0,1.05,0.913,3,136,Written Off,1,High,537547.82
LOAN010424,654.0,0.76,,4,60,Current,0,Medium,175549.2
LOAN010425,587.0,1.186,0.559,5,80,Late,0,High,798262.43
LOAN010426,651.0,0.96,0.875,1,17,Current,0, Medium ,455991.89
LOAN010427,,0.751,0.586,8,180,Defaulted,1,High,12463.67
LOAN010428,668.0,0.734,0.941,3,60,Current,0,Medium,70430.61
LOAN010429,661.0,0.379,0.763,0,0,Current,0,Low,25327.67
LOAN010430,610.0,0.719,0.731,4,48,Current,0,High,72380.67
LOAN010431,696.0,0.234,,0,0,Current,0,Low,4069.99
LOAN010432,682.0,0.513,0.657,0,0,Current,0,Low,38038.75
LOAN010433,633.0,0.648,0.539,2,36,Current,0,Medium,95025.24
LOAN010434,705.0,0.492,0.649,0,0,Current,0,Low,54030.31
LOAN010435,663.0,0.778,0.731,2,24,Current,0,Medium,160107.05
LOAN010436,683.0,0.243,0.905,1,15,Current,0,Low,2035.62
LOAN010437,716.0,0.222,,1,19,Current,0,Low,6275.95
LOAN010438,689.0,0.19,0.522,0,0,Paid Off,0,Low,830.67
LOAN010439,646.0,0.605,0.703,1,21,Current,0,Medium,41939.67
LOAN010440,699.0,0.613,0.509,0,0,Current,0,Low,73669.37
LOAN010441,619.0,0.535,0.538,2,26,Current,0,Medium,47710.57
LOAN010442,691.0,0.407,0.573,0,0,Current,0,Low,7565.99
LOAN010443,664.0,0.813,0.688,1,24,Current,0,Medium,201979.2
LOAN010444,683.0,0.219,,2,110,Defaulted,1,Medium,941.22
LOAN010445,689.0,0.596,0.573,4,83,Defaulted,1,Medium,395825.12
LOAN010446,714.0,0.55,0.722,1,11,Current,0,Low,20045.36
LOAN010447,659.0,0.598,0.538,0,0,Current,0,Medium,7881.72
LOAN010448,683.0,,,0,0,Current,0,Medium,17568.02
LOAN010449,662.0,0.701,0.932,0,0,Current,0,Medium,111190.26
LOAN010450,696.0,0.743,,1,14,Paid Off,0,Medium,154793.35
LOAN010451,660.0,0.707,0.804,1,25,Paid Off,0,Medium,132998.48
LOAN010452,644.0,0.777,0.712,4,64,Late,0,High,63114.36
LOAN010453,639.0,0.731,0.652,3,42,Current,0,Medium,139087.44
LOAN010454,713.0,0.375,,0,0,Current,0,Low,11107.37
LOAN010455,681.0,0.325,,0,0,Current,0,Low,10236.62
LOAN010456,689.0,0.441,0.885,0,0,Current,0,Low,35624.13
LOAN010457,646.0,0.69,0.687,3,33,Current,0,Medium,306423.85
LOAN010458,699.0,0.529,0.609,0,0,Current,0,Low,285498.13
LOAN010459,693.0,0.207,0.703,0,0,Paid Off,0,Low,3306.17
LOAN010460,663.0,0.643,0.52,0,0,Current,0,Medium,90583.6
LOAN010461,751.0,0.457,0.519,0,0,Paid Off,0,Low,25590.34
LOAN010462,687.0,0.867,,2,46,Current,0,Medium,85734.41
LOAN010463,729.0,0.4,0.56,2,18,Current,0,Low,23633.72
LOAN010464,633.0,0.241,0.92,4,56,Current,0,Medium,8115.05
LOAN010465,637.0,0.541,,6,132,Defaulted,1,High,14864.9
LOAN010466,668.0,0.41,,0,0,Current,0,Low,5891.54
LOAN010467,699.0,0.378,,0,0,Current,0,Low,7431.59
LOAN010468,665.0,0.37,0.542,0,0,Current,0,Low,14444.06
LOAN010469,682.0,0.233,,0,0,Current,0,Low,3964.08
LOAN010470,685.0,0.38,,0,0,Current,0,Low,9706.43
LOAN010471,623.0,0.555,,4,64,Late,0,medium,286086.0
LOAN010472,696.0,0.146,0.791,0,0,Current,0,Low,13945.11
LOAN010473,653.0,0.429,0.547,0,0,Current,0,Low,6470.82
LOAN010474,654.0,0.911,0.714,2,50,Paid Off,0,Medium,341452.01
LOAN010475,588.0,0.659,0.548,6,180,Defaulted,1,High,125238.19
LOAN010476,622.0,0.56,0.505,4,56,Current,0,Medium,20043.62
LOAN010477,684.0,0.425,0.545,0,0,Current,0,Low,4510.04
LOAN010478,730.0,0.491,,0,0,Current,0,Low,3181.1
LOAN010479,728.0,0.41,,0,0,Current,0,Low,4211.23
LOAN010480,705.0,0.624,0.687,0,0,Current,0,Low,100860.03
LOAN010481,714.0,0.368,0.868,0,0,Current,0,Low,8013.87
LOAN010482,636.0,1.128,0.757,3,75,Restructured,0, High ,1596664.7
LOAN010483,623.0,0.804,0.626,3,36,Paid Off,0, Medium ,308128.33
LOAN010484,720.0,0.629,0.638,0,0,Current,0,Low,89777.48
LOAN010485,678.0,0.817,0.649,3,75,Restructured,0,Medium,63483.22
LOAN010486,618.0,0.955,0.643,1,20,Current,0,Medium,1154768.76
LOAN010487,677.0,0.77,0.759,3,36,Current,0,Medium,147718.95
LOAN010488,739.0,0.275,0.54,0,0,Current,0,Low,10118.77
LOAN010489,679.0,0.294,,0,0,Current,0,Low,8183.75
LOAN010490,680.0,0.27,,0,0,Current,0,Low,15242.03
LOAN010491,683.0,0.667,0.516,0,0,current,0,Low,45992.79
LOAN010492,612.0,0.854,0.691,6,54,Paid Off,0,High,179063.34
LOAN010493,721.0,0.515,0.809,0,0,Current,0,Low,5603.91
LOAN010494,675.0,0.435,,0,0,Current,0,Low,5081.75
LOAN010495,649.0,0.746,0.599,5,180, defaulted ,1,High,511435.58
LOAN010496,675.0,0.266,0.885,0,0,Current,0,Low,1946.84
LOAN010497,724.0,0.503,0.751,0,0,Current,0,Low,37554.78
LOAN010498,671.0,0.355,0.509,0,0,Current,0,Low,6424.63
LOAN010499,623.0,0.408,,2,44,Paid Off,0,Medium,14721.23
LOAN010500,622.0,0.444,,2,16,Current,0,Medium,20299.62
LOAN010501,652.0,0.366,0.926,0,0,Current,0,Low,14534.16
LOAN010502,593.0,1.088,,2,28,Current,0,High,1719790.93
LOAN010503,677.0,0.293,,0,0,Current,0,Low,2610.83
LOAN010504,653.0,0.242,,0,0,Current,0,Low,2569.72
LOAN010505,606.0,1.35,0.574,9,180,Defaulted,1,High,1065026.12
LOAN010506,653.0,0.896,0.663,3,148,Written Off,1,High,103479.71
LOAN010507,695.0,0.379,,0,0,Current,0,Low,6189.43
LOAN010508,758.0,,,0,0,Paid Off,0,Low,7356.16
LOAN010509,663.0,0.55,0.821,0,0,Current,0,Medium,54936.04
LOAN010510,728.0,0.516,,0,0,Current,0,Low,16854.7
LOAN010511,621.0,0.716,0.537,3,69,Restructured,0,Medium,641884.52
LOAN010512,665.0,0.5,0.501,0,0,Current,0,Low,116211.32
LOAN010513,693.0,0.518,,0,0,Current,0,Low,4653.9
LOAN010514,642.0,0.714,0.86,5,137,Defaulted,1,High,987395.74
LOAN010515,571.0,1.047,0.574,2,126,Defaulted,1,High,971027.2
LOAN010516,,0.823,0.559,6,170,Defaulted,1,High,272213.44
LOAN010517,685.0,0.412,0.583,0,0,Current,0,Low,2008.07
LOAN010518,662.0,0.996,0.566,1,17,Paid Off,0,Medium,367929.36
LOAN010519,715.0,0.908,0.909,4,76,Late,0,Medium,694169.69
LOAN010520,602.0,0.88,0.634,2,40,Current,0,Medium,540931.71
LOAN010521,599.0,1.027,0.835,7,180,Defaulted,1,High,755714.26
LOAN010522,665.0,0.436,0.865,1,117,Written Off,1,Medium,9162.43
LOAN010523,681.0,0.897,0.816,6,66,Late,0,High,203676.29
LOAN010524,701.0,0.408,0.855,0,0,Current,0,Low,19931.28
LOAN010525,690.0,0.424,0.799,0,0,Current,0,Low,60990.2
LOAN010526,679.0,0.522,0.535,0,0,Current,0,Low,50505.22
LOAN010527,683.0,0.625,,1,16,Current,0,Medium,129400.42
LOAN010528,653.0,,0.527,7,147,Current,0,High,19006.43
LOAN010529,680.0,0.689,0.883,0,0,Current,0,Medium,70418.78
LOAN010530,598.0,0.556,0.934,1,23,Current,0,Medium,207074.59
LOAN010531,642.0,0.26,0.772,6,129,Defaulted,1,Medium,22804.76
LOAN010532,621.0,1.123,0.85,2,50,Current,0,High,2184845.52
LOAN010533,674.0,0.648,0.781,0,0,Current,0,Medium,160902.35
LOAN010534,642.0,0.759,0.584,3,66,Late,0,Medium,30000.13
LOAN010535,660.0,0.707,0.566,0,0,Paid Off,0,Medium,33116.84
LOAN010536,616.0,0.76,0.633,5,180,Defaulted,1,High,410795.46
LOAN010537,694.0,0.399,0.596,0,0,Current,0,Low,5745.55
LOAN010538,671.0,0.563,0.576,0,0,Current,0,Low,30931.7
LOAN010539,723.0,0.452,,0,0,Current,0,Low,3056.96
LOAN010540,609.0,0.315,,2,38,Paid Off,0,Medium,20112.29
LOAN010541,652.0,0.66,0.859,0,0,Current,0,Medium,50933.46
LOAN010542,644.0,0.417,,2,32,Current,0,Medium,8867.63
LOAN010543,665.0,0.624,0.922,0,0,Current,0,Medium,46466.6
LOAN010544,688.0,0.465,0.504,0,0,Current,0,Low,4308.48
LOAN010545,730.0,0.076,,0,0,Current,0,Low,1388.75
LOAN010546,675.0,0.837,0.667,0,0,Paid Off,0,Medium,57653.52
LOAN010547,671.0,0.39,0.539,0,0,Current,0,Low,2465.57
LOAN010548,702.0,0.539,,1,21,Current,0,Low,85340.51
LOAN010549,727.0,0.367,,0,0,Current,0,Low,14190.35
LOAN010550,683.0,0.403,,0,0,Current,0,Low,8839.25
LOAN010551,632.0,0.646,0.778,4,84,Late,0,Medium,26384.46
LOAN010552,710.0,0.328,0.553,0,0,Current,0,Low,4976.49
LOAN010553,704.0,0.458,,4,130,Defaulted,1,Medium,6319.99
LOAN010554,588.0,1.172,0.546,1,19,Current,0,High,603982.07
LOAN010555,679.0,0.445,0.545,0,0,Current,0,Low,7222.79
LOAN010556,711.0,0.246,0.505,0,0,Current,0,Low,8570.37
LOAN010557,646.0,0.635,0.551,0,0,Current,0,Medium,331615.01
LOAN010558,646.0,0.252,,3,75,Current,0,Medium,8646.82
LOAN010559,631.0,0.801,,8,180,Defaulted,1,High,351863.1
LOAN010560,626.0,0.525,0.714,3,57,CURRENT,0,Medium,86351.56
LOAN010561,745.0,0.317,0.579,0,0,Current,0,Low,8531.07
LOAN010562,685.0,0.277,,0,0,Current,0,Low,4948.26
LOAN010563,623.0,1.176,,1,78,Defaulted,1,High,1962208.08
LOAN010564,766.0,0.215,,0,0,Current,0,Low,7331.96
LOAN010565,689.0,0.804,0.537,0,0,Current,0,Medium,79282.46
LOAN010566,695.0,0.603,0.902,0,0,Current,0,Low,55959.27
LOAN010567,653.0,0.447,0.737,0,0,Current,0,Low,22854.9
LOAN010568,692.0,0.663,0.778,0,0,Current,0,Medium,33116.19
LOAN010569,610.0,1.099,0.807,3,72,Defaulted,1, high ,549043.34
LOAN010570,622.0,1.018,0.567,2,105,Defaulted,1,High,752189.64
LOAN010571,704.0,0.474,,0,0,Current,0,Low,6347.07
LOAN010572,726.0,0.376,,0,0,Current,0,Low,4031.47
LOAN010573,705.0,0.476,0.931,0,0,Current,0,Low,48601.89
LOAN010574,707.0,0.191,,0,0,Current,0,Low,6411.43
LOAN010575,656.0,0.174,,0,0,Current,0,Low,3972.26
LOAN010576,742.0,0.187,,0,0,Current,0,Low,1196.79
LOAN010577,637.0,0.537,,2,26,Current,0,Medium,9668.68
LOAN010578,699.0,0.709,0.825,1,25,Current,0,Medium,163450.05
LOAN010579,666.0,0.537,0.555,1,25,Current,0,Medium,51304.91
LOAN010580,710.0,0.304,,0,0,Current,0,Low,9738.84
LOAN010581,636.0,0.789,,8,180,Defaulted,1,High,90646.35
LOAN010582,637.0,0.24,0.663,1,9,Current,0,Low,6115.6
LOAN010583,682.0,0.61,,0,0,Current,0,Low,30038.38
LOAN010584,699.0,0.246,0.618,0,0,Paid Off,0, LOW ,766.99
LOAN010585,682.0,0.254,0.93,0,0,Current,0,Low,13941.21
LOAN010586,708.0,0.73,0.852,2,20,Current,0,Medium,167652.4
LOAN010587,693.0,0.529,,1,16,Current,0,Medium,18983.44
LOAN010588,691.0,0.584,0.744,1,22,Current,0,Medium,189288.4
LOAN010589,657.0,0.636,0.765,0,0,Current,0,Medium,46586.39
LOAN010590,666.0,0.513,0.892,1,17,Current,0,Medium,11293.32
LOAN010591,689.0,0.766,0.507,6,84,Late,0,High,228032.79
LOAN010592,719.0,0.4,0.888,0,0,Current,0,Low,94369.45
LOAN010593,666.0,0.637,0.626,0,0,Current,0,Medium,49146.37
LOAN010594,664.0,0.627,0.558,5,170, DEFAULTED ,1,High,95785.04
LOAN010595,748.0,0.261,0.767,0,0,Paid Off,0,Low,10582.01
LOAN010596,627.0,0.878,,2,48,Current,0,Medium,1052704.85
LOAN010597,581.0,0.761,0.7,4,88,Late,0,High,568279.54
LOAN010598,682.0,0.503,0.563,1,24,Current,0,Medium,9003.87
LOAN010599,618.0,0.683,0.709,3,27,Current,0,Medium,186690.98
LOAN010600,681.0,0.543,0.515,0,0,Current,0,Low,34159.26
LOAN010601,622.0,0.757,0.784,3,66,Late,0,Medium,390212.15
LOAN010602,639.0,0.555,0.744,1,17,Current,0,Medium,10009.69
LOAN010603,641.0,0.825,0.8,6,114,Late,0,High,1029428.86
LOAN010604,667.0,0.352,,0,0,Paid Off,0,Low,6382.97
LOAN010605,599.0,1.035,,1,15,Current,0,Medium,1025738.2
LOAN010606,663.0,0.384,,0,0,Current,0,Low,5477.08
LOAN010607,692.0,0.433,0.802,0,0,Current,0,Low,23731.18
LOAN010608,687.0,0.631,0.864,1,12,Current,0,Medium,121971.94
LOAN010609,734.0,0.392,,0,0,Current,0,Low,1477.17
LOAN010610,,0.721,0.928,4,84,Current,0,Medium,150453.86
LOAN010611,723.0,0.616,0.794,0,0,Current,0,Low,66994.05
LOAN010612,667.0,,0.799,0,0,Current,0,Low,6841.73
LOAN010613,696.0,0.278,0.6,0,0,Paid Off,0,Low,26156.33
LOAN010614,661.0,1.097,0.51,1,17,Current,0,Medium,25596.07
LOAN010615,716.0,0.302,0.586,0,0,Current,0,Low,2291.55
LOAN010616,712.0,0.75,,2,24,Current,0,Medium,23010.48
LOAN010617,726.0,0.3,0.632,0,0,Current,0,Low,2223.96
LOAN010618,627.0,1.043,,7,175,Defaulted,1,High,2007805.23
LOAN010619,665.0,0.734,0.923,5,110,Defaulted,1,High,643851.31
LOAN010620,724.0,0.289,0.637,0,0,Current,0,Low,6517.68
LOAN010621,647.0,0.815,,5,125,Late,0,High,74280.58
LOAN010622,629.0,0.667,0.548,2,22,Current,0, Medium ,182591.11
LOAN010623,738.0,0.249,0.752,0,0,Current,0,Low,6319.85
LOAN010624,696.0,0.681,0.629,0,0,Current,0,Low,76494.12
LOAN010625,648.0,0.553,0.728,6,158,Defaulted,1,High,158216.71
LOAN010626,604.0,0.602,,3,72,Restructured,0,Medium,28867.29
LOAN010627,660.0,0.652,0.924,5,174,Defaulted,1,High,342377.93
LOAN010628,674.0,0.398,0.742,0,0,Paid Off,0,Low,24798.46
LOAN010629,662.0,0.461,,1,8,Current,0,Medium,8543.53
LOAN010630,618.0,0.712,0.649,6,180,Defaulted,1,High,368968.79
LOAN010631,681.0,0.538,,7,180,Defaulted,1,High,14034.56
LOAN010632,680.0,0.642,0.712,1,25,Current,0, medium ,19374.1
LOAN010633,665.0,0.623,0.886,0,0,Current,0,Medium,149450.09
LOAN010634,698.0,0.325,0.552,0,0,Current,0,Low,5226.72
LOAN010635,718.0,0.562,0.518,0,0,Current,0,Low,38618.43
LOAN010636,722.0,0.591,0.577,0,0,Current,0,Low,80975.83
LOAN010637,702.0,0.642,0.521,3,120,Defaulted,1,Medium,100778.19
LOAN010638,766.0,0.272,,0,0,Current,0,Low,16660.05
LOAN010639,658.0,0.407,,0,0, current ,0,Low,9582.9
LOAN010640,729.0,0.318,0.553,0,0,Current,0,Low,6294.54
LOAN010641,754.0,0.129,0.639,1,12,Current,0,Low,1353.25
LOAN010642,583.0,1.037,0.698,4,152,Defaulted,1,High,596238.78
LOAN010643,732.0,0.31,,0,0, current ,0,Low,1699.11
LOAN010644,701.0,0.292,0.612,0,0,Current,0,Low,3687.18
LOAN010645,605.0,0.809,0.698,2,48,Paid Off,0,Medium,111237.9
LOAN010646,725.0,0.476,0.502,0,0,Current,0,Low,2482.38
LOAN010647,707.0,0.223,,0,0,Current,0,Low,4073.94
LOAN010648,646.0,0.978,,4,92,Late,0,High,1185684.85
LOAN010649,724.0,0.489,0.549,1,25,Paid Off,0,Low,6386.65
LOAN010650,651.0,0.614,0.736,0,0,Current,0,Medium,15718.76
LOAN010651,641.0,0.971,0.607,2,16,Current,0,Medium,541967.18
LOAN010652,712.0,0.517,0.726,0,0,Current,0,Low,83439.03
LOAN010653,655.0,0.535,,2,32,Current,0,Medium,3805.0
LOAN010654,688.0,0.774,,1,14,Current,0,Medium,164741.6
LOAN010655,660.0,0.328,,0,0,Current,0,Low,4442.66
LOAN010656,662.0,0.32,0.749,0,0,Current,0,Low,14572.74
LOAN010657,773.0,0.166,0.618,1,13,Paid Off,0,low,3991.4
LOAN010658,741.0,0.449,0.875,0,0,Current,0,Low,20530.93
LOAN010659,659.0,0.875,0.769,1,19,Current,0,Medium,216570.69
LOAN010660,720.0,0.596,0.611,0,0,Current,0,Low,68163.12
LOAN010661,689.0,0.284,0.609,0,0,Current,0,Low,6448.41
LOAN010662,697.0,0.502,0.684,0,0,Current,0,Low,31743.54
LOAN010663,757.0,0.269,0.532,0,0,Current,0,Low,7385.84
LOAN010664,578.0,0.931,0.757,1,17,Current,0,Medium,731081.31
LOAN010665,647.0,0.818,0.888,2,38,Current,0,Medium,1432354.15
LOAN010666,694.0,0.388,0.578,0,0,Current,0,Low,43360.42
LOAN010667,727.0,0.562,0.691,1,14,Current,0,Low,12641.38
LOAN010668,727.0,0.206,0.593,0,0,Paid Off,0,Low,3462.76
LOAN010669,687.0,0.766,0.597,2,24,Current,0,Medium,141846.27
LOAN010670,653.0,0.884,,4,96,Late,0, high ,482593.17
LOAN010671,771.0,0.693,0.504,0,0,Current,0,Low,221173.01
LOAN010672,664.0,0.442,0.909,0,0,Current,0,Low,4227.23
LOAN010673,710.0,0.51,0.551,0,0,Current,0,Low,18491.92
LOAN010674,613.0,0.539,0.642,2,38,Current,0,Medium,9248.98
LOAN010675,728.0,0.58,,0,0,Current,0,Low,28785.13
LOAN010676,544.0,1.21,0.697,5,158,Defaulted,1,High,566649.04
LOAN010677,630.0,0.794,0.727,9,180,Late,0,High,56397.01
LOAN010678,634.0,0.886,0.615,7,154,Late,0,High,784520.78
LOAN010679,689.0,0.565,0.674,0,0,Current,0,Low,153075.28
LOAN010680,718.0,0.406,0.52,0,0,Current,0,Low,29558.54
LOAN010681,677.0,0.462,0.773,1,15,Current,0,Medium,11200.33
LOAN010682,652.0,0.805,0.67,4,88,Late,0,High,30824.81
LOAN010683,692.0,0.815,0.577,1,22,Current,0,Medium,320544.74
LOAN010684,689.0,0.764,0.644,2,36,Current,0,Medium,68479.32
LOAN010685,720.0,0.218,0.726,0,0,Current,0,Low,3121.46
LOAN010686,684.0,0.291,,0,0,Paid Off,0,Low,2965.29
LOAN010687,716.0,0.53,0.739,0,0,Current,0,Low,98294.89
LOAN010688,683.0,0.22,,0,0,Current,0,Low,5695.01
LOAN010689,668.0,0.612,0.745,0,0,Current,0,Medium,23445.91
LOAN010690,652.0,0.879,0.545,1,23,Current,0,Medium,52631.9
LOAN010691,672.0,0.244,,0,0,Current,0,Low,3741.86
LOAN010692,668.0,0.333,,0,0,Paid Off,0,Low,4942.58
LOAN010693,671.0,0.417,,0,0, current ,0,Low,9716.0
LOAN010694,665.0,0.408,0.56,7,180,Defaulted,1,High,32598.08
LOAN010695,742.0,0.485,0.548,0,0,Current,0,Low,7245.53
LOAN010696,736.0,0.398,0.749,0,0,Current,0,Low,11183.66
LOAN010697,700.0,0.659,,0,0,Current,0,Low,14125.87
LOAN010698,657.0,0.521,0.57,0,0,Current,0,Low,143153.44
LOAN010699,611.0,0.837,0.781,9,180,Written Off,1,High,792323.47
LOAN010700,680.0,0.503,0.693,2,16,Current,0,Medium,36762.86
LOAN010701,646.0,1.141,0.518,3,89,Written Off,1,High,1328102.27
LOAN010702,706.0,0.415,,1,19,Current,0,Low,11368.91
LOAN010703,699.0,0.689,0.635,0,0,Current,0,Low,120619.18
LOAN010704,557.0,1.338,,5,152,Defaulted,1,High,3253911.65
LOAN010705,710.0,0.604,,1,19,Current,0,Medium,14463.78
LOAN010706,637.0,0.966,0.535,5,75,Late,0,High,662852.82
LOAN010707,,1.3,0.527,3,66,Current,0,High,1124651.47
LOAN010708,702.0,0.174,0.638,0,0,Current,0,Low,10363.88
LOAN010709,699.0,0.496,,0,0,Current,0,Low,12427.97
LOAN010710,674.0,0.792,0.507,3,72,Current,0,Medium,148920.78
LOAN010711,711.0,0.252,0.808,2,46,Current,0,Low,28267.34
LOAN010712,700.0,0.397,0.879,0,0,Current,0,Low,8663.84
LOAN010713,650.0,0.438,0.747,0,0,Current,0,Low,54931.16
LOAN010714,627.0,0.647,0.511,4,52,Paid Off,0,Medium,115754.1
LOAN010715,666.0,0.701,0.668,0,0,Current,0,Medium,10174.77
LOAN010716,613.0,0.627,,2,32,Current,0,Medium,14527.52
LOAN010717,666.0,0.738,0.537,4,48,Current,0,Medium,106670.17
LOAN010718,678.0,0.435,0.822,0,0,Current,0,Low,23008.02
LOAN010719,595.0,0.966,0.893,2,42,Current,0,High,530413.01
LOAN010720,637.0,0.658,0.691,3,27,Current,0,Medium,230273.56
LOAN010721,687.0,0.435,0.505,1,25,Paid Off,0,Low,64380.34
LOAN010722,774.0,0.777,0.522,7,180,Defaulted,1,High,315193.9
LOAN010723,723.0,0.566,,0,0,Paid Off,0,Low,12786.81
LOAN010724,669.0,,0.869,1,16,Current,0,Medium,287530.13
LOAN010725,733.0,0.628,0.838,0,0,Current,0,Low,12084.38
LOAN010726,606.0,0.935,0.536,7,180,Written Off,1,High,1155361.09
LOAN010727,718.0,0.42,,0,0,Current,0,Low,10062.69
LOAN010728,612.0,0.396,,2,48,Current,0,Medium,14730.54
LOAN010729,670.0,0.51,,0,0,Current,0,Low,9173.52
LOAN010730,678.0,0.418,0.659,0,0,Current,0,Low,3343.78
LOAN010731,603.0,0.849,0.659,6,123,Written Off,1,High,156166.04
LOAN010732,683.0,0.681,0.933,0,0,Current,0,Medium,33685.18
LOAN010733,715.0,0.199,,0,0,Current,0,Low,11795.54
LOAN010734,711.0,0.168,0.854,0,0,Current,0,Low,1921.21
LOAN010735,631.0,1.162,0.513,5,129,Defaulted,1,High,1027009.56
LOAN010736,625.0,0.403,,2,50,Current,0,Medium,17233.09
LOAN010737,674.0,0.853,0.649,3,69,Late,0,Medium,416804.96
LOAN010738,719.0,0.249,,0,0,Current,0,Low,1354.07
LOAN010739,751.0,0.304,0.526,0,0,Current,0,Low,2477.2
LOAN010740,671.0,0.569,,0,0,Current,0,Low,5727.99
LOAN010741,624.0,1.27,0.667,7,159,Defaulted,1,High,2297031.87
LOAN010742,611.0,0.442,0.809,2,42,Current,0,Medium,88150.92
LOAN010743,660.0,0.569,0.952,0,0,Current,0,Medium,83782.57
LOAN010744,663.0,0.855,0.873,4,88,Late,0,High,170657.4
LOAN010745,611.0,1.114,0.907,1,21,Current,0,High,512331.83
LOAN010746,673.0,0.495,,0,0,Current,0,Low,18021.11
LOAN010747,741.0,0.352,0.56,0,0,Current,0,Low,5858.37
LOAN010748,708.0,0.545,,0,0,Current,0,Low,5447.97
LOAN010749,725.0,0.527,0.659,0,0,Current,0,Low,12184.68
LOAN010750,660.0,0.871,0.804,5,50,Current,0,High,523237.27
LOAN010751,665.0,0.307,,0,0,Current,0,Low,13654.15
LOAN010752,654.0,0.645,,0,0,Current,0,Medium,68987.35
LOAN010753,660.0,0.729,0.784,3,51,Current,0,Medium,156900.99
LOAN010754,711.0,0.768,0.888,5,94,Defaulted,1,Medium,154123.21
LOAN010755,711.0,0.362,0.828,0,0,Paid Off,0,Low,12512.52
LOAN010756,667.0,,0.595,0,0,Current,0,Low,54227.3
LOAN010757,689.0,0.811,0.512,4,165,Defaulted,1,High,110800.66
LOAN010758,643.0,0.959,0.659,3,30,Current,0,Medium,806782.44
LOAN010759,655.0,0.883,0.938,0,0,Current,0,Medium,122471.23
LOAN010760,722.0,0.693,,0,0,Current,0,Low,10927.28
LOAN010761,718.0,0.361,0.553,0,0,Current,0,Low,3163.58
LOAN010762,648.0,0.486,0.783,3,48,Current,0,Medium,147706.26
LOAN010763,606.0,0.568,0.764,1,20,Current,0,Medium,7800.49
LOAN010764,711.0,0.314,,0,0,Current,0,Low,3234.04
LOAN010765,639.0,0.813,0.675,4,167,Written Off,1,High,18414.76
LOAN010766,664.0,0.682,0.947,0,0,Current,0,Medium,88074.25
LOAN010767,691.0,0.674,0.873,0,0,Current,0,Medium,80439.04
LOAN010768,653.0,0.776,0.686,2,18,Current,0,Medium,233496.71
LOAN010769,656.0,0.375,,0,0,Current,0,Low,3622.78
LOAN010770,677.0,0.638,0.834,0,0,Current,0,Medium,56178.96
LOAN010771,,0.853,0.548,0,0,Current,0,Low,87235.42
LOAN010772,649.0,0.718,0.531,8,180,Defaulted,1,High,239999.51
LOAN010773,732.0,0.31,0.624,0,0,Paid Off,0,Low,7978.89
LOAN010774,749.0,0.788,0.822,6,150,Late,0,High,129530.59
LOAN010775,706.0,0.475,0.856,0,0,Current,0, Low ,84966.33
LOAN010776,626.0,0.719,0.604,3,30,Current,0,Medium,103714.19
LOAN010777,666.0,0.727,0.615,4,52,Current,0,Medium,74883.59
LOAN010778,637.0,0.446,0.529,4,72,Restructured,0,Medium,10844.09
LOAN010779,729.0,0.272,,0,0,Paid Off,0,Low,1864.94
LOAN010780,629.0,1.186,,7,173,Defaulted,1,High,1782025.78
LOAN010781,684.0,0.236,0.942,2,42, Current ,0,Medium,2002.64
LOAN010782,643.0,0.116,,4,76,Late,0,Medium,2647.03
LOAN010783,629.0,0.501,,1,12,Current,0,Medium,27302.17
LOAN010784,657.0,0.692,0.889,0,0,Current,0,Medium,109027.85
LOAN010785,700.0,,0.665,0,0,Current,0,Low,3107.7
LOAN010786,725.0,0.592,0.606,0,0,Current,0,Low,69373.26
LOAN010787,610.0,0.84,,1,22,Current,0,Medium,815151.87
LOAN010788,711.0,0.362,0.876,1,15,Current,0,Low,31779.02
LOAN010789,636.0,0.886,0.586,5,80,Late,0,High,405275.61
LOAN010790,660.0,0.641,0.534,0,0,Current,0,Medium,66762.97
LOAN010791,720.0,0.392,,1,9,Current,0,Low,4619.15
LOAN010792,695.0,0.399,0.534,0,0,Current,0,Low,20354.7
LOAN010793,638.0,0.885,0.746,2,44,Current,0,Medium,67827.33
LOAN010794,639.0,1.094,0.669,3,124,Defaulted,1,High,387189.64
LOAN010795,668.0,0.313,0.542,0,0,Paid Off,0,Low,6254.22
LOAN010796,629.0,1.099,0.511,5,170,Defaulted,1,High,523705.85
LOAN010797,663.0,0.665,0.943,0,0,Current,0,Medium,51389.25
LOAN010798,650.0,0.98,0.598,2,40,Current,0,medium,208654.99
LOAN010799,601.0,0.889,0.63,0,0,Current,0,Medium,392428.72
LOAN010800,622.0,1.112,,4,170,Defaulted,1,High,131858.74
LOAN010801,576.0,1.094,,4,76,Restructured,0,High,2968367.84
LOAN010802,668.0,0.689,0.624,0,0,Current,0,Medium,67242.74
LOAN010803,675.0,0.845,0.672,5,180,Defaulted,1,High,118916.99
LOAN010804,719.0,0.806,0.601,2,38,Current,0,Medium,177351.78
LOAN010805,690.0,0.208,,0,0,Current,0,Low,4271.71
LOAN010806,688.0,0.897,0.813,2,40,Current,0,Medium,155177.93
LOAN010807,754.0,0.253,0.606,0,0,Current,0,Low,14217.2
LOAN010808,618.0,0.71,0.716,6,120,Current,0,High,56098.34
LOAN010809,719.0,0.401,,0,0, Current ,0,Low,2672.14
LOAN010810,655.0,0.296,0.766,0,0, CURRENT ,0,Low,18680.66
LOAN010811,661.0,0.547,0.821,0,0,Current,0,Medium,21372.89
LOAN010812,649.0,0.528,0.552,5,125,Restructured,0,Medium,224617.93
LOAN010813,613.0,0.842,0.912,2,38,Current,0,Medium,290375.1
LOAN010814,678.0,0.43,,0,0,Current,0,Low,7838.01
LOAN010815,690.0,0.698,0.634,0,0,Current,0,Medium,55314.35
LOAN010816,717.0,0.38,0.59,0,0,CURRENT,0,Low,3569.42
LOAN010817,720.0,0.351,,0,0,Current,0,Low,2344.26
LOAN010818,681.0,0.649,,0,0,Current,0,Low,37671.17
LOAN010819,630.0,0.574,0.562,4,40,Current,0,Medium,232449.89
LOAN010820,643.0,,0.556,7,180,Written Off,1,High,90441.51
LOAN010821,736.0,0.756,0.902,2,28,Current,0,Medium,242638.25
LOAN010822,634.0,0.232,0.871,2,18,Current,0,Medium,12762.02
LOAN010823,672.0,0.426,,0,0,Current,0,Low,2027.16
LOAN010824,682.0,0.669,0.543,0,0,Current,0,Medium,62751.22
LOAN010825,654.0,0.641,0.649,0,0,Current,0,Medium,27559.19
LOAN010826,700.0,0.84,0.529,1,9,Current,0, Medium ,160414.52
LOAN010827,680.0,0.796,0.604,3,42,Paid Off,0,Medium,101306.93
LOAN010828,697.0,0.463,0.552,0,0,Current,0,Low,5432.4
LOAN010829,689.0,0.32,,0,0,Current,0,Low,2348.61
LOAN010830,740.0,0.564,,0,0,Paid Off,0,Low,28511.61
LOAN010831,747.0,0.527,0.672,2,44,Current,0, Medium ,3131.3
LOAN010832,725.0,0.536,,1,12,Current,0,Low,11790.92
LOAN010833,642.0,0.427,0.738,3,36,Current,0,Medium,103481.82
LOAN010834,596.0,0.988,0.94,7,180,Defaulted,1,High,1061408.39
LOAN010835,749.0,0.247,0.716,4,131,Written Off,1,Medium,2663.43
LOAN010836,678.0,0.579,,0,0,Current,0,Low,18650.87
LOAN010837,653.0,0.87,0.763,3,39,Current,0,Medium,23380.42
LOAN010838,700.0,0.952,,3,57,Current,0,Medium,50036.68
LOAN010839,606.0,0.929,0.809,6,180,Defaulted,1,High,447123.75
LOAN010840,604.0,0.893,0.725,4,96,Late,0,High,398396.72
LOAN010841,580.0,0.575,0.713,2,77,Defaulted,1,Medium,107867.12
LOAN010842,667.0,0.727,0.911,3,51,Paid Off,0,Medium,161792.15
LOAN010843,659.0,0.581,0.614,0,0,Current,0,Medium,50434.51
LOAN010844,686.0,0.573,0.545,0,0,Current,0,Low,361901.85
LOAN010845,642.0,0.172,,4,101,Defaulted,1,Medium,6377.19
LOAN010846,691.0,,0.715,0,0,Current,0,Low,3651.3
LOAN010847,752.0,0.437,,0,0,Current,0,Low,9131.45
LOAN010848,748.0,0.533,0.522,1,19,Current,0,Low,99962.19
LOAN010849,605.0,0.79,,4,128,Defaulted,1,High,678402.64
LOAN010850,655.0,0.875,0.537,3,75,Restructured,0,Medium,316066.15
LOAN010851,665.0,0.699,0.721,0,0,Current,0,Medium,259422.68
LOAN010852,649.0,0.666,,1,21,Current,0,Medium,18128.48
LOAN010853,657.0,0.538,,0,0, Current ,0,Low,68023.42
LOAN010854,670.0,0.742,0.715,3,42,Current,0,Medium,65149.2
LOAN010855,682.0,0.412,0.794,0,0,Current,0,Low,28564.95
LOAN010856,696.0,0.397,,0,0,Current,0,Low,10026.09
LOAN010857,730.0,0.374,,0,0,Current,0,Low,4396.22
LOAN010858,669.0,0.725,0.526,5,55,Current,0,Medium,88901.59
LOAN010859,701.0,0.601,0.521,0,0,Current,0,Low,31758.36
LOAN010860,,0.656,0.885,0,0,Current,0,Medium,34788.93
LOAN010861,694.0,0.772,,3,66,Late,0,Medium,26432.04
LOAN010862,691.0,0.302,,0,0,Current,0,Low,1701.76
LOAN010863,682.0,0.804,,5,154,Defaulted,1,High,334781.96
LOAN010864,618.0,1.333,0.718,5,180,Defaulted,1,High,2175431.91
LOAN010865,600.0,0.228,0.922,2,42, CURRENT ,0,Medium,9243.22
LOAN010866,587.0,1.054,0.54,6,180,Defaulted,1,High,787384.75
LOAN010867,720.0,0.165,,4,143,Defaulted,1,Medium,3672.8
LOAN010868,751.0,0.286,0.873,0,0,Current,0,Low,2988.34
LOAN010869,680.0,0.657,,4,156,Defaulted,1,Medium,77147.24
LOAN010870,649.0,0.914,0.686,5,102,Defaulted,1,High,404534.03
LOAN010871,,0.649,0.696,1,13,Current,0,Medium,209088.43
LOAN010872,732.0,0.293,0.572,0,0,Current,0,Low,2880.57
LOAN010873,723.0,0.72,0.524,1,20,Current,0,Medium,123720.42
LOAN010874,660.0,0.432,0.837,1,19,Current,0,Medium,14211.9
LOAN010875,688.0,0.423,0.524,0,0,Current,0,Low,6351.33
LOAN010876,661.0,0.248,0.644,0,0,Current,0,Low,5995.53
LOAN010877,701.0,0.339,0.81,0,0,Current,0,Low,10466.0
LOAN010878,677.0,0.297,0.833,0,0,Current,0,Low,6142.3
LOAN010879,652.0,0.86,0.579,6,138,Late,0,High,382824.69
LOAN010880,662.0,0.594,0.788,0,0,Current,0,Medium,7291.27
LOAN010881,705.0,0.634,0.921,0,0,Current,0,Low,152837.41
LOAN010882,699.0,0.29,,0,0, Current ,0,Low,7382.74
LOAN010883,667.0,0.658,0.791,0,0, current ,0,Medium,9222.57
LOAN010884,731.0,0.404,0.632,0,0,Current,0,Low,37402.28
LOAN010885,696.0,0.351,,0,0,Current,0,Low,6274.82
LOAN010886,636.0,0.463,,1,14,Current,0,Medium,19743.62
LOAN010887,666.0,0.323,0.564,0,0,Current,0,Low,4059.23
LOAN010888,687.0,0.497,,0,0,Current,0,Low,23318.92
LOAN010889,581.0,1.052,0.523,7,180,Defaulted,1,High,429773.86
LOAN010890,691.0,0.598,,0,0,Current,0,Low,11559.32
LOAN010891,707.0,0.697,0.834,0,0,Current,0,Low,119324.87
LOAN010892,669.0,0.783,0.581,3,51,Current,0,Medium,86017.1
LOAN010893,652.0,0.774,0.727,1,21,Current,0,Medium,145619.81
LOAN010894,695.0,0.573,,4,136,Defaulted,1,Medium,26305.06
LOAN010895,593.0,0.702,0.813,4,40,Paid Off,0,High,449206.34
LOAN010896,742.0,0.785,0.602,6,66,Late,0,Medium,133037.87
LOAN010897,665.0,0.74,0.719,4,36,Current,0,Medium,159935.11
LOAN010898,663.0,0.406,0.569,0,0,Current,0,Low,2427.34
LOAN010899,619.0,0.496,0.516,3,63,Late,0,Medium,126824.47
LOAN010900,637.0,0.99,0.54,2,28,Current,0,Medium,240225.42
LOAN010901,637.0,0.348,0.894,3,45,Current,0,Medium,6333.17
LOAN010902,720.0,0.454,0.619,1,22,Current,0,Low,50326.68
LOAN010903,719.0,0.742,0.585,4,80,Restructured,0,Medium,83542.56
LOAN010904,671.0,0.47,,0,0,Paid Off,0,Low,38455.51
LOAN010905,685.0,0.445,0.859,0,0,Current,0,Low,31152.07
LOAN010906,751.0,0.391,0.731,0,0,Paid Off,0,Low,7482.33
LOAN010907,576.0,0.981,0.514,4,40,Current,0,High,488140.73
LOAN010908,698.0,0.653,0.54,0,0,Paid Off,0, low ,164474.97
LOAN010909,675.0,0.382,0.924,0,0,Current,0,Low,82763.46
LOAN010910,630.0,0.682,0.59,3,36,Current,0,Medium,31410.4
LOAN010911,693.0,0.672,0.541,1,12,Current,0,Medium,158477.72
LOAN010912,732.0,0.217,,0,0,Current,0,Low,1989.74
LOAN010913,691.0,0.309,0.596,0,0,Current,0,Low,1445.99
LOAN010914,676.0,0.326,,0,0,Current,0,Low,5362.14
LOAN010915,583.0,0.884,,2,48,Current,0,High,900774.77
LOAN010916,615.0,0.653,,1,24,Current,0,Medium,53671.49
LOAN010917,750.0,0.65,0.82,0,0,Current,0,Low,13158.4
LOAN010918,745.0,0.269,,0,0, current ,0,low,3624.89
LOAN010919,721.0,0.319,0.919,0,0,CURRENT,0,Low,13280.45
LOAN010920,642.0,0.477,,6,132,Restructured,0,High,24564.68
LOAN010921,675.0,0.651,0.88,0,0,Paid Off,0,Medium,12364.57
LOAN010922,657.0,0.857,0.635,4,64,Current,0,High,269332.37
LOAN010923,665.0,0.378,,0,0,Current,0,Low,2216.36
LOAN010924,741.0,0.705,,0,0,Current,0,Low,141896.62
LOAN010925,746.0,0.701,0.646,0,0,Current,0,Low,111229.05
LOAN010926,681.0,0.222,0.914,0,0,Current,0,Low,11235.64
LOAN010927,697.0,0.401,0.862,0,0,Current,0,Low,15490.92
LOAN010928,605.0,0.867,0.562,1,8,Current,0,Medium,359402.21
LOAN010929,564.0,0.785,0.596,8,117,Written Off,1,High,109294.11
LOAN010930,743.0,0.432,0.798,1,20,Current,0,Low,9945.58
LOAN010931,678.0,0.717,0.9,0,0,Current,0,Medium,192717.08
LOAN010932,692.0,0.389,0.577,0,0,Current,0,Low,16163.21
LOAN010933,601.0,1.247,,4,180,Defaulted,1,High,530975.41
LOAN010934,644.0,1.35,0.564,5,164,Defaulted,1,High,1257056.06
LOAN010935,653.0,0.568,0.559,0,0,Current,0,Medium,63612.09
LOAN010936,717.0,0.376,0.58,1,12,Current,0,Low,3515.54
LOAN010937,744.0,0.185,,1,9,Current,0,Low,8366.84
LOAN010938,698.0,0.522,0.933,3,75,Current,0,Medium,28149.59
LOAN010939,614.0,1.057,0.507,2,22,Current,0,High,1555366.17
LOAN010940,725.0,0.386,,0,0,Current,0,Low,5424.95
LOAN010941,764.0,0.303,,0,0,Paid Off,0,Low,7908.98
LOAN010942,637.0,0.691,0.715,1,9,Current,0,Medium,202150.43
LOAN010943,700.0,0.435,,0,0,Current,0,Low,5137.13
LOAN010944,640.0,0.223,0.519,1,10,Current,0,Low,23572.49
LOAN010945,683.0,0.758,0.755,4,40,Current,0,Medium,104485.96
LOAN010946,718.0,0.327,0.532,0,0,Paid Off,0,low,4193.76
LOAN010947,707.0,0.508,0.607,1,23,Current,0,Low,5669.12
LOAN010948,540.0,0.989,0.505,5,92,Defaulted,1,High,436376.0
LOAN010949,676.0,0.445,,0,0,Current,0,Low,7478.03
LOAN010950,715.0,0.152,0.628,0,0,Current,0,Low,1910.94
LOAN010951,693.0,0.723,0.665,3,33,Current,0,Medium,269997.04
LOAN010952,713.0,0.57,0.537,0,0,Current,0,Low,68742.16
LOAN010953,752.0,0.401,0.84,0,0,Current,0,Low,23327.69
LOAN010954,648.0,0.355,,6,84,Restructured,0,Medium,12606.3
LOAN010955,632.0,0.401,0.774,3,51,Current,0,Medium,25173.71
LOAN010956,672.0,0.699,,0,0,Current,0,Medium,128833.39
LOAN010957,669.0,0.884,0.723,1,25,Current,0,Medium,161423.87
LOAN010958,730.0,0.605,0.537,0,0,Current,0,Low,86298.32
LOAN010959,762.0,0.382,0.631,3,48,Paid Off,0,Low,2577.89
LOAN010960,688.0,0.628,0.567,0,0,Current,0,Low,6524.2
LOAN010961,641.0,0.328,0.633,0,0, current ,0,Low,204422.81
LOAN010962,628.0,0.511,,5,100,Late,0,Medium,15815.06
LOAN010963,600.0,1.005,0.807,4,84,Restructured,0,HIGH,966481.5
LOAN010964,733.0,0.151,,0,0,Current,0,Low,3698.96
LOAN010965,720.0,0.303,0.825,0,0,Current,0,Low,2028.15
LOAN010966,673.0,1.085,0.883,2,22,Current,0,Medium,694461.69
LOAN010967,702.0,,0.65,0,0,Paid Off,0,Low,50189.13
LOAN010968,727.0,0.427,0.929,0,0,Current,0,Low,59524.13
LOAN010969,640.0,0.738,0.694,6,163,Defaulted,1,High,181282.88
LOAN010970,667.0,0.996,0.607,1,22,Current,0,Medium,206158.47
LOAN010971,662.0,0.436,0.544,0,0,Current,0,Low,25308.3
LOAN010972,688.0,0.748,0.522,3,60,Current,0, medium ,83765.14
LOAN010973,630.0,0.696,0.781,7,140,Defaulted,1,High,227376.1
LOAN010974,685.0,0.388,0.588,0,0,Current,0,Low,42985.29
LOAN010975,613.0,0.786,0.736,6,170,Defaulted,1,High,400548.81
LOAN010976,682.0,0.496,,0,0,Current,0,Low,58276.89
LOAN010977,700.0,0.544,0.589,0,0,Paid Off,0,Low,25650.72
LOAN010978,662.0,0.75,0.917,7,140,Current,0,High,98346.26
LOAN010979,651.0,0.997,0.549,2,128,Defaulted,1,High,845422.46
LOAN010980,676.0,0.688,0.877,0,0,Current,0,Medium,210767.9
LOAN010981,612.0,0.652,0.736,5,125,Late,0,High,28184.17
LOAN010982,723.0,0.4,0.77,0,0,Current,0,Low,27278.73
LOAN010983,680.0,0.324,,7,180,Defaulted,1,High,7724.36
LOAN010984,696.0,0.434,0.71,3,118,Defaulted,1,Medium,2836.13
LOAN010985,689.0,0.272,0.588,0,0,Current,0,Low,4129.4
LOAN010986,651.0,1.155,,2,16,Current,0,Medium,596355.28
LOAN010987,680.0,0.617,0.739,0,0,Current,0,Medium,53402.77
LOAN010988,604.0,1.272,0.85,7,145,Defaulted,1,High,780032.33
LOAN010989,610.0,0.546,0.63,2,42,Current,0,Medium,182164.46
LOAN010990,648.0,0.894,0.922,4,76,Late,0,High,707348.44
LOAN010991,742.0,0.534,,0,0,Current,0,Low,9305.77
LOAN010992,691.0,0.243,0.739,0,0,Current,0,Low,5924.06
LOAN010993,661.0,0.269,,0,0,Current,0,Low,2539.65
LOAN010994,731.0,0.495,,0,0,Current,0,Low,9801.95
LOAN010995,697.0,0.533,0.578,0,0,Current,0,Low,24679.38
LOAN010996,665.0,0.938,0.572,3,57,Current,0,Medium,235230.44
LOAN010997,600.0,0.96,0.568,5,50,Current,0,High,659467.5
LOAN010998,688.0,0.279,,1,21,Paid Off,0,Low,2805.3
LOAN010999,670.0,0.676,0.68,0,0,Current,0,Medium,14186.51
LOAN011000,687.0,0.419,,0,0,Current,0,Low,9573.61
LOAN011001,695.0,0.506,0.795,0,0,current,0,Low,4541.88
LOAN011002,705.0,0.849,0.67,4,100,Restructured,0,Medium,134024.53
LOAN011003,690.0,0.622,0.522,0,0,Current,0,Low,124024.65
LOAN011004,730.0,0.418,0.855,0,0,Current,0,Low,51721.85
LOAN011005,690.0,0.794,0.698,3,24,Current,0,Medium,127038.71
LOAN011006,654.0,0.494,0.503,0,0,Current,0,Low,41164.99
LOAN011007,687.0,0.389,0.623,1,23,Current,0,Low,8415.08
LOAN011008,709.0,0.454,0.627,4,141,Defaulted,1,Medium,26517.61
LOAN011009,671.0,0.683,0.716,0,0,Current,0,Medium,212654.99
LOAN011010,660.0,0.662,0.574,1,9,Current,0,Medium,35940.92
LOAN011011,716.0,0.936,0.654,2,40,Paid Off,0,Medium,104581.49
LOAN011012,670.0,0.641,0.502,1,17,Current,0,Medium,350999.59
LOAN011013,657.0,0.543,,0,0,Paid Off,0,Low,5971.54
LOAN011014,,0.702,0.596,0,0,Paid Off,0,Medium,62651.26
LOAN011015,776.0,0.087,0.696,0,0,Current,0,Low,1723.41
LOAN011016,623.0,0.694,,1,15,current,0,Medium,17914.5
LOAN011017,692.0,0.393,0.913,0,0,Current,0,Low,67591.47
LOAN011018,662.0,0.975,0.887,5,180,Defaulted,1,High,319733.66
LOAN011019,704.0,0.392,0.524,0,0,Current,0,Low,7917.5
LOAN011020,655.0,0.36,,0,0,Current,0,Low,7796.32
LOAN011021,712.0,0.507,,1,11,Current,0,Low,24987.32
LOAN011022,668.0,0.665,0.617,0,0,Current,0,Medium,67082.45
LOAN011023,730.0,0.453,0.538,0,0,Current,0,Low,8314.35
LOAN011024,671.0,0.56,0.564,0,0,Current,0,Low,319733.94
LOAN011025,693.0,0.352,0.501,1,8,Current,0,Low,20157.41
LOAN011026,669.0,0.608,0.56,0,0,Current,0,Medium,139133.39
LOAN011027,624.0,0.999,0.853,6,180,Defaulted,1,High,690449.99
LOAN011028,682.0,0.31,0.52,0,0,Current,0,Low,23659.79
LOAN011029,746.0,0.326,,0,0,Current,0,Low,3849.57
LOAN011030,661.0,0.481,0.75,0,0,Current,0,Low,48574.92
LOAN011031,680.0,0.7,,0,0,Current,0,Medium,24687.74
LOAN011032,703.0,0.898,0.519,4,100,Restructured,0,Medium,111110.66
LOAN011033,687.0,0.546,0.505,0,0,Current,0,Low,40299.42
LOAN011034,635.0,1.222,0.527,2,32,Paid Off,0,High,405313.03
LOAN011035,769.0,0.576,,0,0, current ,0,Low,214520.46
LOAN011036,671.0,0.56,0.64,1,24,Current,0,Medium,95740.86
LOAN011037,656.0,0.668,0.599,0,0,Current,0,Medium,151826.43
LOAN011038,713.0,0.433,0.875,0,0,Current,0,Low,31617.73
LOAN011039,644.0,0.653,0.612,2,22,Current,0,Medium,235161.94
LOAN011040,678.0,0.358,,0,0,Paid Off,0,Low,14361.64
LOAN011041,584.0,1.35,0.913,5,135,Written Off,1,high,1049571.12
LOAN011042,619.0,1.27,,6,142,Defaulted,1,High,1478639.78
LOAN011043,647.0,0.635,0.699,2,26,Current,0,Medium,101931.59
LOAN011044,702.0,0.817,,3,30,Current,0,Medium,130270.75
LOAN011045,667.0,0.841,0.839,3,30,Current,0,Medium,384244.08
LOAN011046,742.0,0.368,,1,22,Current,0,Low,4484.17
LOAN011047,666.0,0.694,0.727,0,0,Current,0,Medium,129078.41
LOAN011048,583.0,0.786,0.715,4,52,Current,0,High,285188.53
LOAN011049,735.0,0.686,,7,180,Defaulted,1,High,11320.65
LOAN011050,698.0,0.647,0.712,1,14,Current,0,Medium,67461.84
LOAN011051,607.0,0.931,0.546,7,175,Defaulted,1,High,401947.77
LOAN011052,711.0,0.3,0.546,3,176,DEFAULTED,1,Medium,12292.26
LOAN011053,645.0,0.903,0.594,0,0,Current,0,Medium,229921.56
LOAN011054,697.0,0.585,0.937,0,0,Paid Off,0,Low,56087.25
LOAN011055,671.0,0.598,0.696,0,0,Current,0,Medium,84646.97
LOAN011056,638.0,0.847,0.592,0,0,Current,0,Medium,171858.63
LOAN011057,719.0,0.557,,0,0,Current,0,Low,3390.6
LOAN011058,666.0,0.636,0.751,4,168,Defaulted,1,Medium,264971.12
LOAN011059,683.0,0.445,,0,0,Current,0,Low,8792.77
LOAN011060,681.0,0.461,,0,0,Current,0,Low,9564.67
LOAN011061,686.0,0.575,0.551,0,0,Current,0,Low,103304.38
LOAN011062,662.0,0.811,0.629,8,110,Defaulted,1,High,77716.02
LOAN011063,699.0,0.669,0.57,0,0,Current,0,Low,7099.82
LOAN011064,683.0,0.737,0.71,3,30,Current,0,Medium,64680.59
LOAN011065,636.0,0.619,0.533,3,48,Current,0,Medium,28335.93
LOAN011066,680.0,0.438,0.611,0,0,Current,0,Low,8569.92
LOAN011067,700.0,1.034,0.726,1,12,Current,0,Medium,163225.63
LOAN011068,595.0,1.024,0.564,3,111,Defaulted,1,High,1370044.88
LOAN011069,704.0,0.575,0.578,1,21,Current,0,Medium,7250.19
LOAN011070,769.0,0.321,0.819,0,0,Current,0,Low,5476.32
LOAN011071,688.0,0.563,,0,0,Paid Off,0,Low,10501.8
LOAN011072,705.0,0.398,0.687,0,0,Current,0,Low,23937.81
LOAN011073,586.0,1.133,0.824,6,150,Late,0,High,898558.64
LOAN011074,665.0,0.495,0.947,0,0, CURRENT ,0,Low,73300.59
LOAN011075,685.0,0.292,0.847,0,0,Current,0,Low,3665.93
LOAN011076,650.0,0.674,0.949,0,0,Current,0,Medium,18595.66
LOAN011077,657.0,0.651,0.585,0,0,Current,0,Medium,124944.04
LOAN011078,654.0,0.696,0.744,0,0,Current,0,Medium,203476.49
LOAN011079,613.0,0.631,0.506,4,103,Defaulted,1,High,10406.72
LOAN011080,733.0,0.677,0.588,0,0,Current,0,Low,20981.8
LOAN011081,625.0,1.07,0.729,6,180,Defaulted,1,High,433442.92
LOAN011082,662.0,0.603,0.901,0,0,Current,0,Medium,110176.54
LOAN011083,664.0,0.726,0.804,3,45,Current,0,Medium,129738.32
LOAN011084,707.0,0.389,0.679,0,0,Current,0,Low,5525.55
LOAN011085,706.0,0.615,0.546,0,0,Current,0,Low,142546.75
LOAN011086,739.0,0.226,0.531,0,0,Paid Off,0,Low,4820.51
LOAN011087,665.0,0.187,,0,0,Current,0,Low,2140.74
LOAN011088,582.0,0.814,,3,24,Current,0,High,644776.39
LOAN011089,647.0,0.339,0.808,3,57,Current,0,Medium,18220.1
LOAN011090,722.0,0.429,0.699,0,0,Current,0,Low,10533.0
LOAN011091,720.0,0.586,,8,173,Defaulted,1,High,116152.34
LOAN011092,721.0,0.595,0.535,9,167,Defaulted,1,High,34442.79
LOAN011093,669.0,0.807,0.61,4,32,Current,0,Medium,56560.9
LOAN011094,756.0,0.546,0.66,0,0,Current,0,Low,49925.45
LOAN011095,668.0,0.657,0.711,1,19,Current,0,Medium,74727.64
LOAN011096,681.0,0.425,0.802,0,0,Current,0,Low,45998.68
LOAN011097,733.0,0.247,0.589,0,0,Current,0, low ,2821.47
LOAN011098,661.0,0.723,0.523,1,24,Paid Off,0,Medium,138370.74
LOAN011099,616.0,0.756,,1,25,Current,0,Medium,63717.99
LOAN011100,668.0,0.872,0.931,6,84,Late,0,High,206718.0
LOAN011101,660.0,0.527,,0,0,Current,0,Low,12384.64
LOAN011102,700.0,0.679,0.857,0,0,Current,0,Medium,77553.66
LOAN011103,730.0,0.417,,0,0,Paid Off,0,Low,6953.41
LOAN011104,674.0,0.715,0.591,0,0,Current,0,Medium,481924.63
LOAN011105,647.0,0.904,0.621,7,180,Defaulted,1,High,594809.2
LOAN011106,674.0,0.564,0.744,0,0,Current,0,Low,13862.55
LOAN011107,599.0,0.373,,2,40,Current,0,Medium,18512.49
LOAN011108,736.0,0.754,0.693,5,160,Defaulted,1,Medium,51503.94
LOAN011109,646.0,0.395,0.523,5,75,Restructured,0,Medium,5124.86
LOAN011110,638.0,0.591,,4,96,Restructured,0,Medium,53620.88
LOAN011111,640.0,0.599,0.673,2,26,Current,0,Medium,206767.27
LOAN011112,733.0,0.386,0.555,0,0,Current,0,Low,17798.84
LOAN011113,670.0,0.685,0.6,6,176,Defaulted,1,High,37026.61
LOAN011114,691.0,0.556,,1,23,Current,0,Medium,14628.63
LOAN011115,734.0,0.613,0.621,9,180,Defaulted,1,High,98601.23
LOAN011116,574.0,0.966,0.628,1,10,Current,0,Medium,577723.5
LOAN011117,696.0,0.856,0.713,6,180,Defaulted,1,High,152281.45
LOAN011118,654.0,1.119,0.566,3,130,Defaulted,1,High,296141.79
LOAN011119,664.0,0.543,0.64,1,9,Current,0,Medium,5510.81
LOAN011120,695.0,0.318,0.664,0,0,Current,0, Low ,3436.17
LOAN011121,686.0,0.694,0.506,0,0,Current,0,Medium,186231.77
LOAN011122,677.0,0.381,,1,21,Current,0,Low,8711.24
LOAN011123,642.0,0.457,0.527,4,164,Defaulted,1,Medium,72614.97
LOAN011124,714.0,0.254,0.632,0,0,Paid Off,0,Low,17878.22
LOAN011125,651.0,0.73,0.937,4,84,Current,0,High,293322.11
LOAN011126,637.0,0.572,,3,48,Current,0,Medium,24491.76
LOAN011127,632.0,0.386,,3,57,Paid Off,0,Medium,4037.11
LOAN011128,670.0,0.307,0.519,0,0,Current,0,Low,20112.76
LOAN011129,636.0,0.898,,5,180,Defaulted,1,High,780713.94
LOAN011130,641.0,0.919,0.941,4,159,Defaulted,1,High,622635.34
LOAN011131,629.0,0.518,0.522,3,60, Current ,0,Medium,116190.82
LOAN011132,743.0,0.263,0.542,0,0,Current,0,Low,3849.39
LOAN011133,692.0,0.841,0.535,5,80,Restructured,0,High,60429.93
LOAN011134,653.0,0.649,,0,0,Current,0,Medium,222370.36
LOAN011135,718.0,0.597,,1,19,Current,0,Low,24740.46
LOAN011136,639.0,0.946,0.809,2,32,Current,0,Medium,1608081.22
LOAN011137,657.0,0.516,0.719,0,0,Current,0,Low,42140.34
LOAN011138,692.0,0.622,0.81,0,0,Current,0,Low,34053.9
LOAN011139,659.0,0.2,,0,0,Current,0,Low,2292.41
LOAN011140,620.0,0.216,0.891,3,48,Current,0,Medium,3514.09
LOAN011141,706.0,0.396,0.527,0,0,Current,0,Low,15863.15
LOAN011142,686.0,0.558,0.805,0,0,Current,0,Low,8231.78
LOAN011143,678.0,0.406,0.832,0,0,Current,0,Low,11356.18
LOAN011144,654.0,0.316,0.636,0,0,Current,0,Low,4428.2
LOAN011145,701.0,0.52,0.631,0,0,Paid Off,0, Low ,47471.85
LOAN011146,677.0,0.768,0.652,2,48,Current,0,Medium,43345.99
LOAN011147,737.0,0.167,0.547,0,0,Current,0,Low,2244.2
LOAN011148,575.0,0.875,0.589,8,180,Defaulted,1,high,151917.14
LOAN011149,595.0,0.796,0.58,3,126,Defaulted,1,High,289455.03
LOAN011150,660.0,0.602,,1,24,Current,0,Medium,15095.39
LOAN011151,616.0,0.325,,2,46,Current,0,Medium,82082.08
LOAN011152,704.0,0.445,0.555,1,10,Current,0,Low,42572.94
LOAN011153,660.0,0.613,,0,0,Current,0,Medium,139816.53
LOAN011154,688.0,0.658,0.554,0,0,Current,0,Low,212901.24
LOAN011155,710.0,0.486,,0,0,Current,0,Low,10370.31
LOAN011156,686.0,0.557,0.607,0,0,Current,0,Low,5432.42
LOAN011157,731.0,0.351,0.519,1,15,Current,0,Low,26274.1
LOAN011158,628.0,0.898,0.504,5,105,Restructured,0,High,898432.54
LOAN011159,717.0,0.519,0.828,0,0,Current,0,Low,14886.34
LOAN011160,687.0,0.437,0.53,0,0,Current,0,Low,38729.64
LOAN011161,651.0,0.314,,1,11,Current,0,Low,3233.39
LOAN011162,700.0,0.258,,0,0,Current,0,low,7359.75
LOAN011163,741.0,0.087,,1,14,Current,0,Low,2369.06
LOAN011164,713.0,0.39,0.576,0,0,Current,0,Low,5394.65
LOAN011165,682.0,0.711,0.518,1,20,Paid Off,0,Medium,124153.91
LOAN011166,734.0,0.437,0.541,0,0,Current,0,Low,38432.34
LOAN011167,630.0,0.71,0.627,2,20,Paid Off,0,Medium,221425.11
LOAN011168,653.0,0.713,0.721,0,0,Current,0,Medium,529259.14
LOAN011169,648.0,0.631,0.536,2,24,Paid Off,0,Medium,90344.33
LOAN011170,730.0,0.905,0.703,1,12,Current,0,Medium,208278.07
LOAN011171,671.0,0.94,0.584,2,20,Current,0,Medium,215114.51
LOAN011172,595.0,0.883,0.81,2,16,Current,0,Medium,263224.43
LOAN011173,675.0,0.619,0.724,6,165,Defaulted,1,High,148087.68
LOAN011174,618.0,0.687,0.513,0,0,Current,0,Medium,244573.28
LOAN011175,646.0,0.792,0.865,6,175,Defaulted,1,High,358568.56
LOAN011176,707.0,0.662,0.501,8,180,Defaulted,1,High,155332.46
LOAN011177,679.0,0.319,0.504,0,0,Current,0,Low,19561.17
LOAN011178,702.0,0.458,0.671,2,36,Current,0,Medium,6692.37
LOAN011179,683.0,0.184,,0,0,Paid Off,0,Low,2302.44
LOAN011180,634.0,0.856,0.582,0,0,Current,0,Medium,855803.26
LOAN011181,682.0,0.626,,0,0,Current,0,Low,201196.69
LOAN011182,741.0,0.364,0.644,2,24,Current,0,Low,6100.31
LOAN011183,709.0,0.696,0.564,1,12,Current,0, MEDIUM ,241804.1
LOAN011184,624.0,0.425,,5,180,Defaulted,1,High,16861.04
LOAN011185,648.0,0.582,0.701,8,180,Defaulted,1,High,5924.33
LOAN011186,653.0,0.98,0.554,2,34,Current,0,Medium,139934.47
LOAN011187,647.0,0.536,,3,24,Current,0,Medium,71927.63
LOAN011188,692.0,0.534,0.515,0,0,Current,0,Low,36707.61
LOAN011189,669.0,0.514,0.646,3,60,PAID OFF,0,Medium,30501.08
LOAN011190,701.0,0.452,,0,0,Current,0,Low,9290.54
LOAN011191,682.0,0.442,0.637,0,0,Current,0,Low,30508.25
LOAN011192,708.0,0.594,0.597,0,0,Current,0,Low,82619.79
LOAN011193,644.0,0.694,0.553,3,48,Current,0,Medium,126524.22
LOAN011194,675.0,0.68,0.581,0,0,Current,0,Medium,196597.48
LOAN011195,723.0,0.487,0.518,0,0,Current,0,Low,26944.17
LOAN011196,661.0,0.348,0.634,0,0,Current,0,Low,5417.3
LOAN011197,646.0,0.969,,8,180,Defaulted,1,High,590572.81
LOAN011198,665.0,0.392,0.832,0,0,Current,0,Low,14359.24
LOAN011199,677.0,0.778,,4,76,Current,0,Medium,8547.07
LOAN011200,626.0,0.681,,5,180,Defaulted,1,High,148128.48
LOAN011201,692.0,0.785,0.587,4,92,Late,0,Medium,107802.14
LOAN011202,636.0,0.344,0.622,3,30,Current,0,Medium,8110.81
LOAN011203,627.0,0.578,0.512,7,140,Restructured,0,High,408046.2
LOAN011204,729.0,0.255,0.873,0,0,Current,0,Low,6545.2
LOAN011205,696.0,0.6,0.773,0,0,Current,0,Low,150080.79
LOAN011206,684.0,0.269,,0,0,Current,0,Low,5032.27
LOAN011207,715.0,0.375,,0,0,Current,0,Low,6799.47
LOAN011208,690.0,0.643,0.878,0,0,Current,0,Medium,61149.22
LOAN011209,673.0,0.811,,7,180,Defaulted,1,High,21942.27
LOAN011210,674.0,0.992,0.781,2,50,Current,0,Medium,79124.13
LOAN011211,715.0,0.508,0.592,0,0,Current,0,Low,23455.45
LOAN011212,715.0,0.62,,0,0,Current,0,Low,30478.79
LOAN011213,669.0,0.486,,0,0,Paid Off,0,Low,17234.38
LOAN011214,663.0,0.618,0.522,1,25,Paid Off,0,Medium,71162.46
LOAN011215,706.0,0.868,0.865,8,180,Defaulted,1,High,187402.57
LOAN011216,635.0,0.674,,1,11,Current,0,Medium,64735.54
LOAN011217,614.0,1.35,0.778,4,180,Defaulted,1,High,1267254.26
LOAN011218,681.0,0.378,,0,0,Current,0,LOW,3037.43
LOAN011219,654.0,1.164,0.672,4,169,Defaulted,1,High,536763.32
LOAN011220,742.0,0.489,,0,0,Current,0,Low,6826.1
LOAN011221,638.0,0.119,,3,66,Late,0,Medium,28810.39
LOAN011222,672.0,0.432,0.694,0,0,Current,0,Low,6567.49
LOAN011223,688.0,0.454,0.606,0,0,Current,0,Low,37656.44
LOAN011224,702.0,0.234,0.572,0,0,Current,0,Low,1716.12
LOAN011225,677.0,0.397,,0,0,Current,0,Low,8979.47
LOAN011226,684.0,0.736,,4,76,Late,0,Medium,42219.03
LOAN011227,716.0,0.442,,1,16,Current,0,Low,1884.98
LOAN011228,692.0,0.818,,9,180,Defaulted,1,High,144274.55
LOAN011229,667.0,0.706,0.599,0,0,Current,0,Medium,141809.12
LOAN011230,687.0,0.457,0.684,1,22,Current,0,Low,78321.27
LOAN011231,630.0,0.436,0.685,5,100,Late,0,Medium,62685.5
LOAN011232,619.0,1.139,0.707,9,179,Defaulted,1,High,1085634.39
LOAN011233,640.0,0.914,0.909,5,110,Late,0,High,397150.41
LOAN011234,666.0,0.812,0.623,2,20,Current,0,Medium,94964.75
LOAN011235,693.0,0.213,,0,0,Current,0,Low,10007.62
LOAN011236,662.0,0.99,0.794,0,0,Paid Off,0,Medium,585711.72
LOAN011237,726.0,0.816,0.663,9,180,Defaulted,1,High,440265.98
LOAN011238,652.0,0.677,0.505,0,0,Current,0,Medium,64136.82
LOAN011239,578.0,0.994,0.728,0,0,Paid Off,0,medium,693842.0
LOAN011240,650.0,0.571,,0,0,Current,0,Medium,3169.61
LOAN011241,613.0,1.35,,4,149,Defaulted,1,High,1011233.23
LOAN011242,716.0,0.718,0.896,0,0,Current,0,Low,134546.39
LOAN011243,678.0,0.384,0.783,0,0,Current,0,Low,6094.12
LOAN011244,608.0,0.847,0.549,5,100,Late,0,High,1190337.36
LOAN011245,679.0,0.542,0.838,0,0,Current,0,Low,6871.67
LOAN011246,622.0,0.619,0.79,4,40,Current,0,Medium,39123.86
LOAN011247,654.0,0.737,0.855,8,180,Defaulted,1,High,154709.47
LOAN011248,658.0,0.997,0.651,4,56,Current,0,High,355944.26
LOAN011249,708.0,0.45,,0,0,Current,0,Low,4714.12
LOAN011250,651.0,0.712,0.737,6,180,Defaulted,1,High,163049.94
LOAN011251,749.0,0.174,,0,0,Paid Off,0,Low,2513.25
LOAN011252,714.0,0.665,,0,0, current ,0,Low,15499.05
LOAN011253,598.0,0.693,0.932,1,16,Current,0,Medium,441675.89
LOAN011254,633.0,0.906,0.899,6,66,Late,0,High,945563.75
LOAN011255,710.0,0.415,0.642,0,0,Current,0,Low,16004.86
LOAN011256,741.0,0.469,0.59,1,20,Current,0,Low,17230.55
LOAN011257,689.0,0.413,0.796,1,21,Paid Off,0,Low,14212.07
LOAN011258,640.0,1.004,0.607,2,38,Current,0, Medium ,1058782.23
LOAN011259,626.0,0.873,,3,123,Defaulted,1,High,646509.35
LOAN011260,644.0,1.142,0.607,7,147,Defaulted,1,High,530901.68
LOAN011261,587.0,0.758,0.941,2,24,Current,0,Medium,424075.41
LOAN011262,675.0,0.5,,0,0,Current,0,Low,6775.91
LOAN011263,743.0,0.363,,0,0,Current,0,Low,6188.17
LOAN011264,750.0,0.278,,0,0,Current,0,Low,8940.64
LOAN011265,638.0,0.64,0.556,2,22,Current,0,Medium,140654.71
LOAN011266,684.0,0.426,0.535,0,0,Current,0,Low,38140.74
LOAN011267,682.0,0.564,0.825,0,0,Current,0,Low,97939.61
LOAN011268,693.0,0.491,,0,0,Current,0,Low,12868.19
LOAN011269,653.0,0.294,,0,0,Paid Off,0,Low,2047.2
LOAN011270,740.0,0.297,,0,0,Current,0,Low,7857.71
LOAN011271,667.0,0.742,,1,20,Current,0,Medium,15303.94
LOAN011272,653.0,0.823,,3,39,Current,0,Medium,366121.01
LOAN011273,688.0,0.603,0.733,0,0,Current,0,Low,124875.3
LOAN011274,731.0,0.728,0.516,4,32,Current,0,Medium,114544.46
LOAN011275,672.0,0.219,,0,0,Current,0,Low,3072.11
LOAN011276,643.0,0.75,,2,26,Current,0,Medium,66182.56
LOAN011277,649.0,0.397,,1,9,Current,0,Medium,16128.26
LOAN011278,726.0,0.242,0.856,0,0,Current,0,Low,5480.86
LOAN011279,647.0,1.028,0.724,2,32,Current,0,Medium,202152.5
LOAN011280,689.0,0.363,0.531,0,0,Paid Off,0,Low,8569.04
LOAN011281,676.0,0.424,0.802,0,0,Current,0,Low,6286.22
LOAN011282,655.0,0.396,,0,0,Current,0,Low,8575.21
LOAN011283,651.0,0.585,0.703,0,0,Current,0,Medium,31684.11
LOAN011284,687.0,0.891,0.533,2,42,Current,0,Medium,61032.16
LOAN011285,716.0,0.379,0.512,1,17,Current,0,Low,43838.14
LOAN011286,722.0,0.755,0.638,4,76,Current,0,Medium,76450.18
LOAN011287,742.0,0.321,,0,0,Current,0,Low,13695.52
LOAN011288,623.0,1.35,0.761,8,180,Defaulted,1,High,1331184.2
LOAN011289,639.0,0.546,0.672,6,48,Current,0,High,62872.33
LOAN011290,687.0,0.3,0.544,0,0,Current,0,Low,25537.52
LOAN011291,654.0,0.422,,4,180,DEFAULTED,1,Medium,13482.57
LOAN011292,658.0,0.532,,0,0,Current,0,Low,11415.78
LOAN011293,625.0,0.3,0.84,2,16,Current,0,Medium,12679.43
LOAN011294,699.0,0.425,0.588,0,0,Current,0,Low,79578.82
LOAN011295,683.0,0.471,0.508,0,0,Current,0,Low,49616.02
LOAN011296,698.0,0.77,,3,24,Current,0,Medium,20573.22
LOAN011297,607.0,1.277,0.832,5,108,Defaulted,1,High,486879.84
LOAN011298,692.0,0.514,0.752,0,0,Paid Off,0,Low,103120.95
LOAN011299,666.0,0.795,0.725,3,60,Current,0,Medium,97209.51
LOAN011300,708.0,0.462,,0,0,Current,0,Low,4454.7
LOAN011301,679.0,0.638,0.718,0,0,Current,0,Medium,58440.67
LOAN011302,680.0,0.812,0.805,3,33,Current,0,Medium,90546.66
LOAN011303,690.0,0.595,0.776,0,0,Paid Off,0, low ,18447.84
LOAN011304,628.0,0.908,0.919,1,23,Current,0,Medium,280643.6
LOAN011305,674.0,0.523,0.743,0,0,Current,0, Low ,10324.77
LOAN011306,577.0,0.407,0.557,2,32, current ,0,medium,85412.03
LOAN011307,654.0,0.684,0.772,0,0,Current,0,Medium,64265.9
LOAN011308,592.0,0.365,,4,100,Late,0,Medium,30749.27
LOAN011309,609.0,0.799,0.704,5,180,Defaulted,1,High,407531.49
LOAN011310,715.0,0.599,0.739,0,0,Current,0,Low,41290.97
LOAN011311,636.0,0.936,0.77,4,72,Late,0,High,176309.32
LOAN011312,725.0,0.365,,0,0,Current,0,Low,7896.95
LOAN011313,658.0,0.787,0.565,5,105,Restructured,0,High,360613.4
LOAN011314,785.0,0.431,0.681,0,0,Current,0,Low,27198.6
LOAN011315,598.0,0.742,0.531,4,177,Defaulted,1,High,730745.18
LOAN011316,658.0,0.833,,1,15,Current,0,Medium,522875.7
LOAN011317,633.0,0.831,0.524,1,15,Current,0,Medium,638896.59
LOAN011318,567.0,1.343,0.527,4,36,Current,0,High,1160906.71
LOAN011319,677.0,1.134,0.611,2,28,Current,0,Medium,600055.14
LOAN011320,594.0,1.153,0.528,4,180,Defaulted,1,High,1297741.33
LOAN011321,603.0,1.304,0.838,7,174,Defaulted,1,High,653872.06
LOAN011322,702.0,0.661,0.526,0,0,Current,0,Low,85052.59
LOAN011323,717.0,0.34,0.526,0,0,Current,0,Low,11807.37
LOAN011324,721.0,0.526,,0,0,Current,0,Low,3315.4
LOAN011325,688.0,0.599,,0,0,Current,0,low,14380.37
LOAN011326,666.0,0.512,,0,0,Current,0,Low,8685.42
LOAN011327,656.0,0.645,0.642,1,19,Current,0,Medium,65252.42
LOAN011328,703.0,0.386,,0,0,Current,0,Low,4707.76
LOAN011329,749.0,0.726,0.693,2,24,Current,0,Medium,124750.72
LOAN011330,670.0,0.746,0.764,1,12,Current,0,Medium,18141.0
LOAN011331,635.0,0.501,0.829,4,72,Current,0,Medium,8912.82
LOAN011332,658.0,0.879,0.658,2,48,Current,0,Medium,18112.79
LOAN011333,736.0,0.113,0.74,0,0,Paid Off,0,Low,1046.21
LOAN011334,683.0,0.727,,6,66,Current,0,High,24966.66
LOAN011335,586.0,0.906,0.731,2,44,Current,0,High,488149.53
LOAN011336,698.0,0.477,0.72,0,0,Current,0,Low,2437.15
LOAN011337,719.0,0.492,0.791,0,0,Current,0,Low,28857.26
LOAN011338,608.0,0.677,0.686,2,24,Current,0,Medium,168418.13
LOAN011339,692.0,0.664,0.756,0,0,Current,0,Medium,260216.65
LOAN011340,601.0,0.709,0.757,4,141,Defaulted,1,High,673581.92
LOAN011341,609.0,,0.508,5,110,Restructured,0,High,352277.27
LOAN011342,744.0,0.491,0.764,0,0,Current,0,Low,55450.65
LOAN011343,615.0,0.47,0.689,2,24,Current,0,Medium,26793.96
LOAN011344,762.0,0.317,0.569,0,0,Current,0,Low,9511.03
LOAN011345,664.0,0.586,0.597,0,0,Current,0,Medium,15188.4
LOAN011346,663.0,0.729,0.58,1,16,Current,0,Medium,154373.05
LOAN011347,613.0,0.827,0.663,2,46,Current,0,Medium,689990.99
LOAN011348,698.0,0.562,0.869,0,0,Current,0,Low,24386.37
LOAN011349,760.0,0.114,0.694,2,16,Current,0,Low,1431.83
LOAN011350,676.0,0.505,0.531,0,0,Current,0,Low,92204.44
LOAN011351,682.0,0.296,0.571,2,28,Current,0,Low,4363.99
LOAN011352,639.0,0.465,0.528,3,45,Current,0,Medium,10156.84
LOAN011353,612.0,0.874,0.556,3,45,Paid Off,0,High,378999.47
LOAN011354,618.0,0.486,0.515,4,88,Current,0,Medium,18173.23
LOAN011355,611.0,0.535,0.759,6,119,Defaulted,1,High,58866.4
LOAN011356,751.0,0.389,0.883,0,0,Current,0,Low,5086.45
LOAN011357,698.0,0.363,0.729,1,18,Current,0,Low,32119.32
LOAN011358,720.0,0.364,0.922,0,0,Current,0,Low,83215.68
LOAN011359,716.0,0.21,0.651,0,0,Current,0,Low,1547.83
LOAN011360,713.0,0.266,,0,0,Current,0,Low,2280.35
LOAN011361,,0.404,,0,0,Current,0,Low,5311.47
LOAN011362,628.0,0.734,0.826,3,66, Current ,0,Medium,216498.42
LOAN011363,617.0,0.64,0.833,6,139,Defaulted,1,High,144189.05
LOAN011364,702.0,0.26,,2,40,Current,0,Low,10802.63
LOAN011365,725.0,0.366,,0,0, Paid Off ,0,Low,6349.89
LOAN011366,647.0,0.613,0.866,3,117,Written Off,1,Medium,279882.21
LOAN011367,769.0,0.363,0.578,5,180,Defaulted,1,Medium,2415.49
LOAN011368,694.0,0.684,0.695,0,0,Current,0,Medium,61561.4
LOAN011369,618.0,0.599,0.677,2,16,Current,0,Medium,180425.67
LOAN011370,633.0,0.793,0.651,3,72,Restructured,0,Medium,138921.4
LOAN011371,720.0,0.393,0.908,1,14,Current,0,Low,10768.17
LOAN011372,722.0,0.384,0.754,1,14,Current,0,Low,2588.35
LOAN011373,684.0,0.803,0.737,3,66,Current,0,Medium,219925.35
LOAN011374,639.0,1.222,0.55,6,121,Defaulted,1,High,2402785.01
LOAN011375,688.0,0.434,,4,135,Defaulted,1,Medium,56627.83
LOAN011376,630.0,0.406,,1,10,Current,0,Medium,55566.23
LOAN011377,631.0,0.328,0.796,7,147,Late,0,High,21145.52
LOAN011378,657.0,0.357,0.837,1,9,Current,0,Medium,41669.97
LOAN011379,777.0,0.352,0.567,0,0,Current,0,Low,13790.35
LOAN011380,,0.239,0.605,0,0,Current,0,Low,2043.08
LOAN011381,682.0,0.962,0.762,0,0,Current,0,Medium,142385.55
LOAN011382,639.0,0.74,0.727,2,30,Paid Off,0,Medium,68968.76
LOAN011383,703.0,0.273,0.679,0,0,Current,0,Low,6196.88
LOAN011384,574.0,1.023,0.595,4,180,Defaulted,1,High,247427.79
LOAN011385,696.0,0.546,,1,22,Current,0,Medium,10243.59
LOAN011386,668.0,0.825,0.625,6,144,Restructured,0,High,106522.44
LOAN011387,,0.757,0.825,4,92,Late,0,Medium,125040.56
LOAN011388,585.0,0.893,0.563,4,76,current,0,High,268156.09
LOAN011389,644.0,0.459,0.948,4,72,Current,0,Medium,40292.82
LOAN011390,656.0,0.654,0.763,0,0,Paid Off,0,Medium,130155.51
LOAN011391,689.0,0.697,0.539,0,0,Current,0,Medium,74980.8
LOAN011392,690.0,0.519,0.762,0,0,Current,0,Low,40760.41
LOAN011393,598.0,,,1,15,Paid Off,0,Medium,50759.12
LOAN011394,767.0,0.278,0.503,1,13,Current,0,Low,4720.91
LOAN011395,616.0,0.573,0.647,2,22,Current,0,Medium,77156.43
LOAN011396,602.0,0.696,0.828,9,81,Restructured,0,High,360865.14
LOAN011397,686.0,0.481,,0,0,Current,0,Low,88903.68
LOAN011398,642.0,0.568,,6,153,Written Off,1,High,175388.1
LOAN011399,593.0,0.987,,3,57,Current,0, High ,1378750.28
LOAN011400,648.0,0.647,0.635,4,80,Current,0,Medium,236899.99
LOAN011401,689.0,0.704,,0,0,CURRENT,0,Medium,34611.95
LOAN011402,719.0,0.477,0.546,0,0,Current,0,Low,37179.44
LOAN011403,631.0,0.239,0.859,3,69,Current,0,Medium,18248.05
LOAN011404,645.0,0.686,,5,110,Current,0,High,32382.82
LOAN011405,660.0,1.01,0.616,3,48,Current,0,Medium,147545.14
LOAN011406,641.0,0.573,0.554,1,18,Paid Off,0,Medium,106511.09
LOAN011407,690.0,0.362,0.562,0,0,Paid Off,0,Low,49340.88
LOAN011408,607.0,0.768,0.73,5,70,Current,0,High,172869.06
LOAN011409,728.0,0.39,0.56,1,9,Current,0,Low,2088.52
LOAN011410,644.0,0.655,0.623,6,54,Current,0,High,86487.06
LOAN011411,712.0,0.349,0.544,0,0,Current,0,Low,40089.49
LOAN011412,770.0,0.313,,0,0,Current,0,Low,16725.89
LOAN011413,601.0,0.658,0.72,2,38,Current,0,Medium,153846.43
LOAN011414,704.0,0.617,0.529,0,0,Current,0,Low,127278.82
LOAN011415,677.0,0.562,,0,0,Current,0,Low,8569.35
LOAN011416,625.0,0.75,0.693,2,26,Current,0,Medium,69936.79
LOAN011417,628.0,0.743,0.542,2,20,Current,0,Medium,283508.1
LOAN011418,735.0,0.833,0.756,2,34,Current,0,Medium,424489.22
LOAN011419,698.0,0.733,0.587,3,69,Current,0,Medium,67880.56
LOAN011420,692.0,0.38,0.657,0,0,Paid Off,0,Low,4198.47
LOAN011421,689.0,0.833,,4,60,Current,0,Medium,34450.25
LOAN011422,682.0,0.418,,0,0,Current,0,Low,32168.45
LOAN011423,736.0,0.364,,2,36,Current,0,Low,3939.66
LOAN011424,715.0,0.322,0.819,0,0,Current,0,Low,14539.35
LOAN011425,638.0,0.537,0.866,2,44,Paid Off,0,Medium,22543.44
LOAN011426,636.0,0.46,0.849,2,34,Current,0,Medium,292696.24
LOAN011427,707.0,0.525,0.614,0,0,Current,0,Low,44390.89
LOAN011428,683.0,0.302,0.802,0,0,Current,0,Low,2851.93
LOAN011429,676.0,0.594,,0,0,PAID OFF,0,Low,4703.0
LOAN011430,641.0,0.423,,1,10,Current,0,Medium,12508.9
LOAN011431,677.0,0.54,,0,0,Paid Off,0,Low,4785.02
LOAN011432,645.0,0.409,0.845,2,38,Paid Off,0,Medium,25462.23
LOAN011433,697.0,0.692,0.783,0,0,Current,0,Medium,24013.16
LOAN011434,680.0,0.509,,1,17,Current,0,Medium,20563.52
LOAN011435,710.0,0.445,0.584,0,0,Current,0,Low,114834.48
LOAN011436,580.0,0.862,0.825,5,180,Defaulted,1,High,423983.93
LOAN011437,607.0,1.35,0.581,5,110,Restructured,0,High,3228583.03
LOAN011438,677.0,0.579,0.685,0,0,Current,0,Low,93101.71
LOAN011439,663.0,0.371,,0,0,Current,0,Low,4206.88
LOAN011440,629.0,0.331,0.556,1,25,Current,0,Medium,6452.5
LOAN011441,762.0,0.428,0.565,5,171,Defaulted,1,Medium,5926.55
LOAN011442,670.0,0.839,,2,48,Current,0,Medium,72502.84
LOAN011443,721.0,0.308,,0,0,Paid Off,0,Low,5255.82
LOAN011444,654.0,0.875,0.775,3,30,Current,0, Medium ,307068.13
LOAN011445,677.0,0.954,0.688,0,0,Current,0,Medium,274968.13
LOAN011446,681.0,0.508,0.677,1,25,Current,0,Medium,28817.27
LOAN011447,675.0,0.718,0.628,0,0,Paid Off,0,Medium,88570.73
LOAN011448,742.0,0.59,0.542,0,0,Current,0,Low,34034.26
LOAN011449,768.0,0.272,,0,0,Current,0,Low,2792.08
LOAN011450,688.0,0.139,0.722,0,0,Current,0,Low,8986.77
LOAN011451,700.0,0.596,0.584,5,177,Defaulted,1,Medium,9854.69
LOAN011452,668.0,0.503,0.728,0,0,Current,0, low ,9200.78
LOAN011453,668.0,0.383,,2,36,Current,0,Medium,12142.87
LOAN011454,664.0,1.104,0.576,3,75,Late,0,High,418521.52
LOAN011455,747.0,0.481,0.525,0,0,Current,0,Low,4607.83
LOAN011456,712.0,0.376,,0,0,Paid Off,0,Low,22453.99
LOAN011457,662.0,0.644,0.753,0,0,Current,0,Medium,55237.76
LOAN011458,612.0,0.674,0.546,0,0,Current,0,Medium,265765.01
LOAN011459,645.0,0.383,,3,54,Current,0,Medium,15373.63
LOAN011460,694.0,0.306,0.912,1,19,Current,0,Low,6292.92
LOAN011461,719.0,0.31,0.811,2,16,Current,0,Low,2720.62
LOAN011462,701.0,0.636,0.554,0,0,Current,0,Low,10640.75
LOAN011463,737.0,0.079,,0,0,Current,0,Low,1804.44
LOAN011464,716.0,0.641,,0,0,Current,0,Low,21146.34
LOAN011465,657.0,0.463,0.576,0,0,Current,0,Low,12498.82
LOAN011466,651.0,0.986,0.81,1,16,Current,0,Medium,157403.19
LOAN011467,629.0,0.877,0.678,7,140,Restructured,0,High,478629.4
LOAN011468,635.0,0.785,0.695,5,75,Restructured,0,High,266518.89
LOAN011469,696.0,0.38,0.658,0,0,Paid Off,0, low ,52102.94
LOAN011470,672.0,0.658,0.835,1,18,Current,0,Medium,144525.03
LOAN011471,,0.569,0.682,5,115,Restructured,0,High,26707.35
LOAN011472,683.0,0.545,0.612,0,0,Current,0,Low,10115.34
LOAN011473,706.0,0.486,0.949,1,15,Current,0,Low,39165.69
LOAN011474,704.0,0.743,0.53,3,42,Current,0,Medium,48400.17
LOAN011475,712.0,0.686,,1,18,Current,0,Medium,138362.34
LOAN011476,655.0,0.68,0.555,0,0,Current,0,Medium,164168.46
LOAN011477,623.0,0.167,,8,173,Defaulted,1,High,4034.45
LOAN011478,653.0,0.449,0.883,0,0,Current,0,Low,54942.08
LOAN011479,,0.388,0.598,0,0,Current,0,Low,4357.02
LOAN011480,571.0,1.35,,8,180,Defaulted,1,High,2163195.15
LOAN011481,,0.784,,1,11,Current,0,Medium,518387.36
LOAN011482,616.0,0.805,0.72,9,158,Defaulted,1,High,298940.28
LOAN011483,661.0,1.088,0.708,4,44,Current,0,High,579895.94
LOAN011484,677.0,0.439,0.877,0,0,Current,0,Low,5785.33
LOAN011485,657.0,0.391,0.603,0,0,Current,0,Low,2201.46
LOAN011486,599.0,0.799,0.63,4,40,Current,0,High,480229.02
LOAN011487,665.0,0.679,0.617,0,0,Current,0,Medium,197897.11
LOAN011488,635.0,0.544,0.523,4,60,Current,0,Medium,236420.66
LOAN011489,666.0,0.283,0.568,0,0,Current,0,Low,6462.3
LOAN011490,735.0,0.536,0.586,0,0,Current,0,Low,74852.07
LOAN011491,600.0,,0.534,4,84,Restructured,0,High,395521.75
LOAN011492,675.0,0.588,0.943,3,132,Written Off,1,Medium,42840.32
LOAN011493,735.0,0.507,0.552,0,0,Current,0,Low,59471.05
LOAN011494,609.0,0.916,0.511,2,42,Current,0,Medium,460382.72
LOAN011495,705.0,0.502,0.693,4,129,Written Off,1,Medium,73511.76
LOAN011496,665.0,0.429,,0,0,Paid Off,0,Low,11986.16
LOAN011497,745.0,0.321,0.915,1,12,Current,0,Low,7848.93
LOAN011498,653.0,0.643,0.846,0,0,Current,0,medium,96152.77
LOAN011499,651.0,0.561,0.555,0,0,Current,0,Medium,72577.95
LOAN011500,664.0,0.699,0.658,0,0,Current,0,Medium,5876.42
LOAN011501,652.0,0.889,0.609,1,9,Current,0,Medium,290689.94
LOAN011502,666.0,0.825,0.865,4,92,Restructured,0,High,314781.12
LOAN011503,656.0,0.571,0.646,0,0,Current,0,Medium,64267.49
LOAN011504,711.0,0.646,0.879,0,0,Current,0,Low,45404.43
LOAN011505,712.0,0.521,,0,0, Current ,0,Low,9126.86
LOAN011506,753.0,0.62,0.701,1,22,Current,0,Low,14252.2
LOAN011507,757.0,0.385,,0,0,Current,0,Low,6984.36
LOAN011508,647.0,0.769,0.739,9,180,Defaulted,1,High,162869.12
LOAN011509,685.0,0.599,0.617,0,0,Current,0,Low,33007.04
LOAN011510,661.0,0.422,,0,0,Current,0,Low,6703.55
LOAN011511,644.0,0.601,0.699,1,20,Paid Off,0,Medium,128765.76
LOAN011512,698.0,0.737,0.526,3,36,Current,0,Medium,81611.73
LOAN011513,596.0,0.832,0.745,8,180,Defaulted,1,High,651466.09
LOAN011514,639.0,0.551,0.695,3,63,Restructured,0,Medium,322857.57
LOAN011515,682.0,0.794,0.631,1,23,Current,0,Medium,53294.29
LOAN011516,679.0,1.063,0.648,8,140,Defaulted,1,High,211482.41
LOAN011517,617.0,0.724,0.509,7,180,Defaulted,1,High,119637.62
LOAN011518,,0.621,,0,0, Current ,0,Medium,170826.52
LOAN011519,665.0,0.542,,0,0,Current,0,Low,8198.77
LOAN011520,648.0,0.415,0.941,1,11,Current,0,Medium,108389.78
LOAN011521,696.0,0.611,,0,0,Current,0,Low,8022.23
LOAN011522,733.0,0.318,0.51,0,0,Current,0,Low,12003.47
LOAN011523,680.0,0.337,0.507,0,0,Current,0,Low,12111.5
LOAN011524,568.0,1.35,0.71,5,180,Defaulted,1,High,3479533.98
LOAN011525,665.0,0.394,,0,0,Current,0,Low,7457.03
LOAN011526,668.0,0.3,,0,0,Current,0,Low,2101.32
LOAN011527,678.0,0.907,0.574,3,39,Paid Off,0,Medium,220073.06
LOAN011528,733.0,0.651,0.629,0,0,Paid Off,0,Low,64112.1
LOAN011529,695.0,0.468,,0,0,Current,0,Low,64457.74
LOAN011530,728.0,0.226,,0,0,Current,0,Low,4799.48
LOAN011531,642.0,0.861,0.664,4,135,Defaulted,1,High,662511.57
LOAN011532,699.0,0.574,0.593,0,0,Current,0,Low,85548.65
LOAN011533,668.0,0.543,0.809,1,12,Current,0,Medium,63406.22
LOAN011534,623.0,0.446,0.569,2,44,Current,0,Medium,3903.54
LOAN011535,697.0,0.224,,0,0,Current,0,Low,3421.33
LOAN011536,680.0,0.875,,7,98,Late,0,High,624956.11
LOAN011537,680.0,,0.751,0,0,Current,0,Medium,105125.33
LOAN011538,665.0,0.696,0.51,0,0,Current,0,Medium,38073.65
LOAN011539,686.0,0.252,,0,0,Current,0,Low,15267.36
LOAN011540,643.0,0.92,0.685,5,55,Paid Off,0,High,487806.92
LOAN011541,626.0,0.55,0.597,2,36,Current,0,Medium,164914.46
LOAN011542,693.0,0.43,0.632,0,0,Current,0,Low,18173.42
LOAN011543,642.0,0.737,0.925,0,0,Current,0,Medium,194237.73
LOAN011544,662.0,0.389,,0,0,Current,0,Low,8454.66
LOAN011545,723.0,0.44,0.56,0,0,Current,0,Low,64117.65
LOAN011546,649.0,0.123,0.533,2,22,Current,0,Low,6367.41
LOAN011547,676.0,0.704,0.747,0,0,Current,0,Medium,77132.95
LOAN011548,748.0,0.333,0.625,0,0,Current,0,Low,29605.15
LOAN011549,704.0,0.411,0.692,0,0,Current,0,Low,34371.86
LOAN011550,645.0,0.553,0.607,3,66,Restructured,0,Medium,51886.75
LOAN011551,602.0,0.503,,0,0,Current,0,Medium,5525.46
LOAN011552,660.0,0.539,0.849,0,0,Current,0,Medium,69147.61
LOAN011553,680.0,0.365,0.671,1,12,Paid Off,0,Low,23901.55
LOAN011554,647.0,1.012,0.532,6,112,Defaulted,1,High,410103.98
LOAN011555,644.0,0.781,0.599,2,18,Current,0,Medium,481845.75
LOAN011556,615.0,0.954,0.636,5,180,Defaulted,1,High,967381.4
LOAN011557,698.0,0.709,0.761,0,0,Current,0,Medium,137187.28
LOAN011558,744.0,0.459,0.849,0,0,Current,0,Low,108251.33
LOAN011559,658.0,0.452,0.77,1,23,Current,0,Medium,16152.97
LOAN011560,690.0,0.411,0.822,1,25,Current,0,Low,7268.37
LOAN011561,668.0,0.334,0.818,0,0,Current,0,Low,52490.0
LOAN011562,558.0,1.212,,4,60,Current,0,High,847831.51
LOAN011563,659.0,0.656,0.762,0,0,Current,0,Medium,71784.64
LOAN011564,701.0,0.367,,0,0,Current,0,Low,10907.65
LOAN011565,659.0,0.571,0.659,0,0,Paid Off,0,Medium,81385.31
LOAN011566,738.0,0.519,0.919,0,0,Current,0,Low,54626.88
LOAN011567,681.0,0.844,,5,95,Restructured,0,High,795381.94
LOAN011568,721.0,0.359,0.563,0,0,Current,0,Low,1989.53
LOAN011569,703.0,0.333,0.686,0,0,Current,0,Low,3039.77
LOAN011570,635.0,0.736,0.689,1,9,Current,0,Medium,68174.01
LOAN011571,638.0,0.83,0.862,5,60,Current,0,High,543514.85
LOAN011572,700.0,0.294,,0,0,Current,0,Low,2820.17
LOAN011573,718.0,0.284,,1,17,Current,0,Low,6975.55
LOAN011574,714.0,0.457,0.576,0,0,Current,0, low ,29411.48
LOAN011575,668.0,0.638,0.516,0,0,Current,0,Medium,9478.21
LOAN011576,670.0,0.651,0.51,1,10,Current,0,Medium,13315.7
LOAN011577,702.0,0.417,0.554,0,0,Current,0,Low,45686.4
LOAN011578,622.0,0.285,,5,110,Restructured,0,Medium,17976.76
LOAN011579,600.0,0.818,0.71,8,180,Defaulted,1,high,465276.57
LOAN011580,683.0,0.285,0.628,0,0,Paid Off,0,Low,41450.81
LOAN011581,665.0,0.742,0.797,4,64,Current,0,Medium,304889.76
LOAN011582,682.0,0.267,,0,0,Current,0,Low,4329.68
LOAN011583,703.0,0.422,,0,0,Current,0,Low,15492.68
LOAN011584,647.0,0.492,0.705,3,33,Current,0,Medium,21313.19
LOAN011585,702.0,0.388,0.575,0,0,Current,0,Low,14921.22
LOAN011586,683.0,0.613,0.61,0,0,Current,0,Low,64519.61
LOAN011587,672.0,0.936,0.706,3,24,Current,0,Medium,17510.02
LOAN011588,673.0,0.859,0.504,4,36,Current,0, medium ,116538.49
LOAN011589,645.0,0.665,,1,18,Current,0,Medium,294561.81
LOAN011590,655.0,0.807,0.675,3,75,Current,0,Medium,145434.82
LOAN011591,693.0,0.287,0.515,0,0,Current,0,Low,40743.46
LOAN011592,718.0,0.586,,2,30,Current,0,Medium,20718.84
LOAN011593,714.0,0.58,0.885,0,0,Current,0,Low,39969.9
LOAN011594,645.0,1.144,0.624,1,17,Current,0,Medium,961946.72
LOAN011595,670.0,0.538,,0,0,Current,0,Low,15619.31
LOAN011596,693.0,0.373,,0,0,Current,0,Low,9936.66
LOAN011597,748.0,0.466,,0,0,Current,0,Low,4708.15
LOAN011598,683.0,0.526,0.915,0,0,Paid Off,0,Low,5154.4
LOAN011599,659.0,1.109,,2,42,Paid Off,0,Medium,160394.42
LOAN011600,717.0,0.437,0.561,0,0,Current,0,Low,4433.02
LOAN011601,643.0,0.845,0.531,5,45,Current,0,High,44335.21
LOAN011602,607.0,1.026,0.686,5,180,Defaulted,1,High,972332.11
LOAN011603,703.0,0.246,0.677,0,0,Current,0,Low,61580.2
LOAN011604,582.0,0.774,0.569,4,180,Defaulted,1,High,21409.5
LOAN011605,682.0,0.431,,0,0,Current,0,Low,8768.55
LOAN011606,648.0,0.983,0.87,2,124,Defaulted,1,High,273167.32
LOAN011607,601.0,0.783,0.739,5,90,Late,0,High,180520.45
LOAN011608,666.0,0.634,0.949,1,15,Current,0,Medium,308327.69
LOAN011609,710.0,0.468,0.569,0,0,Current,0,Low,38286.14
LOAN011610,679.0,0.711,0.869,0,0,Paid Off,0,Medium,184844.38
LOAN011611,705.0,0.717,,0,0, current ,0,Low,214431.0
LOAN011612,621.0,0.328,0.541,4,100,Restructured,0,Medium,12929.77
LOAN011613,736.0,0.548,0.803,0,0,Current,0,Low,23794.54
LOAN011614,716.0,0.403,0.831,1,11,Current,0,Low,22268.36
LOAN011615,649.0,0.832,0.748,2,26,Current,0,Medium,430284.05
LOAN011616,656.0,0.575,0.79,0,0,Current,0,Medium,79618.37
LOAN011617,687.0,0.647,0.606,1,13,Current,0,Medium,90776.82
LOAN011618,707.0,0.427,0.626,7,180,Defaulted,1, HIGH ,9273.97
LOAN011619,711.0,0.319,,0,0,Current,0,Low,11099.61
LOAN011620,653.0,0.555,,0,0,Current,0,Medium,9721.45
LOAN011621,714.0,0.723,0.821,4,44, current ,0,Medium,121290.91
LOAN011622,740.0,0.392,0.616,0,0,Current,0,Low,64510.85
LOAN011623,647.0,0.672,,6,180,Defaulted,1,High,80401.13
LOAN011624,676.0,0.528,0.814,7,180,Written Off,1,High,11017.88
LOAN011625,653.0,0.333,,0,0, Current ,0,Low,4938.6
LOAN011626,702.0,0.523,,0,0,Current,0,Low,14773.68
LOAN011627,696.0,0.727,0.564,4,96,Restructured,0,Medium,67850.19
LOAN011628,732.0,0.393,0.54,0,0,Current,0,Low,7211.37
LOAN011629,723.0,0.572,0.926,5,150,Defaulted,1,Medium,42817.86
LOAN011630,666.0,0.633,0.62,0,0,Current,0,Medium,152385.35
LOAN011631,685.0,0.556,,0,0,Current,0,Low,37595.39
LOAN011632,,0.645,,6,180,Defaulted,1,High,9010.52
LOAN011633,631.0,0.695,0.944,1,24,Current,0,Medium,214222.95
LOAN011634,661.0,0.567,,0,0,Current,0,Low,12809.67
LOAN011635,653.0,0.369,0.654,1,16,Current,0,Medium,20294.43
LOAN011636,729.0,0.487,,0,0,Paid Off,0,Low,10896.87
LOAN011637,710.0,0.341,,0,0, CURRENT ,0,Low,7335.24
LOAN011638,730.0,0.681,0.737,0,0,Current,0,Low,16456.68
LOAN011639,717.0,0.556,,1,22,Current,0,Low,91257.85
LOAN011640,618.0,1.02,0.639,2,32,Current,0,Medium,485855.35
LOAN011641,653.0,0.875,0.544,5,105,Restructured,0,High,96673.42
LOAN011642,705.0,0.295,,1,22,Current,0,Low,2095.99
LOAN011643,633.0,0.244,,1,17,Current,0,Low,3732.27
LOAN011644,678.0,0.726,0.606,2,38,Current,0,Medium,55801.9
LOAN011645,663.0,0.506,,0,0,Current,0,Low,26388.09
LOAN011646,735.0,0.343,0.741,0,0,Current,0,Low,2813.24
LOAN011647,726.0,0.513,,0,0,Current,0,Low,10669.07
LOAN011648,697.0,0.711,0.71,0,0,Current,0,Medium,31581.53
LOAN011649,693.0,0.721,,2,20,Current,0,Medium,37790.84
LOAN011650,745.0,0.267,0.568,0,0,Current,0,Low,2133.19
LOAN011651,617.0,0.78,0.614,4,36,Current,0,High,561073.5
LOAN011652,662.0,0.572,0.698,0,0,Current,0,Medium,151088.87
LOAN011653,727.0,0.376,0.647,1,13,Current,0,Low,7923.7
LOAN011654,710.0,0.57,,2,40,Current,0,Medium,5907.6
LOAN011655,641.0,0.419,0.922,2,48,Current,0,Medium,8060.49
LOAN011656,620.0,0.748,0.868,3,54,Paid Off,0,Medium,367780.05
LOAN011657,629.0,0.982,0.545,2,16,Current,0,Medium,642433.81
LOAN011658,671.0,0.454,0.512,0,0,Paid Off,0,Low,29084.95
LOAN011659,728.0,0.253,0.528,1,24,Current,0,Low,1713.64
LOAN011660,670.0,0.357,0.666,0,0,Current,0,Low,16576.78
LOAN011661,732.0,0.541,0.516,0,0,Current,0,Low,5807.82
LOAN011662,644.0,1.054,0.517,5,45,Current,0,High,2225920.74
LOAN011663,631.0,0.839,0.76,4,44,Current,0,High,98987.92
LOAN011664,689.0,0.848,0.551,4,60,Current,0,Medium,131959.63
LOAN011665,701.0,0.446,0.536,0,0,Current,0,Low,5721.01
LOAN011666,606.0,0.721,0.51,2,40,Current,0,Medium,348167.43
LOAN011667,636.0,0.738,0.933,2,34,Current,0,Medium,130279.9
LOAN011668,731.0,0.596,,0,0,Current,0,Low,12380.94
LOAN011669,601.0,0.65,0.593,4,100,Late,0,High,27116.74
LOAN011670,657.0,0.878,0.549,2,32,Current,0,Medium,211331.01
LOAN011671,658.0,0.606,0.561,1,18,Current,0,Medium,13358.9
LOAN011672,651.0,1.027,,3,69,Late,0,High,140676.15
LOAN011673,726.0,0.22,0.535,0,0,Current,0,Low,1801.05
LOAN011674,629.0,0.487,,1,19,Current,0,Medium,21727.29
LOAN011675,667.0,0.437,,0,0,Current,0,Low,18223.5
LOAN011676,645.0,0.49,0.538,4,60,Current,0,Medium,124939.53
LOAN011677,654.0,0.857,,5,180,Defaulted,1,High,183587.78
LOAN011678,642.0,0.546,0.501,1,20,Current,0,Medium,9141.31
LOAN011679,732.0,0.22,0.848,0,0,Current,0,Low,4474.71
LOAN011680,646.0,0.51,,2,24,Current,0,Medium,8334.75
LOAN011681,649.0,1.279,0.915,7,180,Defaulted,1,High,3049160.85
LOAN011682,635.0,0.683,0.913,1,18,Current,0,Medium,231449.41
LOAN011683,673.0,0.579,0.707,0,0,Current,0,Low,62261.87
LOAN011684,680.0,0.544,0.687,5,179,Written Off,1,Medium,40386.56
LOAN011685,656.0,0.408,0.577,3,177,Defaulted,1, MEDIUM ,5255.94
LOAN011686,629.0,0.688,0.513,9,180,Defaulted,1,High,166632.79
LOAN011687,632.0,0.969,0.937,3,45,Current,0,High,1413611.56
LOAN011688,745.0,0.616,0.767,0,0,Current,0,Low,22003.93
LOAN011689,556.0,1.152,0.651,1,25,Current,0,High,1051753.29
LOAN011690,604.0,0.575,,1,25,Current,0,Medium,21759.01
LOAN011691,649.0,0.616,,4,168, Defaulted ,1,Medium,104965.56
LOAN011692,684.0,0.471,0.533,0,0,Current,0,Low,53436.63
LOAN011693,673.0,0.557,0.547,0,0, Current ,0,Low,4017.05
LOAN011694,654.0,0.777,0.556,3,33,Current,0,Medium,168212.04
LOAN011695,662.0,1.05,0.869,3,92,Defaulted,1,High,404080.04
LOAN011696,670.0,0.606,,1,12,Paid Off,0,Medium,7728.41
LOAN011697,629.0,0.798,0.763,2,20,Current,0,Medium,75786.12
LOAN011698,540.0,,0.848,5,131,Written Off,1,High,536957.67
LOAN011699,720.0,0.443,0.522,0,0,Paid Off,0,Low,3969.33
LOAN011700,802.0,0.451,0.509,0,0,Paid Off,0,Low,5820.32
LOAN011701,657.0,0.865,0.934,2,26,Paid Off,0,Medium,41163.71
LOAN011702,708.0,0.532,0.521,1,8,Paid Off,0,Low,8763.59
LOAN011703,641.0,0.259,0.805,3,137,defaulted,1,Medium,7059.31
LOAN011704,624.0,0.997,0.599,2,22,Paid Off,0,Medium,361394.03
LOAN011705,661.0,0.675,,0,0,Current,0,Medium,25122.19
LOAN011706,684.0,0.421,0.623,0,0,Current,0,Low,9397.81
LOAN011707,715.0,0.574,,0,0,Current,0,Low,28480.94
LOAN011708,652.0,0.672,,0,0,Current,0,Medium,44076.84
LOAN011709,729.0,0.279,,0,0,Paid Off,0,Low,5970.18
LOAN011710,728.0,0.141,,0,0,Current,0,Low,7071.28
LOAN011711,682.0,0.703,0.528,7,180, Defaulted ,1,High,82034.27
LOAN011712,706.0,0.568,,0,0,Current,0,Low,9359.27
LOAN011713,634.0,0.599,0.554,2,28,Current,0,Medium,343255.81
LOAN011714,714.0,0.266,,0,0,Current,0,Low,6466.38
LOAN011715,638.0,0.386,0.825,1,9,Current,0,Medium,41384.25
LOAN011716,634.0,0.472,0.564,5,180,Written Off,1,High,42973.11
LOAN011717,701.0,0.486,0.837,0,0,Current,0,Low,30018.61
LOAN011718,680.0,0.755,0.542,0,0,Current,0,Medium,54941.71
LOAN011719,670.0,1.058,0.545,7,133,Restructured,0,High,912887.08
LOAN011720,629.0,0.63,0.506,4,60,Current,0,Medium,154971.38
LOAN011721,653.0,0.625,0.618,0,0,Current,0,Medium,67939.16
LOAN011722,677.0,0.37,0.681,0,0,Current,0,Low,28201.31
LOAN011723,693.0,0.431,0.575,3,166,Defaulted,1,Medium,8631.51
LOAN011724,692.0,0.364,0.522,0,0,Current,0,Low,3628.92
LOAN011725,653.0,0.727,0.631,1,21,Current,0, Medium ,98077.61
LOAN011726,731.0,0.154,,0,0,Current,0, low ,770.09
LOAN011727,645.0,0.367,,4,80,Late,0,Medium,15246.28
LOAN011728,701.0,0.426,,0,0,Current,0,Low,8195.14
LOAN011729,714.0,0.351,0.606,0,0,Current,0,Low,7955.77
LOAN011730,633.0,0.621,0.898,1,16,Current,0,Medium,131504.73
LOAN011731,681.0,0.61,0.525,0,0,Current,0,Low,50889.28
LOAN011732,693.0,0.87,,1,14,Current,0,Medium,40002.7
LOAN011733,718.0,0.25,0.719,1,23,Current,0,Low,3884.93
LOAN011734,666.0,0.975,0.582,2,18,Current,0,Medium,405825.55
LOAN011735,696.0,0.335,,0,0,Current,0,Low,4052.15
LOAN011736,674.0,0.595,0.506,0,0,Current,0,Low,58948.19
LOAN011737,677.0,0.416,,9,133,DEFAULTED,1,High,5233.71
LOAN011738,670.0,0.671,0.774,0,0,Current,0,Medium,224583.41
LOAN011739,605.0,1.039,0.812,6,180,Defaulted,1,High,398010.28
LOAN011740,579.0,0.515,0.669,6,54,Paid Off,0,High,6172.89
LOAN011741,640.0,0.81,0.534,5,106,Defaulted,1,High,279292.58
LOAN011742,651.0,0.348,,0,0,Current,0, LOW ,29308.43
LOAN011743,718.0,0.341,0.746,0,0,Current,0,Low,50812.32
LOAN011744,672.0,0.488,0.592,0,0,Current,0,Low,82351.74
LOAN011745,726.0,0.779,0.714,2,28,Current,0,Medium,151954.15
LOAN011746,713.0,0.289,,0,0,Current,0,Low,3947.39
LOAN011747,685.0,0.391,0.784,0,0,Current,0,Low,7830.8
LOAN011748,633.0,0.909,0.801,3,135,Defaulted,1,High,362769.61
LOAN011749,654.0,0.843,0.848,5,110,Current,0,High,57193.11
LOAN011750,654.0,0.606,0.526,0,0,Current,0, MEDIUM ,5584.19
LOAN011751,668.0,1.187,0.501,2,42,Current,0,Medium,1134882.71
LOAN011752,655.0,0.457,0.67,0,0,Current,0,Low,8527.72
LOAN011753,733.0,0.244,0.629,0,0,Current,0,Low,2088.2
LOAN011754,709.0,,0.539,0,0,Current,0,Low,8491.66
LOAN011755,716.0,0.417,0.608,0,0,Current,0,Low,39583.93
LOAN011756,703.0,0.265,0.656,0,0,Current,0,Low,2789.25
LOAN011757,653.0,0.582,0.74,0,0,Current,0,Medium,27904.77
LOAN011758,610.0,0.78,0.623,2,20,Current,0,Medium,354464.61
LOAN011759,703.0,0.54,0.669,0,0,Current,0,Low,108365.22
LOAN011760,666.0,0.599,0.729,8,173,Defaulted,1,High,15128.54
LOAN011761,678.0,0.905,0.869,2,20,Current,0,Medium,555705.08
LOAN011762,607.0,0.626,0.688,5,60,Current,0,High,167296.95
LOAN011763,653.0,0.505,,0,0,Current,0,Low,18596.05
LOAN011764,681.0,1.044,0.637,5,122,Defaulted,1,High,728960.12
LOAN011765,696.0,0.661,0.798,0,0,Current,0,Low,58923.98
LOAN011766,670.0,0.646,0.591,0,0,Current,0,Medium,126473.64
LOAN011767,727.0,0.421,0.657,0,0,Current,0,Low,9783.62
LOAN011768,744.0,0.375,,1,24,Current,0,Low,16767.92
LOAN011769,699.0,0.781,0.777,2,26,Current,0,Medium,145075.05
LOAN011770,700.0,0.282,0.689,0,0,Current,0,Low,1812.99
LOAN011771,724.0,0.216,0.609,0,0,Paid Off,0,Low,4657.47
LOAN011772,641.0,0.578,0.529,5,70,Current,0,Medium,15751.48
LOAN011773,677.0,0.528,0.729,4,153,Defaulted,1,Medium,5364.09
LOAN011774,627.0,0.501,0.648,5,100,Restructured,0, High ,195026.95
LOAN011775,696.0,1.077,,1,76,Defaulted,1,Medium,717184.24
LOAN011776,650.0,0.439,0.577,1,24,Current,0,Medium,5923.63
LOAN011777,747.0,0.461,0.758,0,0,Current,0,Low,162890.94
LOAN011778,733.0,0.288,,0,0,Current,0,Low,3200.53
LOAN011779,726.0,0.312,,0,0,Current,0,Low,19182.99
LOAN011780,717.0,0.408,0.899,0,0,Current,0,Low,66305.22
LOAN011781,731.0,0.477,0.709,0,0,Current,0,Low,11526.97
LOAN011782,673.0,0.981,0.555,0,0,Current,0,Medium,190308.23
LOAN011783,657.0,0.726,,4,44,Current,0,Medium,19177.05
LOAN011784,630.0,0.801,0.625,2,36,Current,0,Medium,40033.13
LOAN011785,622.0,0.808,0.562,4,68,Current,0,High,167291.55
LOAN011786,594.0,0.74,0.695,4,92, Restructured ,0,High,94990.45
LOAN011787,718.0,0.477,0.77,1,17,Current,0,Low,34186.04
LOAN011788,628.0,1.35,0.812,7,180,Defaulted,1,High,2675604.01
LOAN011789,724.0,0.371,0.684,0,0,Current,0,Low,7318.05
LOAN011790,671.0,0.641,0.766,0,0,Current,0,Medium,61566.92
LOAN011791,603.0,1.35,0.921,2,50,Current,0,High,1605228.6
LOAN011792,691.0,0.263,0.577,1,11,Current,0,Low,2812.05
LOAN011793,693.0,0.701,0.586,0,0,Current,0,Medium,38089.26
LOAN011794,702.0,0.904,0.713,1,23,Current,0,Medium,181350.31
LOAN011795,683.0,0.267,0.898,2,101, Defaulted ,1,Medium,3198.95
LOAN011796,709.0,0.649,0.564,1,23,Current,0,Medium,307770.27
LOAN011797,756.0,0.65,0.871,0,0,Current,0,Low,260731.68
LOAN011798,595.0,0.964,0.516,5,125,Late,0,High,669933.75
LOAN011799,716.0,0.302,0.892,0,0,Current,0,Low,10820.97
LOAN011800,698.0,0.53,,0,0,Current,0,Low,11652.13
LOAN011801,664.0,0.528,0.604,1,21,Current,0,Medium,3469.51
LOAN011802,662.0,0.431,0.558,0,0,Current,0,Low,33017.93
LOAN011803,587.0,0.877,,5,167,Defaulted,1,High,652339.07
LOAN011804,712.0,0.447,0.664,0,0,Current,0,Low,11759.66
LOAN011805,672.0,0.586,,1,16,Current,0,Medium,10008.55
LOAN011806,653.0,0.702,,0,0,Current,0,Medium,16327.77
LOAN011807,671.0,0.72,0.71,2,44,Current,0,Medium,9864.56
LOAN011808,654.0,0.806,,5,90,Restructured,0,High,610686.23
LOAN011809,740.0,0.53,0.577,1,24,Current,0,Low,92986.83
LOAN011810,698.0,0.414,0.525,0,0,Paid Off,0, low ,25262.36
LOAN011811,743.0,0.568,0.504,0,0,Current,0,Low,42855.0
LOAN011812,653.0,0.53,0.622,0,0,Paid Off,0,Low,18678.13
LOAN011813,601.0,0.825,0.672,4,76,Current,0,High,484153.99
LOAN011814,702.0,0.384,0.802,0,0,Current,0,Low,5771.15
LOAN011815,716.0,0.72,0.866,1,15,Current,0,Medium,77024.95
LOAN011816,556.0,1.034,0.72,3,143,Defaulted,1,High,522317.23
LOAN011817,630.0,0.967,0.828,7,180,Defaulted,1,High,262648.71
LOAN011818,632.0,0.549,0.769,4,92,Late,0,Medium,177832.31
LOAN011819,650.0,0.502,0.858,0,0,Current,0,Medium,22194.82
LOAN011820,692.0,0.28,,0,0,Current,0,Low,4496.97
LOAN011821,694.0,0.379,0.54,0,0,CURRENT,0,Low,2334.46
LOAN011822,675.0,0.649,0.543,0,0,Current,0,Medium,518842.84
LOAN011823,698.0,0.437,0.797,0,0,Paid Off,0,Low,23884.59
LOAN011824,683.0,0.541,0.727,1,12,Current,0,Medium,49390.06
LOAN011825,749.0,0.403,0.635,0,0,Current,0,Low,56938.45
LOAN011826,643.0,0.847,0.581,5,110,Late,0,High,135406.56
LOAN011827,675.0,0.231,,0,0,Current,0,Low,6042.7
LOAN011828,645.0,0.715,0.728,4,68,Restructured,0,Medium,38247.47
LOAN011829,677.0,0.373,0.791,0,0,Current,0,Low,12044.68
LOAN011830,719.0,0.545,0.603,0,0,Current,0,LOW,39254.98
LOAN011831,727.0,0.434,0.524,0,0,Current,0,Low,7161.97
LOAN011832,707.0,0.843,0.634,4,56,Current,0,Medium,107897.12
LOAN011833,647.0,0.372,0.696,4,76,Restructured,0,Medium,42258.05
LOAN011834,674.0,0.694,0.622,1,22,Current,0,Medium,116027.93
LOAN011835,721.0,0.329,,0,0,Current,0,Low,3372.26
LOAN011836,638.0,0.891,0.556,4,52,Current,0,High,349401.55
LOAN011837,723.0,0.501,0.572,0,0,Current,0,Low,35793.13
LOAN011838,639.0,0.858,0.501,5,158,Defaulted,1,High,287392.71
LOAN011839,712.0,0.662,0.598,0,0,Paid Off,0,Low,134075.4
LOAN011840,719.0,0.55,,0,0,Current,0,Low,20001.56
LOAN011841,671.0,0.57,0.572,0,0,Current,0,Low,5658.37
LOAN011842,679.0,0.607,0.723,1,12,Current,0,Medium,27241.76
LOAN011843,653.0,0.696,,0,0,Current,0,Medium,147526.41
LOAN011844,574.0,0.824,0.724,2,24,Current,0,Medium,75999.7
LOAN011845,702.0,0.509,0.556,0,0,Current,0,Low,159995.92
LOAN011846,710.0,0.882,0.617,6,48,Current,0,High,123796.53
LOAN011847,727.0,0.756,0.513,5,80,Current,0,Medium,48272.22
LOAN011848,637.0,0.441,0.732,0,0,Current,0,Low,56603.46
LOAN011849,644.0,0.181,0.858,6,180,Defaulted,1,Medium,6449.37
LOAN011850,728.0,0.238,,0,0,Current,0,Low,4202.8
LOAN011851,637.0,1.013,0.522,3,57,Current,0,High,425808.15
LOAN011852,721.0,0.308,,0,0,Current,0,Low,5047.25
LOAN011853,650.0,0.406,,0,0,Current,0,Low,2845.87
LOAN011854,732.0,0.246,0.877,0,0,Current,0,Low,3208.68
LOAN011855,657.0,0.662,0.746,1,11,Current,0,Medium,60025.13
LOAN011856,740.0,0.411,,0,0,Current,0,Low,4300.07
LOAN011857,723.0,0.518,,0,0,Current,0,Low,12225.6
LOAN011858,693.0,0.464,,0,0,Current,0,Low,8317.74
LOAN011859,695.0,0.389,0.696,0,0,Current,0,Low,8269.94
LOAN011860,593.0,0.858,,2,18,Current,0,Medium,77070.77
LOAN011861,748.0,0.309,0.758,0,0,Current,0,Low,7934.32
LOAN011862,701.0,0.31,,0,0,Current,0,Low,5283.07
LOAN011863,744.0,0.428,0.643,1,13,Current,0,Low,32797.0
LOAN011864,709.0,0.229,0.586,0,0,Current,0,Low,1774.78
LOAN011865,684.0,0.521,,0,0,Current,0,Low,17222.26
LOAN011866,687.0,0.216,,1,17,Current,0,Low,2583.57
LOAN011867,754.0,0.371,0.769,0,0,Current,0,Low,12555.67
LOAN011868,628.0,0.79,,9,180,Defaulted,1,High,140249.49
LOAN011869,680.0,0.369,0.71,0,0,Paid Off,0,Low,5572.36
LOAN011870,618.0,1.035,0.521,6,123,Defaulted,1,High,1351915.88
LOAN011871,612.0,0.951,0.608,4,72,Late,0,High,432294.45
LOAN011872,726.0,0.624,,3,157,Defaulted,1,Medium,27355.86
LOAN011873,697.0,0.454,0.53,0,0,Current,0,Low,41328.85
LOAN011874,614.0,0.547,0.579,4,101,Defaulted,1,Medium,26810.37
LOAN011875,617.0,0.5,0.502,5,122,Defaulted,1,High,132890.98
LOAN011876,599.0,0.879,0.698,4,180,Defaulted,1,HIGH,562661.27
LOAN011877,628.0,0.489,0.666,2,16,Current,0,Medium,77807.26
LOAN011878,746.0,0.197,0.519,0,0,Current,0,Low,5187.52
LOAN011879,647.0,1.067,0.673,2,117,Defaulted,1,High,1226999.82
LOAN011880,692.0,0.677,0.793,0,0,Current,0,Medium,79462.29
LOAN011881,702.0,0.869,0.513,1,25,Current,0,Medium,115587.93
LOAN011882,606.0,0.492,0.747,5,119,Defaulted,1,High,12297.83
LOAN011883,621.0,0.465,0.936,3,72,Late,0,Medium,84514.8
LOAN011884,681.0,1.097,0.785,4,100,Current,0, HIGH ,1433140.68
LOAN011885,694.0,0.846,0.521,6,66,Current,0,High,289372.34
LOAN011886,713.0,0.659,0.554,0,0,Paid Off,0,Low,5235.04
LOAN011887,665.0,0.921,,9,180,Defaulted,1,High,739056.77
LOAN011888,,0.974,0.72,2,32,Current,0,Medium,998732.64
LOAN011889,759.0,0.537,,0,0,Current,0,Low,15444.88
LOAN011890,722.0,0.15,0.533,1,9,Current,0,Low,3113.07
LOAN011891,711.0,0.338,0.555,0,0,Current,0,Low,10387.19
LOAN011892,692.0,0.434,0.659,3,145,Defaulted,1,Medium,33303.93
LOAN011893,645.0,0.923,0.749,8,180,Defaulted,1,High,1315642.63
LOAN011894,570.0,0.483,0.587,4,100,Late,0,High,24338.56
LOAN011895,623.0,0.644,0.604,3,180,Written Off,1,High,540456.53
LOAN011896,628.0,0.727,0.933,4,100,Late,0,High,20925.28
LOAN011897,604.0,0.955,,1,14,Current,0,Medium,686352.16
LOAN011898,662.0,0.952,0.573,2,32,Current,0,Medium,339947.67
LOAN011899,733.0,0.535,0.637,1,13,Current,0,Low,19490.62
LOAN011900,630.0,0.932,,3,45,Current,0,High,38877.8
LOAN011901,653.0,0.699,0.532,0,0,Current,0,Medium,33285.61
LOAN011902,659.0,0.645,0.948,0,0,Current,0,Medium,16364.72
LOAN011903,662.0,0.333,,0,0,Current,0,Low,3171.87
LOAN011904,601.0,0.929,0.579,3,24,Current,0,High,422651.49
LOAN011905,720.0,0.324,,2,48,Current,0,Low,6373.13
LOAN011906,705.0,0.282,0.903,0,0,Current,0,Low,4958.24
LOAN011907,707.0,0.144,,0,0,Current,0,Low,1698.17
LOAN011908,626.0,0.787,,5,162,Written Off,1,High,48813.73
LOAN011909,753.0,0.35,0.732,2,40,Current,0,Low,32801.78
LOAN011910,736.0,0.689,0.539,1,16,Current,0,Low,107165.62
LOAN011911,,0.653,0.761,5,115,Restructured,0,High,123744.31
