record_id,entity_id
R0000000,E000000
R0000001,E000001
R0000002,E000001
R0000003,E000001
R0000004,E000001
R0000005,E000002
R0000006,E000002
R0000007,E000003
R0000008,E000003
R0000009,E000004
R0000010,E000004
R0000011,E000005
R0000012,E000005
R0000013,E000006
R0000014,E000007
R0000015,E000007
R0000016,E000008
R0000017,E000008
R0000018,E000009
R0000019,E000009
R0000020,E000010
R0000021,E000010
R0000022,E000011
R0000023,E000011
R0000024,E000012
R0000025,E000012
R0000026,E000012
R0000027,E000013
R0000028,E000014
R0000029,E000014
R0000030,E000015
R0000031,E000016
R0000032,E000016
R0000033,E000017
R0000034,E000017
R0000035,E000018
R0000036,E000018
R0000037,E000018
R0000038,E000019
R0000039,E000019
R0000040,E000020
R0000041,E000021
R0000042,E000021
R0000043,E000022
R0000044,E000023
R0000045,E000024
R0000046,E000025
R0000047,E000025
R0000048,E000025
R0000049,E000026
R0000050,E000027
R0000051,E000027
R0000052,E000028
R0000053,E000029
R0000054,E000029
R0000055,E000030
R0000056,E000030
R0000057,E000030
R0000058,E000030
R0000059,E000031
R0000060,E000031
R0000061,E000031
R0000062,E000032
R0000063,E000033
R0000064,E000033
R0000065,E000034
R0000066,E000035
R0000067,E000035
R0000068,E000036
R0000069,E000036
R0000070,E000037
R0000071,E000037
R0000072,E000038
R0000073,E000038
R0000074,E000038
R0000075,E000039
R0000076,E000039
R0000077,E000040
R0000078,E000041
R0000079,E000041
R0000080,E000042
R0000081,E000043
R0000082,E000043
R0000083,E000044
R0000084,E000045
R0000085,E000045
R0000086,E000046
R0000087,E000047
R0000088,E000047
R0000089,E000047
R0000090,E000047
R0000091,E000048
R0000092,E000049
R0000093,E000049
R0000094,E000050
R0000095,E000051
R0000096,E000052
R0000097,E000053
R0000098,E000053
R0000099,E000054
R0000100,E000054
R0000101,E000055
R0000102,E000056
R0000103,E000056
R0000104,E000057
R0000105,E000058
R0000106,E000059
R0000107,E000060
R0000108,E000061
R0000109,E000061
R0000110,E000062
R0000111,E000063
R0000112,E000064
R0000113,E000065
R0000114,E000065
R0000115,E000065
R0000116,E000066
R0000117,E000067
R0000118,E000068
R0000119,E000069
R0000120,E000070
R0000121,E000070
R0000122,E000071
R0000123,E000072
R0000124,E000072
R0000125,E000073
R0000126,E000074
R0000127,E000075
R0000128,E000075
R0000129,E000076
R0000130,E000076
R0000131,E000076
R0000132,E000077
R0000133,E000077
R0000134,E000078
R0000135,E000078
R0000136,E000079
R0000137,E000079
R0000138,E000080
R0000139,E000081
R0000140,E000081
R0000141,E000082
R0000142,E000082
R0000143,E000083
R0000144,E000083
R0000145,E000083
R0000146,E000083
R0000147,E000084
R0000148,E000084
R0000149,E000084
R0000150,E000085
R0000151,E000085
R0000152,E000086
R0000153,E000086
R0000154,E000086
R0000155,E000086
R0000156,E000087
R0000157,E000087
R0000158,E000088
R0000159,E000089
R0000160,E000089
R0000161,E000089
R0000162,E000090
R0000163,E000091
R0000164,E000091
R0000165,E000092
R0000166,E000092
R0000167,E000093
R0000168,E000093
R0000169,E000094
R0000170,E000095
R0000171,E000095
R0000172,E000096
R0000173,E000096
R0000174,E000097
R0000175,E000097
R0000176,E000098
R0000177,E000099
R0000178,E000099
R0000179,E000100
R0000180,E000100
R0000181,E000101
R0000182,E000101
R0000183,E000102
R0000184,E000102
R0000185,E000103
R0000186,E000104
R0000187,E000104
R0000188,E000104
R0000189,E000105
R0000190,E000105
R0000191,E000106
R0000192,E000107
R0000193,E000107
R0000194,E000108
R0000195,E000108
R0000196,E000109
R0000197,E000109
R0000198,E000109
R0000199,E000110
R0000200,E000111
R0000201,E000112
R0000202,E000113
R0000203,E000113
R0000204,E000114
R0000205,E000114
R0000206,E000115
R0000207,E000115
R0000208,E000116
R0000209,E000116
R0000210,E000117
R0000211,E000118
R0000212,E000119
R0000213,E000120
R0000214,E000120
R0000215,E000121
R0000216,E000121
R0000217,E000122
R0000218,E000122
R0000219,E000123
R0000220,E000123
R0000221,E000124
R0000222,E000125
R0000223,E000125
R0000224,E000126
R0000225,E000126
R0000226,E000127
R0000227,E000127
R0000228,E000128
R0000229,E000128
R0000230,E000129
R0000231,E000129
R0000232,E000130
R0000233,E000130
R0000234,E000131
R0000235,E000131
R0000236,E000132
R0000237,E000133
R0000238,E000133
R0000239,E000134
R0000240,E000134
R0000241,E000135
R0000242,E000135
R0000243,E000135
R0000244,E000135
R0000245,E000136
R0000246,E000137
R0000247,E000138
R0000248,E000138
R0000249,E000139
R0000250,E000139
R0000251,E000140
R0000252,E000140
R0000253,E000141
R0000254,E000141
R0000255,E000142
R0000256,E000142
R0000257,E000143
R0000258,E000143
R0000259,E000144
R0000260,E000144
R0000261,E000145
R0000262,E000145
R0000263,E000146
R0000264,E000146
R0000265,E000146
R0000266,E000147
R0000267,E000148
R0000268,E000148
R0000269,E000148
R0000270,E000149
R0000271,E000150
R0000272,E000150
R0000273,E000151
R0000274,E000151
R0000275,E000152
R0000276,E000152
R0000277,E000153
R0000278,E000154
R0000279,E000154
R0000280,E000155
R0000281,E000155
R0000282,E000156
R0000283,E000157
R0000284,E000158
R0000285,E000159
R0000286,E000160
R0000287,E000160
R0000288,E000161
R0000289,E000162
R0000290,E000162
R0000291,E000163
R0000292,E000163
R0000293,E000163
R0000294,E000164
R0000295,E000165
R0000296,E000166
R0000297,E000167
R0000298,E000167
R0000299,E000168
R0000300,E000168
R0000301,E000169
R0000302,E000169
R0000303,E000170
R0000304,E000170
R0000305,E000171
R0000306,E000171
R0000307,E000172
R0000308,E000172
R0000309,E000173
R0000310,E000174
R0000311,E000175
R0000312,E000175
R0000313,E000176
R0000314,E000176
R0000315,E000177
R0000316,E000177
R0000317,E000178
R0000318,E000178
R0000319,E000178
R0000320,E000179
R0000321,E000179
R0000322,E000180
R0000323,E000181
R0000324,E000181
R0000325,E000182
R0000326,E000183
R0000327,E000183
R0000328,E000184
R0000329,E000185
R0000330,E000185
R0000331,E000185
R0000332,E000186
R0000333,E000187
R0000334,E000187
R0000335,E000188
R0000336,E000188
R0000337,E000189
R0000338,E000190
R0000339,E000190
R0000340,E000191
R0000341,E000192
R0000342,E000192
R0000343,E000193
R0000344,E000193
R0000345,E000194
R0000346,E000194
R0000347,E000195
R0000348,E000195
R0000349,E000196
R0000350,E000197
R0000351,E000197
R0000352,E000198
R0000353,E000199
R0000354,E000200
R0000355,E000201
R0000356,E000201
R0000357,E000202
R0000358,E000202
R0000359,E000203
R0000360,E000203
R0000361,E000203
R0000362,E000204
R0000363,E000204
R0000364,E000204
R0000365,E000204
R0000366,E000205
R0000367,E000206
R0000368,E000206
R0000369,E000206
R0000370,E000207
R0000371,E000207
R0000372,E000208
R0000373,E000209
R0000374,E000209
R0000375,E000210
R0000376,E000211
R0000377,E000212
R0000378,E000212
R0000379,E000213
R0000380,E000213
R0000381,E000214
R0000382,E000215
R0000383,E000215
R0000384,E000215
R0000385,E000216
R0000386,E000216
R0000387,E000217
R0000388,E000217
R0000389,E000218
R0000390,E000218
R0000391,E000219
R0000392,E000220
R0000393,E000221
R0000394,E000221
R0000395,E000222
R0000396,E000222
R0000397,E000223
R0000398,E000223
R0000399,E000224
R0000400,E000225
R0000401,E000226
R0000402,E000226
R0000403,E000226
R0000404,E000226
R0000405,E000227
R0000406,E000228
R0000407,E000228
R0000408,E000229
R0000409,E000229
R0000410,E000229
R0000411,E000230
R0000412,E000231
R0000413,E000231
R0000414,E000232
R0000415,E000232
R0000416,E000233
R0000417,E000234
R0000418,E000235
R0000419,E000235
R0000420,E000236
R0000421,E000236
R0000422,E000237
R0000423,E000238
R0000424,E000238
R0000425,E000239
R0000426,E000239
R0000427,E000240
R0000428,E000240
R0000429,E000240
R0000430,E000241
R0000431,E000241
R0000432,E000241
R0000433,E000242
R0000434,E000243
R0000435,E000243
R0000436,E000244
R0000437,E000244
R0000438,E000245
R0000439,E000245
R0000440,E000245
R0000441,E000246
R0000442,E000246
R0000443,E000247
R0000444,E000247
R0000445,E000248
R0000446,E000248
R0000447,E000249
R0000448,E000250
R0000449,E000250
R0000450,E000251
R0000451,E000251
R0000452,E000252
R0000453,E000252
R0000454,E000253
R0000455,E000253
R0000456,E000253
R0000457,E000253
R0000458,E000254
R0000459,E000254
R0000460,E000255
R0000461,E000255
R0000462,E000256
R0000463,E000257
R0000464,E000257
R0000465,E000258
R0000466,E000259
R0000467,E000259
R0000468,E000260
R0000469,E000260
R0000470,E000261
R0000471,E000261
R0000472,E000262
R0000473,E000262
R0000474,E000263
R0000475,E000263
R0000476,E000263
R0000477,E000264
R0000478,E000264
R0000479,E000265
R0000480,E000266
R0000481,E000266
R0000482,E000266
R0000483,E000266
R0000484,E000267
R0000485,E000267
R0000486,E000268
R0000487,E000268
R0000488,E000269
R0000489,E000269
R0000490,E000270
R0000491,E000270
R0000492,E000271
R0000493,E000272
R0000494,E000273
R0000495,E000274
R0000496,E000274
R0000497,E000274
R0000498,E000275
R0000499,E000276
R0000500,E000276
R0000501,E000277
R0000502,E000277
R0000503,E000278
R0000504,E000278
R0000505,E000279
R0000506,E000279
R0000507,E000280
R0000508,E000280
R0000509,E000281
R0000510,E000282
R0000511,E000282
R0000512,E000283
R0000513,E000283
R0000514,E000284
R0000515,E000285
R0000516,E000285
R0000517,E000286
R0000518,E000286
R0000519,E000287
R0000520,E000287
R0000521,E000288
R0000522,E000288
R0000523,E000289
R0000524,E000289
R0000525,E000290
R0000526,E000291
R0000527,E000291
R0000528,E000291
R0000529,E000292
R0000530,E000292
R0000531,E000293
R0000532,E000293
R0000533,E000294
R0000534,E000294
R0000535,E000294
R0000536,E000294
R0000537,E000295
R0000538,E000296
R0000539,E000296
R0000540,E000296
R0000541,E000297
R0000542,E000298
R0000543,E000298
R0000544,E000299
R0000545,E000299
R0000546,E000299
R0000547,E000300
R0000548,E000300
R0000549,E000300
R0000550,E000301
R0000551,E000301
R0000552,E000302
R0000553,E000303
R0000554,E000303
R0000555,E000304
R0000556,E000304
R0000557,E000305
R0000558,E000306
R0000559,E000306
R0000560,E000306
R0000561,E000307
R0000562,E000308
R0000563,E000308
R0000564,E000309
R0000565,E000310
R0000566,E000310
R0000567,E000310
R0000568,E000310
R0000569,E000311
R0000570,E000311
R0000571,E000312
R0000572,E000312
R0000573,E000313
R0000574,E000313
R0000575,E000314
R0000576,E000314
R0000577,E000315
R0000578,E000315
R0000579,E000316
R0000580,E000316
R0000581,E000317
R0000582,E000317
R0000583,E000318
R0000584,E000318
R0000585,E000319
R0000586,E000319
R0000587,E000319
R0000588,E000320
R0000589,E000321
R0000590,E000321
R0000591,E000322
R0000592,E000322
R0000593,E000323
R0000594,E000323
R0000595,E000324
R0000596,E000324
R0000597,E000324
R0000598,E000324
R0000599,E000325
R0000600,E000325
R0000601,E000326
R0000602,E000326
R0000603,E000327
R0000604,E000327
R0000605,E000328
R0000606,E000328
R0000607,E000329
R0000608,E000329
R0000609,E000329
R0000610,E000330
R0000611,E000330
R0000612,E000330
R0000613,E000330
R0000614,E000331
R0000615,E000332
R0000616,E000332
R0000617,E000333
R0000618,E000333
R0000619,E000334
R0000620,E000334
R0000621,E000334
R0000622,E000335
R0000623,E000336
R0000624,E000337
R0000625,E000338
R0000626,E000338
R0000627,E000339
R0000628,E000339
R0000629,E000339
R0000630,E000339
R0000631,E000340
R0000632,E000340
R0000633,E000341
R0000634,E000342
R0000635,E000343
R0000636,E000343
R0000637,E000344
R0000638,E000345
R0000639,E000345
R0000640,E000346
R0000641,E000346
R0000642,E000347
R0000643,E000348
R0000644,E000348
R0000645,E000349
R0000646,E000350
R0000647,E000350
R0000648,E000351
R0000649,E000351
R0000650,E000351
R0000651,E000352
R0000652,E000353
R0000653,E000354
R0000654,E000355
R0000655,E000356
R0000656,E000357
R0000657,E000357
R0000658,E000357
R0000659,E000358
R0000660,E000359
R0000661,E000359
R0000662,E000359
R0000663,E000359
R0000664,E000360
R0000665,E000361
R0000666,E000361
R0000667,E000362
R0000668,E000362
R0000669,E000362
R0000670,E000362
R0000671,E000363
R0000672,E000363
R0000673,E000363
R0000674,E000364
R0000675,E000364
R0000676,E000365
R0000677,E000365
R0000678,E000366
R0000679,E000366
R0000680,E000366
R0000681,E000367
R0000682,E000368
R0000683,E000369
R0000684,E000369
R0000685,E000369
R0000686,E000370
R0000687,E000371
R0000688,E000371
R0000689,E000372
R0000690,E000373
R0000691,E000374
R0000692,E000374
R0000693,E000374
R0000694,E000374
R0000695,E000375
R0000696,E000375
R0000697,E000376
R0000698,E000377
R0000699,E000378
R0000700,E000378
R0000701,E000378
R0000702,E000379
R0000703,E000379
R0000704,E000380
R0000705,E000380
R0000706,E000381
R0000707,E000381
R0000708,E000382
R0000709,E000382
R0000710,E000383
R0000711,E000383
R0000712,E000384
R0000713,E000385
R0000714,E000386
R0000715,E000386
R0000716,E000386
R0000717,E000387
R0000718,E000387
R0000719,E000388
R0000720,E000389
R0000721,E000390
R0000722,E000390
R0000723,E000391
R0000724,E000392
R0000725,E000392
R0000726,E000393
R0000727,E000393
R0000728,E000393
R0000729,E000394
R0000730,E000394
R0000731,E000395
R0000732,E000395
R0000733,E000396
R0000734,E000396
R0000735,E000397
R0000736,E000397
R0000737,E000398
R0000738,E000398
R0000739,E000398
R0000740,E000399
R0000741,E000399
R0000742,E000400
R0000743,E000400
R0000744,E000401
R0000745,E000401
R0000746,E000402
R0000747,E000402
R0000748,E000403
R0000749,E000403
R0000750,E000404
R0000751,E000405
R0000752,E000405
R0000753,E000406
R0000754,E000407
R0000755,E000407
R0000756,E000408
R0000757,E000408
R0000758,E000409
R0000759,E000409
R0000760,E000410
R0000761,E000410
R0000762,E000411
R0000763,E000412
R0000764,E000412
R0000765,E000413
R0000766,E000413
R0000767,E000414
R0000768,E000414
R0000769,E000414
R0000770,E000415
R0000771,E000416
R0000772,E000416
R0000773,E000417
R0000774,E000417
R0000775,E000417
R0000776,E000417
R0000777,E000418
R0000778,E000419
R0000779,E000420
R0000780,E000421
R0000781,E000422
R0000782,E000422
R0000783,E000423
R0000784,E000423
R0000785,E000424
R0000786,E000424
R0000787,E000424
R0000788,E000425
R0000789,E000426
R0000790,E000427
R0000791,E000427
R0000792,E000427
R0000793,E000428
R0000794,E000428
R0000795,E000429
R0000796,E000430
R0000797,E000431
R0000798,E000431
R0000799,E000431
R0000800,E000431
R0000801,E000432
R0000802,E000432
R0000803,E000432
R0000804,E000433
R0000805,E000433
R0000806,E000434
R0000807,E000435
R0000808,E000436
R0000809,E000436
R0000810,E000437
R0000811,E000437
R0000812,E000437
R0000813,E000438
R0000814,E000439
R0000815,E000439
R0000816,E000440
R0000817,E000440
R0000818,E000441
R0000819,E000441
R0000820,E000442
R0000821,E000442
R0000822,E000443
R0000823,E000443
R0000824,E000444
R0000825,E000444
R0000826,E000445
R0000827,E000445
R0000828,E000446
R0000829,E000446
R0000830,E000447
R0000831,E000448
R0000832,E000449
R0000833,E000449
R0000834,E000450
R0000835,E000450
R0000836,E000451
R0000837,E000451
R0000838,E000452
R0000839,E000453
R0000840,E000453
R0000841,E000454
R0000842,E000454
R0000843,E000455
R0000844,E000455
R0000845,E000456
R0000846,E000456
R0000847,E000456
R0000848,E000457
R0000849,E000457
R0000850,E000457
R0000851,E000458
R0000852,E000459
R0000853,E000459
R0000854,E000460
R0000855,E000460
R0000856,E000461
R0000857,E000461
R0000858,E000462
R0000859,E000463
R0000860,E000463
R0000861,E000464
R0000862,E000465
R0000863,E000465
R0000864,E000466
R0000865,E000466
R0000866,E000467
R0000867,E000467
R0000868,E000468
R0000869,E000468
R0000870,E000469
R0000871,E000469
R0000872,E000470
R0000873,E000470
R0000874,E000471
R0000875,E000471
R0000876,E000471
R0000877,E000472
R0000878,E000473
R0000879,E000473
R0000880,E000474
R0000881,E000474
R0000882,E000474
R0000883,E000475
R0000884,E000475
R0000885,E000476
R0000886,E000476
R0000887,E000477
R0000888,E000477
R0000889,E000478
R0000890,E000478
R0000891,E000478
R0000892,E000479
R0000893,E000479
R0000894,E000479
R0000895,E000480
R0000896,E000481
R0000897,E000482
R0000898,E000482
R0000899,E000483
R0000900,E000483
R0000901,E000483
R0000902,E000484
R0000903,E000485
R0000904,E000486
R0000905,E000487
R0000906,E000487
R0000907,E000488
R0000908,E000488
R0000909,E000489
R0000910,E000489
R0000911,E000490
R0000912,E000491
R0000913,E000491
R0000914,E000492
R0000915,E000492
R0000916,E000493
R0000917,E000494
R0000918,E000495
R0000919,E000495
R0000920,E000495
R0000921,E000496
R0000922,E000497
R0000923,E000498
R0000924,E000498
R0000925,E000499
R0000926,E000499
R0000927,E000500
R0000928,E000500
R0000929,E000501
R0000930,E000501
R0000931,E000502
R0000932,E000502
R0000933,E000502
R0000934,E000502
R0000935,E000503
R0000936,E000503
R0000937,E000504
R0000938,E000505
R0000939,E000505
R0000940,E000506
R0000941,E000506
R0000942,E000507
R0000943,E000508
R0000944,E000508
R0000945,E000509
R0000946,E000509
R0000947,E000510
R0000948,E000511
R0000949,E000511
R0000950,E000512
R0000951,E000513
R0000952,E000513
R0000953,E000514
R0000954,E000515
R0000955,E000515
R0000956,E000516
R0000957,E000516
R0000958,E000517
R0000959,E000518
R0000960,E000518
R0000961,E000519
R0000962,E000520
R0000963,E000521
R0000964,E000521
R0000965,E000522
R0000966,E000522
R0000967,E000523
R0000968,E000524
R0000969,E000525
R0000970,E000526
R0000971,E000527
R0000972,E000528
R0000973,E000528
R0000974,E000529
R0000975,E000529
R0000976,E000530
R0000977,E000530
R0000978,E000531
R0000979,E000531
R0000980,E000531
R0000981,E000531
R0000982,E000532
R0000983,E000533
R0000984,E000533
R0000985,E000534
R0000986,E000535
R0000987,E000536
R0000988,E000536
R0000989,E000537
R0000990,E000537
R0000991,E000538
R0000992,E000538
R0000993,E000539
R0000994,E000539
R0000995,E000540
R0000996,E000541
R0000997,E000542
R0000998,E000542
R0000999,E000543
R0001000,E000544
R0001001,E000544
R0001002,E000545
R0001003,E000545
R0001004,E000545
R0001005,E000545
R0001006,E000546
R0001007,E000546
R0001008,E000547
R0001009,E000547
R0001010,E000548
R0001011,E000548
R0001012,E000549
R0001013,E000550
R0001014,E000550
R0001015,E000550
R0001016,E000551
R0001017,E000552
R0001018,E000552
R0001019,E000553
R0001020,E000553
R0001021,E000554
R0001022,E000554
R0001023,E000555
R0001024,E000556
R0001025,E000556
R0001026,E000557
R0001027,E000558
R0001028,E000559
R0001029,E000559
R0001030,E000560
R0001031,E000560
R0001032,E000561
R0001033,E000561
R0001034,E000562
R0001035,E000562
R0001036,E000562
R0001037,E000562
R0001038,E000563
R0001039,E000564
R0001040,E000565
R0001041,E000565
R0001042,E000566
R0001043,E000566
R0001044,E000567
R0001045,E000567
R0001046,E000568
R0001047,E000568
R0001048,E000569
R0001049,E000570
R0001050,E000571
R0001051,E000571
R0001052,E000572
R0001053,E000572
R0001054,E000573
R0001055,E000573
R0001056,E000574
R0001057,E000574
R0001058,E000574
R0001059,E000575
R0001060,E000576
R0001061,E000577
R0001062,E000577
R0001063,E000577
R0001064,E000578
R0001065,E000579
R0001066,E000580
R0001067,E000581
R0001068,E000582
R0001069,E000582
R0001070,E000583
R0001071,E000583
R0001072,E000584
R0001073,E000585
R0001074,E000585
R0001075,E000586
R0001076,E000587
R0001077,E000587
R0001078,E000587
R0001079,E000587
R0001080,E000588
R0001081,E000589
R0001082,E000589
R0001083,E000590
R0001084,E000591
R0001085,E000591
R0001086,E000592
R0001087,E000592
R0001088,E000593
R0001089,E000594
R0001090,E000595
R0001091,E000595
R0001092,E000595
R0001093,E000595
R0001094,E000596
R0001095,E000596
R0001096,E000597
R0001097,E000597
R0001098,E000598
R0001099,E000598
R0001100,E000599
R0001101,E000600
R0001102,E000600
R0001103,E000601
R0001104,E000602
R0001105,E000603
R0001106,E000604
R0001107,E000605
R0001108,E000605
R0001109,E000606
R0001110,E000606
R0001111,E000606
R0001112,E000607
R0001113,E000607
R0001114,E000608
R0001115,E000608
R0001116,E000609
R0001117,E000609
R0001118,E000610
R0001119,E000610
R0001120,E000610
R0001121,E000610
R0001122,E000611
R0001123,E000612
R0001124,E000613
R0001125,E000614
R0001126,E000614
R0001127,E000614
R0001128,E000614
R0001129,E000615
R0001130,E000616
R0001131,E000616
R0001132,E000617
R0001133,E000617
R0001134,E000617
R0001135,E000618
R0001136,E000619
R0001137,E000619
R0001138,E000620
R0001139,E000620
R0001140,E000621
R0001141,E000622
R0001142,E000622
R0001143,E000623
R0001144,E000623
R0001145,E000624
R0001146,E000624
R0001147,E000625
R0001148,E000625
R0001149,E000626
R0001150,E000626
R0001151,E000627
R0001152,E000628
R0001153,E000629
R0001154,E000629
R0001155,E000630
R0001156,E000630
R0001157,E000630
R0001158,E000630
R0001159,E000631
R0001160,E000632
R0001161,E000632
R0001162,E000633
R0001163,E000633
R0001164,E000634
R0001165,E000635
R0001166,E000635
R0001167,E000636
R0001168,E000636
R0001169,E000637
R0001170,E000637
R0001171,E000637
R0001172,E000638
R0001173,E000638
R0001174,E000638
R0001175,E000639
R0001176,E000639
R0001177,E000640
R0001178,E000640
R0001179,E000641
R0001180,E000642
R0001181,E000643
R0001182,E000643
R0001183,E000643
R0001184,E000644
R0001185,E000644
R0001186,E000645
R0001187,E000646
R0001188,E000647
R0001189,E000648
R0001190,E000649
R0001191,E000650
R0001192,E000651
R0001193,E000651
R0001194,E000651
R0001195,E000652
R0001196,E000652
R0001197,E000653
R0001198,E000654
R0001199,E000654
R0001200,E000655
R0001201,E000655
R0001202,E000655
R0001203,E000656
R0001204,E000657
R0001205,E000657
R0001206,E000658
R0001207,E000658
R0001208,E000658
R0001209,E000659
R0001210,E000660
R0001211,E000661
R0001212,E000662
R0001213,E000662
R0001214,E000663
R0001215,E000664
R0001216,E000664
R0001217,E000664
R0001218,E000665
R0001219,E000665
R0001220,E000666
R0001221,E000666
R0001222,E000667
R0001223,E000667
R0001224,E000668
R0001225,E000668
R0001226,E000669
R0001227,E000669
R0001228,E000669
R0001229,E000669
R0001230,E000670
R0001231,E000671
R0001232,E000671
R0001233,E000671
R0001234,E000672
R0001235,E000673
R0001236,E000673
R0001237,E000674
R0001238,E000674
R0001239,E000675
R0001240,E000675
R0001241,E000676
R0001242,E000676
R0001243,E000677
R0001244,E000678
R0001245,E000678
R0001246,E000678
R0001247,E000679
R0001248,E000680
R0001249,E000680
R0001250,E000681
R0001251,E000681
R0001252,E000682
R0001253,E000683
R0001254,E000683
R0001255,E000684
R0001256,E000685
R0001257,E000685
R0001258,E000686
R0001259,E000686
R0001260,E000687
R0001261,E000687
R0001262,E000687
R0001263,E000688
R0001264,E000689
R0001265,E000689
R0001266,E000690
R0001267,E000691
R0001268,E000692
R0001269,E000692
R0001270,E000693
R0001271,E000693
R0001272,E000694
R0001273,E000694
R0001274,E000695
R0001275,E000695
R0001276,E000696
R0001277,E000696
R0001278,E000697
R0001279,E000697
R0001280,E000698
R0001281,E000699
R0001282,E000699
R0001283,E000700
R0001284,E000700
R0001285,E000701
R0001286,E000702
R0001287,E000703
R0001288,E000703
R0001289,E000704
R0001290,E000704
R0001291,E000705
R0001292,E000706
R0001293,E000706
R0001294,E000707
R0001295,E000707
R0001296,E000708
R0001297,E000709
R0001298,E000709
R0001299,E000710
R0001300,E000711
R0001301,E000711
R0001302,E000712
R0001303,E000713
R0001304,E000713
R0001305,E000714
R0001306,E000714
R0001307,E000715
R0001308,E000715
R0001309,E000716
R0001310,E000716
R0001311,E000717
R0001312,E000717
R0001313,E000718
R0001314,E000719
R0001315,E000719
R0001316,E000720
R0001317,E000720
R0001318,E000720
R0001319,E000720
R0001320,E000721
R0001321,E000721
R0001322,E000722
R0001323,E000722
R0001324,E000722
R0001325,E000723
R0001326,E000723
R0001327,E000724
R0001328,E000724
R0001329,E000725
R0001330,E000726
R0001331,E000726
R0001332,E000727
R0001333,E000727
R0001334,E000727
R0001335,E000728
R0001336,E000728
R0001337,E000728
R0001338,E000728
R0001339,E000729
R0001340,E000730
R0001341,E000730
R0001342,E000731
R0001343,E000731
R0001344,E000732
R0001345,E000732
R0001346,E000733
R0001347,E000734
R0001348,E000734
R0001349,E000735
R0001350,E000735
R0001351,E000735
R0001352,E000736
R0001353,E000736
R0001354,E000736
R0001355,E000736
R0001356,E000737
R0001357,E000737
R0001358,E000738
R0001359,E000738
R0001360,E000739
R0001361,E000739
R0001362,E000740
R0001363,E000740
R0001364,E000741
R0001365,E000741
R0001366,E000741
R0001367,E000742
R0001368,E000743
R0001369,E000743
R0001370,E000743
R0001371,E000744
R0001372,E000745
R0001373,E000745
R0001374,E000746
R0001375,E000746
R0001376,E000747
R0001377,E000747
R0001378,E000747
R0001379,E000748
R0001380,E000748
R0001381,E000749
R0001382,E000749
R0001383,E000750
R0001384,E000750
R0001385,E000751
R0001386,E000752
R0001387,E000752
R0001388,E000753
R0001389,E000753
R0001390,E000754
R0001391,E000754
R0001392,E000755
R0001393,E000755
R0001394,E000756
R0001395,E000757
R0001396,E000757
R0001397,E000758
R0001398,E000758
R0001399,E000759
R0001400,E000759
R0001401,E000760
R0001402,E000761
R0001403,E000762
R0001404,E000762
R0001405,E000763
R0001406,E000763
R0001407,E000764
R0001408,E000764
R0001409,E000765
R0001410,E000765
R0001411,E000766
R0001412,E000766
R0001413,E000767
R0001414,E000767
R0001415,E000768
R0001416,E000769
R0001417,E000769
R0001418,E000770
R0001419,E000771
R0001420,E000771
R0001421,E000772
R0001422,E000773
R0001423,E000773
R0001424,E000774
R0001425,E000774
R0001426,E000775
R0001427,E000775
R0001428,E000775
R0001429,E000776
R0001430,E000776
R0001431,E000777
R0001432,E000777
R0001433,E000778
R0001434,E000779
R0001435,E000779
R0001436,E000780
R0001437,E000780
R0001438,E000780
R0001439,E000781
R0001440,E000782
R0001441,E000782
R0001442,E000782
R0001443,E000782
R0001444,E000783
R0001445,E000783
R0001446,E000784
R0001447,E000784
R0001448,E000785
R0001449,E000785
R0001450,E000786
R0001451,E000786
R0001452,E000787
R0001453,E000788
R0001454,E000789
R0001455,E000789
R0001456,E000790
R0001457,E000791
R0001458,E000792
R0001459,E000792
R0001460,E000793
R0001461,E000794
R0001462,E000795
R0001463,E000795
R0001464,E000796
R0001465,E000797
R0001466,E000798
R0001467,E000798
R0001468,E000799
R0001469,E000799
R0001470,E000800
R0001471,E000800
R0001472,E000801
R0001473,E000802
R0001474,E000802
R0001475,E000803
R0001476,E000804
R0001477,E000804
R0001478,E000805
R0001479,E000805
R0001480,E000806
R0001481,E000807
R0001482,E000808
R0001483,E000808
R0001484,E000809
R0001485,E000810
R0001486,E000810
R0001487,E000811
R0001488,E000811
R0001489,E000812
R0001490,E000812
R0001491,E000812
R0001492,E000813
R0001493,E000813
R0001494,E000813
R0001495,E000814
R0001496,E000815
R0001497,E000816
R0001498,E000817
R0001499,E000817
R0001500,E000818
R0001501,E000818
R0001502,E000819
R0001503,E000819
R0001504,E000820
R0001505,E000821
R0001506,E000822
R0001507,E000822
R0001508,E000823
R0001509,E000824
R0001510,E000825
R0001511,E000826
R0001512,E000826
R0001513,E000827
R0001514,E000828
R0001515,E000829
R0001516,E000829
R0001517,E000830
R0001518,E000831
R0001519,E000832
R0001520,E000833
R0001521,E000833
R0001522,E000834
R0001523,E000834
R0001524,E000834
R0001525,E000834
R0001526,E000835
R0001527,E000835
R0001528,E000836
R0001529,E000836
R0001530,E000837
R0001531,E000838
R0001532,E000838
R0001533,E000839
R0001534,E000840
R0001535,E000840
R0001536,E000841
R0001537,E000841
R0001538,E000841
R0001539,E000841
R0001540,E000842
R0001541,E000842
R0001542,E000843
R0001543,E000843
R0001544,E000844
R0001545,E000844
R0001546,E000845
R0001547,E000846
R0001548,E000846
R0001549,E000847
R0001550,E000847
R0001551,E000848
R0001552,E000848
R0001553,E000849
R0001554,E000849
R0001555,E000850
R0001556,E000850
R0001557,E000851
R0001558,E000852
R0001559,E000852
R0001560,E000852
R0001561,E000853
R0001562,E000854
R0001563,E000854
R0001564,E000855
R0001565,E000856
R0001566,E000857
R0001567,E000857
R0001568,E000858
R0001569,E000859
R0001570,E000860
R0001571,E000860
R0001572,E000861
R0001573,E000862
R0001574,E000863
R0001575,E000864
R0001576,E000864
R0001577,E000864
R0001578,E000865
R0001579,E000865
R0001580,E000865
R0001581,E000866
R0001582,E000866
R0001583,E000867
R0001584,E000867
R0001585,E000868
R0001586,E000869
R0001587,E000869
R0001588,E000869
R0001589,E000869
R0001590,E000870
R0001591,E000870
R0001592,E000871
R0001593,E000872
R0001594,E000873
R0001595,E000874
R0001596,E000874
R0001597,E000874
R0001598,E000874
R0001599,E000875
R0001600,E000876
R0001601,E000876
R0001602,E000876
R0001603,E000877
R0001604,E000877
R0001605,E000878
R0001606,E000879
R0001607,E000879
R0001608,E000879
R0001609,E000880
R0001610,E000880
R0001611,E000881
R0001612,E000882
R0001613,E000882
R0001614,E000883
R0001615,E000883
R0001616,E000883
R0001617,E000883
R0001618,E000884
R0001619,E000884
R0001620,E000885
R0001621,E000886
R0001622,E000886
R0001623,E000887
R0001624,E000888
R0001625,E000889
R0001626,E000889
R0001627,E000890
R0001628,E000890
R0001629,E000891
R0001630,E000891
R0001631,E000892
R0001632,E000892
R0001633,E000892
R0001634,E000892
R0001635,E000893
R0001636,E000893
R0001637,E000894
R0001638,E000894
R0001639,E000895
R0001640,E000896
R0001641,E000896
R0001642,E000896
R0001643,E000897
R0001644,E000898
R0001645,E000899
R0001646,E000899
R0001647,E000899
R0001648,E000900
R0001649,E000900
R0001650,E000901
R0001651,E000901
R0001652,E000902
R0001653,E000902
R0001654,E000903
R0001655,E000904
R0001656,E000904
R0001657,E000904
R0001658,E000904
R0001659,E000905
R0001660,E000905
R0001661,E000906
R0001662,E000906
R0001663,E000907
R0001664,E000907
R0001665,E000908
R0001666,E000908
R0001667,E000909
R0001668,E000910
R0001669,E000911
R0001670,E000911
R0001671,E000912
R0001672,E000912
R0001673,E000913
R0001674,E000914
R0001675,E000915
R0001676,E000915
R0001677,E000916
R0001678,E000917
R0001679,E000918
R0001680,E000918
R0001681,E000919
R0001682,E000919
R0001683,E000919
R0001684,E000919
R0001685,E000920
R0001686,E000920
R0001687,E000921
R0001688,E000922
R0001689,E000923
R0001690,E000923
R0001691,E000924
R0001692,E000924
R0001693,E000925
R0001694,E000925
R0001695,E000925
R0001696,E000926
R0001697,E000926
R0001698,E000927
R0001699,E000927
R0001700,E000928
R0001701,E000929
R0001702,E000930
R0001703,E000931
R0001704,E000931
R0001705,E000932
R0001706,E000933
R0001707,E000933
R0001708,E000933
R0001709,E000934
R0001710,E000934
R0001711,E000935
R0001712,E000935
R0001713,E000936
R0001714,E000937
R0001715,E000937
R0001716,E000938
R0001717,E000938
R0001718,E000939
R0001719,E000939
R0001720,E000940
R0001721,E000941
R0001722,E000941
R0001723,E000942
R0001724,E000943
R0001725,E000943
R0001726,E000944
R0001727,E000944
R0001728,E000945
R0001729,E000945
R0001730,E000946
R0001731,E000946
R0001732,E000947
R0001733,E000948
R0001734,E000948
R0001735,E000949
R0001736,E000950
R0001737,E000950
R0001738,E000950
R0001739,E000950
R0001740,E000951
R0001741,E000952
R0001742,E000953
R0001743,E000953
R0001744,E000953
R0001745,E000954
R0001746,E000955
R0001747,E000955
R0001748,E000956
R0001749,E000956
R0001750,E000957
R0001751,E000958
R0001752,E000958
R0001753,E000959
R0001754,E000959
R0001755,E000960
R0001756,E000961
R0001757,E000961
R0001758,E000961
R0001759,E000962
R0001760,E000962
R0001761,E000962
R0001762,E000962
R0001763,E000963
R0001764,E000964
R0001765,E000964
R0001766,E000965
R0001767,E000966
R0001768,E000966
R0001769,E000967
R0001770,E000968
R0001771,E000968
R0001772,E000968
R0001773,E000969
R0001774,E000969
R0001775,E000970
R0001776,E000970
R0001777,E000970
R0001778,E000971
R0001779,E000972
R0001780,E000972
R0001781,E000972
R0001782,E000973
R0001783,E000973
R0001784,E000973
R0001785,E000973
R0001786,E000974
R0001787,E000974
R0001788,E000974
R0001789,E000975
R0001790,E000975
R0001791,E000976
R0001792,E000976
R0001793,E000977
R0001794,E000977
R0001795,E000978
R0001796,E000978
R0001797,E000979
R0001798,E000980
R0001799,E000980
R0001800,E000981
R0001801,E000981
R0001802,E000982
R0001803,E000982
R0001804,E000983
R0001805,E000983
R0001806,E000984
R0001807,E000984
R0001808,E000985
R0001809,E000985
R0001810,E000986
R0001811,E000987
R0001812,E000987
R0001813,E000987
R0001814,E000987
R0001815,E000988
R0001816,E000989
R0001817,E000989
R0001818,E000990
R0001819,E000990
R0001820,E000991
R0001821,E000991
R0001822,E000991
R0001823,E000991
R0001824,E000992
R0001825,E000992
R0001826,E000993
R0001827,E000993
R0001828,E000994
R0001829,E000995
R0001830,E000995
R0001831,E000996
R0001832,E000997
R0001833,E000998
R0001834,E000999
R0001835,E000999
R0001836,E000999
R0001837,E001000
R0001838,E001000
R0001839,E001000
R0001840,E001000
R0001841,E001001
R0001842,E001001
R0001843,E001002
R0001844,E001002
R0001845,E001003
R0001846,E001004
R0001847,E001004
R0001848,E001005
R0001849,E001006
R0001850,E001006
R0001851,E001007
R0001852,E001008
R0001853,E001009
R0001854,E001010
R0001855,E001010
R0001856,E001010
R0001857,E001011
R0001858,E001012
R0001859,E001012
R0001860,E001013
R0001861,E001013
R0001862,E001013
R0001863,E001014
R0001864,E001015
R0001865,E001015
R0001866,E001016
R0001867,E001017
R0001868,E001017
R0001869,E001017
R0001870,E001018
R0001871,E001019
R0001872,E001019
R0001873,E001020
R0001874,E001021
R0001875,E001022
R0001876,E001022
R0001877,E001023
R0001878,E001023
R0001879,E001024
R0001880,E001025
R0001881,E001026
R0001882,E001026
R0001883,E001027
R0001884,E001028
R0001885,E001028
R0001886,E001029
R0001887,E001029
R0001888,E001029
R0001889,E001029
R0001890,E001030
R0001891,E001030
R0001892,E001031
R0001893,E001031
R0001894,E001031
R0001895,E001031
R0001896,E001032
R0001897,E001032
R0001898,E001033
R0001899,E001033
R0001900,E001033
R0001901,E001033
R0001902,E001034
R0001903,E001035
R0001904,E001035
R0001905,E001036
R0001906,E001037
R0001907,E001037
R0001908,E001038
R0001909,E001038
R0001910,E001039
R0001911,E001039
R0001912,E001040
R0001913,E001040
R0001914,E001040
R0001915,E001040
R0001916,E001041
R0001917,E001041
R0001918,E001042
R0001919,E001043
R0001920,E001043
R0001921,E001044
R0001922,E001045
R0001923,E001045
R0001924,E001046
R0001925,E001046
R0001926,E001047
R0001927,E001048
R0001928,E001048
R0001929,E001048
R0001930,E001049
R0001931,E001049
R0001932,E001050
R0001933,E001050
R0001934,E001051
R0001935,E001051
R0001936,E001052
R0001937,E001053
R0001938,E001053
R0001939,E001054
R0001940,E001054
R0001941,E001054
R0001942,E001055
R0001943,E001055
R0001944,E001056
R0001945,E001056
R0001946,E001057
R0001947,E001058
R0001948,E001059
R0001949,E001060
R0001950,E001060
R0001951,E001060
R0001952,E001061
R0001953,E001062
R0001954,E001062
R0001955,E001063
R0001956,E001064
R0001957,E001065
R0001958,E001065
R0001959,E001065
R0001960,E001066
R0001961,E001066
R0001962,E001066
R0001963,E001066
R0001964,E001067
R0001965,E001068
R0001966,E001069
R0001967,E001069
R0001968,E001070
R0001969,E001070
R0001970,E001070
R0001971,E001071
R0001972,E001071
R0001973,E001072
R0001974,E001072
R0001975,E001073
R0001976,E001073
R0001977,E001074
R0001978,E001074
R0001979,E001075
R0001980,E001075
R0001981,E001076
R0001982,E001077
R0001983,E001077
R0001984,E001077
R0001985,E001078
R0001986,E001078
R0001987,E001078
R0001988,E001079
R0001989,E001079
R0001990,E001080
R0001991,E001080
R0001992,E001081
R0001993,E001081
R0001994,E001081
R0001995,E001082
R0001996,E001082
R0001997,E001083
R0001998,E001083
R0001999,E001084
R0002000,E001084
R0002001,E001085
R0002002,E001085
R0002003,E001086
R0002004,E001086
R0002005,E001087
R0002006,E001088
R0002007,E001088
R0002008,E001089
R0002009,E001089
R0002010,E001090
R0002011,E001091
R0002012,E001091
R0002013,E001092
R0002014,E001093
R0002015,E001093
R0002016,E001094
R0002017,E001095
R0002018,E001095
R0002019,E001096
R0002020,E001096
R0002021,E001097
R0002022,E001097
R0002023,E001097
R0002024,E001097
R0002025,E001098
R0002026,E001099
R0002027,E001099
R0002028,E001100
R0002029,E001101
R0002030,E001102
R0002031,E001102
R0002032,E001103
R0002033,E001104
R0002034,E001104
R0002035,E001105
R0002036,E001105
R0002037,E001105
R0002038,E001106
R0002039,E001106
R0002040,E001107
R0002041,E001107
R0002042,E001108
R0002043,E001109
R0002044,E001110
R0002045,E001110
R0002046,E001111
R0002047,E001111
R0002048,E001111
R0002049,E001111
R0002050,E001112
R0002051,E001113
R0002052,E001113
R0002053,E001114
R0002054,E001114
R0002055,E001115
R0002056,E001116
R0002057,E001116
R0002058,E001117
R0002059,E001117
R0002060,E001118
R0002061,E001119
R0002062,E001120
R0002063,E001120
R0002064,E001121
R0002065,E001121
R0002066,E001122
R0002067,E001122
R0002068,E001123
R0002069,E001123
R0002070,E001124
R0002071,E001125
R0002072,E001126
R0002073,E001126
R0002074,E001126
R0002075,E001127
R0002076,E001127
R0002077,E001128
R0002078,E001128
R0002079,E001128
R0002080,E001128
R0002081,E001129
R0002082,E001130
R0002083,E001131
R0002084,E001131
R0002085,E001132
R0002086,E001132
R0002087,E001132
R0002088,E001133
R0002089,E001134
R0002090,E001135
R0002091,E001135
R0002092,E001136
R0002093,E001136
R0002094,E001137
R0002095,E001138
R0002096,E001139
R0002097,E001139
R0002098,E001140
R0002099,E001140
R0002100,E001141
R0002101,E001142
R0002102,E001142
R0002103,E001143
R0002104,E001143
R0002105,E001144
R0002106,E001144
R0002107,E001145
R0002108,E001145
R0002109,E001145
R0002110,E001145
R0002111,E001146
R0002112,E001146
R0002113,E001147
R0002114,E001148
R0002115,E001149
R0002116,E001149
R0002117,E001149
R0002118,E001149
R0002119,E001150
R0002120,E001150
R0002121,E001151
R0002122,E001151
R0002123,E001152
R0002124,E001152
R0002125,E001153
R0002126,E001153
R0002127,E001154
R0002128,E001154
R0002129,E001154
R0002130,E001154
R0002131,E001155
R0002132,E001156
R0002133,E001156
R0002134,E001157
R0002135,E001157
R0002136,E001158
R0002137,E001158
R0002138,E001158
R0002139,E001158
R0002140,E001159
R0002141,E001159
R0002142,E001160
R0002143,E001160
R0002144,E001161
R0002145,E001162
R0002146,E001162
R0002147,E001163
R0002148,E001164
R0002149,E001164
R0002150,E001165
R0002151,E001166
R0002152,E001167
R0002153,E001167
R0002154,E001168
R0002155,E001168
R0002156,E001169
R0002157,E001169
R0002158,E001170
R0002159,E001170
R0002160,E001171
R0002161,E001171
R0002162,E001171
R0002163,E001172
R0002164,E001173
R0002165,E001173
R0002166,E001173
R0002167,E001173
R0002168,E001174
R0002169,E001174
R0002170,E001175
R0002171,E001176
R0002172,E001177
R0002173,E001178
R0002174,E001178
R0002175,E001179
R0002176,E001179
R0002177,E001180
R0002178,E001180
R0002179,E001181
R0002180,E001181
R0002181,E001182
R0002182,E001182
R0002183,E001183
R0002184,E001184
R0002185,E001184
R0002186,E001185
R0002187,E001185
R0002188,E001185
R0002189,E001186
R0002190,E001186
R0002191,E001187
R0002192,E001187
R0002193,E001187
R0002194,E001188
R0002195,E001189
R0002196,E001189
R0002197,E001189
R0002198,E001189
R0002199,E001190
R0002200,E001190
R0002201,E001191
R0002202,E001192
R0002203,E001192
R0002204,E001193
R0002205,E001193
R0002206,E001194
R0002207,E001194
R0002208,E001194
R0002209,E001195
R0002210,E001195
R0002211,E001196
R0002212,E001196
R0002213,E001196
R0002214,E001196
R0002215,E001197
R0002216,E001197
R0002217,E001198
R0002218,E001198
R0002219,E001199
R0002220,E001199
R0002221,E001200
R0002222,E001201
R0002223,E001202
R0002224,E001203
R0002225,E001203
R0002226,E001204
R0002227,E001205
R0002228,E001205
R0002229,E001206
R0002230,E001207
R0002231,E001207
R0002232,E001208
R0002233,E001208
R0002234,E001209
R0002235,E001209
R0002236,E001210
R0002237,E001210
R0002238,E001210
R0002239,E001211
R0002240,E001211
R0002241,E001212
R0002242,E001213
R0002243,E001213
R0002244,E001214
R0002245,E001214
R0002246,E001215
R0002247,E001215
R0002248,E001216
R0002249,E001216
R0002250,E001217
R0002251,E001218
R0002252,E001219
R0002253,E001219
R0002254,E001220
R0002255,E001221
R0002256,E001222
R0002257,E001223
R0002258,E001223
R0002259,E001224
R0002260,E001225
R0002261,E001226
R0002262,E001226
R0002263,E001227
R0002264,E001228
R0002265,E001229
R0002266,E001230
R0002267,E001230
R0002268,E001231
R0002269,E001231
R0002270,E001232
R0002271,E001233
R0002272,E001233
R0002273,E001233
R0002274,E001233
R0002275,E001234
R0002276,E001235
R0002277,E001235
R0002278,E001236
R0002279,E001237
R0002280,E001237
R0002281,E001238
R0002282,E001238
R0002283,E001238
R0002284,E001239
R0002285,E001239
R0002286,E001240
R0002287,E001240
R0002288,E001241
R0002289,E001241
R0002290,E001241
R0002291,E001242
R0002292,E001242
R0002293,E001243
R0002294,E001244
R0002295,E001245
R0002296,E001245
R0002297,E001246
R0002298,E001246
R0002299,E001247
R0002300,E001248
R0002301,E001248
R0002302,E001249
R0002303,E001249
R0002304,E001250
R0002305,E001251
R0002306,E001251
R0002307,E001252
R0002308,E001252
R0002309,E001253
R0002310,E001253
R0002311,E001254
R0002312,E001255
R0002313,E001256
R0002314,E001256
R0002315,E001257
R0002316,E001257
R0002317,E001258
R0002318,E001258
R0002319,E001259
R0002320,E001259
R0002321,E001259
R0002322,E001260
R0002323,E001261
R0002324,E001262
R0002325,E001262
R0002326,E001262
R0002327,E001262
R0002328,E001263
R0002329,E001263
R0002330,E001264
R0002331,E001264
R0002332,E001264
R0002333,E001265
R0002334,E001265
R0002335,E001266
R0002336,E001267
R0002337,E001268
R0002338,E001268
R0002339,E001269
R0002340,E001269
R0002341,E001270
R0002342,E001270
R0002343,E001270
R0002344,E001271
R0002345,E001272
R0002346,E001272
R0002347,E001273
R0002348,E001273
R0002349,E001274
R0002350,E001275
R0002351,E001275
R0002352,E001276
R0002353,E001276
R0002354,E001276
R0002355,E001276
R0002356,E001277
R0002357,E001278
R0002358,E001278
R0002359,E001278
R0002360,E001278
R0002361,E001279
R0002362,E001279
R0002363,E001279
R0002364,E001280
R0002365,E001280
R0002366,E001281
R0002367,E001281
R0002368,E001281
R0002369,E001282
R0002370,E001283
R0002371,E001284
R0002372,E001284
R0002373,E001285
R0002374,E001286
R0002375,E001287
R0002376,E001287
R0002377,E001288
R0002378,E001289
R0002379,E001290
R0002380,E001290
R0002381,E001291
R0002382,E001291
R0002383,E001292
R0002384,E001292
R0002385,E001293
R0002386,E001293
R0002387,E001294
R0002388,E001294
R0002389,E001295
R0002390,E001295
R0002391,E001296
R0002392,E001296
R0002393,E001297
R0002394,E001298
R0002395,E001298
R0002396,E001299
R0002397,E001300
R0002398,E001300
R0002399,E001301
R0002400,E001301
R0002401,E001302
R0002402,E001302
R0002403,E001303
R0002404,E001304
R0002405,E001304
R0002406,E001305
R0002407,E001306
R0002408,E001306
R0002409,E001307
R0002410,E001308
R0002411,E001309
R0002412,E001309
R0002413,E001309
R0002414,E001309
R0002415,E001310
R0002416,E001310
R0002417,E001311
R0002418,E001312
R0002419,E001312
R0002420,E001313
R0002421,E001313
R0002422,E001314
R0002423,E001314
R0002424,E001314
R0002425,E001315
R0002426,E001315
R0002427,E001316
R0002428,E001317
R0002429,E001318
R0002430,E001318
R0002431,E001319
R0002432,E001319
R0002433,E001320
R0002434,E001320
R0002435,E001320
R0002436,E001321
R0002437,E001321
R0002438,E001322
R0002439,E001322
R0002440,E001323
R0002441,E001323
R0002442,E001324
R0002443,E001325
R0002444,E001326
R0002445,E001327
R0002446,E001327
R0002447,E001327
R0002448,E001328
R0002449,E001328
R0002450,E001329
R0002451,E001329
R0002452,E001330
R0002453,E001330
R0002454,E001331
R0002455,E001331
R0002456,E001332
R0002457,E001332
R0002458,E001333
R0002459,E001334
R0002460,E001334
R0002461,E001335
R0002462,E001335
R0002463,E001336
R0002464,E001336
R0002465,E001337
R0002466,E001337
R0002467,E001338
R0002468,E001338
R0002469,E001339
R0002470,E001340
R0002471,E001340
R0002472,E001341
R0002473,E001342
R0002474,E001342
R0002475,E001343
R0002476,E001343
R0002477,E001344
R0002478,E001344
R0002479,E001345
R0002480,E001345
R0002481,E001345
R0002482,E001345
R0002483,E001346
R0002484,E001346
R0002485,E001347
R0002486,E001348
R0002487,E001348
R0002488,E001349
R0002489,E001350
R0002490,E001350
R0002491,E001351
R0002492,E001351
R0002493,E001352
R0002494,E001352
R0002495,E001353
R0002496,E001354
R0002497,E001355
R0002498,E001355
R0002499,E001356
R0002500,E001356
R0002501,E001357
R0002502,E001357
R0002503,E001358
R0002504,E001358
R0002505,E001359
R0002506,E001359
R0002507,E001360
R0002508,E001361
R0002509,E001361
R0002510,E001362
R0002511,E001363
R0002512,E001363
R0002513,E001364
R0002514,E001364
R0002515,E001365
R0002516,E001366
R0002517,E001366
R0002518,E001366
R0002519,E001367
R0002520,E001367
R0002521,E001368
R0002522,E001369
R0002523,E001369
R0002524,E001370
R0002525,E001371
R0002526,E001372
R0002527,E001372
R0002528,E001373
R0002529,E001374
R0002530,E001375
R0002531,E001376
R0002532,E001376
R0002533,E001377
R0002534,E001377
R0002535,E001378
R0002536,E001379
R0002537,E001379
R0002538,E001379
R0002539,E001380
R0002540,E001380
R0002541,E001381
R0002542,E001381
R0002543,E001382
R0002544,E001383
R0002545,E001384
R0002546,E001384
R0002547,E001385
R0002548,E001385
R0002549,E001386
R0002550,E001386
R0002551,E001386
R0002552,E001387
R0002553,E001387
R0002554,E001388
R0002555,E001389
R0002556,E001390
R0002557,E001390
R0002558,E001391
R0002559,E001391
R0002560,E001392
R0002561,E001393
R0002562,E001393
R0002563,E001393
R0002564,E001393
R0002565,E001394
R0002566,E001394
R0002567,E001395
R0002568,E001395
R0002569,E001396
R0002570,E001396
R0002571,E001397
R0002572,E001398
R0002573,E001398
R0002574,E001398
R0002575,E001398
R0002576,E001399
R0002577,E001400
R0002578,E001401
R0002579,E001402
R0002580,E001403
R0002581,E001403
R0002582,E001404
R0002583,E001405
R0002584,E001406
R0002585,E001407
R0002586,E001408
R0002587,E001409
R0002588,E001410
R0002589,E001411
R0002590,E001412
R0002591,E001412
R0002592,E001413
R0002593,E001413
R0002594,E001414
R0002595,E001415
R0002596,E001415
R0002597,E001415
R0002598,E001415
R0002599,E001416
R0002600,E001417
R0002601,E001418
R0002602,E001419
R0002603,E001419
R0002604,E001420
R0002605,E001420
R0002606,E001421
R0002607,E001421
R0002608,E001422
R0002609,E001423
R0002610,E001423
R0002611,E001424
R0002612,E001424
R0002613,E001424
R0002614,E001425
R0002615,E001426
R0002616,E001426
R0002617,E001427
R0002618,E001427
R0002619,E001428
R0002620,E001429
R0002621,E001429
R0002622,E001430
R0002623,E001430
R0002624,E001430
R0002625,E001431
R0002626,E001431
R0002627,E001432
R0002628,E001432
R0002629,E001432
R0002630,E001432
R0002631,E001433
R0002632,E001434
R0002633,E001435
R0002634,E001435
R0002635,E001436
R0002636,E001437
R0002637,E001438
R0002638,E001438
R0002639,E001439
R0002640,E001439
R0002641,E001440
R0002642,E001440
R0002643,E001441
R0002644,E001442
R0002645,E001442
R0002646,E001443
R0002647,E001444
R0002648,E001445
R0002649,E001445
R0002650,E001445
R0002651,E001446
R0002652,E001446
R0002653,E001447
R0002654,E001447
R0002655,E001448
R0002656,E001448
R0002657,E001449
R0002658,E001449
R0002659,E001449
R0002660,E001450
R0002661,E001450
R0002662,E001451
R0002663,E001452
R0002664,E001452
R0002665,E001453
R0002666,E001453
R0002667,E001454
R0002668,E001455
R0002669,E001456
R0002670,E001456
R0002671,E001457
R0002672,E001457
R0002673,E001458
R0002674,E001459
R0002675,E001459
R0002676,E001460
R0002677,E001461
R0002678,E001461
R0002679,E001462
R0002680,E001463
R0002681,E001463
R0002682,E001464
R0002683,E001465
R0002684,E001466
R0002685,E001466
R0002686,E001467
R0002687,E001467
R0002688,E001468
R0002689,E001468
R0002690,E001469
R0002691,E001470
R0002692,E001470
R0002693,E001471
R0002694,E001471
R0002695,E001471
R0002696,E001471
R0002697,E001472
R0002698,E001472
R0002699,E001473
R0002700,E001474
R0002701,E001474
R0002702,E001475
R0002703,E001475
R0002704,E001476
R0002705,E001477
R0002706,E001477
R0002707,E001477
R0002708,E001477
R0002709,E001478
R0002710,E001478
R0002711,E001479
R0002712,E001480
R0002713,E001480
R0002714,E001481
R0002715,E001482
R0002716,E001482
R0002717,E001483
R0002718,E001483
R0002719,E001484
R0002720,E001485
R0002721,E001485
R0002722,E001486
R0002723,E001486
R0002724,E001486
R0002725,E001487
R0002726,E001487
R0002727,E001488
R0002728,E001488
R0002729,E001489
R0002730,E001489
R0002731,E001490
R0002732,E001491
R0002733,E001491
R0002734,E001492
R0002735,E001493
R0002736,E001494
R0002737,E001494
R0002738,E001494
R0002739,E001495
R0002740,E001496
R0002741,E001497
R0002742,E001497
R0002743,E001498
R0002744,E001498
R0002745,E001499
R0002746,E001499
R0002747,E001500
R0002748,E001501
R0002749,E001501
R0002750,E001502
R0002751,E001503
R0002752,E001504
R0002753,E001504
R0002754,E001504
R0002755,E001505
R0002756,E001506
R0002757,E001506
R0002758,E001507
R0002759,E001508
R0002760,E001509
R0002761,E001509
R0002762,E001510
R0002763,E001511
R0002764,E001511
R0002765,E001512
R0002766,E001513
R0002767,E001513
R0002768,E001514
R0002769,E001514
R0002770,E001515
R0002771,E001515
R0002772,E001515
R0002773,E001516
R0002774,E001516
R0002775,E001517
R0002776,E001517
R0002777,E001518
R0002778,E001519
R0002779,E001520
R0002780,E001520
R0002781,E001521
R0002782,E001521
R0002783,E001522
R0002784,E001523
R0002785,E001523
R0002786,E001524
R0002787,E001525
R0002788,E001525
R0002789,E001526
R0002790,E001527
R0002791,E001527
R0002792,E001528
R0002793,E001528
R0002794,E001529
R0002795,E001529
R0002796,E001530
R0002797,E001531
R0002798,E001531
R0002799,E001532
R0002800,E001533
R0002801,E001533
R0002802,E001534
R0002803,E001534
R0002804,E001535
R0002805,E001535
R0002806,E001536
R0002807,E001537
R0002808,E001538
R0002809,E001538
R0002810,E001539
R0002811,E001540
R0002812,E001541
R0002813,E001542
R0002814,E001542
R0002815,E001543
R0002816,E001543
R0002817,E001544
R0002818,E001544
R0002819,E001544
R0002820,E001544
R0002821,E001545
R0002822,E001545
R0002823,E001546
R0002824,E001546
R0002825,E001547
R0002826,E001547
R0002827,E001548
R0002828,E001548
R0002829,E001549
R0002830,E001549
R0002831,E001549
R0002832,E001550
R0002833,E001550
R0002834,E001551
R0002835,E001551
R0002836,E001552
R0002837,E001552
R0002838,E001553
R0002839,E001553
R0002840,E001554
R0002841,E001555
R0002842,E001555
R0002843,E001556
R0002844,E001556
R0002845,E001557
R0002846,E001558
R0002847,E001558
R0002848,E001559
R0002849,E001559
R0002850,E001560
R0002851,E001561
R0002852,E001561
R0002853,E001562
R0002854,E001562
R0002855,E001563
R0002856,E001563
R0002857,E001564
R0002858,E001564
R0002859,E001565
R0002860,E001566
R0002861,E001566
R0002862,E001567
R0002863,E001567
R0002864,E001568
R0002865,E001569
R0002866,E001570
R0002867,E001570
R0002868,E001571
R0002869,E001572
R0002870,E001573
R0002871,E001574
R0002872,E001574
R0002873,E001575
R0002874,E001575
R0002875,E001576
R0002876,E001576
R0002877,E001577
R0002878,E001577
R0002879,E001578
R0002880,E001578
R0002881,E001579
R0002882,E001579
R0002883,E001579
R0002884,E001580
R0002885,E001580
R0002886,E001581
R0002887,E001581
R0002888,E001582
R0002889,E001583
R0002890,E001583
R0002891,E001584
R0002892,E001585
R0002893,E001586
R0002894,E001587
R0002895,E001587
R0002896,E001588
R0002897,E001588
R0002898,E001589
R0002899,E001590
R0002900,E001591
R0002901,E001591
R0002902,E001592
R0002903,E001592
R0002904,E001592
R0002905,E001592
R0002906,E001593
R0002907,E001593
R0002908,E001593
R0002909,E001593
R0002910,E001594
R0002911,E001595
R0002912,E001596
R0002913,E001596
R0002914,E001597
R0002915,E001597
R0002916,E001598
R0002917,E001598
R0002918,E001599
R0002919,E001599
R0002920,E001600
R0002921,E001600
R0002922,E001601
R0002923,E001601
R0002924,E001602
R0002925,E001602
R0002926,E001603
R0002927,E001604
R0002928,E001605
R0002929,E001606
R0002930,E001607
R0002931,E001607
R0002932,E001608
R0002933,E001609
R0002934,E001609
R0002935,E001610
R0002936,E001611
R0002937,E001611
R0002938,E001612
R0002939,E001612
R0002940,E001613
R0002941,E001613
R0002942,E001614
R0002943,E001615
R0002944,E001616
R0002945,E001616
R0002946,E001617
R0002947,E001617
R0002948,E001618
R0002949,E001619
R0002950,E001619
R0002951,E001620
R0002952,E001620
R0002953,E001621
R0002954,E001621
R0002955,E001622
R0002956,E001622
R0002957,E001623
R0002958,E001623
R0002959,E001623
R0002960,E001624
R0002961,E001624
R0002962,E001625
R0002963,E001625
R0002964,E001626
R0002965,E001627
R0002966,E001627
R0002967,E001628
R0002968,E001629
R0002969,E001630
R0002970,E001631
R0002971,E001631
R0002972,E001632
R0002973,E001633
R0002974,E001633
R0002975,E001634
R0002976,E001634
R0002977,E001635
R0002978,E001636
R0002979,E001636
R0002980,E001637
R0002981,E001637
R0002982,E001638
R0002983,E001639
R0002984,E001639
R0002985,E001640
R0002986,E001641
R0002987,E001641
R0002988,E001642
R0002989,E001643
R0002990,E001644
R0002991,E001644
R0002992,E001645
R0002993,E001645
R0002994,E001645
R0002995,E001646
R0002996,E001647
R0002997,E001648
R0002998,E001648
R0002999,E001649
R0003000,E001649
R0003001,E001650
R0003002,E001651
R0003003,E001652
R0003004,E001652
R0003005,E001653
R0003006,E001654
R0003007,E001654
R0003008,E001654
R0003009,E001655
R0003010,E001655
R0003011,E001656
R0003012,E001657
R0003013,E001658
R0003014,E001659
R0003015,E001660
R0003016,E001660
R0003017,E001661
R0003018,E001661
R0003019,E001662
R0003020,E001663
R0003021,E001663
R0003022,E001664
R0003023,E001664
R0003024,E001665
R0003025,E001665
R0003026,E001666
R0003027,E001667
R0003028,E001667
R0003029,E001668
R0003030,E001668
R0003031,E001668
R0003032,E001669
R0003033,E001669
R0003034,E001670
R0003035,E001671
R0003036,E001671
R0003037,E001672
R0003038,E001672
R0003039,E001673
R0003040,E001674
R0003041,E001674
R0003042,E001675
R0003043,E001676
R0003044,E001677
R0003045,E001677
R0003046,E001678
R0003047,E001678
R0003048,E001678
R0003049,E001678
R0003050,E001679
R0003051,E001679
R0003052,E001680
R0003053,E001680
R0003054,E001680
R0003055,E001681
R0003056,E001682
R0003057,E001682
R0003058,E001683
R0003059,E001683
R0003060,E001684
R0003061,E001684
R0003062,E001684
R0003063,E001685
R0003064,E001685
R0003065,E001686
R0003066,E001687
R0003067,E001688
R0003068,E001688
R0003069,E001688
R0003070,E001689
R0003071,E001689
R0003072,E001689
R0003073,E001689
R0003074,E001690
R0003075,E001690
R0003076,E001691
R0003077,E001691
R0003078,E001692
R0003079,E001693
R0003080,E001693
R0003081,E001694
R0003082,E001694
R0003083,E001695
R0003084,E001696
R0003085,E001697
R0003086,E001698
R0003087,E001699
R0003088,E001699
R0003089,E001700
R0003090,E001700
R0003091,E001700
R0003092,E001701
R0003093,E001701
R0003094,E001702
R0003095,E001702
R0003096,E001703
R0003097,E001704
R0003098,E001705
R0003099,E001706
R0003100,E001706
R0003101,E001707
R0003102,E001708
R0003103,E001708
R0003104,E001709
R0003105,E001709
R0003106,E001710
R0003107,E001711
R0003108,E001712
R0003109,E001712
R0003110,E001713
R0003111,E001713
R0003112,E001714
R0003113,E001714
R0003114,E001715
R0003115,E001716
R0003116,E001716
R0003117,E001717
R0003118,E001718
R0003119,E001718
R0003120,E001718
R0003121,E001719
R0003122,E001720
R0003123,E001721
R0003124,E001722
R0003125,E001723
R0003126,E001724
R0003127,E001725
R0003128,E001726
R0003129,E001727
R0003130,E001727
R0003131,E001728
R0003132,E001728
R0003133,E001729
R0003134,E001729
R0003135,E001730
R0003136,E001731
R0003137,E001731
R0003138,E001731
R0003139,E001732
R0003140,E001733
R0003141,E001733
R0003142,E001734
R0003143,E001734
R0003144,E001735
R0003145,E001735
R0003146,E001735
R0003147,E001736
R0003148,E001736
R0003149,E001737
R0003150,E001737
R0003151,E001738
R0003152,E001738
R0003153,E001739
R0003154,E001739
R0003155,E001740
R0003156,E001740
R0003157,E001740
R0003158,E001741
R0003159,E001741
R0003160,E001741
R0003161,E001742
R0003162,E001743
R0003163,E001743
R0003164,E001744
R0003165,E001745
R0003166,E001746
R0003167,E001747
R0003168,E001747
R0003169,E001748
R0003170,E001748
R0003171,E001749
R0003172,E001749
R0003173,E001750
R0003174,E001750
R0003175,E001751
R0003176,E001751
R0003177,E001751
R0003178,E001752
R0003179,E001752
R0003180,E001753
R0003181,E001753
R0003182,E001754
R0003183,E001754
R0003184,E001755
R0003185,E001755
R0003186,E001756
R0003187,E001757
R0003188,E001757
R0003189,E001758
R0003190,E001758
R0003191,E001759
R0003192,E001760
R0003193,E001760
R0003194,E001761
R0003195,E001761
R0003196,E001761
R0003197,E001761
R0003198,E001762
R0003199,E001762
R0003200,E001762
R0003201,E001762
R0003202,E001763
R0003203,E001763
R0003204,E001764
R0003205,E001764
R0003206,E001765
R0003207,E001765
R0003208,E001766
R0003209,E001767
R0003210,E001767
R0003211,E001767
R0003212,E001767
R0003213,E001768
R0003214,E001768
R0003215,E001769
R0003216,E001769
R0003217,E001770
R0003218,E001771
R0003219,E001771
R0003220,E001772
R0003221,E001772
R0003222,E001773
R0003223,E001773
R0003224,E001773
R0003225,E001774
R0003226,E001775
R0003227,E001776
R0003228,E001776
R0003229,E001777
R0003230,E001777
R0003231,E001778
R0003232,E001779
R0003233,E001779
R0003234,E001780
R0003235,E001780
R0003236,E001781
R0003237,E001782
R0003238,E001782
R0003239,E001783
R0003240,E001783
R0003241,E001784
R0003242,E001784
R0003243,E001785
R0003244,E001785
R0003245,E001785
R0003246,E001785
R0003247,E001786
R0003248,E001786
R0003249,E001787
R0003250,E001788
R0003251,E001789
R0003252,E001789
R0003253,E001790
R0003254,E001790
R0003255,E001791
R0003256,E001791
R0003257,E001792
R0003258,E001792
R0003259,E001792
R0003260,E001792
R0003261,E001793
R0003262,E001793
R0003263,E001793
R0003264,E001794
R0003265,E001794
R0003266,E001795
R0003267,E001795
R0003268,E001796
R0003269,E001797
R0003270,E001797
R0003271,E001798
R0003272,E001799
R0003273,E001800
R0003274,E001800
R0003275,E001801
R0003276,E001802
R0003277,E001803
R0003278,E001803
R0003279,E001804
R0003280,E001804
R0003281,E001804
R0003282,E001805
R0003283,E001805
R0003284,E001805
R0003285,E001806
R0003286,E001807
R0003287,E001808
R0003288,E001808
R0003289,E001809
R0003290,E001809
R0003291,E001810
R0003292,E001811
R0003293,E001812
R0003294,E001813
R0003295,E001813
R0003296,E001814
R0003297,E001815
R0003298,E001815
R0003299,E001816
R0003300,E001817
R0003301,E001818
R0003302,E001818
R0003303,E001819
R0003304,E001819
R0003305,E001820
R0003306,E001820
R0003307,E001821
R0003308,E001821
R0003309,E001821
R0003310,E001821
R0003311,E001822
R0003312,E001823
R0003313,E001823
R0003314,E001824
R0003315,E001824
R0003316,E001825
R0003317,E001826
R0003318,E001826
R0003319,E001827
R0003320,E001827
R0003321,E001827
R0003322,E001827
R0003323,E001828
R0003324,E001828
R0003325,E001829
R0003326,E001830
R0003327,E001830
R0003328,E001831
R0003329,E001832
R0003330,E001832
R0003331,E001833
R0003332,E001834
R0003333,E001835
R0003334,E001835
R0003335,E001836
R0003336,E001837
R0003337,E001837
R0003338,E001838
R0003339,E001838
R0003340,E001839
R0003341,E001839
R0003342,E001840
R0003343,E001840
R0003344,E001840
R0003345,E001841
R0003346,E001841
R0003347,E001842
R0003348,E001842
R0003349,E001843
R0003350,E001843
R0003351,E001844
R0003352,E001844
R0003353,E001845
R0003354,E001845
R0003355,E001845
R0003356,E001846
R0003357,E001846
R0003358,E001847
R0003359,E001848
R0003360,E001849
R0003361,E001850
R0003362,E001850
R0003363,E001851
R0003364,E001852
R0003365,E001852
R0003366,E001853
R0003367,E001854
R0003368,E001855
R0003369,E001856
R0003370,E001856
R0003371,E001857
R0003372,E001857
R0003373,E001858
R0003374,E001858
R0003375,E001858
R0003376,E001859
R0003377,E001859
R0003378,E001860
R0003379,E001860
R0003380,E001861
R0003381,E001861
R0003382,E001862
R0003383,E001862
R0003384,E001863
R0003385,E001863
R0003386,E001864
R0003387,E001864
R0003388,E001864
R0003389,E001864
R0003390,E001865
R0003391,E001865
R0003392,E001866
R0003393,E001866
R0003394,E001867
R0003395,E001867
R0003396,E001868
R0003397,E001869
R0003398,E001869
R0003399,E001870
R0003400,E001870
R0003401,E001870
R0003402,E001871
R0003403,E001871
R0003404,E001872
R0003405,E001872
R0003406,E001873
R0003407,E001873
R0003408,E001874
R0003409,E001875
R0003410,E001876
R0003411,E001876
R0003412,E001877
R0003413,E001878
R0003414,E001878
R0003415,E001879
R0003416,E001879
R0003417,E001880
R0003418,E001880
R0003419,E001880
R0003420,E001881
R0003421,E001881
R0003422,E001882
R0003423,E001883
R0003424,E001884
R0003425,E001884
R0003426,E001885
R0003427,E001885
R0003428,E001885
R0003429,E001886
R0003430,E001887
R0003431,E001887
R0003432,E001888
R0003433,E001888
R0003434,E001889
R0003435,E001889
R0003436,E001890
R0003437,E001890
R0003438,E001891
R0003439,E001891
R0003440,E001892
R0003441,E001892
R0003442,E001893
R0003443,E001893
R0003444,E001893
R0003445,E001894
R0003446,E001894
R0003447,E001895
R0003448,E001896
R0003449,E001896
R0003450,E001896
R0003451,E001897
R0003452,E001897
R0003453,E001898
R0003454,E001899
R0003455,E001899
R0003456,E001900
R0003457,E001900
R0003458,E001901
R0003459,E001901
R0003460,E001902
R0003461,E001902
R0003462,E001903
R0003463,E001903
R0003464,E001904
R0003465,E001904
R0003466,E001905
R0003467,E001906
R0003468,E001907
R0003469,E001908
R0003470,E001908
R0003471,E001909
R0003472,E001909
R0003473,E001909
R0003474,E001909
R0003475,E001910
R0003476,E001911
R0003477,E001912
R0003478,E001912
R0003479,E001913
R0003480,E001913
R0003481,E001914
R0003482,E001914
R0003483,E001914
R0003484,E001914
R0003485,E001915
R0003486,E001915
R0003487,E001915
R0003488,E001915
R0003489,E001916
R0003490,E001917
R0003491,E001917
R0003492,E001918
R0003493,E001919
R0003494,E001920
R0003495,E001921
R0003496,E001921
R0003497,E001921
R0003498,E001922
R0003499,E001922
R0003500,E001922
R0003501,E001922
R0003502,E001923
R0003503,E001924
R0003504,E001924
R0003505,E001925
R0003506,E001926
R0003507,E001926
R0003508,E001927
R0003509,E001928
R0003510,E001928
R0003511,E001929
R0003512,E001930
R0003513,E001930
R0003514,E001930
R0003515,E001931
R0003516,E001932
R0003517,E001932
R0003518,E001932
R0003519,E001933
R0003520,E001934
R0003521,E001934
R0003522,E001935
R0003523,E001935
R0003524,E001936
R0003525,E001936
R0003526,E001937
R0003527,E001938
R0003528,E001939
R0003529,E001939
R0003530,E001939
R0003531,E001939
R0003532,E001940
R0003533,E001941
R0003534,E001941
R0003535,E001941
R0003536,E001942
R0003537,E001942
R0003538,E001943
R0003539,E001943
R0003540,E001943
R0003541,E001944
R0003542,E001945
R0003543,E001945
R0003544,E001946
R0003545,E001946
R0003546,E001947
R0003547,E001947
R0003548,E001948
R0003549,E001948
R0003550,E001949
R0003551,E001950
R0003552,E001951
R0003553,E001951
R0003554,E001952
R0003555,E001952
R0003556,E001953
R0003557,E001953
R0003558,E001954
R0003559,E001954
R0003560,E001955
R0003561,E001956
R0003562,E001956
R0003563,E001957
R0003564,E001957
R0003565,E001958
R0003566,E001959
R0003567,E001959
R0003568,E001960
R0003569,E001961
R0003570,E001961
R0003571,E001962
R0003572,E001962
R0003573,E001963
R0003574,E001963
R0003575,E001964
R0003576,E001964
R0003577,E001965
R0003578,E001965
R0003579,E001966
R0003580,E001966
R0003581,E001967
R0003582,E001967
R0003583,E001968
R0003584,E001969
R0003585,E001970
R0003586,E001970
R0003587,E001971
R0003588,E001971
R0003589,E001972
R0003590,E001972
R0003591,E001973
R0003592,E001973
R0003593,E001974
R0003594,E001974
R0003595,E001975
R0003596,E001975
R0003597,E001975
R0003598,E001976
R0003599,E001976
R0003600,E001977
R0003601,E001977
R0003602,E001978
R0003603,E001979
R0003604,E001979
R0003605,E001979
R0003606,E001979
R0003607,E001980
R0003608,E001981
R0003609,E001981
R0003610,E001981
R0003611,E001982
R0003612,E001982
R0003613,E001983
R0003614,E001984
R0003615,E001985
R0003616,E001985
R0003617,E001986
R0003618,E001987
R0003619,E001987
R0003620,E001988
R0003621,E001988
R0003622,E001989
R0003623,E001990
R0003624,E001991
R0003625,E001991
R0003626,E001992
R0003627,E001992
R0003628,E001993
R0003629,E001993
R0003630,E001994
R0003631,E001994
R0003632,E001995
R0003633,E001995
R0003634,E001995
R0003635,E001995
R0003636,E001996
R0003637,E001996
R0003638,E001997
R0003639,E001998
R0003640,E001999
R0003641,E001999
R0003642,E002000
R0003643,E002001
R0003644,E002001
R0003645,E002001
R0003646,E002002
R0003647,E002002
R0003648,E002003
R0003649,E002003
R0003650,E002004
R0003651,E002005
R0003652,E002005
R0003653,E002005
R0003654,E002006
R0003655,E002006
R0003656,E002006
R0003657,E002007
R0003658,E002007
R0003659,E002008
R0003660,E002009
R0003661,E002009
R0003662,E002010
R0003663,E002011
R0003664,E002011
R0003665,E002012
R0003666,E002012
R0003667,E002013
R0003668,E002013
R0003669,E002013
R0003670,E002013
R0003671,E002014
R0003672,E002014
R0003673,E002015
R0003674,E002016
R0003675,E002017
R0003676,E002018
R0003677,E002019
R0003678,E002019
R0003679,E002020
R0003680,E002020
R0003681,E002020
R0003682,E002020
R0003683,E002021
R0003684,E002021
R0003685,E002022
R0003686,E002022
R0003687,E002023
R0003688,E002023
R0003689,E002024
R0003690,E002025
R0003691,E002025
R0003692,E002026
R0003693,E002026
R0003694,E002027
R0003695,E002027
R0003696,E002027
R0003697,E002027
R0003698,E002028
R0003699,E002028
R0003700,E002029
R0003701,E002029
R0003702,E002030
R0003703,E002031
R0003704,E002031
R0003705,E002032
R0003706,E002032
R0003707,E002033
R0003708,E002033
R0003709,E002034
R0003710,E002035
R0003711,E002035
R0003712,E002036
R0003713,E002036
R0003714,E002037
R0003715,E002037
R0003716,E002038
R0003717,E002039
R0003718,E002039
R0003719,E002040
R0003720,E002041
R0003721,E002041
R0003722,E002042
R0003723,E002042
R0003724,E002043
R0003725,E002044
R0003726,E002044
R0003727,E002044
R0003728,E002045
R0003729,E002046
R0003730,E002047
R0003731,E002047
R0003732,E002047
R0003733,E002048
R0003734,E002048
R0003735,E002049
R0003736,E002049
R0003737,E002050
R0003738,E002050
R0003739,E002051
R0003740,E002052
R0003741,E002052
R0003742,E002052
R0003743,E002052
R0003744,E002053
R0003745,E002054
R0003746,E002054
R0003747,E002055
R0003748,E002056
R0003749,E002057
R0003750,E002058
R0003751,E002058
R0003752,E002059
R0003753,E002060
R0003754,E002061
R0003755,E002061
R0003756,E002062
R0003757,E002063
R0003758,E002063
R0003759,E002064
R0003760,E002065
R0003761,E002065
R0003762,E002066
R0003763,E002067
R0003764,E002067
R0003765,E002067
R0003766,E002068
R0003767,E002069
R0003768,E002069
R0003769,E002070
R0003770,E002071
R0003771,E002072
R0003772,E002072
R0003773,E002073
R0003774,E002074
R0003775,E002075
R0003776,E002075
R0003777,E002076
R0003778,E002076
R0003779,E002076
R0003780,E002077
R0003781,E002077
R0003782,E002078
R0003783,E002078
R0003784,E002079
R0003785,E002080
R0003786,E002080
R0003787,E002081
R0003788,E002082
R0003789,E002083
R0003790,E002084
R0003791,E002084
R0003792,E002085
R0003793,E002086
R0003794,E002086
R0003795,E002087
R0003796,E002087
R0003797,E002088
R0003798,E002088
R0003799,E002089
R0003800,E002089
R0003801,E002090
R0003802,E002090
R0003803,E002091
R0003804,E002092
R0003805,E002093
R0003806,E002093
R0003807,E002094
R0003808,E002094
R0003809,E002095
R0003810,E002096
R0003811,E002096
R0003812,E002096
R0003813,E002096
R0003814,E002097
R0003815,E002097
R0003816,E002097
R0003817,E002097
R0003818,E002098
R0003819,E002098
R0003820,E002099
R0003821,E002099
R0003822,E002099
R0003823,E002099
R0003824,E002100
R0003825,E002100
R0003826,E002101
R0003827,E002102
R0003828,E002102
R0003829,E002103
R0003830,E002104
R0003831,E002104
R0003832,E002105
R0003833,E002105
R0003834,E002106
R0003835,E002107
R0003836,E002107
R0003837,E002108
R0003838,E002108
R0003839,E002109
R0003840,E002110
R0003841,E002110
R0003842,E002111
R0003843,E002111
R0003844,E002112
R0003845,E002112
R0003846,E002113
R0003847,E002114
R0003848,E002115
R0003849,E002115
R0003850,E002116
R0003851,E002117
R0003852,E002117
R0003853,E002118
R0003854,E002118
R0003855,E002119
R0003856,E002119
R0003857,E002119
R0003858,E002120
R0003859,E002120
R0003860,E002121
R0003861,E002121
R0003862,E002122
R0003863,E002122
R0003864,E002123
R0003865,E002123
R0003866,E002124
R0003867,E002125
R0003868,E002125
R0003869,E002126
R0003870,E002126
R0003871,E002126
R0003872,E002127
R0003873,E002128
R0003874,E002129
R0003875,E002130
R0003876,E002130
R0003877,E002131
R0003878,E002131
R0003879,E002131
R0003880,E002132
R0003881,E002132
R0003882,E002133
R0003883,E002134
R0003884,E002134
R0003885,E002134
R0003886,E002134
R0003887,E002135
R0003888,E002135
R0003889,E002135
R0003890,E002136
R0003891,E002136
R0003892,E002136
R0003893,E002137
R0003894,E002137
R0003895,E002137
R0003896,E002138
R0003897,E002138
R0003898,E002139
R0003899,E002140
R0003900,E002140
R0003901,E002141
R0003902,E002142
R0003903,E002143
R0003904,E002143
R0003905,E002144
R0003906,E002144
R0003907,E002145
R0003908,E002145
R0003909,E002146
R0003910,E002147
R0003911,E002147
R0003912,E002147
R0003913,E002147
R0003914,E002148
R0003915,E002149
R0003916,E002149
R0003917,E002150
R0003918,E002151
R0003919,E002152
R0003920,E002152
R0003921,E002153
R0003922,E002153
R0003923,E002154
R0003924,E002155
R0003925,E002155
R0003926,E002155
R0003927,E002156
R0003928,E002156
R0003929,E002156
R0003930,E002157
R0003931,E002157
R0003932,E002158
R0003933,E002158
R0003934,E002159
R0003935,E002159
R0003936,E002160
R0003937,E002161
R0003938,E002162
R0003939,E002162
R0003940,E002163
R0003941,E002163
R0003942,E002163
R0003943,E002164
R0003944,E002164
R0003945,E002164
R0003946,E002165
R0003947,E002165
R0003948,E002166
R0003949,E002166
R0003950,E002167
R0003951,E002167
R0003952,E002168
R0003953,E002169
R0003954,E002170
R0003955,E002170
R0003956,E002171
R0003957,E002171
R0003958,E002172
R0003959,E002172
R0003960,E002173
R0003961,E002174
R0003962,E002175
R0003963,E002175
R0003964,E002176
R0003965,E002176
R0003966,E002177
R0003967,E002177
R0003968,E002178
R0003969,E002178
R0003970,E002178
R0003971,E002179
R0003972,E002179
R0003973,E002179
R0003974,E002179
R0003975,E002180
R0003976,E002181
R0003977,E002182
R0003978,E002182
R0003979,E002183
R0003980,E002183
R0003981,E002184
R0003982,E002185
R0003983,E002186
R0003984,E002187
R0003985,E002187
R0003986,E002188
R0003987,E002189
R0003988,E002189
R0003989,E002189
R0003990,E002189
R0003991,E002190
R0003992,E002191
R0003993,E002191
R0003994,E002192
R0003995,E002193
R0003996,E002194
R0003997,E002195
R0003998,E002195
R0003999,E002196
R0004000,E002196
R0004001,E002197
R0004002,E002197
R0004003,E002198
R0004004,E002198
R0004005,E002199
R0004006,E002200
R0004007,E002200
R0004008,E002201
R0004009,E002201
R0004010,E002202
R0004011,E002203
R0004012,E002203
R0004013,E002204
R0004014,E002205
R0004015,E002206
R0004016,E002207
R0004017,E002208
R0004018,E002208
R0004019,E002209
R0004020,E002209
R0004021,E002210
R0004022,E002210
R0004023,E002211
R0004024,E002211
R0004025,E002211
R0004026,E002211
R0004027,E002212
R0004028,E002212
R0004029,E002213
R0004030,E002213
R0004031,E002214
R0004032,E002215
R0004033,E002215
R0004034,E002216
R0004035,E002216
R0004036,E002217
R0004037,E002218
R0004038,E002218
R0004039,E002219
R0004040,E002219
R0004041,E002220
R0004042,E002220
R0004043,E002221
R0004044,E002222
R0004045,E002223
R0004046,E002224
R0004047,E002224
R0004048,E002225
R0004049,E002225
R0004050,E002226
R0004051,E002226
R0004052,E002227
R0004053,E002228
R0004054,E002228
R0004055,E002229
R0004056,E002230
R0004057,E002230
R0004058,E002230
R0004059,E002230
R0004060,E002231
R0004061,E002231
R0004062,E002232
R0004063,E002232
R0004064,E002233
R0004065,E002233
R0004066,E002233
R0004067,E002234
R0004068,E002235
R0004069,E002235
R0004070,E002236
R0004071,E002236
R0004072,E002237
R0004073,E002237
R0004074,E002238
R0004075,E002239
R0004076,E002239
R0004077,E002240
R0004078,E002240
R0004079,E002240
R0004080,E002240
R0004081,E002241
R0004082,E002241
R0004083,E002242
R0004084,E002242
R0004085,E002243
R0004086,E002243
R0004087,E002244
R0004088,E002244
R0004089,E002244
R0004090,E002245
R0004091,E002246
R0004092,E002246
R0004093,E002247
R0004094,E002248
R0004095,E002248
R0004096,E002249
R0004097,E002249
R0004098,E002250
R0004099,E002250
R0004100,E002251
R0004101,E002251
R0004102,E002251
R0004103,E002251
R0004104,E002252
R0004105,E002253
R0004106,E002253
R0004107,E002253
R0004108,E002253
R0004109,E002254
R0004110,E002255
R0004111,E002256
R0004112,E002256
R0004113,E002257
R0004114,E002257
R0004115,E002258
R0004116,E002258
R0004117,E002259
R0004118,E002259
R0004119,E002260
R0004120,E002261
R0004121,E002262
R0004122,E002262
R0004123,E002263
R0004124,E002264
R0004125,E002264
R0004126,E002265
R0004127,E002265
R0004128,E002266
R0004129,E002267
R0004130,E002267
R0004131,E002268
R0004132,E002268
R0004133,E002269
R0004134,E002269
R0004135,E002270
R0004136,E002270
R0004137,E002271
R0004138,E002272
R0004139,E002273
R0004140,E002273
R0004141,E002274
R0004142,E002274
R0004143,E002275
R0004144,E002275
R0004145,E002276
R0004146,E002276
R0004147,E002277
R0004148,E002277
R0004149,E002278
R0004150,E002278
R0004151,E002279
R0004152,E002279
R0004153,E002280
R0004154,E002281
R0004155,E002281
R0004156,E002282
R0004157,E002283
R0004158,E002283
R0004159,E002284
R0004160,E002284
R0004161,E002285
R0004162,E002285
R0004163,E002286
R0004164,E002287
R0004165,E002288
R0004166,E002289
R0004167,E002289
R0004168,E002290
R0004169,E002290
R0004170,E002291
R0004171,E002291
R0004172,E002291
R0004173,E002291
R0004174,E002292
R0004175,E002292
R0004176,E002293
R0004177,E002293
R0004178,E002294
R0004179,E002294
R0004180,E002295
R0004181,E002295
R0004182,E002296
R0004183,E002296
R0004184,E002297
R0004185,E002297
R0004186,E002297
R0004187,E002297
R0004188,E002298
R0004189,E002298
R0004190,E002299
R0004191,E002299
R0004192,E002300
R0004193,E002300
R0004194,E002300
R0004195,E002301
R0004196,E002301
R0004197,E002302
R0004198,E002302
R0004199,E002303
R0004200,E002303
R0004201,E002304
R0004202,E002304
R0004203,E002305
R0004204,E002306
R0004205,E002306
R0004206,E002307
R0004207,E002308
R0004208,E002309
R0004209,E002309
R0004210,E002310
R0004211,E002311
R0004212,E002311
R0004213,E002312
R0004214,E002312
R0004215,E002313
R0004216,E002313
R0004217,E002314
R0004218,E002314
R0004219,E002315
R0004220,E002315
R0004221,E002315
R0004222,E002316
R0004223,E002316
R0004224,E002316
R0004225,E002316
R0004226,E002317
R0004227,E002318
R0004228,E002318
R0004229,E002319
R0004230,E002319
R0004231,E002319
R0004232,E002319
R0004233,E002320
R0004234,E002321
R0004235,E002321
R0004236,E002322
R0004237,E002323
R0004238,E002323
R0004239,E002324
R0004240,E002324
R0004241,E002325
R0004242,E002326
R0004243,E002326
R0004244,E002326
R0004245,E002327
R0004246,E002328
R0004247,E002329
R0004248,E002330
R0004249,E002331
R0004250,E002331
R0004251,E002332
R0004252,E002332
R0004253,E002333
R0004254,E002333
R0004255,E002334
R0004256,E002334
R0004257,E002335
R0004258,E002336
R0004259,E002336
R0004260,E002337
R0004261,E002338
R0004262,E002338
R0004263,E002339
R0004264,E002340
R0004265,E002340
R0004266,E002341
R0004267,E002341
R0004268,E002341
R0004269,E002342
R0004270,E002342
R0004271,E002343
R0004272,E002343
R0004273,E002344
R0004274,E002344
R0004275,E002344
R0004276,E002345
R0004277,E002346
R0004278,E002346
R0004279,E002347
R0004280,E002347
R0004281,E002348
R0004282,E002348
R0004283,E002349
R0004284,E002349
R0004285,E002349
R0004286,E002350
R0004287,E002351
R0004288,E002351
R0004289,E002352
R0004290,E002352
R0004291,E002353
R0004292,E002353
R0004293,E002354
R0004294,E002354
R0004295,E002355
R0004296,E002355
R0004297,E002356
R0004298,E002357
R0004299,E002357
R0004300,E002358
R0004301,E002359
R0004302,E002360
R0004303,E002360
R0004304,E002361
R0004305,E002362
R0004306,E002362
R0004307,E002363
R0004308,E002364
R0004309,E002364
R0004310,E002365
R0004311,E002365
R0004312,E002366
R0004313,E002366
R0004314,E002367
R0004315,E002368
R0004316,E002368
R0004317,E002368
R0004318,E002369
R0004319,E002369
R0004320,E002369
R0004321,E002370
R0004322,E002371
R0004323,E002371
R0004324,E002371
R0004325,E002371
R0004326,E002372
R0004327,E002373
R0004328,E002373
R0004329,E002373
R0004330,E002374
R0004331,E002374
R0004332,E002374
R0004333,E002375
R0004334,E002375
R0004335,E002376
R0004336,E002376
R0004337,E002376
R0004338,E002377
R0004339,E002377
R0004340,E002378
R0004341,E002379
R0004342,E002379
R0004343,E002379
R0004344,E002380
R0004345,E002380
R0004346,E002381
R0004347,E002381
R0004348,E002381
R0004349,E002382
R0004350,E002382
R0004351,E002382
R0004352,E002382
R0004353,E002383
R0004354,E002383
R0004355,E002383
R0004356,E002383
R0004357,E002384
R0004358,E002385
R0004359,E002385
R0004360,E002386
R0004361,E002386
R0004362,E002387
R0004363,E002387
R0004364,E002387
R0004365,E002388
R0004366,E002388
R0004367,E002389
R0004368,E002389
R0004369,E002390
R0004370,E002390
R0004371,E002391
R0004372,E002391
R0004373,E002391
R0004374,E002392
R0004375,E002393
R0004376,E002393
R0004377,E002394
R0004378,E002394
R0004379,E002395
R0004380,E002395
R0004381,E002396
R0004382,E002396
R0004383,E002397
R0004384,E002398
R0004385,E002399
R0004386,E002399
R0004387,E002400
R0004388,E002401
R0004389,E002401
R0004390,E002401
R0004391,E002401
R0004392,E002402
R0004393,E002402
R0004394,E002403
R0004395,E002404
R0004396,E002404
R0004397,E002404
R0004398,E002404
R0004399,E002405
R0004400,E002405
R0004401,E002406
R0004402,E002407
R0004403,E002407
R0004404,E002407
R0004405,E002408
R0004406,E002409
R0004407,E002410
R0004408,E002410
R0004409,E002410
R0004410,E002410
R0004411,E002411
R0004412,E002411
R0004413,E002412
R0004414,E002412
R0004415,E002412
R0004416,E002413
R0004417,E002413
R0004418,E002414
R0004419,E002414
R0004420,E002414
R0004421,E002415
R0004422,E002415
R0004423,E002416
R0004424,E002416
R0004425,E002417
R0004426,E002417
R0004427,E002418
R0004428,E002419
R0004429,E002419
R0004430,E002419
R0004431,E002420
R0004432,E002421
R0004433,E002421
R0004434,E002421
R0004435,E002422
R0004436,E002422
R0004437,E002423
R0004438,E002423
R0004439,E002424
R0004440,E002424
R0004441,E002425
R0004442,E002425
R0004443,E002426
R0004444,E002426
R0004445,E002427
R0004446,E002428
R0004447,E002428
R0004448,E002429
R0004449,E002430
R0004450,E002430
R0004451,E002430
R0004452,E002431
R0004453,E002431
R0004454,E002432
R0004455,E002433
R0004456,E002434
R0004457,E002435
R0004458,E002436
R0004459,E002436
R0004460,E002437
R0004461,E002437
R0004462,E002438
R0004463,E002438
R0004464,E002439
R0004465,E002440
R0004466,E002441
R0004467,E002441
R0004468,E002441
R0004469,E002442
R0004470,E002442
R0004471,E002443
R0004472,E002443
R0004473,E002444
R0004474,E002444
R0004475,E002444
R0004476,E002445
R0004477,E002445
R0004478,E002446
R0004479,E002447
R0004480,E002448
R0004481,E002448
R0004482,E002449
R0004483,E002450
R0004484,E002450
R0004485,E002451
R0004486,E002451
R0004487,E002452
R0004488,E002452
R0004489,E002452
R0004490,E002453
R0004491,E002454
R0004492,E002455
R0004493,E002455
R0004494,E002456
R0004495,E002456
R0004496,E002457
R0004497,E002457
R0004498,E002458
R0004499,E002459
R0004500,E002460
R0004501,E002460
R0004502,E002461
R0004503,E002461
R0004504,E002461
R0004505,E002462
R0004506,E002462
R0004507,E002463
R0004508,E002464
R0004509,E002464
R0004510,E002465
R0004511,E002465
R0004512,E002466
R0004513,E002466
R0004514,E002466
R0004515,E002466
R0004516,E002467
R0004517,E002468
R0004518,E002468
R0004519,E002469
R0004520,E002469
R0004521,E002469
R0004522,E002469
R0004523,E002470
R0004524,E002471
R0004525,E002471
R0004526,E002472
R0004527,E002472
R0004528,E002473
R0004529,E002473
R0004530,E002473
R0004531,E002473
R0004532,E002474
R0004533,E002474
R0004534,E002475
R0004535,E002475
R0004536,E002476
R0004537,E002476
R0004538,E002477
R0004539,E002477
R0004540,E002477
R0004541,E002478
R0004542,E002478
R0004543,E002479
R0004544,E002480
R0004545,E002481
R0004546,E002481
R0004547,E002482
R0004548,E002482
R0004549,E002483
R0004550,E002484
R0004551,E002484
R0004552,E002484
R0004553,E002485
R0004554,E002485
R0004555,E002486
R0004556,E002487
R0004557,E002487
R0004558,E002487
R0004559,E002487
R0004560,E002488
R0004561,E002489
R0004562,E002489
R0004563,E002490
R0004564,E002490
R0004565,E002491
R0004566,E002492
R0004567,E002493
R0004568,E002493
R0004569,E002494
R0004570,E002494
R0004571,E002495
R0004572,E002496
R0004573,E002496
R0004574,E002496
R0004575,E002496
R0004576,E002497
R0004577,E002497
R0004578,E002497
R0004579,E002498
R0004580,E002499
R0004581,E002499
R0004582,E002499
R0004583,E002499
R0004584,E002500
R0004585,E002500
R0004586,E002500
R0004587,E002501
R0004588,E002501
R0004589,E002502
R0004590,E002502
R0004591,E002503
R0004592,E002504
R0004593,E002504
R0004594,E002505
R0004595,E002506
R0004596,E002507
R0004597,E002508
R0004598,E002508
R0004599,E002509
R0004600,E002510
R0004601,E002510
R0004602,E002511
R0004603,E002511
R0004604,E002512
R0004605,E002512
R0004606,E002513
R0004607,E002513
R0004608,E002514
R0004609,E002514
R0004610,E002515
R0004611,E002515
R0004612,E002516
R0004613,E002517
R0004614,E002517
R0004615,E002518
R0004616,E002518
R0004617,E002519
R0004618,E002519
R0004619,E002520
R0004620,E002521
R0004621,E002521
R0004622,E002521
R0004623,E002521
R0004624,E002522
R0004625,E002523
R0004626,E002523
R0004627,E002524
R0004628,E002524
R0004629,E002525
R0004630,E002526
R0004631,E002527
R0004632,E002527
R0004633,E002528
R0004634,E002528
R0004635,E002529
R0004636,E002529
R0004637,E002530
R0004638,E002530
R0004639,E002531
R0004640,E002531
R0004641,E002532
R0004642,E002532
R0004643,E002532
R0004644,E002533
R0004645,E002533
R0004646,E002533
R0004647,E002533
R0004648,E002534
R0004649,E002535
R0004650,E002535
R0004651,E002536
R0004652,E002536
R0004653,E002537
R0004654,E002538
R0004655,E002538
R0004656,E002539
R0004657,E002540
R0004658,E002540
R0004659,E002541
R0004660,E002541
R0004661,E002542
R0004662,E002542
R0004663,E002543
R0004664,E002543
R0004665,E002544
R0004666,E002545
R0004667,E002545
R0004668,E002546
R0004669,E002547
R0004670,E002548
R0004671,E002548
R0004672,E002549
R0004673,E002550
R0004674,E002550
R0004675,E002551
R0004676,E002552
R0004677,E002553
R0004678,E002554
R0004679,E002554
R0004680,E002555
R0004681,E002555
R0004682,E002556
R0004683,E002556
R0004684,E002556
R0004685,E002557
R0004686,E002557
R0004687,E002558
R0004688,E002558
R0004689,E002559
R0004690,E002560
R0004691,E002560
R0004692,E002561
R0004693,E002562
R0004694,E002563
R0004695,E002563
R0004696,E002564
R0004697,E002564
R0004698,E002565
R0004699,E002566
R0004700,E002566
R0004701,E002567
R0004702,E002568
R0004703,E002568
R0004704,E002568
R0004705,E002569
R0004706,E002569
R0004707,E002569
R0004708,E002569
R0004709,E002570
R0004710,E002570
R0004711,E002570
R0004712,E002571
R0004713,E002571
R0004714,E002572
R0004715,E002573
R0004716,E002574
R0004717,E002574
R0004718,E002574
R0004719,E002575
R0004720,E002575
R0004721,E002576
R0004722,E002577
R0004723,E002578
R0004724,E002578
R0004725,E002579
R0004726,E002579
R0004727,E002580
R0004728,E002581
R0004729,E002582
R0004730,E002583
R0004731,E002583
R0004732,E002583
R0004733,E002584
R0004734,E002585
R0004735,E002586
R0004736,E002587
R0004737,E002587
R0004738,E002588
R0004739,E002588
R0004740,E002588
R0004741,E002589
R0004742,E002589
R0004743,E002589
R0004744,E002590
R0004745,E002591
R0004746,E002591
R0004747,E002592
R0004748,E002592
R0004749,E002593
R0004750,E002594
R0004751,E002595
R0004752,E002596
R0004753,E002596
R0004754,E002596
R0004755,E002596
R0004756,E002597
R0004757,E002597
R0004758,E002598
R0004759,E002599
R0004760,E002599
R0004761,E002600
R0004762,E002600
R0004763,E002601
R0004764,E002602
R0004765,E002602
R0004766,E002603
R0004767,E002603
R0004768,E002604
R0004769,E002604
R0004770,E002605
R0004771,E002606
R0004772,E002606
R0004773,E002607
R0004774,E002607
R0004775,E002608
R0004776,E002608
R0004777,E002609
R0004778,E002610
R0004779,E002610
R0004780,E002611
R0004781,E002611
R0004782,E002612
R0004783,E002613
R0004784,E002613
R0004785,E002613
R0004786,E002614
R0004787,E002614
R0004788,E002614
R0004789,E002615
R0004790,E002616
R0004791,E002617
R0004792,E002618
R0004793,E002618
R0004794,E002619
R0004795,E002619
R0004796,E002620
R0004797,E002620
R0004798,E002620
R0004799,E002621
R0004800,E002621
R0004801,E002621
R0004802,E002621
R0004803,E002622
R0004804,E002622
R0004805,E002623
R0004806,E002624
R0004807,E002624
R0004808,E002625
R0004809,E002626
R0004810,E002626
R0004811,E002627
R0004812,E002628
R0004813,E002628
R0004814,E002629
R0004815,E002629
R0004816,E002630
R0004817,E002630
R0004818,E002631
R0004819,E002632
R0004820,E002632
R0004821,E002633
R0004822,E002634
R0004823,E002634
R0004824,E002635
R0004825,E002636
R0004826,E002636
R0004827,E002637
R0004828,E002637
R0004829,E002638
R0004830,E002639
R0004831,E002640
R0004832,E002640
R0004833,E002641
R0004834,E002641
R0004835,E002641
R0004836,E002641
R0004837,E002642
R0004838,E002642
R0004839,E002642
R0004840,E002643
R0004841,E002644
R0004842,E002645
R0004843,E002645
R0004844,E002646
R0004845,E002646
R0004846,E002647
R0004847,E002647
R0004848,E002648
R0004849,E002648
R0004850,E002649
R0004851,E002649
R0004852,E002650
R0004853,E002650
R0004854,E002651
R0004855,E002652
R0004856,E002653
R0004857,E002654
R0004858,E002654
R0004859,E002654
R0004860,E002655
R0004861,E002655
R0004862,E002656
R0004863,E002657
R0004864,E002657
R0004865,E002658
R0004866,E002659
R0004867,E002659
R0004868,E002659
R0004869,E002660
R0004870,E002660
R0004871,E002661
R0004872,E002661
R0004873,E002662
R0004874,E002662
R0004875,E002663
R0004876,E002663
R0004877,E002664
R0004878,E002664
R0004879,E002665
R0004880,E002665
R0004881,E002665
R0004882,E002665
R0004883,E002666
R0004884,E002666
R0004885,E002666
R0004886,E002667
R0004887,E002668
R0004888,E002669
R0004889,E002669
R0004890,E002670
R0004891,E002670
R0004892,E002671
R0004893,E002672
R0004894,E002673
R0004895,E002674
R0004896,E002675
R0004897,E002675
R0004898,E002676
R0004899,E002676
R0004900,E002677
R0004901,E002678
R0004902,E002679
R0004903,E002679
R0004904,E002680
R0004905,E002680
R0004906,E002681
R0004907,E002682
R0004908,E002683
R0004909,E002683
R0004910,E002684
R0004911,E002684
R0004912,E002685
R0004913,E002685
R0004914,E002686
R0004915,E002687
R0004916,E002688
R0004917,E002688
R0004918,E002689
R0004919,E002689
R0004920,E002690
R0004921,E002691
R0004922,E002691
R0004923,E002692
R0004924,E002692
R0004925,E002693
R0004926,E002694
R0004927,E002695
R0004928,E002696
R0004929,E002697
R0004930,E002697
R0004931,E002698
R0004932,E002699
R0004933,E002699
R0004934,E002700
R0004935,E002700
R0004936,E002701
R0004937,E002701
R0004938,E002702
R0004939,E002702
R0004940,E002703
R0004941,E002703
R0004942,E002704
R0004943,E002704
R0004944,E002705
R0004945,E002705
R0004946,E002706
R0004947,E002707
R0004948,E002707
R0004949,E002708
R0004950,E002709
R0004951,E002709
R0004952,E002709
R0004953,E002709
R0004954,E002710
R0004955,E002710
R0004956,E002710
R0004957,E002711
R0004958,E002711
R0004959,E002712
R0004960,E002712
R0004961,E002713
R0004962,E002714
R0004963,E002714
R0004964,E002715
R0004965,E002715
R0004966,E002715
R0004967,E002716
R0004968,E002716
R0004969,E002717
R0004970,E002717
R0004971,E002718
R0004972,E002718
R0004973,E002719
R0004974,E002719
R0004975,E002720
R0004976,E002721
R0004977,E002721
R0004978,E002722
R0004979,E002723
R0004980,E002723
R0004981,E002724
R0004982,E002725
R0004983,E002725
R0004984,E002726
R0004985,E002726
R0004986,E002727
R0004987,E002727
R0004988,E002728
R0004989,E002729
R0004990,E002730
R0004991,E002731
R0004992,E002731
R0004993,E002732
R0004994,E002732
R0004995,E002733
R0004996,E002734
R0004997,E002734
R0004998,E002734
R0004999,E002734
R0005000,E002735
R0005001,E002735
R0005002,E002736
R0005003,E002736
R0005004,E002737
R0005005,E002737
R0005006,E002738
R0005007,E002739
R0005008,E002739
R0005009,E002740
R0005010,E002740
R0005011,E002741
R0005012,E002741
R0005013,E002741
R0005014,E002741
R0005015,E002742
R0005016,E002742
R0005017,E002743
R0005018,E002743
R0005019,E002743
R0005020,E002743
R0005021,E002744
R0005022,E002744
R0005023,E002745
R0005024,E002746
R0005025,E002747
R0005026,E002747
R0005027,E002748
R0005028,E002748
R0005029,E002748
R0005030,E002749
R0005031,E002750
R0005032,E002750
R0005033,E002751
R0005034,E002751
R0005035,E002752
R0005036,E002753
R0005037,E002753
R0005038,E002754
R0005039,E002754
R0005040,E002755
R0005041,E002755
R0005042,E002756
R0005043,E002756
R0005044,E002756
R0005045,E002756
R0005046,E002757
R0005047,E002758
R0005048,E002759
R0005049,E002760
R0005050,E002760
R0005051,E002761
R0005052,E002761
R0005053,E002762
R0005054,E002762
R0005055,E002763
R0005056,E002764
R0005057,E002765
R0005058,E002766
R0005059,E002767
R0005060,E002767
R0005061,E002768
R0005062,E002769
R0005063,E002769
R0005064,E002770
R0005065,E002770
R0005066,E002771
R0005067,E002771
R0005068,E002772
R0005069,E002772
R0005070,E002772
R0005071,E002773
R0005072,E002773
R0005073,E002774
R0005074,E002775
R0005075,E002775
R0005076,E002776
R0005077,E002777
R0005078,E002777
R0005079,E002778
R0005080,E002778
R0005081,E002778
R0005082,E002778
R0005083,E002779
R0005084,E002779
R0005085,E002780
R0005086,E002780
R0005087,E002781
R0005088,E002782
R0005089,E002782
R0005090,E002783
R0005091,E002784
R0005092,E002784
R0005093,E002785
R0005094,E002785
R0005095,E002786
R0005096,E002787
R0005097,E002788
R0005098,E002788
R0005099,E002789
R0005100,E002789
R0005101,E002789
R0005102,E002790
R0005103,E002790
R0005104,E002791
R0005105,E002791
R0005106,E002792
R0005107,E002793
R0005108,E002793
R0005109,E002793
R0005110,E002793
R0005111,E002794
R0005112,E002794
R0005113,E002795
R0005114,E002796
R0005115,E002796
R0005116,E002797
R0005117,E002797
R0005118,E002797
R0005119,E002798
R0005120,E002798
R0005121,E002799
R0005122,E002800
R0005123,E002801
R0005124,E002801
R0005125,E002802
R0005126,E002802
R0005127,E002803
R0005128,E002803
R0005129,E002804
R0005130,E002804
R0005131,E002805
R0005132,E002805
R0005133,E002806
R0005134,E002806
R0005135,E002807
R0005136,E002807
R0005137,E002808
R0005138,E002808
R0005139,E002809
R0005140,E002810
R0005141,E002811
R0005142,E002811
R0005143,E002812
R0005144,E002812
R0005145,E002813
R0005146,E002813
R0005147,E002814
R0005148,E002814
R0005149,E002815
R0005150,E002815
R0005151,E002816
R0005152,E002816
R0005153,E002816
R0005154,E002817
R0005155,E002817
R0005156,E002818
R0005157,E002819
R0005158,E002819
R0005159,E002820
R0005160,E002820
R0005161,E002820
R0005162,E002821
R0005163,E002821
R0005164,E002821
R0005165,E002822
R0005166,E002822
R0005167,E002823
R0005168,E002823
R0005169,E002824
R0005170,E002824
R0005171,E002825
R0005172,E002825
R0005173,E002826
R0005174,E002827
R0005175,E002827
R0005176,E002827
R0005177,E002828
R0005178,E002828
R0005179,E002829
R0005180,E002829
R0005181,E002830
R0005182,E002831
R0005183,E002832
R0005184,E002832
R0005185,E002833
R0005186,E002834
R0005187,E002834
R0005188,E002834
R0005189,E002835
R0005190,E002835
R0005191,E002836
R0005192,E002836
R0005193,E002837
R0005194,E002837
R0005195,E002838
R0005196,E002838
R0005197,E002839
R0005198,E002839
R0005199,E002840
R0005200,E002840
R0005201,E002841
R0005202,E002841
R0005203,E002842
R0005204,E002842
R0005205,E002843
R0005206,E002843
R0005207,E002844
R0005208,E002845
R0005209,E002845
R0005210,E002846
R0005211,E002846
R0005212,E002847
R0005213,E002848
R0005214,E002849
R0005215,E002849
R0005216,E002850
R0005217,E002850
R0005218,E002851
R0005219,E002852
R0005220,E002852
R0005221,E002852
R0005222,E002852
R0005223,E002853
R0005224,E002853
R0005225,E002854
R0005226,E002855
R0005227,E002856
R0005228,E002857
R0005229,E002857
R0005230,E002858
R0005231,E002858
R0005232,E002859
R0005233,E002859
R0005234,E002860
R0005235,E002860
R0005236,E002861
R0005237,E002861
R0005238,E002861
R0005239,E002861
R0005240,E002862
R0005241,E002862
R0005242,E002863
R0005243,E002863
R0005244,E002864
R0005245,E002865
R0005246,E002865
R0005247,E002866
R0005248,E002866
R0005249,E002867
R0005250,E002867
R0005251,E002868
R0005252,E002868
R0005253,E002868
R0005254,E002868
R0005255,E002869
R0005256,E002869
R0005257,E002870
R0005258,E002870
R0005259,E002871
R0005260,E002871
R0005261,E002871
R0005262,E002872
R0005263,E002872
R0005264,E002873
R0005265,E002874
R0005266,E002875
R0005267,E002875
R0005268,E002876
R0005269,E002876
R0005270,E002877
R0005271,E002877
R0005272,E002878
R0005273,E002878
R0005274,E002878
R0005275,E002879
R0005276,E002879
R0005277,E002880
R0005278,E002880
R0005279,E002881
R0005280,E002882
R0005281,E002882
R0005282,E002882
R0005283,E002882
R0005284,E002883
R0005285,E002884
R0005286,E002885
R0005287,E002885
R0005288,E002885
R0005289,E002886
R0005290,E002886
R0005291,E002887
R0005292,E002887
R0005293,E002888
R0005294,E002888
R0005295,E002889
R0005296,E002889
R0005297,E002890
R0005298,E002890
R0005299,E002891
R0005300,E002891
R0005301,E002892
R0005302,E002892
R0005303,E002892
R0005304,E002893
R0005305,E002893
R0005306,E002893
R0005307,E002893
R0005308,E002894
R0005309,E002895
R0005310,E002895
R0005311,E002895
R0005312,E002896
R0005313,E002896
R0005314,E002896
R0005315,E002896
R0005316,E002897
R0005317,E002898
R0005318,E002898
R0005319,E002899
R0005320,E002900
R0005321,E002900
R0005322,E002901
R0005323,E002901
R0005324,E002902
R0005325,E002902
R0005326,E002903
R0005327,E002903
R0005328,E002904
R0005329,E002905
R0005330,E002905
R0005331,E002905
R0005332,E002906
R0005333,E002906
R0005334,E002907
R0005335,E002908
R0005336,E002908
R0005337,E002908
R0005338,E002909
R0005339,E002910
R0005340,E002910
R0005341,E002911
R0005342,E002911
R0005343,E002912
R0005344,E002912
R0005345,E002913
R0005346,E002914
R0005347,E002915
R0005348,E002916
R0005349,E002916
R0005350,E002917
R0005351,E002917
R0005352,E002918
R0005353,E002918
R0005354,E002918
R0005355,E002919
R0005356,E002919
R0005357,E002919
R0005358,E002920
R0005359,E002920
R0005360,E002921
R0005361,E002921
R0005362,E002922
R0005363,E002923
R0005364,E002923
R0005365,E002923
R0005366,E002923
R0005367,E002924
R0005368,E002925
R0005369,E002925
R0005370,E002926
R0005371,E002927
R0005372,E002927
R0005373,E002928
R0005374,E002928
R0005375,E002929
R0005376,E002929
R0005377,E002930
R0005378,E002930
R0005379,E002930
R0005380,E002930
R0005381,E002931
R0005382,E002931
R0005383,E002932
R0005384,E002932
R0005385,E002933
R0005386,E002934
R0005387,E002935
R0005388,E002936
R0005389,E002937
R0005390,E002937
R0005391,E002938
R0005392,E002938
R0005393,E002939
R0005394,E002940
R0005395,E002940
R0005396,E002941
R0005397,E002942
R0005398,E002942
R0005399,E002942
R0005400,E002942
R0005401,E002943
R0005402,E002943
R0005403,E002943
R0005404,E002944
R0005405,E002944
R0005406,E002944
R0005407,E002945
R0005408,E002945
R0005409,E002946
R0005410,E002946
R0005411,E002947
R0005412,E002948
R0005413,E002949
R0005414,E002950
R0005415,E002950
R0005416,E002951
R0005417,E002952
R0005418,E002953
R0005419,E002953
R0005420,E002954
R0005421,E002954
R0005422,E002955
R0005423,E002955
R0005424,E002955
R0005425,E002956
R0005426,E002956
R0005427,E002957
R0005428,E002957
R0005429,E002958
R0005430,E002958
R0005431,E002959
R0005432,E002959
R0005433,E002960
R0005434,E002960
R0005435,E002960
R0005436,E002961
R0005437,E002961
R0005438,E002961
R0005439,E002962
R0005440,E002962
R0005441,E002963
R0005442,E002963
R0005443,E002963
R0005444,E002964
R0005445,E002964
R0005446,E002965
R0005447,E002965
R0005448,E002966
R0005449,E002966
R0005450,E002967
R0005451,E002968
R0005452,E002969
R0005453,E002969
R0005454,E002970
R0005455,E002970
R0005456,E002971
R0005457,E002972
R0005458,E002973
R0005459,E002973
R0005460,E002974
R0005461,E002974
R0005462,E002975
R0005463,E002975
R0005464,E002976
R0005465,E002976
R0005466,E002977
R0005467,E002977
R0005468,E002978
R0005469,E002979
R0005470,E002979
R0005471,E002980
R0005472,E002981
R0005473,E002982
R0005474,E002983
R0005475,E002983
R0005476,E002984
R0005477,E002985
R0005478,E002985
R0005479,E002986
R0005480,E002987
R0005481,E002987
R0005482,E002988
R0005483,E002989
R0005484,E002989
R0005485,E002990
R0005486,E002990
R0005487,E002991
R0005488,E002991
R0005489,E002992
R0005490,E002992
R0005491,E002993
R0005492,E002993
R0005493,E002993
R0005494,E002994
R0005495,E002995
R0005496,E002995
R0005497,E002995
R0005498,E002996
R0005499,E002996
R0005500,E002997
R0005501,E002998
R0005502,E002998
R0005503,E002998
R0005504,E002999
R0005505,E003000
R0005506,E003000
R0005507,E003001
R0005508,E003001
R0005509,E003002
R0005510,E003002
R0005511,E003002
R0005512,E003003
R0005513,E003003
R0005514,E003004
R0005515,E003004
R0005516,E003004
R0005517,E003004
R0005518,E003005
R0005519,E003005
R0005520,E003006
R0005521,E003007
R0005522,E003007
R0005523,E003008
R0005524,E003008
R0005525,E003009
R0005526,E003009
R0005527,E003009
R0005528,E003010
R0005529,E003011
R0005530,E003011
R0005531,E003012
R0005532,E003012
R0005533,E003013
R0005534,E003013
R0005535,E003014
R0005536,E003015
R0005537,E003015
R0005538,E003016
R0005539,E003016
R0005540,E003017
R0005541,E003018
R0005542,E003019
R0005543,E003020
R0005544,E003020
R0005545,E003021
R0005546,E003021
R0005547,E003022
R0005548,E003022
R0005549,E003023
R0005550,E003023
R0005551,E003023
R0005552,E003024
R0005553,E003025
R0005554,E003026
R0005555,E003027
R0005556,E003028
R0005557,E003029
R0005558,E003030
R0005559,E003030
R0005560,E003031
R0005561,E003031
R0005562,E003032
R0005563,E003032
R0005564,E003033
R0005565,E003033
R0005566,E003034
R0005567,E003034
R0005568,E003035
R0005569,E003035
R0005570,E003036
R0005571,E003036
R0005572,E003036
R0005573,E003037
R0005574,E003037
R0005575,E003038
R0005576,E003039
R0005577,E003039
R0005578,E003040
R0005579,E003040
R0005580,E003040
R0005581,E003040
R0005582,E003041
R0005583,E003041
R0005584,E003042
R0005585,E003043
R0005586,E003044
R0005587,E003044
R0005588,E003045
R0005589,E003045
R0005590,E003046
R0005591,E003046
R0005592,E003047
R0005593,E003047
R0005594,E003048
R0005595,E003048
R0005596,E003048
R0005597,E003048
R0005598,E003049
R0005599,E003049
R0005600,E003049
R0005601,E003049
R0005602,E003050
R0005603,E003050
R0005604,E003051
R0005605,E003052
R0005606,E003052
R0005607,E003053
R0005608,E003054
R0005609,E003055
R0005610,E003056
R0005611,E003056
R0005612,E003057
R0005613,E003057
R0005614,E003057
R0005615,E003058
R0005616,E003059
R0005617,E003060
R0005618,E003060
R0005619,E003061
R0005620,E003062
R0005621,E003062
R0005622,E003063
R0005623,E003064
R0005624,E003065
R0005625,E003065
R0005626,E003066
R0005627,E003066
R0005628,E003067
R0005629,E003067
R0005630,E003068
R0005631,E003069
R0005632,E003070
R0005633,E003070
R0005634,E003071
R0005635,E003072
R0005636,E003072
R0005637,E003072
R0005638,E003073
R0005639,E003073
R0005640,E003074
R0005641,E003074
R0005642,E003075
R0005643,E003076
R0005644,E003076
R0005645,E003077
R0005646,E003078
R0005647,E003078
R0005648,E003078
R0005649,E003078
R0005650,E003079
R0005651,E003079
R0005652,E003080
R0005653,E003081
R0005654,E003082
R0005655,E003082
R0005656,E003083
R0005657,E003083
R0005658,E003083
R0005659,E003083
R0005660,E003084
R0005661,E003084
R0005662,E003084
R0005663,E003085
R0005664,E003086
R0005665,E003087
R0005666,E003087
R0005667,E003087
R0005668,E003088
R0005669,E003088
R0005670,E003088
R0005671,E003088
R0005672,E003089
R0005673,E003089
R0005674,E003090
R0005675,E003091
R0005676,E003092
R0005677,E003093
R0005678,E003093
R0005679,E003094
R0005680,E003095
R0005681,E003095
R0005682,E003095
R0005683,E003095
R0005684,E003096
R0005685,E003096
R0005686,E003097
R0005687,E003097
R0005688,E003098
R0005689,E003098
R0005690,E003099
R0005691,E003099
R0005692,E003100
R0005693,E003101
R0005694,E003101
R0005695,E003101
R0005696,E003102
R0005697,E003103
R0005698,E003103
R0005699,E003104
R0005700,E003104
R0005701,E003104
R0005702,E003105
R0005703,E003106
R0005704,E003106
R0005705,E003107
R0005706,E003107
R0005707,E003108
R0005708,E003108
R0005709,E003109
R0005710,E003110
R0005711,E003111
R0005712,E003111
R0005713,E003112
R0005714,E003113
R0005715,E003113
R0005716,E003113
R0005717,E003113
R0005718,E003114
R0005719,E003114
R0005720,E003115
R0005721,E003115
R0005722,E003116
R0005723,E003116
R0005724,E003116
R0005725,E003117
R0005726,E003118
R0005727,E003118
R0005728,E003119
R0005729,E003120
R0005730,E003120
R0005731,E003121
R0005732,E003121
R0005733,E003122
R0005734,E003123
R0005735,E003123
R0005736,E003124
R0005737,E003125
R0005738,E003126
R0005739,E003127
R0005740,E003128
R0005741,E003129
R0005742,E003129
R0005743,E003129
R0005744,E003129
R0005745,E003130
R0005746,E003130
R0005747,E003131
R0005748,E003131
R0005749,E003132
R0005750,E003132
R0005751,E003133
R0005752,E003133
R0005753,E003134
R0005754,E003134
R0005755,E003135
R0005756,E003135
R0005757,E003136
R0005758,E003136
R0005759,E003137
R0005760,E003137
R0005761,E003138
R0005762,E003138
R0005763,E003139
R0005764,E003139
R0005765,E003140
R0005766,E003141
R0005767,E003141
R0005768,E003142
R0005769,E003142
R0005770,E003143
R0005771,E003144
R0005772,E003145
R0005773,E003146
R0005774,E003146
R0005775,E003147
R0005776,E003147
R0005777,E003148
R0005778,E003148
R0005779,E003149
R0005780,E003150
R0005781,E003151
R0005782,E003151
R0005783,E003151
R0005784,E003152
R0005785,E003152
R0005786,E003153
R0005787,E003154
R0005788,E003155
R0005789,E003155
R0005790,E003156
R0005791,E003156
R0005792,E003157
R0005793,E003157
R0005794,E003158
R0005795,E003158
R0005796,E003159
R0005797,E003160
R0005798,E003160
R0005799,E003161
R0005800,E003161
R0005801,E003161
R0005802,E003162
R0005803,E003163
R0005804,E003163
R0005805,E003163
R0005806,E003164
R0005807,E003165
R0005808,E003165
R0005809,E003166
R0005810,E003166
R0005811,E003167
R0005812,E003168
R0005813,E003168
R0005814,E003169
R0005815,E003169
R0005816,E003170
R0005817,E003171
R0005818,E003171
R0005819,E003172
R0005820,E003173
R0005821,E003173
R0005822,E003174
R0005823,E003175
R0005824,E003175
R0005825,E003175
R0005826,E003175
R0005827,E003176
R0005828,E003177
R0005829,E003177
R0005830,E003178
R0005831,E003178
R0005832,E003178
R0005833,E003179
R0005834,E003179
R0005835,E003179
R0005836,E003180
R0005837,E003181
R0005838,E003182
R0005839,E003182
R0005840,E003183
R0005841,E003183
R0005842,E003184
R0005843,E003184
R0005844,E003185
R0005845,E003185
R0005846,E003186
R0005847,E003187
R0005848,E003188
R0005849,E003188
R0005850,E003189
R0005851,E003190
R0005852,E003190
R0005853,E003191
R0005854,E003192
R0005855,E003192
R0005856,E003193
R0005857,E003194
R0005858,E003194
R0005859,E003195
R0005860,E003195
R0005861,E003196
R0005862,E003196
R0005863,E003197
R0005864,E003197
R0005865,E003198
R0005866,E003199
R0005867,E003200
R0005868,E003200
R0005869,E003200
R0005870,E003201
R0005871,E003201
R0005872,E003201
R0005873,E003201
R0005874,E003202
R0005875,E003203
R0005876,E003204
R0005877,E003205
R0005878,E003205
R0005879,E003206
R0005880,E003206
R0005881,E003206
R0005882,E003207
R0005883,E003208
R0005884,E003208
R0005885,E003209
R0005886,E003209
R0005887,E003209
R0005888,E003210
R0005889,E003210
R0005890,E003211
R0005891,E003212
R0005892,E003212
R0005893,E003213
R0005894,E003213
R0005895,E003213
R0005896,E003214
R0005897,E003214
R0005898,E003215
R0005899,E003215
R0005900,E003216
R0005901,E003216
R0005902,E003216
R0005903,E003217
R0005904,E003218
R0005905,E003218
R0005906,E003218
R0005907,E003218
R0005908,E003219
R0005909,E003220
R0005910,E003221
R0005911,E003221
R0005912,E003222
R0005913,E003222
R0005914,E003223
R0005915,E003224
R0005916,E003225
R0005917,E003225
R0005918,E003226
R0005919,E003226
R0005920,E003227
R0005921,E003227
R0005922,E003228
R0005923,E003228
R0005924,E003229
R0005925,E003229
R0005926,E003230
R0005927,E003230
R0005928,E003230
R0005929,E003231
R0005930,E003231
R0005931,E003232
R0005932,E003233
R0005933,E003233
R0005934,E003233
R0005935,E003233
R0005936,E003234
R0005937,E003234
R0005938,E003235
R0005939,E003235
R0005940,E003236
R0005941,E003236
R0005942,E003237
R0005943,E003237
R0005944,E003238
R0005945,E003238
R0005946,E003238
R0005947,E003238
R0005948,E003239
R0005949,E003239
R0005950,E003240
R0005951,E003240
R0005952,E003241
R0005953,E003242
R0005954,E003242
R0005955,E003242
R0005956,E003242
R0005957,E003243
R0005958,E003244
R0005959,E003244
R0005960,E003245
R0005961,E003245
R0005962,E003246
R0005963,E003246
R0005964,E003247
R0005965,E003247
R0005966,E003248
R0005967,E003249
R0005968,E003249
R0005969,E003250
R0005970,E003250
R0005971,E003251
R0005972,E003251
R0005973,E003252
R0005974,E003252
R0005975,E003253
R0005976,E003253
R0005977,E003254
R0005978,E003254
R0005979,E003254
R0005980,E003255
R0005981,E003255
R0005982,E003255
R0005983,E003255
R0005984,E003256
R0005985,E003257
R0005986,E003257
R0005987,E003258
R0005988,E003259
R0005989,E003259
R0005990,E003260
R0005991,E003260
R0005992,E003261
R0005993,E003262
R0005994,E003263
R0005995,E003264
R0005996,E003264
R0005997,E003264
R0005998,E003265
R0005999,E003265
R0006000,E003266
R0006001,E003266
R0006002,E003266
R0006003,E003266
R0006004,E003267
R0006005,E003268
R0006006,E003268
R0006007,E003268
R0006008,E003268
R0006009,E003269
R0006010,E003269
R0006011,E003270
R0006012,E003271
R0006013,E003271
R0006014,E003272
R0006015,E003273
R0006016,E003273
R0006017,E003274
R0006018,E003274
R0006019,E003275
R0006020,E003275
R0006021,E003275
R0006022,E003276
R0006023,E003276
R0006024,E003277
R0006025,E003277
R0006026,E003278
R0006027,E003278
R0006028,E003279
R0006029,E003280
R0006030,E003281
R0006031,E003282
R0006032,E003282
R0006033,E003283
R0006034,E003283
R0006035,E003284
R0006036,E003285
R0006037,E003285
R0006038,E003286
R0006039,E003286
R0006040,E003287
R0006041,E003288
R0006042,E003288
R0006043,E003289
R0006044,E003289
R0006045,E003290
R0006046,E003291
R0006047,E003292
R0006048,E003293
R0006049,E003293
R0006050,E003294
R0006051,E003294
R0006052,E003294
R0006053,E003295
R0006054,E003295
R0006055,E003295
R0006056,E003296
R0006057,E003296
R0006058,E003296
R0006059,E003296
R0006060,E003297
R0006061,E003297
R0006062,E003297
R0006063,E003297
R0006064,E003298
R0006065,E003298
R0006066,E003298
R0006067,E003299
R0006068,E003299
R0006069,E003300
R0006070,E003300
R0006071,E003301
R0006072,E003301
R0006073,E003302
R0006074,E003303
R0006075,E003304
R0006076,E003304
R0006077,E003305
R0006078,E003306
R0006079,E003306
R0006080,E003307
R0006081,E003307
R0006082,E003308
R0006083,E003308
R0006084,E003309
R0006085,E003310
R0006086,E003310
R0006087,E003311
R0006088,E003311
R0006089,E003311
R0006090,E003311
R0006091,E003312
R0006092,E003312
R0006093,E003313
R0006094,E003313
R0006095,E003314
R0006096,E003314
R0006097,E003315
R0006098,E003315
R0006099,E003315
R0006100,E003316
R0006101,E003316
R0006102,E003316
R0006103,E003316
R0006104,E003317
R0006105,E003318
R0006106,E003319
R0006107,E003319
R0006108,E003319
R0006109,E003320
R0006110,E003320
R0006111,E003321
R0006112,E003322
R0006113,E003322
R0006114,E003323
R0006115,E003323
R0006116,E003324
R0006117,E003324
R0006118,E003325
R0006119,E003326
R0006120,E003326
R0006121,E003327
R0006122,E003328
R0006123,E003328
R0006124,E003329
R0006125,E003330
R0006126,E003330
R0006127,E003331
R0006128,E003331
R0006129,E003332
R0006130,E003333
R0006131,E003333
R0006132,E003333
R0006133,E003334
R0006134,E003334
R0006135,E003335
R0006136,E003336
R0006137,E003337
R0006138,E003338
R0006139,E003338
R0006140,E003339
R0006141,E003339
R0006142,E003339
R0006143,E003340
R0006144,E003340
R0006145,E003341
R0006146,E003341
R0006147,E003341
R0006148,E003342
R0006149,E003342
R0006150,E003342
R0006151,E003343
R0006152,E003344
R0006153,E003345
R0006154,E003346
R0006155,E003346
R0006156,E003346
R0006157,E003347
R0006158,E003348
R0006159,E003348
R0006160,E003349
R0006161,E003350
R0006162,E003351
R0006163,E003351
R0006164,E003351
R0006165,E003351
R0006166,E003352
R0006167,E003352
R0006168,E003352
R0006169,E003353
R0006170,E003353
R0006171,E003353
R0006172,E003354
R0006173,E003354
R0006174,E003355
R0006175,E003355
R0006176,E003356
R0006177,E003356
R0006178,E003357
R0006179,E003357
R0006180,E003358
R0006181,E003358
R0006182,E003359
R0006183,E003359
R0006184,E003360
R0006185,E003360
R0006186,E003360
R0006187,E003361
R0006188,E003362
R0006189,E003362
R0006190,E003362
R0006191,E003363
R0006192,E003363
R0006193,E003364
R0006194,E003364
R0006195,E003365
R0006196,E003365
R0006197,E003365
R0006198,E003366
R0006199,E003366
R0006200,E003367
R0006201,E003368
R0006202,E003369
R0006203,E003369
R0006204,E003369
R0006205,E003370
R0006206,E003371
R0006207,E003371
R0006208,E003371
R0006209,E003372
R0006210,E003373
R0006211,E003373
R0006212,E003374
R0006213,E003375
R0006214,E003375
R0006215,E003375
R0006216,E003375
R0006217,E003376
R0006218,E003376
R0006219,E003377
R0006220,E003377
R0006221,E003378
R0006222,E003378
R0006223,E003379
R0006224,E003380
R0006225,E003380
R0006226,E003381
R0006227,E003381
R0006228,E003382
R0006229,E003382
R0006230,E003383
R0006231,E003383
R0006232,E003384
R0006233,E003384
R0006234,E003384
R0006235,E003385
R0006236,E003385
R0006237,E003386
R0006238,E003386
R0006239,E003387
R0006240,E003388
R0006241,E003388
R0006242,E003388
R0006243,E003389
R0006244,E003389
R0006245,E003390
R0006246,E003390
R0006247,E003390
R0006248,E003390
R0006249,E003391
R0006250,E003391
R0006251,E003392
R0006252,E003392
R0006253,E003393
R0006254,E003393
R0006255,E003394
R0006256,E003395
R0006257,E003395
R0006258,E003396
R0006259,E003396
R0006260,E003396
R0006261,E003396
R0006262,E003397
R0006263,E003397
R0006264,E003397
R0006265,E003398
R0006266,E003398
R0006267,E003398
R0006268,E003399
R0006269,E003399
R0006270,E003400
R0006271,E003401
R0006272,E003401
R0006273,E003402
R0006274,E003403
R0006275,E003403
R0006276,E003404
R0006277,E003405
R0006278,E003405
R0006279,E003406
R0006280,E003407
R0006281,E003407
R0006282,E003408
R0006283,E003408
R0006284,E003409
R0006285,E003409
R0006286,E003410
R0006287,E003411
R0006288,E003412
R0006289,E003413
R0006290,E003413
R0006291,E003414
R0006292,E003414
R0006293,E003414
R0006294,E003415
R0006295,E003415
R0006296,E003416
R0006297,E003416
R0006298,E003417
R0006299,E003417
R0006300,E003418
R0006301,E003418
R0006302,E003419
R0006303,E003420
R0006304,E003420
R0006305,E003421
R0006306,E003421
R0006307,E003422
R0006308,E003422
R0006309,E003422
R0006310,E003422
R0006311,E003423
R0006312,E003424
R0006313,E003424
R0006314,E003424
R0006315,E003425
R0006316,E003426
R0006317,E003426
R0006318,E003426
R0006319,E003427
R0006320,E003427
R0006321,E003428
R0006322,E003428
R0006323,E003428
R0006324,E003429
R0006325,E003429
R0006326,E003430
R0006327,E003431
R0006328,E003431
R0006329,E003432
R0006330,E003432
R0006331,E003433
R0006332,E003433
R0006333,E003433
R0006334,E003434
R0006335,E003435
R0006336,E003435
R0006337,E003436
R0006338,E003436
R0006339,E003437
R0006340,E003437
R0006341,E003438
R0006342,E003438
R0006343,E003439
R0006344,E003440
R0006345,E003440
R0006346,E003441
R0006347,E003441
R0006348,E003442
R0006349,E003443
R0006350,E003443
R0006351,E003443
R0006352,E003444
R0006353,E003444
R0006354,E003445
R0006355,E003445
R0006356,E003445
R0006357,E003445
R0006358,E003446
R0006359,E003446
R0006360,E003446
R0006361,E003446
R0006362,E003447
R0006363,E003448
R0006364,E003448
R0006365,E003449
R0006366,E003450
R0006367,E003450
R0006368,E003450
R0006369,E003451
R0006370,E003452
R0006371,E003452
R0006372,E003452
R0006373,E003453
R0006374,E003453
R0006375,E003454
R0006376,E003454
R0006377,E003455
R0006378,E003456
R0006379,E003456
R0006380,E003457
R0006381,E003457
R0006382,E003458
R0006383,E003458
R0006384,E003458
R0006385,E003459
R0006386,E003459
R0006387,E003460
R0006388,E003461
R0006389,E003462
R0006390,E003463
R0006391,E003463
R0006392,E003463
R0006393,E003464
R0006394,E003465
R0006395,E003466
R0006396,E003466
R0006397,E003466
R0006398,E003467
R0006399,E003468
R0006400,E003468
R0006401,E003469
R0006402,E003469
R0006403,E003470
R0006404,E003470
R0006405,E003470
R0006406,E003470
R0006407,E003471
R0006408,E003472
R0006409,E003472
R0006410,E003473
R0006411,E003474
R0006412,E003474
R0006413,E003475
R0006414,E003475
R0006415,E003476
R0006416,E003476
R0006417,E003477
R0006418,E003477
R0006419,E003477
R0006420,E003478
R0006421,E003478
R0006422,E003479
R0006423,E003479
R0006424,E003479
R0006425,E003479
R0006426,E003480
R0006427,E003480
R0006428,E003480
R0006429,E003481
R0006430,E003481
R0006431,E003482
R0006432,E003482
R0006433,E003482
R0006434,E003483
R0006435,E003484
R0006436,E003485
R0006437,E003485
R0006438,E003486
R0006439,E003487
R0006440,E003487
R0006441,E003487
R0006442,E003488
R0006443,E003489
R0006444,E003489
R0006445,E003490
R0006446,E003490
R0006447,E003491
R0006448,E003491
R0006449,E003492
R0006450,E003492
R0006451,E003493
R0006452,E003494
R0006453,E003495
R0006454,E003496
R0006455,E003496
R0006456,E003497
R0006457,E003497
R0006458,E003498
R0006459,E003499
R0006460,E003500
R0006461,E003500
R0006462,E003501
R0006463,E003501
R0006464,E003502
R0006465,E003503
R0006466,E003504
R0006467,E003504
R0006468,E003505
R0006469,E003505
R0006470,E003506
R0006471,E003507
R0006472,E003507
R0006473,E003508
R0006474,E003508
R0006475,E003509
R0006476,E003510
R0006477,E003510
R0006478,E003511
R0006479,E003512
R0006480,E003512
R0006481,E003513
R0006482,E003513
R0006483,E003514
R0006484,E003515
R0006485,E003516
R0006486,E003517
R0006487,E003517
R0006488,E003518
R0006489,E003518
R0006490,E003519
R0006491,E003519
R0006492,E003520
R0006493,E003520
R0006494,E003521
R0006495,E003522
R0006496,E003522
R0006497,E003523
R0006498,E003523
R0006499,E003524
R0006500,E003524
R0006501,E003525
R0006502,E003525
R0006503,E003525
R0006504,E003526
R0006505,E003527
R0006506,E003527
R0006507,E003527
R0006508,E003527
R0006509,E003528
R0006510,E003528
R0006511,E003529
R0006512,E003530
R0006513,E003530
R0006514,E003531
R0006515,E003532
R0006516,E003532
R0006517,E003532
R0006518,E003532
R0006519,E003533
R0006520,E003533
R0006521,E003534
R0006522,E003534
R0006523,E003535
R0006524,E003536
R0006525,E003537
R0006526,E003537
R0006527,E003537
R0006528,E003538
R0006529,E003538
R0006530,E003539
R0006531,E003540
R0006532,E003541
R0006533,E003541
R0006534,E003541
R0006535,E003541
R0006536,E003542
R0006537,E003543
R0006538,E003544
R0006539,E003545
R0006540,E003546
R0006541,E003546
R0006542,E003546
R0006543,E003547
R0006544,E003547
R0006545,E003547
R0006546,E003547
R0006547,E003548
R0006548,E003548
R0006549,E003549
R0006550,E003549
R0006551,E003550
R0006552,E003550
R0006553,E003550
R0006554,E003551
R0006555,E003551
R0006556,E003551
R0006557,E003551
R0006558,E003552
R0006559,E003552
R0006560,E003553
R0006561,E003553
R0006562,E003554
R0006563,E003554
R0006564,E003555
R0006565,E003555
R0006566,E003555
R0006567,E003555
R0006568,E003556
R0006569,E003556
R0006570,E003556
R0006571,E003556
R0006572,E003557
R0006573,E003557
R0006574,E003558
R0006575,E003558
R0006576,E003558
R0006577,E003559
R0006578,E003559
R0006579,E003560
R0006580,E003560
R0006581,E003560
R0006582,E003560
R0006583,E003561
R0006584,E003561
R0006585,E003562
R0006586,E003562
R0006587,E003563
R0006588,E003563
R0006589,E003564
R0006590,E003564
R0006591,E003565
R0006592,E003565
R0006593,E003566
R0006594,E003567
R0006595,E003567
R0006596,E003567
R0006597,E003568
R0006598,E003569
R0006599,E003570
R0006600,E003570
R0006601,E003571
R0006602,E003571
R0006603,E003572
R0006604,E003572
R0006605,E003572
R0006606,E003573
R0006607,E003573
R0006608,E003573
R0006609,E003573
R0006610,E003574
R0006611,E003575
R0006612,E003576
R0006613,E003577
R0006614,E003577
R0006615,E003578
R0006616,E003579
R0006617,E003579
R0006618,E003580
R0006619,E003581
R0006620,E003581
R0006621,E003582
R0006622,E003583
R0006623,E003583
R0006624,E003584
R0006625,E003585
R0006626,E003585
R0006627,E003585
R0006628,E003586
R0006629,E003586
R0006630,E003587
R0006631,E003587
R0006632,E003588
R0006633,E003589
R0006634,E003589
R0006635,E003590
R0006636,E003591
R0006637,E003591
R0006638,E003592
R0006639,E003593
R0006640,E003593
R0006641,E003594
R0006642,E003594
R0006643,E003595
R0006644,E003595
R0006645,E003596
R0006646,E003596
R0006647,E003597
R0006648,E003597
R0006649,E003597
R0006650,E003597
R0006651,E003598
R0006652,E003598
R0006653,E003599
R0006654,E003599
R0006655,E003600
R0006656,E003600
R0006657,E003600
R0006658,E003601
R0006659,E003602
R0006660,E003603
R0006661,E003603
R0006662,E003604
R0006663,E003604
R0006664,E003605
R0006665,E003606
R0006666,E003606
R0006667,E003607
R0006668,E003607
R0006669,E003607
R0006670,E003607
R0006671,E003608
R0006672,E003608
R0006673,E003609
R0006674,E003610
R0006675,E003610
R0006676,E003611
R0006677,E003611
R0006678,E003612
R0006679,E003613
R0006680,E003614
R0006681,E003614
R0006682,E003615
R0006683,E003615
R0006684,E003615
R0006685,E003615
R0006686,E003616
R0006687,E003616
R0006688,E003617
R0006689,E003618
R0006690,E003618
R0006691,E003619
R0006692,E003620
R0006693,E003621
R0006694,E003621
R0006695,E003622
R0006696,E003622
R0006697,E003623
R0006698,E003624
R0006699,E003625
R0006700,E003626
R0006701,E003627
R0006702,E003627
R0006703,E003628
R0006704,E003629
R0006705,E003629
R0006706,E003630
R0006707,E003631
R0006708,E003632
R0006709,E003632
R0006710,E003633
R0006711,E003633
R0006712,E003634
R0006713,E003634
R0006714,E003635
R0006715,E003635
R0006716,E003636
R0006717,E003636
R0006718,E003637
R0006719,E003637
R0006720,E003638
R0006721,E003638
R0006722,E003639
R0006723,E003640
R0006724,E003641
R0006725,E003641
R0006726,E003642
R0006727,E003642
R0006728,E003642
R0006729,E003643
R0006730,E003643
R0006731,E003644
R0006732,E003644
R0006733,E003645
R0006734,E003645
R0006735,E003645
R0006736,E003646
R0006737,E003646
R0006738,E003647
R0006739,E003647
R0006740,E003648
R0006741,E003648
R0006742,E003649
R0006743,E003649
R0006744,E003650
R0006745,E003650
R0006746,E003651
R0006747,E003651
R0006748,E003652
R0006749,E003652
R0006750,E003652
R0006751,E003652
R0006752,E003653
R0006753,E003654
R0006754,E003654
R0006755,E003654
R0006756,E003654
R0006757,E003655
R0006758,E003655
R0006759,E003656
R0006760,E003656
R0006761,E003657
R0006762,E003658
R0006763,E003659
R0006764,E003659
R0006765,E003660
R0006766,E003661
R0006767,E003661
R0006768,E003661
R0006769,E003662
R0006770,E003662
R0006771,E003663
R0006772,E003663
R0006773,E003663
R0006774,E003664
R0006775,E003664
R0006776,E003664
R0006777,E003665
R0006778,E003665
R0006779,E003666
R0006780,E003667
R0006781,E003667
R0006782,E003668
R0006783,E003668
R0006784,E003669
R0006785,E003669
R0006786,E003669
R0006787,E003670
R0006788,E003670
R0006789,E003671
R0006790,E003671
R0006791,E003672
R0006792,E003672
R0006793,E003673
R0006794,E003674
R0006795,E003674
R0006796,E003675
R0006797,E003675
R0006798,E003676
R0006799,E003676
R0006800,E003677
R0006801,E003678
R0006802,E003679
R0006803,E003680
R0006804,E003681
R0006805,E003682
R0006806,E003682
R0006807,E003683
R0006808,E003684
R0006809,E003684
R0006810,E003685
R0006811,E003685
R0006812,E003686
R0006813,E003687
R0006814,E003687
R0006815,E003688
R0006816,E003688
R0006817,E003689
R0006818,E003689
R0006819,E003690
R0006820,E003691
R0006821,E003692
R0006822,E003692
R0006823,E003693
R0006824,E003694
R0006825,E003695
R0006826,E003696
R0006827,E003696
R0006828,E003697
R0006829,E003697
R0006830,E003698
R0006831,E003698
R0006832,E003699
R0006833,E003700
R0006834,E003700
R0006835,E003701
R0006836,E003701
R0006837,E003701
R0006838,E003701
R0006839,E003702
R0006840,E003702
R0006841,E003703
R0006842,E003703
R0006843,E003704
R0006844,E003705
R0006845,E003705
R0006846,E003706
R0006847,E003707
R0006848,E003707
R0006849,E003708
R0006850,E003709
R0006851,E003710
R0006852,E003710
R0006853,E003711
R0006854,E003711
R0006855,E003712
R0006856,E003712
R0006857,E003713
R0006858,E003714
R0006859,E003714
R0006860,E003715
R0006861,E003715
R0006862,E003716
R0006863,E003717
R0006864,E003717
R0006865,E003717
R0006866,E003718
R0006867,E003718
R0006868,E003719
R0006869,E003719
R0006870,E003720
R0006871,E003720
R0006872,E003721
R0006873,E003721
R0006874,E003722
R0006875,E003722
R0006876,E003723
R0006877,E003723
R0006878,E003724
R0006879,E003725
R0006880,E003726
R0006881,E003726
R0006882,E003727
R0006883,E003728
R0006884,E003728
R0006885,E003729
R0006886,E003729
R0006887,E003730
R0006888,E003730
R0006889,E003731
R0006890,E003731
R0006891,E003732
R0006892,E003733
R0006893,E003733
R0006894,E003733
R0006895,E003734
R0006896,E003735
R0006897,E003736
R0006898,E003736
R0006899,E003736
R0006900,E003736
R0006901,E003737
R0006902,E003737
R0006903,E003738
R0006904,E003739
R0006905,E003739
R0006906,E003740
R0006907,E003740
R0006908,E003741
R0006909,E003742
R0006910,E003743
R0006911,E003744
R0006912,E003745
R0006913,E003746
R0006914,E003746
R0006915,E003747
R0006916,E003748
R0006917,E003748
R0006918,E003749
R0006919,E003749
R0006920,E003750
R0006921,E003750
R0006922,E003750
R0006923,E003750
R0006924,E003751
R0006925,E003751
R0006926,E003752
R0006927,E003752
R0006928,E003753
R0006929,E003753
R0006930,E003754
R0006931,E003754
R0006932,E003755
R0006933,E003755
R0006934,E003756
R0006935,E003756
R0006936,E003757
R0006937,E003758
R0006938,E003758
R0006939,E003759
R0006940,E003759
R0006941,E003760
R0006942,E003761
R0006943,E003761
R0006944,E003762
R0006945,E003762
R0006946,E003763
R0006947,E003763
R0006948,E003763
R0006949,E003764
R0006950,E003764
R0006951,E003765
R0006952,E003765
R0006953,E003766
R0006954,E003766
R0006955,E003767
R0006956,E003767
R0006957,E003768
R0006958,E003768
R0006959,E003769
R0006960,E003769
R0006961,E003770
R0006962,E003770
R0006963,E003771
R0006964,E003772
R0006965,E003773
R0006966,E003773
R0006967,E003774
R0006968,E003774
R0006969,E003775
R0006970,E003776
R0006971,E003777
R0006972,E003777
R0006973,E003778
R0006974,E003778
R0006975,E003779
R0006976,E003779
R0006977,E003780
R0006978,E003781
R0006979,E003782
R0006980,E003782
R0006981,E003783
R0006982,E003783
R0006983,E003784
R0006984,E003784
R0006985,E003785
R0006986,E003786
R0006987,E003786
R0006988,E003787
R0006989,E003788
R0006990,E003788
R0006991,E003789
R0006992,E003790
R0006993,E003791
R0006994,E003791
R0006995,E003792
R0006996,E003792
R0006997,E003792
R0006998,E003792
R0006999,E003793
R0007000,E003793
R0007001,E003794
R0007002,E003794
R0007003,E003795
R0007004,E003795
R0007005,E003795
R0007006,E003796
R0007007,E003797
R0007008,E003798
R0007009,E003799
R0007010,E003799
R0007011,E003800
R0007012,E003801
R0007013,E003801
R0007014,E003801
R0007015,E003802
R0007016,E003802
R0007017,E003802
R0007018,E003803
R0007019,E003804
R0007020,E003804
R0007021,E003805
R0007022,E003805
R0007023,E003806
R0007024,E003806
R0007025,E003806
R0007026,E003806
R0007027,E003807
R0007028,E003807
R0007029,E003808
R0007030,E003808
R0007031,E003809
R0007032,E003809
R0007033,E003810
R0007034,E003810
R0007035,E003811
R0007036,E003811
R0007037,E003812
R0007038,E003812
R0007039,E003813
R0007040,E003813
R0007041,E003814
R0007042,E003815
R0007043,E003815
R0007044,E003816
R0007045,E003817
R0007046,E003818
R0007047,E003819
R0007048,E003820
R0007049,E003820
R0007050,E003821
R0007051,E003821
R0007052,E003822
R0007053,E003823
R0007054,E003823
R0007055,E003824
R0007056,E003824
R0007057,E003825
R0007058,E003825
R0007059,E003826
R0007060,E003826
R0007061,E003827
R0007062,E003828
R0007063,E003828
R0007064,E003828
R0007065,E003829
R0007066,E003829
R0007067,E003830
R0007068,E003830
R0007069,E003831
R0007070,E003831
R0007071,E003832
R0007072,E003833
R0007073,E003833
R0007074,E003834
R0007075,E003835
R0007076,E003835
R0007077,E003836
R0007078,E003837
R0007079,E003838
R0007080,E003839
R0007081,E003840
R0007082,E003841
R0007083,E003841
R0007084,E003842
R0007085,E003842
R0007086,E003843
R0007087,E003843
R0007088,E003844
R0007089,E003844
R0007090,E003844
R0007091,E003844
R0007092,E003845
R0007093,E003845
R0007094,E003845
R0007095,E003846
R0007096,E003846
R0007097,E003847
R0007098,E003847
R0007099,E003848
R0007100,E003849
R0007101,E003849
R0007102,E003849
R0007103,E003849
R0007104,E003850
R0007105,E003851
R0007106,E003852
R0007107,E003852
R0007108,E003853
R0007109,E003854
R0007110,E003854
R0007111,E003855
R0007112,E003855
R0007113,E003856
R0007114,E003856
R0007115,E003857
R0007116,E003857
R0007117,E003857
R0007118,E003858
R0007119,E003858
R0007120,E003859
R0007121,E003859
R0007122,E003859
R0007123,E003860
R0007124,E003860
R0007125,E003860
R0007126,E003861
R0007127,E003861
R0007128,E003862
R0007129,E003863
R0007130,E003863
R0007131,E003864
R0007132,E003864
R0007133,E003865
R0007134,E003865
R0007135,E003866
R0007136,E003866
R0007137,E003866
R0007138,E003867
R0007139,E003867
R0007140,E003868
R0007141,E003868
R0007142,E003869
R0007143,E003869
R0007144,E003870
R0007145,E003871
R0007146,E003872
R0007147,E003872
R0007148,E003873
R0007149,E003874
R0007150,E003875
R0007151,E003875
R0007152,E003876
R0007153,E003876
R0007154,E003876
R0007155,E003877
R0007156,E003877
R0007157,E003878
R0007158,E003879
R0007159,E003879
R0007160,E003880
R0007161,E003880
R0007162,E003881
R0007163,E003882
R0007164,E003882
R0007165,E003883
R0007166,E003883
R0007167,E003884
R0007168,E003884
R0007169,E003885
R0007170,E003886
R0007171,E003887
R0007172,E003888
R0007173,E003888
R0007174,E003889
R0007175,E003889
R0007176,E003890
R0007177,E003891
R0007178,E003891
R0007179,E003892
R0007180,E003892
R0007181,E003893
R0007182,E003893
R0007183,E003894
R0007184,E003894
R0007185,E003895
R0007186,E003896
R0007187,E003896
R0007188,E003897
R0007189,E003897
R0007190,E003897
R0007191,E003898
R0007192,E003899
R0007193,E003900
R0007194,E003900
R0007195,E003900
R0007196,E003901
R0007197,E003902
R0007198,E003903
R0007199,E003903
R0007200,E003904
R0007201,E003905
R0007202,E003905
R0007203,E003906
R0007204,E003906
R0007205,E003906
R0007206,E003906
R0007207,E003907
R0007208,E003908
R0007209,E003909
R0007210,E003910
R0007211,E003910
R0007212,E003911
R0007213,E003912
R0007214,E003912
R0007215,E003913
R0007216,E003913
R0007217,E003914
R0007218,E003915
R0007219,E003915
R0007220,E003916
R0007221,E003916
R0007222,E003917
R0007223,E003918
R0007224,E003918
R0007225,E003919
R0007226,E003919
R0007227,E003919
R0007228,E003920
R0007229,E003921
R0007230,E003921
R0007231,E003922
R0007232,E003922
R0007233,E003923
R0007234,E003923
R0007235,E003923
R0007236,E003923
R0007237,E003924
R0007238,E003925
R0007239,E003925
R0007240,E003926
R0007241,E003926
R0007242,E003927
R0007243,E003927
R0007244,E003928
R0007245,E003929
R0007246,E003929
R0007247,E003929
R0007248,E003930
R0007249,E003930
R0007250,E003931
R0007251,E003931
R0007252,E003932
R0007253,E003932
R0007254,E003933
R0007255,E003934
R0007256,E003934
R0007257,E003935
R0007258,E003936
R0007259,E003936
R0007260,E003937
R0007261,E003937
R0007262,E003938
R0007263,E003939
R0007264,E003939
R0007265,E003940
R0007266,E003940
R0007267,E003940
R0007268,E003941
R0007269,E003941
R0007270,E003942
R0007271,E003942
R0007272,E003943
R0007273,E003943
R0007274,E003943
R0007275,E003943
R0007276,E003944
R0007277,E003944
R0007278,E003944
R0007279,E003945
R0007280,E003946
R0007281,E003946
R0007282,E003947
R0007283,E003947
R0007284,E003948
R0007285,E003948
R0007286,E003948
R0007287,E003948
R0007288,E003949
R0007289,E003949
R0007290,E003949
R0007291,E003950
R0007292,E003950
R0007293,E003950
R0007294,E003951
R0007295,E003951
R0007296,E003952
R0007297,E003953
R0007298,E003954
R0007299,E003955
R0007300,E003955
R0007301,E003956
R0007302,E003956
R0007303,E003956
R0007304,E003956
R0007305,E003957
R0007306,E003957
R0007307,E003958
R0007308,E003959
R0007309,E003959
R0007310,E003960
R0007311,E003960
R0007312,E003960
R0007313,E003961
R0007314,E003962
R0007315,E003963
R0007316,E003963
R0007317,E003964
R0007318,E003965
R0007319,E003966
R0007320,E003967
R0007321,E003967
R0007322,E003968
R0007323,E003968
R0007324,E003969
R0007325,E003969
R0007326,E003970
R0007327,E003971
R0007328,E003971
R0007329,E003972
R0007330,E003973
R0007331,E003973
R0007332,E003974
R0007333,E003975
R0007334,E003976
R0007335,E003976
R0007336,E003977
R0007337,E003977
R0007338,E003978
R0007339,E003978
R0007340,E003979
R0007341,E003979
R0007342,E003980
R0007343,E003980
R0007344,E003980
R0007345,E003981
R0007346,E003981
R0007347,E003982
R0007348,E003982
R0007349,E003982
R0007350,E003982
R0007351,E003983
R0007352,E003983
R0007353,E003983
R0007354,E003983
R0007355,E003984
R0007356,E003984
R0007357,E003985
R0007358,E003985
R0007359,E003985
R0007360,E003986
R0007361,E003987
R0007362,E003987
R0007363,E003988
R0007364,E003988
R0007365,E003989
R0007366,E003990
R0007367,E003991
R0007368,E003992
R0007369,E003993
R0007370,E003994
R0007371,E003994
R0007372,E003995
R0007373,E003995
R0007374,E003996
R0007375,E003996
R0007376,E003997
R0007377,E003997
R0007378,E003998
R0007379,E003998
R0007380,E003998
R0007381,E003999
R0007382,E003999
R0007383,E003999
R0007384,TRAP000_0
R0007385,TRAP000_0
R0007386,TRAP000_0
R0007387,TRAP000_1
R0007388,TRAP000_1
R0007389,TRAP000_1
R0007390,TRAP001_0
R0007391,TRAP001_0
R0007392,TRAP001_0
R0007393,TRAP001_1
R0007394,TRAP001_1
R0007395,TRAP001_1
R0007396,TRAP002_0
R0007397,TRAP002_0
R0007398,TRAP002_0
R0007399,TRAP002_1
R0007400,TRAP002_1
R0007401,TRAP002_1
R0007402,TRAP003_0
R0007403,TRAP003_0
R0007404,TRAP003_0
R0007405,TRAP003_1
R0007406,TRAP003_1
R0007407,TRAP003_1
R0007408,TRAP004_0
R0007409,TRAP004_0
R0007410,TRAP004_0
R0007411,TRAP004_1
R0007412,TRAP004_1
R0007413,TRAP004_1
R0007414,TRAP005_0
R0007415,TRAP005_0
R0007416,TRAP005_0
R0007417,TRAP005_1
R0007418,TRAP005_1
R0007419,TRAP005_1
R0007420,TRAP006_0
R0007421,TRAP006_0
R0007422,TRAP006_0
R0007423,TRAP006_1
R0007424,TRAP006_1
R0007425,TRAP006_1
R0007426,TRAP007_0
R0007427,TRAP007_0
R0007428,TRAP007_0
R0007429,TRAP007_1
R0007430,TRAP007_1
R0007431,TRAP007_1
R0007432,TRAP008_0
R0007433,TRAP008_0
R0007434,TRAP008_0
R0007435,TRAP008_1
R0007436,TRAP008_1
R0007437,TRAP008_1
R0007438,TRAP009_0
R0007439,TRAP009_0
R0007440,TRAP009_0
R0007441,TRAP009_1
R0007442,TRAP009_1
R0007443,TRAP009_1
R0007444,TRAP010_0
R0007445,TRAP010_0
R0007446,TRAP010_0
R0007447,TRAP010_1
R0007448,TRAP010_1
R0007449,TRAP010_1
R0007450,TRAP011_0
R0007451,TRAP011_0
R0007452,TRAP011_0
R0007453,TRAP011_1
R0007454,TRAP011_1
R0007455,TRAP011_1
R0007456,TRAP012_0
R0007457,TRAP012_0
R0007458,TRAP012_0
R0007459,TRAP012_1
R0007460,TRAP012_1
R0007461,TRAP012_1
R0007462,TRAP013_0
R0007463,TRAP013_0
R0007464,TRAP013_0
R0007465,TRAP013_1
R0007466,TRAP013_1
R0007467,TRAP013_1
R0007468,TRAP014_0
R0007469,TRAP014_0
R0007470,TRAP014_0
R0007471,TRAP014_1
R0007472,TRAP014_1
R0007473,TRAP014_1
R0007474,TRAP015_0
R0007475,TRAP015_0
R0007476,TRAP015_0
R0007477,TRAP015_1
R0007478,TRAP015_1
R0007479,TRAP015_1
R0007480,TRAP016_0
R0007481,TRAP016_0
R0007482,TRAP016_0
R0007483,TRAP016_1
R0007484,TRAP016_1
R0007485,TRAP016_1
R0007486,TRAP017_0
R0007487,TRAP017_0
R0007488,TRAP017_0
R0007489,TRAP017_1
R0007490,TRAP017_1
R0007491,TRAP017_1
R0007492,TRAP018_0
R0007493,TRAP018_0
R0007494,TRAP018_0
R0007495,TRAP018_1
R0007496,TRAP018_1
R0007497,TRAP018_1
R0007498,TRAP019_0
R0007499,TRAP019_0
R0007500,TRAP019_0
R0007501,TRAP019_1
R0007502,TRAP019_1
R0007503,TRAP019_1
