first_name,last_name,name_suffix,npi,address,city,postcode,phone,specialty,record_id
Priya,Ptael, Dr,,125 Station Road,Leeds,TS16 6XX,24243063761,cardiology,R0002310
David,Khan,,7361378272,272 Park Avenue,York,TS21 3XX,07050511994,orthopaedics,R0003347
P.,Smith, MD,4569520966,223 Park Avenue,Newcastle,TS25 7XX,1201 946 5417,paediatrics,R0003322
Lucy,Taylor,,9632007741,174 Church Ln,York,TS11 4XX,4110 689 6937,family medicine,R0004552
Aisha,Taylor,,4564294996,5 Station Road,Newcastle,TS20 7XX,96858690239,family medicine,R0007477
James,Roberts, Jr,1708294547,27 Station Road,York,TS8 7XX,(8567) 4296054,cardiovascular medicine,R0004781
Mohammed,Thomas, MD,5098047710,191 Victoria Rd,Newcastle,TS22 6XX,(6463) 0323414,orthopaedics,R0001543
Chen,Thomas,,0541394162,171 Station Rd,Middlesbrough,TS16 6XX,(0283) 7326261,pediatrics,R0004004
Elena,Thomas,,2284788319,144 Station Road,Durham,TS23 4XX,14133518093,family medicine,R0001702
David,Thomas,,6128563850,62 Park Avenue,Leeds,TS25 6XX,10021614360,cardiology,R0003102
James,Evans,,1802160059,283 Church Lane,York,TS20 5XX,35026301830,paediatrics,R0000408
Sarah,Taylor,,8193717869,149 Victoria Rd,Middlesbrough,TS16 8XX,77367790246,ortho surgery,R0005209
G.,Jones,,,213 Church Ln,Middlesbrough,TS14 3XX,32115237486,general practice,R0004952
Elena,Khan,,2705931563,242 Park Avenue,Newcastle,TS19 7XX,32841190829,cardiovascular medicine,R0005242
Priya,Jones,,0991863160,136 High Street,Middlesbrough,TS4 1XX,38229405548,gp,R0004048
Fatima,Taylor,,3910273644,64 Station Road,Middlesbrough,TS8 7XX,90576641156,ortho surgery,R0007057
Sarah,Brown,,5174820393,71 Park Avenue,Newcastle,TS9 6XX,23268228457,general practice,R0000503
Sarah,Patel,,7097433387,270 Station Road,Middlesbrough,TS16 6XX,73414633486,ortho surgery,R0001024
Rajesh,Ali,,6192981080,41 High Street,York,TS14 4XX,42033470296,orthopaedics,R0005412
Mhoammed,Sharma, Dr,9527840431,113 Park Avenue,Durham,TS12 4XX,71945540787,cardiovascular medicine,R0004148
Grace,Nguyen,,0189290736,213 Victoria Road,York,TS7 8XX,25189344960,paediatrics,R0004091
Mohammed,Davies,,2668902536,200 Victoria Road,Leeds,TS26 8XX,90211040298,ortho surgery,R0000601
Wei,Ahmed, Jr,,237 Station Road,Newcastle,TS8 5XX,1580 781 6520,orthopaedics,R0007373
Rajesh,Davies,,8318750468,145 Church Lane,York,TS12 4XX,01738391158,cardiology,R0000982
David,Davies,,9280032515,8 Victoria Road,Middlesbrough,TS13 5XX,44049870152,general practice,R0003519
Chen,Patel,,5672868680,279 Station Road,York,TS9 2XX,79566468121,ortho surgery,R0002473
Aisha,Brown, MD,,270 high st,York,TS28 4XX,69037594336,cardiology,R0006727
Omar,Evans,,8585464689,207 Church Lane,Middlesbrough,TS19 3XX,28473668154,pediatrics,R0001419
James,Roberts,,8472149891,114 Church Lane,Leeds,TS1 4XX,82951842928,orthopedics,R0006957
S.,Nguyen, Jr,5117866898,245 high st,Newcastle,TS15 7XX,(7681) 8327909,ortho surgery,R0002441
Mohammed,Wilson,,4461439084,257 Victoria Road,Middlesbrough,TS11 5XX,32086184913,family medicine,R0005856
W.,Ali, Jr,7081886688,202 Park Avenue,Middlesbrough,TS20 2XX,(0149) 0001580,pediatrics,R0001954
Lucy,Jones,,7577525899,117 High Street,York,TS4 6XX,90698319959,pediatrics,R0000101
James,Roberts, Jr,8472149891,114 Church Ln,Leeds,TS1 4XX,(8295) 1842928,orthopaedics,R0006958
Mohammed,Patel,,3478919516,178 High Street,York,TS25 8XX,21519312378,ortho surgery,R0001575
James,Wilson,,2145068059,295 Victoria Road,York,TS21 3XX,61747842738,family medicine,R0007048
Graec,Ali, Dr,2882242177,140 Park Avenue,Durham,TS6 5XX,59815974604,orthopedics,R0004704
L.,Khan,,5887373356,63 Station Rd,Newcastle,TS26 3XX,20419882642,ortho surgery,R0001894
Chen,Ahmed,,6165271795,81 High Street,York,TS16 5XX,26255678778,general practice,R0000468
Priya,Williams,,4978910528,138 Church Lane,Middlesbrough,TS7 3XX,03586047359,paediatrics,R0001649
Elena,Patel,,5698229343,257 Station Road,York,TS9 4XX,31784265557,pediatrics,R0000789
Rajesh,Taylor,,,225 park ave,Leeds,TS4 8XX,77784561072,cardiology,R0002835
Grace,Evans,,1859374514,276 High Street,Durham,TS21 7XX,48849724133,orthopedics,R0002577
Fatima,Williams,,6989042973,71 Church Lane,Durham,TS15 4XX,04388708349,gp,R0000132
Lucy,Evans,,8138260937,194 Park Avenue,Durham,TS8 1XX,94639766052,family medicine,R0005473
David,Thomas,,9977790505,118 Station Road,Leeds,TS26 6XX,58061215674,paediatrics,R0000642
Lucy,Roberts, Dr,8693705294,277 Station Road,York,TS3 2XX,46506080058,orthopedics,R0002024
Sarah,Roberts,,3341818524,223 Park Avenue,Newcastle,TS10 8XX,59467848120,orthopaedics,R0006237
Chen,Smith, MD,,254 Victoria Rd,Newcastle,TS11 3XX,7061 206 6490,orthopaedics,R0005306
Lucy,Davies,,5320590984,170 Station Road,York,TS25 1XX,40603772515,pediatrics,R0001533
Fatima,Thomas, Dr,4106561458,28 High St,Durham,TS20 5XX,0166 673 2965,pediatrics,R0003357
Rajesh,Taylor,,5367894780,257 Church Lane,Durham,TS14 1XX,64600696982,orthopedics,R0001511
O.,Brown,,2244067264,112 High Street,Durham,TS21 6XX,(0416) 4680259,cardiology,R0005120
Jaems,Jones, Jr,0690651679,152 High St,Middlesbrough,TS16 7XX,13462212979,cardiology,R0003916
Wei,Smith,,7282525831,11 Station Road,Middlesbrough,TS22 4XX,47541636019,gp,R0006434
Jonh,Ahmed, Dr,,22 station rd,Newcastle,TS3 2XX,9607 988 8787,cardiovascular medicine,R0002833
Amara,Ahmed,,5476460227,48 Church Lane,Middlesbrough,TS18 6XX,86924141363,orthopaedics,R0005741
Amara,Evans,,0893915949,191 Station Road,Leeds,TS19 1XX,27135750543,cardiology,R0007086
Wei,Ngueyn,,5884373443,115 High Street,Leeds,TS20 4XX,66340742504,cardiology,R0003686
Grace,Davies,,8562487552,144 station rd,Durham,TS4 1XX,(5794) 1631670,orthopaedics,R0003221
Fatmia,Taylor, Jr,,32 church ln,Newcastle,TS6 2XX,(8741) 5702325,cardiovascular medicine,R0003815
Omar,Jones,,1216601418,82 Church Lane,York,TS1 6XX,77520351020,pediatrics,R0001502
Omra,Sharma, MD,5667025183,40 Station Rd,York,TS23 8XX,4235 483 7197,cardiovascular medicine,R0006263
Aisha,Smith, MD,0785392490,175 Victoria Rd,Newcastle,TS15 8XX,16832558308,paediatrics,R0005897
Elena,Davies,,3134085088,208 High Street,Middlesbrough,TS11 5XX,74606954290,orthopedics,R0000263
Elena,Jones, Dr,2021139616,241 victoria rd,Middlesbrough,TS8 4XX,(1562) 2755075,cardiovascular medicine,R0004739
C.,Williams,,,282 station road,Newcastle,TS22 1XX,20359342537,orthopedics,R0004684
Lucy,Williams, Dr,,247 Station Road,Newcastle,TS10 2XX,02776035921,orthopedics,R0003346
Elena,Taylor,,8796703595,220 Park Avenue,Middlesbrough,TS23 8XX,37286558216,cardiovascular medicine,R0006130
Lucy,Sharma,,1954974105,265 High Street,Leeds,TS20 1XX,94814968673,orthopaedics,R0002088
John,Williams,,7522358296,70 Church Lane,Leeds,TS12 7XX,95052751299,cardiology,R0005099
Lcuy,Sharma, MD,8673376586,3 Station Road,Newcastle,TS21 4XX,(8084) 2860246,cardiology,R0003033
Chen,Wilson,,9204118302,37 Station Road,Newcastle,TS19 5XX,57143056603,cardiology,R0002678
Grace,Sharma,,6659729902,292 Park Avenue,Newcastle,TS21 5XX,30854912829,paediatrics,R0001084
Amara,Brown,,0879798472,196 Park Avenue,Durham,TS13 6XX,26439072211,pediatrics,R0000544
Amara,Nguyen,,9432340277,140 High Street,Newcastle,TS4 2XX,01184102444,orthopedics,R0003898
David,Khan, Jr,2379833259,78 Station Road,Durham,TS8 3XX,(5786) 6861050,general practice,R0004059
Fatima,Ali, MD,3841440417,65 Church Lane,Leeds,TS1 5XX,74917432406,family medicine,R0002110
Sarah,Sharma,,3146469172,142 High St,Leeds,TS12 8XX,(3793) 1944735,paediatrics,R0002398
Wei,Khan, MD,7408324342,91 high st,Durham,TS22 8XX,1147 665 9304,general practice,R0006134
Wei,Borwn, Dr,6412030766,69 Victoria Rd,York,TS16 5XX,24242230619,general practice,R0005862
G.,Brown, Dr,8949074514,3 Victoria Road,Newcastle,TS24 3XX,71437451191,orthopedics,R0007277
Fatima,Ali,,9967027996,20 High Street,Newcastle,TS10 1XX,7136 991 1830,cardiovascular medicine,R0001656
Grace,Nguyen,,6502121622,184 Victoria Road,York,TS22 1XX,68116672302,paediatrics,R0004692
Jonh,Ahmed,,4668528915,26 Church Ln,Durham,TS2 2XX,(1866) 3105739,orthopedics,R0006533
Rajesh,Davies,,4636220011,5 Park Avenue,Leeds,TS11 2XX,42305269458,orthopaedics,R0002177
David,Roberts,,1945841290,204 Victoria Road,Durham,TS15 3XX,80723051134,cardiovascular medicine,R0002522
Fatima,Khan, MD,,279 Victoria Rd,Middlesbrough,TS17 6XX,5398 809 5635,cardiovascular medicine,R0004294
James,Taylor,,7188339873,147 Church Lane,Durham,TS21 2XX,00341038267,paediatrics,R0004927
Mohammed,Wilson,,6155376577,251 Church Lane,Leeds,TS22 6XX,91495900735,pediatrics,R0000065
Wei,Davies,,1571447575,271 station road,York,TS27 4XX,7600 514 4473,cardiology,R0004125
Wei,Davies,,4287227228,121 Park Avenue,Newcastle,TS7 1XX,28744403863,paediatrics,R0004366
Rajehs,Ahmed,,7687225362,1 Church Lane,Durham,TS25 3XX,8563 736 9534,orthopaedics,R0006338
Aisha,Ali,,2501446337,89 Victoria Road,Durham,TS7 4XX,52181110216,gp,R0004730
Rajesh,Khan,,0216124518,70 High Street,Middlesbrough,TS5 1XX,17605204890,family medicine,R0006615
Amara,Brown,,6640050687,231 Park Avenue,Leeds,TS20 2XX,90540175116,family medicine,R0002312
David,Khan,,7855320450,157 Station Road,York,TS7 5XX,49103896679,cardiovascular medicine,R0003901
Rajesh,Sharma,,0725148641,214 Station Rd,Newcastle,TS28 3XX,6742 343 4131,cardiology,R0003836
John,Sharma,,8853088457,118 Park Avenue,Middlesbrough,TS20 8XX,7452 623 2330,cardiology,R0000318
Lucy,Khan, MD,0152403445,254 Station Rd,Newcastle,TS25 5XX,6418 798 2229,cardiology,R0000061
Amara,Wilson,,5973849066,219 Station Road,Durham,TS5 2XX,48029492530,paediatrics,R0005638
Lucy,Davies,,0420912346,239 Station Road,Durham,TS5 8XX,85077624463,orthopaedics,R0002415
Amara,Khan,,7728622055,170 High Street,Durham,TS9 2XX,15956868516,cardiovascular medicine,R0003946
Chen,Evans,,7981079786,37 Church Lane,Middlesbrough,TS20 3XX,28647749044,cardiology,R0002620
James,Williams,,0216140943,42 Station Road,Middlesbrough,TS8 7XX,38136038491,ortho surgery,R0004215
Chen,Jones,,3692818215,23 Victoria Road,Newcastle,TS11 1XX,01648079799,family medicine,R0006716
Aisha,Smith, Jr,8200755800,267 Victoria Road,Durham,TS23 5XX,15911346191,paediatrics,R0001144
James,Thomas,,4867540394,273 Station Road,Newcastle,TS1 6XX,66089665393,cardiovascular medicine,R0005414
Sarah,Brown,,6455106909,39 Victoria Road,Durham,TS17 3XX,5023 524 7980,cardiovascular medicine,R0002842
Chen,Ahmed, Dr,6934614532,121 Church Ln,Newcastle,TS13 7XX,(6195) 5602763,cardiovascular medicine,R0002225
Elena,Davies,,2044583026,192 Victoria Road,York,TS8 6XX,28185864613,gp,R0005684
Chen,Brown,,0976090009,179 Victoria Road,Middlesbrough,TS13 5XX,52009698206,pediatrics,R0002902
Sarah,Thomas,,7553458457,287 Victoria Road,Newcastle,TS11 7XX,40023411092,paediatrics,R0002865
Fatima,Ngyuen,,7236397386,203 Station Rd,York,TS19 2XX,63957516619,paediatrics,R0003904
Lucy,Brown,,1569198722,160 Church Lane,Middlesbrough,TS20 7XX,46796219784,general practice,R0002094
G.,Brown, Dr,2674776324,270 Victoria Road,Middlesbrough,TS10 8XX,(8111) 3006144,cardiology,R0006792
Fatima,Ahmed,,4489269074,182 Victoria Road,York,TS25 2XX,19551283532,general practice,R0000169
David,Wilson,,2426909605,201 High Street,Newcastle,TS9 1XX,85685750992,cardiovascular medicine,R0002922
Chen,Smith,,6541635285,267 Church Lane,Newcastle,TS3 2XX,14186432954,general practice,R0006095
Chen,Sharma,,9238370967,20 High Street,Newcastle,TS15 2XX,1062 920 8758,family medicine,R0002446
L.,Evans,,5687538588,166 Church Lane,Durham,TS24 6XX,(7284) 8182604,paediatrics,R0005050
Elena,Williams, Jr,1317759283,263 Church Ln,Newcastle,TS15 2XX,48882743391,pediatrics,R0003350
Mohammed,Jones,,,152 Park Avenue,Newcastle,TS24 3XX,(6181) 8127973,ortho surgery,R0003172
Lcuy,Thomas,,1021091521,66 Station Road,Leeds,TS14 5XX,97013525709,orthopedics,R0006604
Amara,Brown,,4614458014,191 High Street,York,TS19 8XX,21179349205,paediatrics,R0007045
Lucy,Sharma,,9088394036,243 Church Lane,Durham,TS25 7XX,66185743712,gp,R0006056
Omar,Smith,,9211272250,299 Station Road,York,TS19 2XX,16249089924,general practice,R0006174
C.,Khan,,9001183966,37 Church Lane,Middlesbrough,TS26 4XX,35283427698,paediatrics,R0006306
M.,Wilson,,8067424896,99 Church Lane,Durham,TS20 7XX,(1032) 6597187,general practice,R0002057
Lucy,Jones,,4018036212,210 Victoria Road,Leeds,TS4 7XX,46830339563,gp,R0006969
Amara,Smith,,2079075263,137 Victoria Road,Durham,TS8 6XX,96636807275,cardiology,R0006765
Priya,Taylor,,3669898608,228 Station Road,Leeds,TS28 5XX,53933739468,gp,R0006180
Rajesh,Ali, Jr,0141273311,262 Victoria Rd,Leeds,TS2 3XX,37309530268,family medicine,R0005758
Chen,Shamra,,9238370967,20 High St,Newcastle,TS15 2XX,1062 920 8758,general practice,R0002447
L.,Brown, Jr,0476762559,180 Park Avenue,Durham,TS9 4XX,(2615) 5697224,gp,R0005983
W.,Patel, Jr,2792577188,279 Park Ave,York,TS12 8XX,8573 709 5515,cardiovascular medicine,R0000554
Mohammed,Ali,,4886966230,259 Park Avenue,Durham,TS21 6XX,29461549793,family medicine,R0002796
Lucy,Brown,,6379738098,171 Park Avenue,Durham,TS8 4XX,13537853357,cardiology,R0001514
Grace,Sharam,,9989554555,86 Station Rd,Durham,TS10 1XX,92561246999,ortho surgery,R0005762
Aisha,Brown,,8839710171,66 Station Road,York,TS4 3XX,69475459050,cardiovascular medicine,R0000742
James,Patel,,1040859008,105 Station Road,Durham,TS6 1XX,45102199043,orthopedics,R0001992
Amara,Wilson,,8445249629,260 Park Avenue,Newcastle,TS23 1XX,00441077763,cardiovascular medicine,R0005141
Rajesh,Williams,,7618259696,100 Victoria Road,York,TS5 2XX,51440803800,gp,R0003560
Mohammed,Sharma,,6896716596,47 Park Avenue,Newcastle,TS4 5XX,83799239326,family medicine,R0004715
James,Williams,,0972448157,221 Victoria Road,Leeds,TS11 6XX,59234511404,pediatrics,R0005046
John,Thomas,,3032346271,282 Church Lane,Newcastle,TS21 4XX,36481709409,cardiology,R0005151
Rajesh,Davies,,6858561909,24 Church Lane,Leeds,TS13 1XX,40411713655,orthopaedics,R0002926
Fatima,Ahemd,,0060028474,225 High St,Leeds,TS3 7XX,1395 457 2685,pediatrics,R0000037
John,Williams, Dr,9029760151,8 park avenue,Leeds,TS15 6XX,09822868569,cardiovascular medicine,R0007379
Chen,Smith,,9520819926,92 Church Lane,York,TS3 4XX,45341356163,cardiology,R0005210
David,Wilson, Dr,4987611907,188 Church Ln,Durham,TS29 4XX,5032 833 4579,cardiovascular medicine,R0003908
Priya,Brown,,1037947266,138 Station Rd,York,TS20 3XX,6250 458 3005,family medicine,R0002301
Chen,Thomas,,7796301483,18 Church Lane,Newcastle,TS17 8XX,75678712023,general practice,R0007142
Lucy,Taylor,,7112166525,111 High Street,York,TS5 1XX,11456410792,general practice,R0000465
Sarah,Wilson,,8767188048,3 Church Lane,Newcastle,TS28 4XX,03245413602,cardiovascular medicine,R0000095
Priya,Robetrs,,0759516622,2 Church Ln,York,TS8 6XX,81741291075,ortho surgery,R0004655
Omar,Taylor,,3346931919,107 High Street,Leeds,TS29 2XX,16106979569,family medicine,R0001650
Moahmmed,Thomas, Jr,8515287881,279 High Street,Durham,TS18 7XX,68310405425,cardiology,R0001545
Amara,Jones,,5546408796,228 Victoria Road,Durham,TS29 2XX,24253336108,orthopaedics,R0006334
O.,Nguyen,,,212 Church Ln,Middlesbrough,TS5 3XX,37440098049,pediatrics,R0002623
R.,Khan,,3163815409,178 Park Avenue,Newcastle,TS3 7XX,7618 590 8364,general practice,R0006770
Wei,Davies,,3442936199,71 High Street,Durham,TS18 2XX,77867775706,pediatrics,R0001795
David,Williams,,0590363110,3 Victoria Road,York,TS28 6XX,39218545929,ortho surgery,R0001263
Lucy,Thomas,,5364341914,267 Church Lane,Newcastle,TS15 7XX,57379643511,orthopaedics,R0006693
W.,Ahmed,,4285562586,88 Victoria Rd,Middlesbrough,TS21 6XX,(8914) 9815375,ortho surgery,R0002908
C.,Taylor,,1569165500,250 park avenue,Middlesbrough,TS18 1XX,83434566918,ortho surgery,R0001174
James,Smith,,6789073924,257 Station Road,Durham,TS27 5XX,33662399370,cardiovascular medicine,R0004421
Rajesh,Ali,,3980342802,253 Station Road,York,TS21 1XX,64608527431,cardiology,R0003050
John,Thomas,,1349518701,128 Victoria Road,Middlesbrough,TS28 4XX,2157 234 4947,orthopedics,R0007469
O.,Wilson, Jr,3382653407,292 High Street,Middlesbrough,TS8 5XX,(2893) 9013957,pediatrics,R0001617
Rajesh,Patel,,9040946823,221 Park Avenue,Newcastle,TS6 4XX,21141615241,cardiology,R0004161
Sarah,Thomas,,2469641460,42 Park Ave,Middlesbrough,TS24 8XX,09208349956,ortho surgery,R0004897
Chen,Wilson, Dr,,171 High St,Newcastle,TS25 8XX,5772 527 9002,orthopedics,R0001632
Pryia,Ali, Dr,,218 Park Ave,Middlesbrough,TS23 4XX,2592 676 6721,ortho surgery,R0002208
John,Thomas, Dr,7069556549,205 High St,Newcastle,TS5 2XX,6692 025 3295,general practice,R0001393
Chen,Simth,,,240 Church Lane,Newcastle,TS29 6XX,9804 840 0688,gp,R0006211
Fatima,Ahmed,,5857380321,258 Church Lane,Newcastle,TS5 8XX,88094535573,general practice,R0002317
Lucy,Davies,,4016410568,159 Victoria Road,Middlesbrough,TS1 4XX,16664143806,gp,R0007294
Rajseh,Thomas,,1002192662,51 high st,Middlesbrough,TS26 4XX,(0641) 1730719,gp,R0004309
Priya,Taylor,,8962361578,25 High Street,Leeds,TS8 5XX,19934408735,family medicine,R0000970
Rajesh,Taylor,,4600432321,219 victoria rd,Middlesbrough,TS1 7XX,(8291) 9949574,general practice,R0005440
James,Ali,,1338699715,177 Church Lane,Leeds,TS2 1XX,37192600516,cardiology,R0003910
Sarah,Patel,,9258983803,214 High Street,York,TS26 7XX,91774019269,cardiology,R0000763
Amara,Williams,,3369791079,216 Church Ln,York,TS15 2XX,9074 878 7650,paediatrics,R0004660
Elena,Davies, MD,,51 Park Ave,Durham,TS13 2XX,4977 356 6862,pediatrics,R0001057
Sarah,Khan,,,55 Station Road,Newcastle,TS23 3XX,33446474337,cardiology,R0001163
Rjaesh,Nguyen,,6996113331,16 High St,York,TS17 3XX,34110303326,paediatrics,R0004539
A.,Ahmed,,5476460247,48 Church Ln,Middlesbrough,TS18 6XX,8692 414 1363,orthopedics,R0005743
Fatima,Wilson,,7621931088,29 Victoria Road,Newcastle,TS5 1XX,55086659755,gp,R0003123
Elena,Davies,,9733493286,5 Church Lane,Newcastle,TS12 6XX,33787732578,cardiology,R0006326
Rajesh,Ahmed,,5114020680,289 Victoria Road,York,TS5 3XX,33395133981,gp,R0005212
Mohammed,Jones,,2274415974,170 Station Road,Leeds,TS1 1XX,78969422270,gp,R0000733
Aisha,Davies,,5652003782,246 Station Road,Middlesbrough,TS27 2XX,50887149818,pediatrics,R0005096
Chen,Roberts,,9190288280,108 Station Road,Middlesbrough,TS15 8XX,65163615479,ortho surgery,R0003035
Aisha,Roberts,,8970247781,298 Church Ln,Durham,TS12 3XX,68440209872,ortho surgery,R0004025
David,Wilson,,6815823476,268 High Street,Leeds,TS24 6XX,54984383491,ortho surgery,R0003135
Priya,Nguyen,,3117222315,205 Church Lane,Middlesbrough,TS20 8XX,83540538537,general practice,R0006460
Davdi,Brown, MD,6725903599,233 Church Lane,York,TS13 4XX,7558 197 5555,orthopedics,R0001891
Pryia,Ahmed,,3919332309,111 station rd,Newcastle,TS23 6XX,3637 874 8078,gp,R0004743
Chen,Ahmed,,6042817846,234 Church Lane,Durham,TS20 3XX,69332983974,paediatrics,R0002111
Aisha,Jones, Dr,4712725774,217 station road,Leeds,TS2 1XX,(1849) 0964592,paediatrics,R0006120
Mohammed,Bronw, MD,2538219708,29 high street,Durham,TS1 3XX,80432133171,pediatrics,R0003383
John,Sharma,,,118 park avenue,Middlesbrough,TS20 8XX,(7452) 6232330,cardiovascular medicine,R0000319
Amara,Williams,,9522305057,36 Park Avenue,Middlesbrough,TS22 4XX,74440468532,cardiovascular medicine,R0004625
Mohammed,Taylor, Dr,2904154878,153 Station Road,Leeds,TS13 1XX,71513911909,cardiovascular medicine,R0004568
Amara,Roberts,,0453633268,46 High Street,York,TS7 2XX,97966768314,pediatrics,R0001561
Jmaes,Davies,,,124 High St,Leeds,TS23 8XX,27811177116,orthopaedics,R0001768
Chen,Taylor,,1569165500,250 Park Avenue,Middlesbrough,TS18 1XX,83434566918,orthopaedics,R0001172
Chen,Brown,,,176 Station Road,York,TS26 3XX,8102 004 4212,orthopaedics,R0006220
Grace,Patel, Jr,8834357690,269 Victoria Rd,Newcastle,TS12 2XX,29000170935,family medicine,R0002716
Priay,Evans,,6776821311,294 High Street,York,TS24 1XX,(6941) 6214037,paediatrics,R0004172
Omar,Thomas,,0465919446,233 Victoria Road,Middlesbrough,TS22 3XX,64177319383,paediatrics,R0007355
P.,Ahmed,,0991175894,45 Station Rd,Durham,TS19 4XX,2254 408 7986,paediatrics,R0001074
Priya,Patel,,5009541752,144 Park Avenue,Leeds,TS15 5XX,28721345406,pediatrics,R0001934
Grace,Thomas,,5151677571,235 High Street,York,TS22 5XX,7605 565 4666,paediatrics,R0006859
David,Roberts,,2764583895,180 Church Lane,Middlesbrough,TS12 5XX,33033809676,orthopedics,R0006212
Lucy,Davies,,7439633640,105 high street,York,TS6 7XX,3878 656 5931,orthopaedics,R0006402
Priya,Sharma,,2644837817,171 High Street,Durham,TS7 3XX,81578235515,cardiology,R0002431
Elena,Thomas,,8165326833,215 Victoria Road,Durham,TS22 5XX,11030409401,general practice,R0003977
David,Jones,,5506085449,164 Park Avenue,Newcastle,TS24 7XX,85312647542,paediatrics,R0005653
Rajesh,Sharma,,4901063022,172 High St,Durham,TS1 8XX,(9922) 9658141,orthopedics,R0003132
Mohammed,Smith, MD,,96 station road,York,TS13 5XX,75544634687,cardiovascular medicine,R0006856
Elnea,Roberts, Dr,1014917633,286 Victoria Rd,Durham,TS7 8XX,40884728325,family medicine,R0000711
Elena,Brown,,,221 Victoria Rd,Durham,TS8 5XX,4330 998 3928,gp,R0001221
A.,Ali,,,47 High Street,Durham,TS26 7XX,38365001994,pediatrics,R0000457
Chen,Ali,,3690572281,174 Station Road,Newcastle,TS18 6XX,53722416973,orthopedics,R0004857
Grace,Ali,,4976389175,280 Station Road,Leeds,TS7 2XX,27201839334,cardiology,R0005322
Aisha,Ahmed,,9740927180,89 High Street,Leeds,TS23 8XX,25782170845,pediatrics,R0003937
Lucy,Ngyuen,,2176351772,151 Church Ln,Leeds,TS1 2XX,9410 393 9477,cardiovascular medicine,R0000429
Aisha,Smith,,8966970740,52 Station Road,York,TS3 8XX,27279692137,orthopedics,R0006924
O.,Patel,,,167 victoria rd,Leeds,TS15 4XX,3371 980 8592,cardiology,R0005410
O.,Khan, Jr,4176431963,138 Church Lane,Durham,TS21 4XX,36650469535,family medicine,R0000079
James,Ahmed,,2464776552,128 Church Lane,York,TS28 3XX,71092623720,cardiovascular medicine,R0006437
Mohamemd,Williams, Dr,3141038989,175 Park Ave,Durham,TS1 4XX,4457 707 3592,paediatrics,R0003621
Mohammed,Nguyen,,8976598400,228 Station Road,Middlesbrough,TS7 1XX,90631797956,orthopedics,R0000251
Grace,Davies,,6007346431,117 Victoria Road,Leeds,TS24 2XX,30043121733,pediatrics,R0007185
John,Roberts,,7429883429,105 Victoria Road,Middlesbrough,TS8 5XX,44368948617,pediatrics,R0000683
John,Khan, Jr,9377698145,186 Church Lane,York,TS6 8XX,6836 252 9545,general practice,R0004317
Chen,Sharma, MD,0344397399,264 Station Road,Newcastle,TS27 3XX,(3586) 6279850,cardiovascular medicine,R0007211
Fatima,Taylor,,6273510519,148 Victoria Road,Leeds,TS9 5XX,28141814841,pediatrics,R0001103
Fatima,Patel,,8692931807,111 Station Road,Durham,TS9 1XX,83609649432,paediatrics,R0004046
Grace,Patel,,9260198218,97 Victoria Road,Middlesbrough,TS20 3XX,74135709689,orthopedics,R0000230
Lucy,Paetl, Jr,6867322122,38 park avenue,Leeds,TS5 6XX,52727055363,paediatrics,R0000994
Mohammed,Sharma,,9527840431,113 Park Avenue,Durham,TS12 4XX,71945540787,cardiovascular medicine,R0004147
Priya,Taylor,,9246611759,196 Victoria Road,Middlesbrough,TS11 7XX,21153990907,ortho surgery,R0002850
John,Nguyen,,9507887305,255 Park Avenue,Middlesbrough,TS21 2XX,15935150983,cardiovascular medicine,R0007315
A.,Davies, Dr,7945784334,99 High St,Newcastle,TS14 1XX,9598 866 1005,cardiology,R0007002
John,Jonse, MD,3872460713,174 Station Rd,Middlesbrough,TS17 4XX,2437 594 6474,cardiovascular medicine,R0005481
Sarah,Brown,,6100139959,280 High Street,York,TS13 1XX,54744240532,family medicine,R0002252
J.,Thomas,,3136129411,178 Park Ave,Leeds,TS6 4XX,38725931269,cardiology,R0001009
Fatima,Khan,,8218395751,210 High Street,Durham,TS21 8XX,42936557036,orthopaedics,R0007396
Priya,Khan,,3794556605,45 Station Road,Newcastle,TS27 3XX,52018312641,pediatrics,R0005107
John,Roberts, Jr,9169810069,37 Park Avenue,Newcastle,TS6 4XX,(0691) 9978083,family medicine,R0006877
Elena,Roberts,,4409574220,75 Victoria Road,York,TS11 6XX,14497725906,orthopaedics,R0002653
Omar,Sharma,,3735621823,111 Church Lane,Middlesbrough,TS2 4XX,95568805529,general practice,R0001075
Chen,Davies,,3661160106,216 victoria rd,York,TS5 5XX,(4545) 3953063,pediatrics,R0001425
Chen,Thomas,,3812352923,211 Park Avenue,York,TS12 8XX,41772831172,orthopaedics,R0000737
G.,Sharma,,1331492759,86 Church Lane,Middlesbrough,TS12 1XX,2596 362 0786,orthopedics,R0003016
Sarah,Davies,,6422219858,212 Park Avenue,Durham,TS21 5XX,51642484428,general practice,R0003089
Omar,Williams,,9197263712,230 Station Road,Middlesbrough,TS10 5XX,65129214038,general practice,R0000393
Sarah,Thomas,,8470123257,134 Church Lane,York,TS2 3XX,88108158753,gp,R0000676
Mohammed,Patel,,5670035014,208 Station Road,Durham,TS2 8XX,14969070637,orthopedics,R0000856
Amara,Williams, Jr,7178151660,247 Victoria Road,Leeds,TS14 3XX,9793 552 9894,paediatrics,R0002492
Wei,Ahmed,,4285562586,88 Victoria Road,Middlesbrough,TS21 6XX,89149815375,orthopedics,R0002906
Mohammed,Davies,,9581383997,142 Park Avenue,Leeds,TS25 8XX,83190727519,cardiovascular medicine,R0003893
Priya,Wilson,,0093065229,68 Church Lane,Durham,TS23 6XX,15679638227,cardiology,R0006344
Elena,Smith, Dr,6617733816,217 Park Avenue,Leeds,TS8 5XX,30474775608,cardiovascular medicine,R0005571
Rajesh,Evans,,2187644018,30 Station Road,Durham,TS21 3XX,26048770122,pediatrics,R0000177
Mohammed,Brown,,3075491962,239 Park Avenue,Durham,TS11 3XX,81069515286,orthopaedics,R0000472
Amara,Davies,,1241154303,228 Church Lane,Newcastle,TS11 5XX,01643354828,ortho surgery,R0004034
Amara,Williams, Jr,9522305057,36 Park Avenue,Middlesbrough,TS22 4XX,74440468532,cardiology,R0004626
Lucy,Sharma, Jr,2897078091,22 Church Lane,Durham,TS10 6XX,3409 292 1327,paediatrics,R0006902
A.,Patel,,2575780679,127 Victoria Road,Newcastle,TS19 3XX,17154606144,cardiology,R0007407
John,Ali,,0681756043,100 High St,Durham,TS15 8XX,1766 362 7445,orthopedics,R0001539
Aisha,Smiht,,,13 Station Rd,Durham,TS2 5XX,6559 761 0055,gp,R0006215
Wei,Evans,,3253659631,96 High Street,Durham,TS1 4XX,03809986109,cardiology,R0003012
Wei,Evans,,1802157456,259 Church Lane,Durham,TS9 2XX,11000162508,family medicine,R0001858
W.,Taylor, Jr,3408294606,77 Park Ave,Durham,TS23 1XX,44457526516,paediatrics,R0002650
Grace,Sharma,,9486940211,76 Victoria Road,Durham,TS11 1XX,82526038005,general practice,R0007314
C.,Roberts, Dr,7621207246,124 Station Rd,Newcastle,TS27 5XX,2575 473 1877,ortho surgery,R0003262
Priya,Khan,,2356081929,211 Church Lane,Newcastle,TS22 5XX,94156727522,cardiovascular medicine,R0006828
Wei,Roberts,,9961617016,188 Station Road,Middlesbrough,TS4 3XX,47549749734,pediatrics,R0005106
James,Patel,,3212683780,279 Victoria Road,Middlesbrough,TS20 7XX,84604911754,orthopedics,R0001046
John,Thomas, MD,7215421801,167 Station Rd,Leeds,TS2 2XX,34519547905,general practice,R0004373
Sarah,Thomas,,2240780659,87 Park Avenue,Newcastle,TS24 5XX,96841615782,cardiovascular medicine,R0004302
R.,Roberts, Dr,,206 Park Avenue,Newcastle,TS10 5XX,0696 854 1263,cardiovascular medicine,R0003951
Priya,Jones,,6765483989,174 Park Avenue,Leeds,TS19 4XX,99077690901,paediatrics,R0004906
David,Ali,,2436580133,160 Church Lane,Newcastle,TS28 4XX,56559463491,gp,R0006354
Cehn,Wilson, Jr,,36 Station Road,Durham,TS17 1XX,1370 213 2609,pediatrics,R0001765
David,Roberts,,6182657727,30 Church Lane,Leeds,TS4 5XX,44671295496,gp,R0002268
W.,Patel,,8855795257,6 Park Avenue,York,TS5 1XX,63914508392,general practice,R0007226
R.,Ali, Jr,0364373152,253 church ln,Newcastle,TS8 5XX,0577 639 5721,paediatrics,R0006663
John,Williams,,4424618675,258 Station Road,Durham,TS27 2XX,39881198334,general practice,R0005573
G.,Davies,,3257870920,257 Church Ln,York,TS4 2XX,(2476) 0168031,gp,R0001915
Wei,Taylor,,9991117148,232 Church Lane,Newcastle,TS15 4XX,95167801676,cardiology,R0001426
Priya,Nguyen,,2638246133,254 victoria rd,Newcastle,TS29 7XX,7219 141 4348,cardiovascular medicine,R0006980
J.,Nguyen, MD,,255 park avenue,Middlesbrough,TS21 2XX,1593 515 0983,cardiovascular medicine,R0007316
David,Taylor,,4733512686,27 Victoria Road,Middlesbrough,TS3 7XX,08406968295,gp,R0005674
Mohammed,Patel,,5501063019,135 Station Road,Durham,TS14 2XX,30734182587,cardiovascular medicine,R0000332
Mohammed,Nguyen,,4469832322,177 Church Lane,Middlesbrough,TS16 7XX,40335237192,ortho surgery,R0001755
C.,Ahmed,,0122234029,55 Station Road,Middlesbrough,TS26 1XX,60263633301,cardiovascular medicine,R0007136
John,Roberts,,1118976624,73 Victoria Road,Leeds,TS1 2XX,56446273113,orthopedics,R0004842
John,Williams,,7362096668,105 High St,Newcastle,TS14 5XX,98390122648,orthopaedics,R0003105
Chen,Wilson,,4796650110,247 Church Lane,Leeds,TS1 5XX,62833983952,cardiology,R0005416
A.,Roberts, MD,9488811459,236 station rd,Newcastle,TS26 8XX,1227 640 5742,cardiovascular medicine,R0000811
John,Sharma,,7015286774,68 High Street,York,TS8 6XX,99779409598,gp,R0006774
Priya,Khan,,6096862639,247 Church Lane,Durham,TS1 2XX,69298750117,cardiology,R0005436
A.,Wilson, Jr,1482941149,150 Station Rd,Durham,TS24 7XX,(1572) 9810586,cardiovascular medicine,R0002603
Priya,Evans,,9048784371,94 Station Road,Durham,TS20 1XX,53590947437,ortho surgery,R0000041
Grace,Sharma,,8219002158,86 High Street,York,TS10 7XX,33109489558,ortho surgery,R0005093
Fatima,Taylor,,1735914143,93 Victoria Road,Leeds,TS18 2XX,48629849139,ortho surgery,R0001918
Rajesh,Davies,,3903094097,18 Church Lane,York,TS23 3XX,28268020610,cardiovascular medicine,R0005427
James,Nguyen,,7801637041,257 Park Avenue,Durham,TS17 5XX,02629033192,general practice,R0004647
Elena,Nguyen,,1801853102,59 High St,Durham,TS28 3XX,09637671356,family medicine,R0005026
Omar,Wilson,,3665512514,66 High Street,Durham,TS3 1XX,62332762675,cardiovascular medicine,R0000217
Wei,Taylor,,6980241501,172 High Street,Leeds,TS23 2XX,92037108537,ortho surgery,R0000185
Aisha,Patel,,9293355833,59 Station Road,York,TS1 5XX,53803387436,paediatrics,R0007340
Grace,Ngyuen,,0189290736,213 Victoria Rd,York,TS7 8XX,25189344960,pediatrics,R0004092
D.,Khan, Jr,,267 Victoria Rd,Durham,TS12 6XX,68818673481,paediatrics,R0003168
Amara,Nguyen, Jr,9942088508,158 High Street,Middlesbrough,TS7 7XX,4571 404 2922,paediatrics,R0000586
Wei,Patel,,6274603404,74 Church Lane,York,TS15 7XX,70698378386,cardiovascular medicine,R0001002
Fatima,Wilson,,3803721781,13 Church Lane,Newcastle,TS5 2XX,24843823215,cardiovascular medicine,R0003538
Priya,Davies,,6242083500,267 Park Avenue,York,TS20 8XX,80221449805,pediatrics,R0004507
Sarah,Davies,,4178511455,265 Station Road,York,TS9 6XX,76090905106,gp,R0000087
Chen,Sharma, Jr,7529301905,254 Church Lane,Durham,TS24 4XX,68887357294,pediatrics,R0003197
Omar,Ahmed,,2889060007,233 Park Avenue,Newcastle,TS19 5XX,17936557289,cardiology,R0002614
John,Evans,,8764476047,228 Park Avenue,Middlesbrough,TS13 7XX,71917850110,general practice,R0006993
D.,Ali,,4010334480,273 Victoria Road,Leeds,TS28 2XX,1129 416 5777,ortho surgery,R0001501
Grace,Taylor,,3167608970,35 Church Lane,Leeds,TS19 7XX,88901877246,paediatrics,R0004271
Mohammed,Evans,,,253 High Street,Durham,TS14 2XX,56732652551,orthopedics,R0006602
David,Thomas,,3191416292,96 Park Ave,Middlesbrough,TS4 3XX,8963 323 4620,paediatrics,R0001662
Mohammed,Smith,,8298134899,24 Church Lane,York,TS5 4XX,18352877839,family medicine,R0005608
D.,Thomas, MD,,294 victoria road,Durham,TS19 6XX,8669 755 0473,cardiovascular medicine,R0006487
Lucy,Nguyen,,2433336413,21 Victoria Road,Newcastle,TS2 5XX,91023923239,pediatrics,R0001921
James,Sharma,,,94 High St,Durham,TS28 5XX,(9809) 0284629,cardiology,R0004671
A.,Roberts, MD,3654540447,23 Park Ave,York,TS12 6XX,9822 466 7580,orthopaedics,R0002818
John,Williams,,2396480354,46 Park Avenue,Durham,TS14 8XX,94961102306,cardiology,R0001465
E.,Ahmed,,0797137749,293 Station Road,Durham,TS15 6XX,54888047837,ortho surgery,R0001193
David,Ali,,8013612845,277 Church Lane,Newcastle,TS4 5XX,00494790688,ortho surgery,R0003126
Jmaes,Patel, MD,3212683780,279 Victoria Road,Middlesbrough,TS20 7XX,(8460) 4911754,orthopaedics,R0001047
Sarha,Ahmed,,9818952342,19 park ave,Durham,TS5 1XX,1325 433 7032,cardiology,R0005344
D.,Taylor,,3071816863,62 Park Avenue,Newcastle,TS18 3XX,27151289887,pediatrics,R0006446
Chen,Ahmed, Jr,6042817846,234 church ln,Durham,TS20 3XX,69332983974,paediatrics,R0002112
Grace,Sharma, MD,,255 Park Avenue,Durham,TS23 6XX,(9612) 6782349,orthopedics,R0006250
Elena,Brown,,8652307973,70 Church Lane,Newcastle,TS13 7XX,54524376384,paediatrics,R0001034
John,Jones, Jr,,289 station road,Leeds,TS10 6XX,3925 877 4928,pediatrics,R0006687
C.,Khan, Jr,,202 Church Ln,York,TS21 7XX,(4818) 5166296,pediatrics,R0007076
Fatima,Ali, MD,1241621299,30 Park Ave,Newcastle,TS7 4XX,0959 126 6798,gp,R0000233
Omar,Ali,,0437729177,34 High Street,Durham,TS8 3XX,07857357461,family medicine,R0001175
Wei,Evans,,5356128099,77 Station Road,Leeds,TS6 5XX,27398450054,cardiology,R0000706
Omar,Sharma, Jr,0123496686,187 High St,Durham,TS18 7XX,(6504) 2067028,ortho surgery,R0006317
Chen,Sharma,,1689479842,243 Station Road,Leeds,TS29 6XX,87476732129,cardiovascular medicine,R0001671
Elena,Wilson,,9736925764,193 Church Lane,York,TS15 3XX,87615212175,cardiovascular medicine,R0003217
Elena,Patel,,7206310110,288 Station Road,Newcastle,TS12 1XX,86954503428,gp,R0001864
Fatima,Evans,,6836869847,209 Church Lane,Newcastle,TS3 8XX,82156365340,cardiovascular medicine,R0004925
A.,Nguyen, Jr,5123935782,264 Church Lane,Newcastle,TS28 5XX,7569 778 0865,ortho surgery,R0006566
Mohammed,Patel,,3048599875,185 High Street,Leeds,TS27 1XX,73914848347,cardiology,R0005368
Fatima,Roberts,,9420838376,181 Park Avenue,Durham,TS9 1XX,04866244163,family medicine,R0001188
Sarah,Thomas,,7097340919,177 Park Avenue,Newcastle,TS11 8XX,43394465531,gp,R0001330
Priya,Sharma,,1699910171,42 Park Avenue,York,TS23 1XX,40075703155,paediatrics,R0003749
Aisha,Taylor,,4061687563,103 Park Avenue,Durham,TS6 3XX,74298745958,cardiovascular medicine,R0002851
Elena,Ali,,2349076285,277 Church Ln,Leeds,TS13 7XX,98369607540,cardiology,R0003684
Aisha,Khan,,0377369086,32 Victoria Road,Middlesbrough,TS8 4XX,76324198746,pediatrics,R0003992
Priya,Sharma,,5006146790,274 High Street,Middlesbrough,TS22 1XX,40886956493,pediatrics,R0005169
Priay,Smith,,2474029938,151 park ave,Newcastle,TS26 6XX,36336553406,pediatrics,R0000069
Grace,Ali,,2399395905,238 Victoria Road,Newcastle,TS17 1XX,91385201771,gp,R0003757
David,Davies,,0820586420,273 High Street,Middlesbrough,TS10 5XX,05714373709,paediatrics,R0005133
Elena,Brwon, Dr,,206 Church Lane,York,TS21 5XX,35514209382,paediatrics,R0007287
Omar,Ahmed,,7448372411,193 Station Road,Middlesbrough,TS19 2XX,69916966847,gp,R0006537
David,Evans, Jr,6266174037,11 park avenue,Leeds,TS22 4XX,40981575292,cardiovascular medicine,R0000496
Priya,Williams,,0667136880,178 Church Lane,Middlesbrough,TS24 1XX,81084462642,cardiology,R0000381
Grace,Nguyen,,8758917038,151 Park Avenue,Durham,TS20 2XX,71305880923,pediatrics,R0003617
James,Ahmed,,4937313828,121 Park Avenue,Durham,TS22 5XX,60671553002,general practice,R0001372
Chen,Nguyen,,8174951065,229 Station Road,Leeds,TS23 1XX,11547143791,cardiology,R0005391
James,Smith,,2494852426,4 Church Lane,Middlesbrough,TS20 5XX,07046666543,cardiovascular medicine,R0005960
Aihsa,Thomas, Jr,2242946715,11 Church Lane,Durham,TS14 1XX,48825673386,cardiology,R0005735
Lucy,Patel,,1872873076,41 Church Lane,Leeds,TS11 3XX,82460565646,gp,R0002973
Elena,Jonse, MD,2502208455,107 station rd,Leeds,TS3 7XX,(7678) 0698252,cardiovascular medicine,R0003473
Lucy,Thomas,,1021091521,66 Station Road,Leeds,TS14 5XX,97013525709,ortho surgery,R0006603
Priya,Ali,,6684019906,218 Park Avenue,Middlesbrough,TS23 4XX,25926766721,ortho surgery,R0002206
David,Smith,,1407544880,43 Park Avenue,York,TS23 7XX,76287225364,orthopedics,R0001153
Omar,Sharma,,5876122695,189 Church Lane,Newcastle,TS15 6XX,6853 702 1980,ortho surgery,R0006007
Graec,Smith,,4746374793,8 station rd,Newcastle,TS20 8XX,3317 882 4410,ortho surgery,R0002166
John,Smith, Jr,,184 Church Ln,Middlesbrough,TS15 7XX,6718 540 8635,paediatrics,R0003295
Omar,Jones,,4841308891,97 Station Road,Middlesbrough,TS14 6XX,21137369007,general practice,R0007374
Rajesh,Nguyen,,3305934321,37 Park Avenue,York,TS25 2XX,2691 512 0766,gp,R0006894
Priya,Brown,,9314563952,278 victoria road,Newcastle,TS15 1XX,5516 817 1740,orthopaedics,R0000019
Rajesh,Ahmed, MD,,98 Victoria Rd,Leeds,TS14 7XX,(7637) 8968875,pediatrics,R0003248
Sarah,Wlison,,4393815106,11 Park Avenue,York,TS14 3XX,71496820857,cardiology,R0002574
Elena,Brown,,6721049955,145 Church Lane,Leeds,TS13 8XX,62079138213,pediatrics,R0001811
Priya,Jones,,4285601589,62 Station Road,Newcastle,TS16 6XX,59156560666,paediatrics,R0006160
Priya,Davies,,4671032296,230 Station Road,Durham,TS5 2XX,04655165920,orthopaedics,R0002521
Oamr,Thomas,,0988499537,10 High Street,Leeds,TS1 7XX,(0754) 6082885,general practice,R0002917
Sarah,Khan,,8330494611,42 Park Avenue,Middlesbrough,TS14 3XX,05908570809,family medicine,R0000239
Elena,Smith,,5679896878,48 church lane,York,TS27 4XX,(6610) 6756017,cardiology,R0002351
Aisha,Khan,,9908535484,48 High Street,Leeds,TS16 4XX,59389859428,paediatrics,R0002929
John,Taylor, Jr,9838916059,268 Victoria Rd,York,TS18 7XX,06371477793,orthopaedics,R0004717
Davdi,Khan, MD,,87 Church Ln,Durham,TS22 2XX,52187110327,cardiology,R0003870
Fatima,Ahmed,,9227841814,271 Church Lane,Leeds,TS28 4XX,61831556733,cardiology,R0005540
P.,Brown,,,284 High St,Durham,TS11 4XX,47990778454,family medicine,R0001670
Omar,Wilson,,9674658540,127 Victoria Road,York,TS24 6XX,06422606800,cardiology,R0000773
Mohammed,Williams,,4543848998,97 Church Lane,York,TS20 5XX,(8542) 8642571,paediatrics,R0005911
Grace,Ali,,5221577698,80 Station Road,Newcastle,TS2 6XX,50387571164,general practice,R0004932
A.,Roberts, MD,8235313459,9 Church Lane,Leeds,TS20 7XX,(4428) 8132902,ortho surgery,R0000308
Wei,Smith,,6564381713,70 High Street,Middlesbrough,TS2 3XX,93668902779,paediatrics,R0004149
Chen,Nguyen,,6613057605,238 Victoria Road,Middlesbrough,TS16 3XX,95758274561,cardiovascular medicine,R0002291
Elena,Kahn,,0744225257,26 High Street,Middlesbrough,TS19 3XX,57213448083,paediatrics,R0006167
Elena,Brown,,8162423551,65 High Street,Leeds,TS27 3XX,54304993529,cardiovascular medicine,R0001558
Priya,Roberts,,2354283569,119 Church Lane,York,TS27 4XX,20313551440,pediatrics,R0001720
John,Evans,,0377643419,143 High Street,York,TS22 2XX,95103206508,family medicine,R0004251
Lucy,Brown,,,256 Victoria Road,Leeds,TS15 1XX,23983115953,general practice,R0003761
Graec,Davies, Jr,,210 Church Lane,Newcastle,TS21 4XX,20399860500,pediatrics,R0006081
J.,Thomas, Jr,7215421801,262 High St,Leeds,TS21 5XX,73147506479,family medicine,R0004372
Aisha,Roberts,,8970247781,298 Church Lane,Durham,TS12 3XX,68440209872,orthopaedics,R0004024
Elena,Brown,,0289942907,232 Station Road,Leeds,TS27 8XX,87448925516,orthopedics,R0007329
John,Taylor,,6028689323,125 Church Lane,Leeds,TS12 2XX,39474461311,gp,R0002221
Fatima,Kahn,,2884225382,58 Station Rd,York,TS9 4XX,2841 184 3393,paediatrics,R0006292
Grace,Khan, Dr,,170 Victoria Rd,Newcastle,TS16 3XX,1563 445 8454,cardiovascular medicine,R0002941
Aisha,Khan,,8163471353,48 Station Road,Middlesbrough,TS19 1XX,12713051132,cardiology,R0002641
Aisha,Davies, MD,7808723362,74 Station Road,York,TS22 4XX,(1184) 0302193,cardiology,R0004378
Wei,Evans,,1802157456,259 Church Lane,Durham,TS9 2XX,1100 016 2508,general practice,R0001859
Omar,Evans,,4506797253,44 Park Avenue,Newcastle,TS11 7XX,17773790933,orthopedics,R0005040
Lucy,Wilson,,3440216415,90 Church Lane,Durham,TS29 8XX,40010697737,paediatrics,R0004367
David,Williasm, Jr,5260241244,166 Station Rd,Newcastle,TS15 3XX,5304 345 2452,gp,R0003933
R.,Davies, MD,1032524641,295 Church Ln,Newcastle,TS23 2XX,88695910445,pediatrics,R0006656
Lucy,Khan,,8217913774,197 Church Lane,Newcastle,TS9 6XX,29084324893,orthopedics,R0005859
Priya,Patel,,7531765111,102 High Street,Newcastle,TS11 6XX,99344075357,cardiology,R0000538
Mohammed,Ahmed,,4208958395,239 Victoria Road,Durham,TS27 5XX,89730468765,gp,R0002375
Amara,Smith,,7398199726,259 Victoria Road,Newcastle,TS13 6XX,32642635388,family medicine,R0001197
A.,Brown,,8839710171,180 Victoria Road,Middlesbrough,TS11 1XX,63618448505,cardiology,R0000743
Chen,Davies,,8392590746,170 Victoria Road,Leeds,TS29 8XX,55723303908,cardiology,R0005846
Omar,Thomas,,6120416497,253 Station Road,Leeds,TS13 1XX,70844067429,orthopaedics,R0004816
Fatima,Evans,,0467886155,238 Station Road,Durham,TS18 7XX,02229378076,paediatrics,R0005842
Wei,Khan, MD,2059778567,63 High Street,Leeds,TS7 5XX,51181888782,pediatrics,R0006997
Aisha,Brown,,,238 High Street,Newcastle,TS23 8XX,9848 016 0239,cardiovascular medicine,R0006728
Priya,Sharma,,3961519025,90 Park Avenue,York,TS28 2XX,92736078375,cardiology,R0003424
Rajesh,Roberts,,0461568286,86 Church Lane,York,TS29 6XX,49626967680,paediatrics,R0003328
Amara,Evans,,3135661964,10 Victoria Road,Middlesbrough,TS10 4XX,91754454575,family medicine,R0006808
Elena,Wilson,,8250077363,63 Station Road,York,TS10 7XX,43572946941,paediatrics,R0000222
John,Khan,,1678865422,181 park ave,York,TS8 4XX,39997376728,cardiovascular medicine,R0007484
Lucy,Davies,,3547645645,187 Station Road,Leeds,TS23 2XX,31241199435,orthopedics,R0006368
David,Patel,,5491266398,26 Park Avenue,Durham,TS16 4XX,58014516024,cardiology,R0002399
A.,Taylor,,3874932008,189 High Street,Durham,TS3 2XX,32194479244,gp,R0002795
Aisha,Nguyen, Dr,5065825866,27 Victoria Road,York,TS6 8XX,1577 741 0396,pediatrics,R0002283
A.,Nguyen, MD,,141 Park Avenue,York,TS4 1XX,7682 583 4784,orthopaedics,R0006139
Wei,Jones,,6540637120,6 Station Road,Newcastle,TS15 4XX,22697740785,cardiology,R0000509
David,Nguyen,,2636029796,69 High Street,York,TS26 6XX,58191984403,general practice,R0002260
E.,Brown, Dr,8162423551,65 High St,Leeds,TS27 3XX,54304993529,cardiovascular medicine,R0001559
Grace,Brown,,8949074514,3 Victoria Road,Newcastle,TS24 3XX,71437451191,orthopedics,R0007276
Fatima,Taylor,,6207138046,135 Victoria Road,Leeds,TS10 2XX,92687553577,cardiovascular medicine,R0005168
John,Taylor,,,125 Park Ave,York,TS12 6XX,(6987) 6819425,cardiovascular medicine,R0003590
Mohammed,Evans, MD,,86 Park Ave,Durham,TS23 1XX,0245 235 5567,pediatrics,R0002034
Sarah,Williams,,0478789243,110 Park Avenue,Newcastle,TS26 1XX,51346793501,ortho surgery,R0001775
Elena,Wlison, MD,4913785469,265 victoria rd,Leeds,TS11 8XX,2697 612 2098,cardiovascular medicine,R0007189
Amara,Khan,,0069007771,124 Victoria Road,Durham,TS5 1XX,67755613086,cardiovascular medicine,R0001706
Amara,Roberts,,2660123872,239 Church Lane,Middlesbrough,TS27 6XX,26025625110,cardiovascular medicine,R0005711
Grace,Smith,,4400665421,267 Park Avenue,Leeds,TS21 3XX,46766587007,orthopaedics,R0007238
R.,Brown,,,196 Park Avenue,Newcastle,TS8 8XX,(3686) 0805627,family medicine,R0003658
Jamse,Ahmed, Jr,1350946274,147 Church Lane,Leeds,TS6 4XX,(3553) 1223727,paediatrics,R0004359
John,Ali,,4931681864,224 High Street,Leeds,TS15 3XX,73643844264,general practice,R0007231
John,Roberts, Dr,9896082476,77 park ave,York,TS8 8XX,6532 667 7586,family medicine,R0006018
Sarah,Roberts, MD,9275778959,106 church lane,Middlesbrough,TS11 6XX,08828739545,general practice,R0003939
Lucy,Smith,,8554404342,145 Church Lane,Newcastle,TS3 4XX,20745619882,cardiology,R0005838
Chen,Smiht,,4602670694,126 Victoria Rd,Durham,TS25 6XX,48541379556,pediatrics,R0005683
James,Sharma,,7996989320,36 Victoria Road,Middlesbrough,TS25 5XX,45049334902,general practice,R0007460
E.,Smith,,4769355007,213 Victoria Road,Durham,TS4 6XX,07340247525,cardiovascular medicine,R0001876
Rajesh,Patel,,2561315463,249 Victoria Road,Middlesbrough,TS8 1XX,82078820217,orthopaedics,R0004094
Rajesh,Roberts, MD,8753245327,36 Church Ln,York,TS24 8XX,7728 751 5613,ortho surgery,R0003945
Sarah,Khan,,7263588079,38 Park Avenue,Middlesbrough,TS20 6XX,64564773674,ortho surgery,R0000748
Sarah,Patel, MD,,225 Church Ln,Middlesbrough,TS1 1XX,54896288072,cardiovascular medicine,R0006513
Mohammed,Thomas, MD,3459053083,247 park avenue,Durham,TS26 8XX,91059923691,cardiology,R0001295
James,Taylor,,4201755151,292 Station Road,Newcastle,TS13 1XX,51066271551,cardiovascular medicine,R0002580
Eelna,Khan,,0442886756,252 Station Rd,Middlesbrough,TS18 1XX,15335802320,general practice,R0003819
Priya,Nguyen,,5058507864,283 Park Avenue,Leeds,TS6 7XX,47585335911,orthopedics,R0003790
James,Ahmed,,6206373662,22 Park Avenue,Newcastle,TS24 3XX,22189809800,cardiology,R0003896
Amara,Sharma,,1635902579,298 Victoria Road,York,TS17 4XX,17873824249,pediatrics,R0003386
John,Taylor,,1561362215,163 High Street,Newcastle,TS6 1XX,93151464976,paediatrics,R0004844
Fatima,Ahmed,,5567846387,185 High Street,Durham,TS4 5XX,86058683486,gp,R0005755
Grace,Smith,,4746374793,8 Station Road,Newcastle,TS20 8XX,33178824410,orthopaedics,R0002164
Chen,Sharma,,9238370967,20 High Street,Newcastle,TS15 2XX,10629208758,gp,R0002445
Lucy,Evans,,1309532613,265 High Street,Durham,TS23 6XX,94687487843,gp,R0004439
Elena,Patel,,9085950004,211 Park Avenue,Durham,TS24 5XX,11198022709,general practice,R0004151
Elena,Patel, MD,8104528296,266 High St,York,TS3 7XX,64665332744,general practice,R0001784
David,Williams,,5260241244,166 Station Road,Newcastle,TS15 3XX,53043452452,general practice,R0003932
Aisha,Davies,,5474818922,81 Victoria Road,York,TS21 2XX,47840468871,orthopaedics,R0001297
Omar,Sharma,,9524373079,124 Station Road,Newcastle,TS2 3XX,03698963908,ortho surgery,R0002470
Lucy,Ali,,2595779319,219 church lane,Middlesbrough,TS19 7XX,(7390) 8123407,orthopedics,R0002628
Amara,Jones,,1565600285,279 Station Road,Durham,TS13 2XX,56931831509,paediatrics,R0002855
Grace,Khan,,0499177286,176 Victoria Road,York,TS7 4XX,30066620819,cardiology,R0006082
Aisha,Daives, Dr,3807370916,72 Victoria Road,Newcastle,TS1 7XX,94859865029,pediatrics,R0003706
Priya,Nguyen,,3253729049,185 Victoria Road,Newcastle,TS18 5XX,22533674212,pediatrics,R0002881
Lucy,Brown,,2555083156,10 High Street,Newcastle,TS18 8XX,60295105521,orthopaedics,R0001623
Lucy,Tayolr, Jr,,237 Church Ln,Durham,TS21 7XX,(7017) 0675513,pediatrics,R0007421
Mohammed,Sharma,,3718180920,100 Victoria Road,Middlesbrough,TS18 6XX,38805618659,cardiovascular medicine,R0006835
Elena,Khan,,7137823149,82 Station Road,Leeds,TS12 8XX,56775551480,paediatrics,R0000877
Aisha,Smith,,3196776708,112 Park Avenue,Durham,TS12 7XX,30921628409,cardiovascular medicine,R0000050
Amara,Patel,,3798259425,202 Church Lane,Leeds,TS10 8XX,98482316768,cardiology,R0005143
Wei,Patel,,5657389042,245 Park Avenue,York,TS9 3XX,31169591957,general practice,R0001618
Omar,Taylor,,0161252166,100 Park Avenue,Newcastle,TS4 4XX,29506027575,paediatrics,R0000245
Wei,Smith,,,139 Church Lane,Durham,TS4 6XX,(3095) 3872952,family medicine,R0001882
Aisha,Smith,,7145579193,172 Church Ln,York,TS11 4XX,(7015) 3603820,orthopedics,R0006685
Rajesh,Ali,,4048691965,159 High Street,Middlesbrough,TS8 6XX,56672839705,cardiovascular medicine,R0007280
Jmaes,Williams,,6308071725,177 Park Avenue,Middlesbrough,TS2 8XX,2456 841 9932,pediatrics,R0007051
Lucy,Khan,,2538884158,284 Park Avenue,Leeds,TS11 5XX,46320769360,cardiovascular medicine,R0006926
John,Roberts,,6262263351,167 High Street,York,TS5 6XX,69170617002,orthopaedics,R0003717
John,Thomas, Jr,5608575648,185 High St,Leeds,TS7 1XX,4031 446 0161,orthopedics,R0005965
Amara,Ali,,0844668822,221 Victoria Road,Newcastle,TS29 8XX,69784909979,cardiology,R0003098
Amraa,Patel,,4937908764,290 park avenue,Middlesbrough,TS27 2XX,17032928556,family medicine,R0005614
Elena,Evans,,1627707125,287 Church Lane,Durham,TS10 8XX,65724413869,orthopaedics,R0006612
David,Wilson,,7277792703,132 Park Avenue,Newcastle,TS4 6XX,35884842939,ortho surgery,R0004428
Fatmia,Sharma, MD,,290 high st,York,TS7 5XX,59159127129,gp,R0001862
Wei,Thomas,,7217777430,288 Church Lane,Durham,TS6 3XX,52854297521,ortho surgery,R0004651
Aisha,Ahmed,,8473512538,108 Church Lane,Durham,TS5 5XX,03056692795,general practice,R0006485
Aisha,Williams, MD,1822875824,109 High Street,Newcastle,TS10 7XX,77233770733,cardiology,R0003534
Omar,Wlison, MD,3382653407,292 High Street,Middlesbrough,TS8 5XX,28939013957,pediatrics,R0001616
John,Williams,,7689817346,236 Park Avenue,York,TS29 2XX,(0084) 4645019,cardiology,R0000321
Wei,Ali,,,218 High Street,Leeds,TS8 4XX,(2312) 8590478,cardiovascular medicine,R0005935
John,Williams,,,113 High St,Durham,TS9 6XX,91902585127,cardiovascular medicine,R0001055
Amaar,Smith, Dr,,177 Church Ln,Newcastle,TS1 8XX,8950 967 2716,orthopaedics,R0005633
David,Ngyuen, Jr,0677579712,80 Station Road,Leeds,TS11 2XX,6176 902 8450,pediatrics,R0000736
O.,Roberts,,0915530712,285 Church Lane,York,TS27 1XX,97333229512,orthopaedics,R0007389
Fatiam,Smith,,4885201257,60 Church Ln,Newcastle,TS5 4XX,6099 772 1215,orthopaedics,R0002273
Fatima,Smith,,7771780006,275 Station Road,Newcastle,TS28 1XX,77018019792,paediatrics,R0003279
David,Taylor,,0209412666,251 Victoria Road,Newcastle,TS13 6XX,10234944509,cardiology,R0005464
A.,Roberts, Dr,5916764216,280 church lane,York,TS2 4XX,(8670) 4577080,pediatrics,R0004169
Chen,Ahmed,,0394384705,207 high st,Middlesbrough,TS16 5XX,14448909096,family medicine,R0003337
D.,Sharma, MD,0880551583,218 park avenue,Newcastle,TS14 1XX,21362592836,paediatrics,R0001370
Amara,Khan,,2507293796,76 Victoria Road,Durham,TS14 8XX,99707227709,paediatrics,R0004827
R.,Thomas,,7492998504,163 Church Lane,Leeds,TS2 8XX,60186121607,cardiovascular medicine,R0005281
Lucy,Evans,,4077173787,105 Victoria Road,Middlesbrough,TS10 1XX,13031187452,family medicine,R0002215
Priya,Khan, Jr,3794556605,45 Station Road,Newcastle,TS27 3XX,52018312641,pediatrics,R0005108
M.,Roberts, MD,2996949508,4 Victoria Rd,Newcastle,TS13 1XX,(5886) 7061705,cardiovascular medicine,R0001731
Priya,Davies,,3987092784,218 Station Rd,Leeds,TS10 1XX,3494 013 3349,pediatrics,R0007117
Sarah,Thomas,,3146500792,178 Victoria Rd,York,TS5 3XX,(9386) 8414994,general practice,R0003393
Omar,Sharma,,1237540122,243 Church Lane,Newcastle,TS13 3XX,50703947283,general practice,R0002526
Elena,Wliliams,,9933205281,200 Church Ln,York,TS3 4XX,7331 296 1414,general practice,R0000435
Fatima,Sharma, Jr,6966230507,173 Victoria Rd,Newcastle,TS5 6XX,4078 490 8665,gp,R0003049
James,Ali,,9892821279,194 Park Avenue,Leeds,TS18 5XX,53138403456,cardiology,R0001919
Jaems,Taylor,,7918018796,226 victoria road,York,TS15 7XX,9520 751 0933,ortho surgery,R0000576
Aisha,Williams,,2301054293,14 High Street,Middlesbrough,TS22 5XX,22247670572,family medicine,R0001922
James,Nugyen, Jr,8153686239,19 high street,Durham,TS15 4XX,01461584740,ortho surgery,R0005269
David,Evans,,5900106672,17 Park Avenue,Middlesbrough,TS29 3XX,01574311871,general practice,R0004427
Mohammed,Nguyen,,0752426957,225 Park Avenue,Newcastle,TS17 4XX,17897373808,gp,R0003107
Wei,Khan,,0777311890,45 Park Avenue,Newcastle,TS24 2XX,68963610050,orthopedics,R0004053
Lucy,Jones,,6314491383,4 High Street,Leeds,TS14 2XX,14073740970,pediatrics,R0005663
David,Khan,,3682399554,2 Victoria Road,York,TS12 4XX,82044054630,orthopedics,R0006191
Wei,Taylor,,6137237328,72 Victoria Road,Newcastle,TS13 1XX,47901211425,cardiovascular medicine,R0003528
Omar,Ali,,0727580563,172 Station Road,Leeds,TS22 2XX,92490383201,pediatrics,R0002892
Fatima,Evans,,4209131203,169 Victoria Road,Leeds,TS28 6XX,86958090172,pediatrics,R0002407
Grace,Jones,,7170462666,134 Station Road,Durham,TS22 3XX,79877827139,cardiology,R0000486
O.,Brown,,,188 park avenue,York,TS19 2XX,0610 748 8173,cardiovascular medicine,R0001803
Fatima,Khan, Dr,8754554803,181 Station Rd,Middlesbrough,TS3 8XX,7324 720 4551,gp,R0002233
John,Roberts,,5149733909,227 Park Avenue,Newcastle,TS10 6XX,30492199899,paediatrics,R0001643
David,Jones, Dr,8480458768,85 Station Road,Newcastle,TS27 8XX,(5084) 8003801,family medicine,R0003290
Elena,Sharma,,9053034417,190 Station Road,York,TS16 5XX,53450742034,ortho surgery,R0001832
Omar,Ahmed, Dr,7196985265,56 Park Ave,York,TS18 6XX,31344823158,family medicine,R0001483
Chen,Jones, Jr,1627752208,13 Station Rd,York,TS1 5XX,(2537) 9684131,general practice,R0004618
Chen,Brown,,2704561021,277 Church Lane,Newcastle,TS9 4XX,20725681594,orthopedics,R0000625
Lucy,Patel,,,43 Station Rd,York,TS29 5XX,4675 383 1270,gp,R0004319
Omar,Evans,,4564493914,177 Victoria Road,Leeds,TS4 6XX,54932346732,family medicine,R0006699
Rajesh,Taylor, Jr,,249 Park Avenue,Durham,TS26 1XX,(7231) 3251573,orthopedics,R0007089
Grace,Williams,,9798653104,217 Church Lane,York,TS14 3XX,47926844559,pediatrics,R0004750
Elena,Brown,,6288734975,3 Park Avenue,Newcastle,TS15 3XX,38437868869,family medicine,R0005495
D.,Taylor, Jr,1021796778,15 High Street,Newcastle,TS14 5XX,74201037351,ortho surgery,R0001087
James,Sharma,,9404280740,82 Park Avenue,York,TS23 5XX,74014374813,cardiovascular medicine,R0000354
Elena,Jones,,2069644315,102 Church Lane,Middlesbrough,TS13 3XX,17567986849,cardiovascular medicine,R0000048
Grace,Ahmed,,9840045017,297 Park Avenue,Middlesbrough,TS15 1XX,78856964758,family medicine,R0000176
Mohammed,Davies,,4759699233,190 Park Avenue,York,TS14 1XX,41981464179,ortho surgery,R0004273
Amara,Patel, Dr,9472511639,55 victoria rd,Middlesbrough,TS20 7XX,28730435238,cardiology,R0002858
Elena,Roberts, Dr,3943872728,26 High Street,Durham,TS5 6XX,9648 159 3044,orthopedics,R0001554
Rajesh,Sharma,,9560105895,293 High Street,Durham,TS19 5XX,75741094320,cardiovascular medicine,R0001320
Chen,Williams,,3824235720,63 Park Avenue,York,TS20 4XX,76774356553,cardiology,R0001244
Elena,Davies,,1825361058,51 Park Avenue,Durham,TS13 2XX,49773566862,pediatrics,R0001056
Lucy,Ahmed,,5480043575,81 Station Road,Leeds,TS22 2XX,55774334262,paediatrics,R0000091
J.,Sharma, Jr,2232850411,260 Park Ave,York,TS6 6XX,43062736610,cardiology,R0005337
Rajesh,Wilson,,0997048696,232 Park Avenue,Leeds,TS24 5XX,82206723573,orthopaedics,R0001793
Chen,Ali,,0523431010,103 Church Lane,Middlesbrough,TS6 4XX,52498278583,pediatrics,R0006539
James,Brown,,2390530215,276 Station Road,Durham,TS6 1XX,77204601538,orthopedics,R0007198
John,Ahmed,,4668528915,26 Church Lane,Durham,TS2 2XX,18663105739,ortho surgery,R0006532
James,Williams,,6308071725,129 Victoria Road,Middlesbrough,TS17 7XX,04984050738,pediatrics,R0007050
R.,Williams, Jr,6896522174,62 Station Rd,York,TS26 3XX,43240037540,orthopedics,R0006890
Elena,Roberts,,4726526460,281 High Street,Durham,TS29 1XX,02026764159,cardiology,R0002812
Mhoammed,Patel,,,209 church lane,Durham,TS23 8XX,(5254) 6259691,cardiology,R0002316
Rajesh,Ali,,1428492056,29 Victoria Road,Newcastle,TS26 6XX,34143025394,cardiovascular medicine,R0000106
A.,Evans,,,235 High Street,Durham,TS1 2XX,(4405) 9145353,cardiology,R0002197
David,Roberts, MD,,26 Victoria Road,Newcastle,TS15 5XX,4582 298 5298,ortho surgery,R0001699
Lucy,Khan, MD,5115042820,110 High Street,Leeds,TS1 6XX,06203252993,general practice,R0005380
Lucy,Wilson,,3440216415,90 Church Lane,Durham,TS29 8XX,(4001) 0697737,paediatrics,R0004368
Amraa,Davies, MD,1241154303,228 Church Ln,Newcastle,TS11 5XX,0164 335 4828,orthopedics,R0004035
Daivd,Brown, Dr,,220 church ln,York,TS25 7XX,(9544) 3237262,cardiology,R0004071
Omar,Williams,,6728748067,139 Park Avenue,York,TS16 6XX,24752909712,pediatrics,R0001328
Elena,Wilson, Dr,6361375042,169 Victoria Road,Newcastle,TS2 3XX,5371 822 3922,cardiovascular medicine,R0005118
Fatima,Jones,,1332450007,132 Victoria Road,Middlesbrough,TS28 3XX,81837058148,cardiovascular medicine,R0004010
Lucy,Jones, MD,,298 Park Avenue,Middlesbrough,TS10 1XX,8949 689 5471,paediatrics,R0002124
James,Ahmed, MD,4937313828,26 Park Ave,Durham,TS28 7XX,(7370) 1113087,family medicine,R0001373
Sarah,Brown,,2085986044,207 Park Avenue,York,TS23 1XX,19488171127,pediatrics,R0002131
Rajesh,Patel,,3649794059,116 High Street,Newcastle,TS1 5XX,92283616557,pediatrics,R0002549
Luyc,Davies,,5127785258,160 High St,Newcastle,TS29 7XX,6481 745 4096,general practice,R0002118
Mohammed,Sharma,,5415170897,236 Park Avenue,York,TS16 5XX,81552440413,pediatrics,R0002647
W.,Thomas,,,152 Victoria Road,York,TS27 3XX,08085522274,general practice,R0004847
Wei,Khan,,3669338157,108 Church Lane,Newcastle,TS10 1XX,15553494781,cardiology,R0005186
Chen,Ahmed,,5473900580,79 Park Avenue,Leeds,TS1 3XX,66890809790,general practice,R0002226
J.,Jones,,,236 Station Rd,Newcastle,TS22 7XX,39511986361,pediatrics,R0004557
Omar,Thomas,,3094099470,214 High Street,Leeds,TS20 2XX,06777865830,paediatrics,R0000167
Wei,Davies,,4001793294,276 Station Road,York,TS11 3XX,97158414428,cardiology,R0004301
Grace,Roberts,,8386661911,297 Victoria Road,Leeds,TS2 6XX,30181267512,cardiovascular medicine,R0005664
James,Nguyen,,,144 park avenue,Middlesbrough,TS6 7XX,(0295) 0837633,cardiology,R0001817
Wei,Smith,,3718621541,155 Park Avenue,Newcastle,TS14 4XX,83285998374,gp,R0003149
Elena,Thomas,,2607223415,227 High Street,York,TS11 5XX,19083858576,gp,R0003001
Omar,Patel,,8196846317,43 High Street,York,TS3 5XX,81732925019,cardiology,R0005707
Grace,Sharma, Jr,,257 high street,Durham,TS6 1XX,3032 954 6111,pediatrics,R0003260
Chen,Sharma,,0344397399,264 Station Road,Newcastle,TS27 3XX,35866279850,cardiovascular medicine,R0007210
Sarah,Evans,,8225809517,282 Church Lane,Leeds,TS10 6XX,47899962034,general practice,R0005275
Fatima,Ahmed,,5567846387,185 High St,Durham,TS4 5XX,(8605) 8683486,gp,R0005756
Lucy,Jones,,8091235595,139 Victoria Road,York,TS4 3XX,83504281053,orthopaedics,R0006964
Grace,Sharma,,9514882301,186 Park Avenue,York,TS25 1XX,86060983202,cardiovascular medicine,R0007148
Luyc,Brown, Jr,1414206715,125 church lane,Middlesbrough,TS18 3XX,8615 172 4685,pediatrics,R0002287
Chen,Ahmed,,1824068564,115 Victoria Road,Durham,TS7 1XX,57365922617,pediatrics,R0006977
Aisha,Wilson, Jr,6541848212,299 Park Ave,York,TS20 2XX,3653 332 7160,gp,R0004450
Omar,Wilson,,3032441410,57 Victoria Road,Newcastle,TS29 1XX,(6849) 9180119,cardiovascular medicine,R0004354
Grace,Khan,,,80 park avenue,Leeds,TS11 3XX,90216071318,orthopedics,R0005805
Aisha,Roberts,,4397294645,225 Church Lane,Middlesbrough,TS17 2XX,02817058313,ortho surgery,R0007288
C.,Thomas,,8391316382,295 Station Road,Middlesbrough,TS6 7XX,2218 491 4727,ortho surgery,R0005694
Amara,Thomas,,6722266921,193 Victoria Road,York,TS11 3XX,87138781504,cardiology,R0003039
Lucy,Nguyen,,6546225491,91 High Street,Durham,TS27 5XX,60004409650,pediatrics,R0007008
Amara,Patel,,4937908764,290 Park Avenue,Middlesbrough,TS27 2XX,17032928556,family medicine,R0005612
Sarah,Evans,,8159607064,61 Church Lane,Leeds,TS26 1XX,90355225013,general practice,R0002578
Priya,Brown,,1870244148,217 Station Road,Middlesbrough,TS12 4XX,21071275014,family medicine,R0002510
G.,Sharma,,7720548328,48 Park Ave,Durham,TS28 7XX,(8740) 6796551,ortho surgery,R0000511
Priya,Smith,,9683584580,158 Church Lane,Durham,TS25 7XX,10172796142,orthopaedics,R0005848
Lucy,Jones,,1041753241,241 Church Lane,Durham,TS14 4XX,(8315) 1817448,paediatrics,R0003497
O.,Evans, Jr,8585464689,207 Church Ln,Middlesbrough,TS19 3XX,(2847) 3668154,pediatrics,R0001420
James,Patel,,6960111729,265 High Street,Middlesbrough,TS24 3XX,75791415935,orthopedics,R0006658
Elena,Nguyen,,5771912642,14 Station Road,York,TS18 7XX,33096209018,cardiology,R0003303
L.,Nguyen, Jr,7059787276,250 Church Ln,Middlesbrough,TS4 4XX,26310919589,family medicine,R0004254
Aihsa,Nguyen, MD,9922454347,276 park avenue,Newcastle,TS24 2XX,24841958380,orthopaedics,R0005493
Sarah,Wilson,,1673272139,153 Church Lane,Leeds,TS15 3XX,64544439287,family medicine,R0001407
Sarah,Evans,,1200461976,2 High Street,York,TS27 2XX,55691002385,paediatrics,R0001870
Grace,Sharma,,1038371803,257 High Street,Durham,TS6 1XX,30329546111,paediatrics,R0003257
S.,Brown,,9070469207,158 Victoria Road,York,TS2 5XX,34039095592,cardiovascular medicine,R0000960
Elena,Evans,,0643448896,51 Church Lane,Leeds,TS17 5XX,84604361115,orthopaedics,R0006403
Sarah,Evans,,6118686438,114 Victoria Road,York,TS14 4XX,91189252905,cardiovascular medicine,R0004975
Wei,Ali,,0175313054,72 Victoria Road,Newcastle,TS14 5XX,62609982759,orthopedics,R0002488
Wei,Williams, MD,,297 church lane,York,TS4 8XX,25193775126,paediatrics,R0001315
O.,Taylor, MD,4587688286,50 High St,York,TS8 4XX,60956212464,ortho surgery,R0006950
Lucy,Taylor,,9547765683,237 Church Lane,Durham,TS21 7XX,70170675513,pediatrics,R0007420
David,Wilson,,4987611907,188 Church Lane,Durham,TS29 4XX,50328334579,cardiology,R0003907
Elena,Ahmed, MD,3649830539,272 Victoria Rd,Leeds,TS12 7XX,(7576) 8479914,gp,R0001128
G.,Roberts,,,47 Station Road,York,TS13 1XX,(8202) 1582534,paediatrics,R0006940
Mohammed,Roberts,,2996949508,4 Victoria Road,Newcastle,TS13 1XX,58867061705,cardiovascular medicine,R0001730
Rajehs,Khan, MD,0241183557,116 Station Rd,Leeds,TS6 7XX,6164 041 2871,family medicine,R0000073
R.,Patel, Dr,9626351511,277 Victoria Road,Middlesbrough,TS11 6XX,2272 331 8685,general practice,R0000786
Raejsh,Nguyen,,2405352895,92 Park Ave,York,TS9 4XX,47636948411,pediatrics,R0002771
D.,Sharma, Jr,7493966788,95 Park Avenue,York,TS13 4XX,9447 831 6174,pediatrics,R0004810
Sarah,Nguyen,,5117866898,245 High Street,Newcastle,TS15 7XX,76818327909,orthopaedics,R0002440
Rajesh,Sharma,,6498946177,204 Park Avenue,Middlesbrough,TS14 3XX,95641663636,orthopaedics,R0001867
Chen,Thomas,,9472498524,6 Church Lane,Durham,TS27 1XX,53626083053,paediatrics,R0005594
James,Jones, Jr,,233 Station Road,Durham,TS26 6XX,9503 962 8330,family medicine,R0006584
Mohammed,Smith,,1692704739,62 High Street,Middlesbrough,TS15 4XX,02704308132,orthopedics,R0005973
Sarah,Ahmed, MD,4148177714,83 Victoria Road,Leeds,TS15 7XX,5315 423 9670,orthopaedics,R0005599
Aisha,Ali,,3724248403,219 Park Avenue,York,TS17 4XX,25686980330,pediatrics,R0000179
Elena,Jones,,6861435598,240 Church Lane,Middlesbrough,TS6 2XX,51116294658,pediatrics,R0003378
Amara,Smith, Jr,,235 Park Ave,Middlesbrough,TS16 5XX,10451120645,orthopedics,R0007119
Omar,Ahmed,,1182318374,70 Victoria Road,York,TS26 6XX,44667024501,family medicine,R0002142
James,Ahmed,,1918507829,229 Park Avenue,Durham,TS10 1XX,4856 730 8655,cardiovascular medicine,R0000879
Omar,Patel,,5365761689,233 Park Avenue,York,TS15 2XX,61254369955,cardiology,R0003006
Chen,Ali,,4050529526,38 Victoria Road,Leeds,TS23 8XX,49859193429,general practice,R0007077
Mohammed,Thomas,,8515287881,279 High Street,Durham,TS18 7XX,68310405425,cardiovascular medicine,R0001544
Fatima,Smith,,6500478429,143 Church Lane,Leeds,TS13 1XX,35977513908,ortho surgery,R0000031
Omar,Khan,,9272129555,67 Church Ln,Durham,TS9 1XX,8386 872 1129,cardiology,R0004643
W.,Thomas,,7217777430,288 Church Ln,Durham,TS6 3XX,5285 429 7521,orthopedics,R0004652
Omar,Thomas, Jr,7665870951,118 Station Rd,Newcastle,TS18 7XX,0527 004 8930,ortho surgery,R0006666
Chen,Khan,,7167110761,257 Church Lane,Durham,TS7 5XX,22334236361,orthopedics,R0000965
Omar,Thomas,,,83 Park Ave,Durham,TS13 4XX,(2938) 4081288,paediatrics,R0000168
Sarah,Khan,,4903220154,121 Park Avenue,Newcastle,TS4 3XX,82023252583,family medicine,R0003121
Grace,Wilson,,0296355796,132 High Street,Newcastle,TS4 4XX,25960326339,paediatrics,R0005834
Elena,Patel,,3721271460,239 Church Lane,Durham,TS18 2XX,59215466079,pediatrics,R0003624
James,Ali,,8438322573,113 High Street,Newcastle,TS3 5XX,16301415829,ortho surgery,R0003979
Rajesh,Khan,,3163815409,178 Park Avenue,Newcastle,TS3 7XX,76185908364,family medicine,R0006769
James,Williams,,2405253949,70 Victoria Road,Durham,TS9 7XX,28250518292,paediatrics,R0006568
Rajesh,Patel,,2315018104,234 Victoria Road,Leeds,TS12 7XX,92128384479,ortho surgery,R0004981
A.,Nguyen, MD,,107 Church Ln,Newcastle,TS18 4XX,86184387398,gp,R0004424
Mohammed,Ali,,1570993431,256 Victoria Rd,Newcastle,TS17 4XX,64751945684,paediatrics,R0003616
J.,Khan,,0577258039,212 High Street,Leeds,TS14 6XX,2723 507 6823,paediatrics,R0000835
Omar,Patel,,7822476609,21 High St,Durham,TS24 6XX,91119986141,orthopedics,R0005913
Wei,Jones,,9281533596,36 High Street,Newcastle,TS3 4XX,65579280937,cardiology,R0003780
Wei,Williams,,7991295801,269 Station Road,Middlesbrough,TS26 7XX,30127859970,gp,R0001652
Sarah,Brown,,8153067953,46 Victoria Road,Leeds,TS20 8XX,09242174547,ortho surgery,R0000996
John,Brown, Jr,7590570830,281 Station Rd,Newcastle,TS28 2XX,(3805) 5339367,cardiology,R0003666
E.,Nguyen, Dr,8795160481,139 Victoria Road,Durham,TS27 7XX,1362 258 1094,gp,R0003077
Daivd,Khan,,9124347547,264 Victoria Rd,York,TS19 2XX,(7869) 8318925,family medicine,R0003159
Omar,Patel,,5365761689,233 Park Ave,York,TS15 2XX,6125 436 9955,cardiovascular medicine,R0003007
Grace,Roberts,,1016068175,234 Victoria Road,Leeds,TS7 1XX,7804 779 7999,cardiology,R0001041
David,Jones,,2882014245,251 High Street,Newcastle,TS23 1XX,41851033331,orthopaedics,R0007334
Omar,Nguyen, MD,4540126756,49 Church Lane,Durham,TS8 2XX,7521 451 9771,pediatrics,R0006179
Aisha,Patel,,0244290557,177 Church Lane,Middlesbrough,TS10 2XX,49334186732,cardiology,R0002760
Priya,Khan,,1080289131,282 High Street,Newcastle,TS10 5XX,12359264734,family medicine,R0001979
Aisha,Sharma,,8409115646,263 Victoria Road,York,TS24 5XX,55933761605,orthopedics,R0005185
Sarah,Ali,,2452414043,92 Station Road,Middlesbrough,TS29 1XX,11934700169,family medicine,R0001215
Rajesh,Patel, MD,9996721639,71 Park Avenue,Leeds,TS6 2XX,88662284698,ortho surgery,R0006898
Rajesh,Thomas,,8600772964,36 Park Avenue,Middlesbrough,TS22 2XX,06001994346,family medicine,R0004264
Priya,Williams,,8243853901,80 High Street,Middlesbrough,TS5 6XX,70098764335,general practice,R0004464
A.,Taylor, Jr,2645545435,149 Park Ave,Newcastle,TS3 2XX,(1082) 2386189,family medicine,R0003886
Grace,Khan,,0499177886,176 Victoria Rd,York,TS7 4XX,(3006) 6620819,cardiovascular medicine,R0006083
Priya,Williams,,4066542455,75 Church Lane,Leeds,TS16 4XX,56433808065,ortho surgery,R0005998
Mohammed,Smith, Dr,7153874705,73 High St,Middlesbrough,TS9 1XX,3977 596 5109,gp,R0007303
D.,Evans,,8216531887,72 Church Lane,Leeds,TS12 1XX,24409254487,orthopaedics,R0000500
Wei,Jones,,1988734885,92 Victoria Rd,Leeds,TS12 7XX,37422643700,paediatrics,R0000437
Fatima,Nguyen,,2347975914,212 Station Road,Middlesbrough,TS12 7XX,38672823762,cardiology,R0001562
A.,Patel,,,94 High Street,Newcastle,TS16 4XX,93271889468,gp,R0000908
L.,Thomas, MD,,19 Church Lane,York,TS8 2XX,06612298009,cardiology,R0006173
Priya,Williams,,9394426537,37 Park Avenue,Durham,TS13 6XX,39424993831,cardiology,R0003114
A.,Williams,,0717196934,128 park ave,Newcastle,TS4 4XX,2305 987 0166,orthopaedics,R0005406
Wei,Williams,,3973773485,198 High Street,Durham,TS18 5XX,79341643644,pediatrics,R0000080
Priya,Thomas,,1678207491,196 Church Lane,Middlesbrough,TS15 1XX,76044644858,cardiovascular medicine,R0000852
Elena,Williams,,5290085849,23 Church Lane,Durham,TS29 7XX,27366121052,paediatrics,R0004791
Elena,Patel, MD,,239 Church Lane,Durham,TS18 2XX,5921 546 6079,pediatrics,R0003625
Mohammed,Ali,,3158538541,225 Park Avenue,Middlesbrough,TS22 7XX,55920928138,cardiology,R0006490
Grace,Roberts,,9271150098,85 Park Ave,Leeds,TS3 2XX,48589702357,cardiovascular medicine,R0002966
Sarha,Ali, MD,1885326655,242 Church Ln,York,TS26 6XX,(5289) 3853354,general practice,R0001807
Lcuy,Nguyen, Jr,,26 Station Road,Newcastle,TS22 4XX,69699899056,pediatrics,R0004332
E.,Sharma, Dr,,103 Victoria Rd,Newcastle,TS16 8XX,(7956) 5744680,orthopaedics,R0005508
David,Talyor,,9879357803,69 High St,Middlesbrough,TS12 4XX,(9357) 1657945,cardiovascular medicine,R0006259
Chen,Nguyen,,3538436032,265 Station Road,York,TS2 7XX,43198434926,ortho surgery,R0001600
James,Borwn, Dr,,205 Victoria Rd,York,TS20 1XX,00675712153,family medicine,R0006840
John,Williams,,8208245794,151 Station Road,Leeds,TS9 5XX,08254125513,family medicine,R0006476
Wei,Nguyen,,7183892310,164 Church Ln,Durham,TS17 8XX,(1282) 3425784,cardiovascular medicine,R0004793
Lucy,Thomas,,4310322965,96 High Street,Newcastle,TS19 5XX,45874693961,gp,R0000858
Chen,Smith,,0967234249,166 Park Avenue,Newcastle,TS15 7XX,46789177704,cardiovascular medicine,R0001383
A.,Nguyen,,4233906771,53 Church Ln,Leeds,TS12 1XX,00942743136,general practice,R0001430
Chne,Jones,,9025599663,124 Victoria Road,Durham,TS1 7XX,34482303058,general practice,R0000534
Priya,Shamra, Jr,2644837817,171 High St,Durham,TS7 3XX,81578235515,cardiovascular medicine,R0002432
Wei,Nguyen,,,71 Station Rd,York,TS13 5XX,8042 910 7225,orthopedics,R0003459
Raejsh,Sharma,,,255 Victoria Rd,York,TS12 6XX,53559940784,orthopaedics,R0005647
Omar,Williams, Dr,,275 victoria road,Newcastle,TS21 4XX,(8987) 7473986,orthopaedics,R0003661
Amara,Nguyen,,9942088508,235 Station Road,York,TS20 2XX,00994443536,pediatrics,R0000585
Fatima,Sharma,,9375322589,15 Station Road,Middlesbrough,TS7 5XX,41152239837,ortho surgery,R0003583
Rajesh,Patel,,,221 Victoria Rd,Newcastle,TS4 5XX,04170922890,orthopaedics,R0001078
Rajesh,Sharma, Dr,7012685450,274 Park Avenue,Newcastle,TS13 6XX,(2911) 9548220,cardiology,R0002885
Wei,Williams,,8444751365,278 Park Avenue,Durham,TS4 3XX,06327210382,family medicine,R0006523
Omar,Jones,,9449626237,191 Park Avenue,Leeds,TS2 5XX,05489089661,paediatrics,R0007155
O.,Williams, MD,4576497083,239 Park Avenue,York,TS2 3XX,4808 070 7090,cardiology,R0005402
James,Paetl, Jr,,10 church lane,York,TS22 3XX,(3659) 2216536,general practice,R0000491
Grace,Evans,,0411749193,233 Park Avenue,Newcastle,TS5 3XX,38907477682,general practice,R0005381
E.,Wilson,,,265 Station Rd,Durham,TS29 6XX,(6968) 3888378,paediatrics,R0005112
S.,Patel, Jr,7097433307,270 Station Rd,Middlesbrough,TS16 6XX,73414633486,orthopedics,R0001025
Mohammed,Wilson,,7815478375,90 Station Road,York,TS2 1XX,49568452296,general practice,R0003698
Fatima,Williams,,5253037221,72 High Street,Durham,TS1 8XX,91758404073,cardiovascular medicine,R0007237
Rjaesh,Nguyen,,1807000856,78 High Street,Newcastle,TS24 4XX,8120 184 6873,gp,R0001317
Lucy,Brown, Jr,,68 Station Road,Leeds,TS7 4XX,64707984773,general practice,R0005981
James,Nguyen, MD,2717044966,155 Victoria Road,Newcastle,TS6 4XX,07705893438,ortho surgery,R0006517
Lcuy,Wilson,,4310326415,65 Park Avenue,York,TS19 8XX,(5368) 6416756,orthopedics,R0004823
Elena,Taylor, Jr,8856848630,267 church ln,York,TS21 6XX,62149893360,paediatrics,R0006600
Sarah,Taylor,,2416275822,152 Station Road,Durham,TS4 6XX,86145347833,general practice,R0000866
Omra,Sharma, Dr,9524373079,124 Station Road,Newcastle,TS2 3XX,03698963908,orthopaedics,R0002471
Pryia,Khan, MD,2356081929,211 Church Lane,Newcastle,TS22 5XX,94156727522,cardiovascular medicine,R0006829
Grace,Sharma,,1038371803,50 Victoria Road,Leeds,TS16 5XX,2594 679 2968,pediatrics,R0003258
Amara,Khan,,3161439732,10 Park Avenue,Durham,TS17 1XX,06480179700,ortho surgery,R0001820
James,Khan,,0297842338,175 Church Lane,Newcastle,TS6 8XX,85250159729,pediatrics,R0004619
Grace,Wilson,,0296355796,132 High Street,Newcastle,TS4 4XX,(2596) 0326339,pediatrics,R0005835
W.,Smith, Dr,,155 Park Avenue,York,TS7 8XX,9504 597 2514,orthopaedics,R0001022
S.,Wilson, MD,,26 station road,Durham,TS14 8XX,6211 508 2918,family medicine,R0003891
Sarah,Patel,,6313639418,279 Station Road,Leeds,TS10 4XX,55629490382,cardiovascular medicine,R0005102
Grace,Roberts,,1454430890,274 Church Lane,York,TS23 8XX,47982840783,cardiology,R0000401
John,Ali, MD,7551348861,195 Victoria Road,York,TS13 7XX,6800 189 9323,cardiology,R0001168
Rajehs,Williams, MD,4124645522,15 church lane,Middlesbrough,TS20 5XX,(3336) 7140423,cardiovascular medicine,R0000157
Elena,Thomas, Jr,2065736098,191 Station Rd,Leeds,TS5 8XX,08192402953,gp,R0004935
James,Davies,,3976652559,218 Church Lane,York,TS10 3XX,09520570263,cardiology,R0007179
Fatima,Nguyen,,5951590308,181 Church Lane,Durham,TS29 7XX,49499276715,pediatrics,R0001703
John,Ahmed,,5190451555,33 Station Road,Newcastle,TS6 6XX,33261340838,cardiovascular medicine,R0003113
Omar,Jnoes, Jr,8040070854,68 Victoria Road,Leeds,TS12 4XX,68528584196,cardiology,R0001438
Jhon,Patel, Jr,,227 Victoria Rd,Leeds,TS18 7XX,64025901379,cardiology,R0003071
Wei,Roberts,,6566266693,162 High St,Newcastle,TS11 3XX,37207572248,gp,R0004002
Fatima,Thomas, Jr,8295386740,233 Church Ln,Durham,TS24 1XX,2708 673 6211,orthopaedics,R0005202
Amaar,Nguyen, Jr,0758382411,293 park ave,Leeds,TS25 8XX,18764602488,family medicine,R0005430
Elena,Davies,,4473370424,293 Church Lane,York,TS29 8XX,16374990107,general practice,R0002275
Wei,Ali,,7620693159,91 Church Lane,Leeds,TS28 2XX,32183747059,gp,R0004362
Amara,Jones,,1571567170,64 Station Road,Leeds,TS25 2XX,79930271637,family medicine,R0000573
David,Sharma,,5037352927,118 Park Avenue,York,TS29 8XX,05199438376,orthopedics,R0002569
John,Williams, Jr,3495805035,262 Victoria Rd,Leeds,TS8 7XX,57906094416,cardiology,R0003377
Priay,Nguyen,,1985080472,240 High Street,Newcastle,TS25 1XX,1509 422 2715,gp,R0006472
J.,Khan, MD,,217 High Street,Newcastle,TS6 2XX,88265537879,orthopedics,R0000800
Omar,Wilson,,9261519429,22 High Street,Durham,TS15 6XX,28444231443,cardiovascular medicine,R0001061
C.,Jones,,9025599663,124 Victoria Road,Durham,TS1 7XX,(3448) 2303058,gp,R0000535
Lucy,Ali,,4600679347,14 High Street,Newcastle,TS9 1XX,79411256672,cardiology,R0003014
Grace,Davies,,3257870920,257 Church Lane,York,TS4 2XX,24760168031,family medicine,R0001912
Chen,Roberts,,4703168671,7 Victoria Road,Middlesbrough,TS16 6XX,89554566541,pediatrics,R0000828
Jmaes,Ali, Jr,3151899361,104 High St,York,TS22 1XX,94608546800,cardiovascular medicine,R0003450
Rajesh,Taylor, MD,5367894780,257 Church Ln,Durham,TS14 1XX,6460 069 6982,orthopaedics,R0001512
O.,Jones, Jr,4770005907,213 Park Avenue,Newcastle,TS17 8XX,42953647705,family medicine,R0002707
Priya,Thomas,,9306031683,114 Church Lane,York,TS28 6XX,93791495464,cardiology,R0004597
Fatima,Thomas,,,60 Church Ln,Durham,TS2 4XX,01390289597,general practice,R0006974
R.,Brown,,3197664691,161 station rd,Middlesbrough,TS19 3XX,(4089) 4508333,gp,R0005943
Fatima,Wilson,,3108052870,270 High Street,Middlesbrough,TS21 1XX,24133403549,cardiology,R0003994
A.,Sharma, Jr,8719969855,26 victoria rd,Middlesbrough,TS14 5XX,07608410234,family medicine,R0005060
Priya,Jones,,2948559622,149 Park Avenue,Middlesbrough,TS5 1XX,74076718155,orthopedics,R0000997
S.,Thomas,,5437360612,253 Park Ave,Durham,TS4 1XX,11235704069,cardiology,R0005132
Omar,Smith,,4989906547,199 Victoria Road,York,TS19 4XX,69828551430,gp,R0002418
Asiha,Brown,,,2 High St,Durham,TS20 6XX,(0189) 6055474,gp,R0007151
M.,Brown,,3075491962,239 Park Avenue,Durham,TS11 3XX,8106 951 5286,orthopaedics,R0000473
David,Taylor,,1084012323,33 Station Road,Middlesbrough,TS29 5XX,15465813553,paediatrics,R0006048
A.,Patel,,,252 Station Road,Newcastle,TS23 1XX,(5751) 1755224,cardiology,R0001694
Mohammed,Taylro, Dr,6011300514,212 Station Rd,Newcastle,TS4 4XX,47193075693,orthopedics,R0002991
Aisha,Sharma,,4122915503,52 High Street,Middlesbrough,TS20 5XX,42698162847,family medicine,R0002029
Priya,Williams, Dr,4473571427,190 High St,Leeds,TS18 5XX,0904 053 6690,paediatrics,R0003751
Amara,Wilson,,2294901474,266 Victoria Road,Middlesbrough,TS25 4XX,26790735473,pediatrics,R0001566
Aisha,Evans,,5777335965,287 Victoria Road,Leeds,TS23 6XX,25569245004,gp,R0005228
C.,Ahmed, Jr,6165271795,88 High St,Middlesbrough,TS22 7XX,3354 158 7868,general practice,R0000469
Sarah,Patel, Jr,1474153986,169 Park Ave,York,TS19 6XX,(9789) 2187103,pediatrics,R0006244
Omar,Evans,,8401082262,116 Victoria Road,Newcastle,TS14 6XX,34434160992,orthopedics,R0003106
Rajesh,Ahmde,,8432023976,27 High Street,Durham,TS3 6XX,44370724611,family medicine,R0006025
Aisha,Evans,,7683050275,111 Park Avenue,York,TS16 3XX,22790545202,general practice,R0001446
Sarah,Davies,,9297101768,31 Church Lane,Middlesbrough,TS29 7XX,79255295934,gp,R0002663
Amara,Sharma,,0080794379,56 High Street,Newcastle,TS28 2XX,07060620015,general practice,R0000247
David,Patel, MD,0741394911,121 Church Ln,Durham,TS29 4XX,(2531) 0761588,family medicine,R0001414
Amara,Khna,,4054346830,271 Church Lane,Newcastle,TS12 1XX,94327163328,ortho surgery,R0002031
Mohammed,Taylor,,4505022686,286 church lane,York,TS15 2XX,9921 160 1610,paediatrics,R0000761
Amara,Thomas,,0614243960,288 Church Lane,Durham,TS15 5XX,59659277392,cardiovascular medicine,R0002586
A.,Jones, Jr,8417825064,88 Victoria Rd,York,TS8 6XX,3463 219 3827,family medicine,R0007205
Wei,Davies,,7327210089,143 Church Lane,Newcastle,TS21 4XX,74988551615,general practice,R0001721
David,Williams,,8490967202,141 Church Lane,Leeds,TS6 1XX,66179914008,ortho surgery,R0002095
Fatima,Jnoes,,1353333485,42 Church Ln,Durham,TS16 8XX,52572258356,orthopedics,R0000932
Elena,Davies,,5868918904,257 Station Road,Newcastle,TS11 2XX,07035019438,general practice,R0002191
Fatima,Patel, Dr,4425248722,194 high st,Leeds,TS1 2XX,98574690317,paediatrics,R0001410
Priya,Brown,,0160689926,27 High Street,Leeds,TS23 2XX,34379557449,pediatrics,R0002807
Sarah,Roberts,,7626967981,157 Victoria Road,Durham,TS21 2XX,49914602561,family medicine,R0002357
Priya,Taylor,,3182288027,202 Park Avenue,Newcastle,TS17 1XX,81166015264,cardiovascular medicine,R0000228
Jamse,Sharma, Dr,5231489069,291 Park Avenue,Middlesbrough,TS12 7XX,(9222) 8131905,pediatrics,R0002303
Omra,Sharma,,3593573334,277 high street,Middlesbrough,TS21 8XX,(8988) 0846802,paediatrics,R0004205
P.,Evans, Jr,,291 Victoria Road,Newcastle,TS1 2XX,2210 691 2596,gp,R0000017
Jaems,Khan,,,168 victoria road,Leeds,TS20 4XX,(8097) 5220036,cardiology,R0005841
Chen,Ahmed,,4423768340,227 Park Avenue,Durham,TS26 8XX,01743499166,family medicine,R0005679
Lucy,Jones, Jr,9104455233,82 Victoria Road,Newcastle,TS16 3XX,(5403) 3578991,orthopedics,R0006592
Priya,Brown, Dr,3361725430,110 Church Lane,Middlesbrough,TS8 7XX,11834141485,cardiology,R0006455
Amara,Patel, MD,8884600049,257 High St,York,TS22 4XX,0984 886 8671,ortho surgery,R0004409
J.,Nguyen,,2593794752,261 Station Road,Middlesbrough,TS12 3XX,15188654986,ortho surgery,R0007452
Aisha,Brown,,0578431265,164 High Street,Newcastle,TS28 1XX,6952 618 2255,gp,R0007253
W.,Patel, Dr,6274603404,74 church lane,York,TS15 7XX,70698378386,cardiovascular medicine,R0001005
Aisah,Taylor, MD,9682517285,271 Park Avenue,Durham,TS27 4XX,3741 696 5236,cardiology,R0005673
M.,Roberts,,5138772690,270 station rd,Middlesbrough,TS4 8XX,2109 472 6865,ortho surgery,R0000957
Omar,Davies,,8823658946,92 Victoria Road,York,TS7 7XX,16129264163,gp,R0005286
Lucy,Khan,,5115042820,195 Park Ave,Newcastle,TS15 5XX,(3782) 8061152,general practice,R0005378
Amara,Wilson,,9473525838,61 Victoria Rd,Durham,TS27 7XX,(6993) 7481554,ortho surgery,R0007147
Fatiam,Williams,,,218 Victoria Road,Newcastle,TS16 2XX,05928286957,paediatrics,R0006323
Chen,Thomsa, Jr,6621806405,146 High St,Newcastle,TS8 2XX,(6333) 5771459,gp,R0005138
Chen,Brown,,8783474980,242 Station Road,York,TS21 5XX,65133329134,paediatrics,R0004257
F.,Brown,,5172920512,184 Church Lane,Middlesbrough,TS7 7XX,2243 942 7064,cardiology,R0004700
Sarah,Patel, Jr,,65 Station Rd,Leeds,TS9 5XX,6046 655 6353,orthopedics,R0000543
J.,Ahmed,,,85 Church Ln,Durham,TS8 7XX,(6927) 4115314,cardiology,R0000058
Mohammed,Brown,,9597253258,47 Park Avenue,Leeds,TS8 7XX,64807446280,orthopaedics,R0004222
Wei,Nguyen,,7529968781,186 High Street,Leeds,TS6 6XX,86477060807,pediatrics,R0006408
Aisha,Khan,,2218884321,148 Station Road,Durham,TS3 8XX,37535428516,general practice,R0007015
Chen,Sharma,,1689479840,243 Station Road,Leeds,TS29 6XX,87476732129,cardiology,R0001672
Omar,Wilson,,5227267553,208 High Street,Middlesbrough,TS24 2XX,3923 141 6037,orthopedics,R0006669
Rajesh,Wilson,,0578445646,171 Park Avenue,Durham,TS19 8XX,79266354030,cardiovascular medicine,R0005505
Omar,Evans,,5379926561,20 Park Avenue,York,TS15 3XX,98669743278,general practice,R0005944
Chen,Smith, MD,,198 Park Avenue,Middlesbrough,TS28 1XX,2712 205 7038,paediatrics,R0006919
David,Ahmed,,1016813332,32 High Street,York,TS11 3XX,29642880960,cardiovascular medicine,R0000096
A.,Davies, MD,,151 High Street,Middlesbrough,TS17 4XX,26430111669,family medicine,R0007112
Fatima,Smith,,4885201257,203 victoria road,Newcastle,TS16 5XX,9617 924 1714,orthopedics,R0002272
Grace,Thomas,,8254812228,49 Church Lane,Durham,TS15 7XX,02520718358,pediatrics,R0006071
Elena,Wilson,,9982514094,11 Park Avenue,Middlesbrough,TS28 5XX,03200786601,orthopedics,R0001586
Wei,Brown,,4399859276,64 Park Avenue,Middlesbrough,TS5 8XX,23683861599,gp,R0003837
Rajesh,Williams,,4124645522,15 Church Lane,Middlesbrough,TS20 5XX,33367140423,cardiology,R0000156
Lcuy,Khan, MD,,286 High St,Leeds,TS11 4XX,7229 089 3614,cardiology,R0006927
Aisha,Brown,,6470193327,2 High Street,Durham,TS20 6XX,01896055474,family medicine,R0007150
Elnea,Jones,,5239702660,174 High Street,Durham,TS20 5XX,1044 140 2422,general practice,R0007442
Rajesh,Ali,,6367729922,220 Station Road,Leeds,TS6 2XX,79052251084,general practice,R0003003
Lucy,Smith,,5871835433,88 Victoria Road,Durham,TS29 3XX,25603405185,orthopedics,R0004055
Priya,Sharma,,3635950484,266 Victoria Road,Newcastle,TS8 4XX,11343714872,pediatrics,R0002284
John,Evans,,9416477434,271 Park Avenue,Durham,TS15 5XX,(9217) 9643405,paediatrics,R0000611
S.,Ahmed,,8452110128,59 High Street,Durham,TS23 7XX,37716239277,cardiology,R0007500
Elena,Nguyen,,0704645670,153 Station Road,York,TS24 5XX,38385757754,orthopaedics,R0005521
Oamr,Patel, Dr,,297 victoria road,Newcastle,TS11 1XX,20553749702,cardiovascular medicine,R0000696
John,Patel,,1144292543,233 Victoria Road,Newcastle,TS1 4XX,14643323360,cardiology,R0000425
Chen,Wislon,,3441225450,231 Victoria Rd,Newcastle,TS23 6XX,4113 235 4916,orthopedics,R0005517
Mohammed,Smith,,0364642779,224 Victoria Road,Leeds,TS21 3XX,86820159684,ortho surgery,R0000712
Amara,Nguyen,,0284381118,43 High Street,Durham,TS4 6XX,42167555838,pediatrics,R0007145
Priya,Jones,,9915256099,96 Victoria Road,York,TS21 8XX,11831263399,orthopaedics,R0003844
Sarah,Talyor,,6931138629,290 Park Ave,Durham,TS1 8XX,0063 985 5110,orthopaedics,R0003800
Rajesh,Khan,,7745379619,159 Church Lane,Newcastle,TS22 5XX,36236958420,orthopedics,R0005371
Priya,Khan, MD,,224 church ln,Durham,TS7 1XX,(3128) 4472755,cardiovascular medicine,R0004397
Mohammed,Khan,,9814751332,130 Victoria Road,Leeds,TS21 8XX,77117774502,paediatrics,R0000447
Chen,Ali,,3614048034,140 Park Avenue,Durham,TS29 5XX,27645400361,family medicine,R0007357
Rajesh,Taylor,,0209823895,99 Park Avenue,Newcastle,TS16 3XX,88785501898,paediatrics,R0005816
Chen,Ali,,6780309586,278 Park Avenue,Durham,TS29 7XX,46515378719,general practice,R0005166
O.,Davies, MD,,196 station road,York,TS3 5XX,7925 576 8813,ortho surgery,R0000592
E.,Jones,,6665321154,131 Church Ln,Newcastle,TS19 5XX,94393501049,gp,R0001375
Omar,Evans,,6428828632,45 Church Lane,Middlesbrough,TS10 6XX,41168616255,cardiovascular medicine,R0002683
Lucy,Evans, Dr,0771236423,3 Victoria Rd,Leeds,TS23 3XX,98217254410,family medicine,R0005907
Chen,Thomas,,2045045911,51 Church Lane,Leeds,TS27 7XX,23682268246,cardiology,R0002288
Mohammed,Ahmed, Jr,6575838799,72 Park Ave,Leeds,TS23 6XX,26257137490,pediatrics,R0000131
John,Nguyen,,7156702217,171 Church Lane,Leeds,TS16 1XX,25243989325,gp,R0004510
Sarah,Wilson,,5337646245,164 Station Road,Middlesbrough,TS16 8XX,49878471350,ortho surgery,R0001335
P.,Davies, MD,8085606437,210 Station Road,Middlesbrough,TS15 6XX,1969 411 5577,ortho surgery,R0001400
Elena,Wilson,,7853941892,84 Station Road,Leeds,TS10 2XX,01211928547,cardiology,R0002944
D.,Ahmed,,9593177111,161 Church Lane,Leeds,TS24 8XX,2431 974 1064,gp,R0006115
Aisha,Wilson,,2974148511,171 Victoria Road,York,TS20 3XX,04636432227,family medicine,R0000624
Priya,Nguyen,,8179841533,108 Park Avenue,York,TS3 5XX,91915097906,gp,R0004961
Grace,Taylor,,0389360260,143 Park Avenue,Newcastle,TS3 5XX,36806154576,pediatrics,R0002845
Chen,Jones,,9648673308,294 Station Road,Middlesbrough,TS3 4XX,48680023089,pediatrics,R0003127
Mohammed,Jones,,9023173438,201 Church Lane,Durham,TS19 8XX,69601701732,orthopedics,R0001871
David,Brown,,8145972010,5 victoria road,Durham,TS26 3XX,(9095) 5724264,ortho surgery,R0003857
Priya,Brown,,8473695760,284 High Street,Durham,TS11 4XX,47990778454,family medicine,R0001669
C.,Patel, MD,,143 Park Avenue,Newcastle,TS5 7XX,64211255979,orthopedics,R0002692
Wei,Thomas,,0617942467,45 Park Avenue,York,TS19 2XX,29586456147,cardiology,R0000756
Mohammed,Smith, Dr,2078469900,266 Station Road,Leeds,TS5 2XX,8140 675 2047,cardiology,R0002952
John,Brown,,0097392727,259 High Street,Durham,TS14 5XX,03160915945,ortho surgery,R0002697
James,Evans,,,251 Church Ln,Newcastle,TS1 2XX,1227 702 6998,paediatrics,R0007490
James,Smith,,1474758330,164 Station Road,Middlesbrough,TS6 8XX,56365975769,cardiovascular medicine,R0002543
Priya,Sharma,,1110803698,228 High Street,Newcastle,TS19 2XX,49318999841,pediatrics,R0000093
Chen,Williams,,3061604453,210 High Street,Durham,TS27 3XX,41137670023,family medicine,R0002955
James,Ahmed,,2988485692,69 Church Ln,York,TS28 7XX,(1119) 6855047,cardiovascular medicine,R0005956
Aisha,Khan,,9296507058,22 Park Avenue,Middlesbrough,TS5 3XX,(7367) 7987257,ortho surgery,R0006400
Chen,Roberts, Jr,,87 High Street,York,TS29 2XX,2800 823 0499,pediatrics,R0001790
Wei,Khan,,7408324342,91 High Street,Durham,TS22 8XX,11476659304,gp,R0006133
David,Evans,,8719012785,272 Station Road,York,TS20 2XX,22475020352,orthopedics,R0003464
Omar,Ali, Dr,0437729177,34 High St,Durham,TS8 3XX,07857357461,gp,R0001176
Wei,Taylor,,3408994606,77 Park Avenue,Durham,TS23 1XX,44457526516,paediatrics,R0002648
John,Wilson,,0224841119,294 Station Road,Leeds,TS15 5XX,88284151317,orthopedics,R0006610
Wei,Smith, Dr,4333599287,35 victoria rd,Newcastle,TS3 7XX,7971 363 5681,paediatrics,R0004697
John,Ali,,0681756043,100 High Street,Durham,TS15 8XX,17663627445,orthopedics,R0001536
Sarha,Patel, Dr,9258983803,214 High Street,York,TS26 7XX,9177 401 9269,cardiovascular medicine,R0000764
David,Khan,,2379833259,78 Station Road,Durham,TS8 3XX,57866861050,gp,R0004056
Amara,Nguyen, Jr,,297 high st,Newcastle,TS13 7XX,57794958716,orthopaedics,R0000476
David,Williams,,5424079567,215 Church Lane,Newcastle,TS9 6XX,22474834564,cardiology,R0004163
R.,Williams,,1289775904,75 High Street,Durham,TS13 8XX,76395479817,pediatrics,R0007464
James,Williams,,,70 Victoria Rd,Durham,TS9 7XX,28250518292,pediatrics,R0006571
Sarah,Roberts,,4076739465,137 Church Lane,Leeds,TS14 2XX,27785216852,cardiovascular medicine,R0006525
Mohammed,Nguyen, Jr,,241 Church Lane,Middlesbrough,TS20 4XX,89330539845,paediatrics,R0002354
Rajesh,Ahmed,,9370600337,296 Victoria Road,Newcastle,TS19 2XX,64558395698,cardiology,R0002417
Sraah,Williams, MD,8471984298,42 Church Ln,Leeds,TS19 3XX,68405829367,ortho surgery,R0001412
Grace,Thomas,,9181597905,133 High Street,Durham,TS6 2XX,28385127824,family medicine,R0006598
E.,Ali,,,129 Church Lane,Middlesbrough,TS11 8XX,(3580) 8469638,family medicine,R0003437
Rajesh,Sharma,,4694375345,248 High Street,Middlesbrough,TS20 2XX,57239071940,gp,R0001042
C.,Taylor,,2629865100,247 High Street,York,TS9 3XX,1790 784 5862,paediatrics,R0005184
Grace,Wilson,,4612148042,11 Victoria Road,Durham,TS7 3XX,50068718282,orthopaedics,R0002333
Jhon,Taylor, Jr,9715925725,176 Church Ln,Middlesbrough,TS6 5XX,19573247321,pediatrics,R0000752
Grace,Ali,,5719937059,137 High Street,Newcastle,TS29 5XX,72474089561,general practice,R0003961
Aisha,Sharma,,5436580255,223 Victoria Road,Durham,TS1 4XX,88841283704,ortho surgery,R0001385
Omar,Simth, Jr,9211272250,299 Station Rd,York,TS19 2XX,16249089924,general practice,R0006175
Grace,Thomas,,0189192996,224 High Street,Durham,TS3 3XX,60370306025,general practice,R0000927
Chen,Taylor,,5599171054,42 Church Lane,Middlesbrough,TS19 5XX,03197408357,orthopaedics,R0003208
A.,Smith, Dr,2318695194,91 Park Ave,Leeds,TS15 4XX,(2570) 1859668,family medicine,R0000351
Grace,Jones, MD,7170462666,164 Church Lane,Durham,TS15 1XX,(2039) 1605931,cardiovascular medicine,R0000487
Mohammed,Ahmed,,9694074013,207 High Street,Durham,TS18 3XX,0093 178 1972,orthopedics,R0000865
Grace,Roberts, Dr,7392260737,256 Park Ave,Middlesbrough,TS10 8XX,95467030518,ortho surgery,R0003418
Rajesh,Patel, Dr,,221 Park Ave,Newcastle,TS6 4XX,2114 161 5241,cardiology,R0004162
Omar,Nguyen,,4796034690,219 Church Lane,Newcastle,TS11 8XX,13663854945,ortho surgery,R0007172
Grace,Smith,,5516197138,33 High Street,Leeds,TS21 5XX,21340642988,paediatrics,R0004734
Fatima,Roberts, Dr,4787422044,122 station road,Durham,TS10 4XX,(7302) 4801209,paediatrics,R0005603
Jaems,Brown,,4367533473,122 High Street,Leeds,TS15 2XX,(6825) 9370600,cardiology,R0003731
Garce,Williams,,6269677419,262 Station Road,Newcastle,TS25 6XX,52189692515,pediatrics,R0003143
Chen,Roberts, Dr,8324434637,41 Victoria Road,Durham,TS20 5XX,4004 025 0756,family medicine,R0006222
Omar,Nguyen,,2967717221,118 High Street,Newcastle,TS10 4XX,47558479602,paediatrics,R0000561
Sarah,Ahmed,,,53 Church Ln,Newcastle,TS16 1XX,4293 959 5164,ortho surgery,R0001940
Fatima,Jones,,5175633666,135 High Street,Middlesbrough,TS9 4XX,55008508364,pediatrics,R0003316
Elena,Jones,,6665321154,270 Park Avenue,Newcastle,TS17 1XX,02207372014,family medicine,R0001374
Grcae,Nguyen, Dr,6920966236,256 Church Ln,Middlesbrough,TS9 4XX,83451528234,cardiology,R0002412
Daivd,Williams, Jr,7960473770,167 church ln,Middlesbrough,TS15 4XX,88456667981,pediatrics,R0000334
Wei,Patel, MD,6236233371,78 station rd,Durham,TS28 1XX,82579620757,orthopedics,R0002542
Omar,Williams,,6624336128,261 High Street,York,TS22 4XX,41411360156,cardiology,R0005462
Rajesh,Ahmed,,1233475817,178 Station Rd,Durham,TS16 1XX,7322 769 1627,cardiology,R0006267
John,Simth, Dr,8257265127,239 High St,Leeds,TS15 4XX,(4909) 7969077,paediatrics,R0002476
David,Roberts,,9881807107,153 Station Road,Newcastle,TS9 6XX,68853569104,pediatrics,R0002676
John,Khan,,0941819342,128 High Street,York,TS11 4XX,46038953473,ortho surgery,R0001718
Jaems,Wilson, Jr,1755791610,85 high street,Leeds,TS15 2XX,29104656147,cardiovascular medicine,R0005294
Rajesh,Davies, Dr,8383957878,28 victoria road,Middlesbrough,TS4 1XX,(4960) 8889293,gp,R0000023
James,Ahmed,,2464776552,128 Church Lane,York,TS28 3XX,71092623720,cardiology,R0006436
Omar,Sharma,,3311966281,256 Victoria Road,York,TS10 7XX,42676434839,general practice,R0001593
Grace,Jones,,4587119681,213 Church Lane,Middlesbrough,TS14 3XX,32115237486,general practice,R0004951
Sarah,Williams,,0809734573,262 Station Road,Middlesbrough,TS13 4XX,68222117785,ortho surgery,R0003558
Omar,Wilson,,,292 High St,Middlesbrough,TS8 5XX,28939013957,paediatrics,R0001615
Grace,Sharma,,3271323900,227 Church Lane,York,TS29 3XX,56638340992,cardiovascular medicine,R0003422
Mohammed,Talyor, MD,8712132103,299 station rd,Leeds,TS9 3XX,19287143436,gp,R0007020
David,Khan,,0161047058,138 Victoria Road,Newcastle,TS27 6XX,75791356872,ortho surgery,R0005936
Elena,Ali, Jr,,103 Victoria Rd,Newcastle,TS11 3XX,0477 130 3924,paediatrics,R0005658
Aisha,Sharma,,7518101324,207 Victoria Road,Middlesbrough,TS29 3XX,20292850404,orthopaedics,R0005710
Lucy,Thomas, Dr,7123576787,76 Station Rd,York,TS13 6XX,6635 239 1785,gp,R0006875
Elena,Evans,,6700632471,182 Victoria Road,York,TS5 1XX,81465217401,paediatrics,R0000445
Mohammed,Patel,,8281306780,82 Victoria Road,Leeds,TS4 6XX,37308850457,paediatrics,R0005590
Chen,Khan,,9001183966,269 High Street,Middlesbrough,TS4 5XX,84571761339,pediatrics,R0006305
Mohammed,Roberts,,3432507017,8 High Street,Leeds,TS22 3XX,39536592743,pediatrics,R0007181
Sarah,Patel,,4806585867,5 Church Lane,Leeds,TS15 2XX,71901110963,orthopaedics,R0004139
Aisha,Ahmed,,9774125101,20 Park Avenue,Newcastle,TS24 4XX,50533646809,pediatrics,R0005460
Fatima,Ali,,5629435685,61 Station Road,Leeds,TS7 3XX,17395196170,orthopaedics,R0006563
Omar,Jones,,3828665085,243 High Street,Newcastle,TS9 3XX,62036470220,family medicine,R0002083
Grace,Ahmed,,9092803560,190 Station Road,Newcastle,TS6 8XX,79929428466,pediatrics,R0002184
Rajesh,Sharma, Jr,,25 Station Road,Durham,TS23 3XX,8301 849 7037,cardiovascular medicine,R0001321
Rajesh,Jones,,3394015026,284 Victoria Road,Middlesbrough,TS10 4XX,87961976374,general practice,R0002688
Lcuy,Roberts,,,133 High Street,Durham,TS5 5XX,(7438) 8812313,general practice,R0002728
Mohammed,Evans,,8674529297,142 Victoria Rd,Durham,TS11 3XX,(1918) 6191151,cardiology,R0001839
Chen,Nguyen,,9460076066,126 Park Avenue,York,TS23 7XX,55719859744,family medicine,R0004159
Sarah,Williams,,6697499218,125 Victoria Road,Newcastle,TS14 7XX,77627885072,cardiology,R0001883
Chen,Roberts,,7076818771,170 Victoria Road,Middlesbrough,TS7 2XX,2699 191 7183,cardiology,R0002638
Chen,Davies,,1705619004,56 park avenue,York,TS4 1XX,19907851165,cardiovascular medicine,R0003786
Lucy,Wilson, Jr,,214 Victoria Road,Durham,TS1 2XX,(5621) 6366271,general practice,R0003518
Grace,Roberts,,1838542022,214 Church Lane,Durham,TS21 7XX,42338682287,cardiology,R0005457
F.,Smith,,3155569122,88 Victoria Road,Middlesbrough,TS1 2XX,7592 350 9818,paediatrics,R0000842
R.,Williams,,,82 High Street,Leeds,TS12 6XX,70771375376,cardiology,R0001850
Rajesh,Patel,,4973583643,290 High Street,Newcastle,TS16 5XX,06286431709,cardiology,R0005441
Rajesh,Davies,,3768057425,115 Church Lane,York,TS29 4XX,20152132509,gp,R0002531
Grace,Ali,,4975186719,148 Station Road,York,TS16 1XX,62557818693,cardiovascular medicine,R0004335
John,Taylor,,9425342538,246 Church Lane,Middlesbrough,TS23 5XX,51570501858,general practice,R0006106
C.,Sharma,,7827342317,149 High Street,Durham,TS21 8XX,(5127) 2876052,ortho surgery,R0006552
S.,Khan,,3917011400,48 Station Rd,Durham,TS11 1XX,0094 118 8757,ortho surgery,R0005550
Elena,Patel,,9238055790,133 Station Road,Leeds,TS24 4XX,42565688593,general practice,R0003475
Omar,Smith,,5472338227,262 high st,Leeds,TS12 8XX,37229011151,cardiology,R0006690
Mohammed,Williams,,6981127075,121 Park Ave,Newcastle,TS18 5XX,46300764742,ortho surgery,R0001888
James,Ahmed, Dr,0792283208,159 Victoria Road,Middlesbrough,TS18 4XX,96757566782,paediatrics,R0000518
Sraah,Thomas,,2240180659,87 park ave,Newcastle,TS24 5XX,96841615782,cardiovascular medicine,R0004303
Sarah,Patel,,4103449959,80 Victoria Road,Middlesbrough,TS16 3XX,06562842221,paediatrics,R0005009
Grace,Jones,,3344183766,178 Victoria Road,Middlesbrough,TS10 3XX,90350180133,gp,R0005924
Sarah,Brown,,0028421248,154 High Street,Middlesbrough,TS2 8XX,93331693222,orthopedics,R0006084
Priya,Tyalor,,4407276536,205 Park Ave,Newcastle,TS8 8XX,95321914468,general practice,R0000378
Fatima,Wilson,,7711135640,230 Church Lane,York,TS26 3XX,05748239685,cardiology,R0006176
D.,Jones,,,285 Station Road,Leeds,TS21 5XX,46591296829,ortho surgery,R0007412
Chen,Roberts,,7621207246,96 Park Ave,York,TS22 1XX,(2776) 9905930,orthopaedics,R0003263
A.,Jones,,4375268620,40 Park Avenue,York,TS2 1XX,1623 960 4385,cardiovascular medicine,R0005395
Rajesh,Sharma,,5045382158,242 Station Road,Middlesbrough,TS29 4XX,16392552416,cardiovascular medicine,R0000199
David,Thomas,,,118 Station Rd,Leeds,TS20 3XX,60613836399,pediatrics,R0001097
Elena,Ahmed,,5098071441,169 Church Lane,York,TS10 6XX,29824745705,cardiovascular medicine,R0006851
David,Taylor,,2853346283,226 Park Avenue,Newcastle,TS9 5XX,57376380838,pediatrics,R0004690
C.,Smith,,4602670694,271 Station Road,Durham,TS8 7XX,28524690345,paediatrics,R0005681
P.,Brown, Dr,6724882236,195 park ave,Durham,TS17 8XX,15258894640,paediatrics,R0002925
Fatima,Ali,,3841440417,65 Church Lane,Leeds,TS1 5XX,74917432406,family medicine,R0002107
M.,Ali,,6629396473,114 Station Rd,Newcastle,TS21 4XX,(9666) 2599360,paediatrics,R0005455
Aisha,Evans,,5403154986,41 Victoria Road,Leeds,TS4 5XX,09186255745,cardiology,R0002943
Priya,Jones, MD,,137 Park Avenue,Durham,TS19 3XX,62634197144,family medicine,R0001758
Asiha,Thomas, Jr,,217 Victoria Road,Leeds,TS24 5XX,11143871576,cardiovascular medicine,R0002423
Omar,Khan,,0677644794,92 Church Lane,Leeds,TS3 6XX,00466993435,paediatrics,R0005498
Omar,Brown,,6295929260,247 Station Road,York,TS15 2XX,08271205557,family medicine,R0003213
Chen,Smith,,,219 Station Road,York,TS29 5XX,(1994) 3750302,ortho surgery,R0005307
Rajesh,Sharma,,4990011664,228 Park Avenue,Leeds,TS8 7XX,57386178861,gp,R0006375
Wei,Ali,,2746790313,34 Station Road,Newcastle,TS21 1XX,47782892668,cardiology,R0002992
Lucy,Davies,,0976099830,102 Park Avenue,York,TS8 3XX,68595530236,pediatrics,R0003671
Rjaesh,Evans, MD,2576067136,299 High Street,Durham,TS25 5XX,4079 850 2201,gp,R0001835
P.,Williams,,1324923839,63 park avenue,Newcastle,TS24 6XX,7780 143 6291,ortho surgery,R0006379
Elena,Taylor,,8856848630,261 Victoria Road,York,TS17 2XX,87084799815,pediatrics,R0006599
A.,Williams, Jr,4209515787,241 Station Road,Newcastle,TS23 4XX,79066843244,paediatrics,R0004376
John,Taylor,,9425342538,246 Church Ln,Middlesbrough,TS23 5XX,51570501858,family medicine,R0006107
Omar,Wilson,,4455321325,50 Victoria Road,Middlesbrough,TS9 1XX,97247952666,pediatrics,R0000547
James,Davies,,4162297154,117 High Street,Middlesbrough,TS26 1XX,59364622515,family medicine,R0004865
Omar,Ali,,6254430250,170 High Street,York,TS29 2XX,03087115469,orthopaedics,R0002799
M.,Roberts, Dr,6826755435,240 Church Ln,Leeds,TS9 5XX,16705607534,cardiology,R0001242
O.,Roberts,,,204 church lane,Middlesbrough,TS22 8XX,1022 399 6220,orthopedics,R0002036
Sarah,Ngyuen,,9011172520,183 high street,Newcastle,TS17 6XX,14676563627,gp,R0003265
Sarah,Ahmed,,4148177714,83 Victoria Rd,Leeds,TS15 7XX,53154239670,ortho surgery,R0005601
Sarah,Brwon, Jr,0539217461,225 Victoria Road,Middlesbrough,TS12 2XX,7245 272 9690,paediatrics,R0006696
G.,Nguyen,,2519441622,261 Station Road,Middlesbrough,TS12 3XX,15188654986,general practice,R0007455
M.,Williams,,7562638516,116 high street,Newcastle,TS12 7XX,9410 317 0711,paediatrics,R0004240
M.,Ahmed,,8118545290,200 High Street,Durham,TS26 4XX,39748839608,cardiology,R0007494
J.,Wilson, Jr,5807468327,79 Park Ave,Middlesbrough,TS8 7XX,5972 297 5643,gp,R0002746
R.,Ali, MD,6427504140,55 Station Rd,Newcastle,TS5 1XX,29967924059,cardiovascular medicine,R0002487
Lucy,Davies, Jr,8243713702,195 Park Ave,Leeds,TS18 4XX,43877741048,cardiology,R0002388
Amara,Williams,,1307445595,80 Park Avenue,Newcastle,TS2 7XX,86000753543,paediatrics,R0003887
Omar,Taylor,,5003340290,210 Victoria Road,Durham,TS7 7XX,55062307066,orthopaedics,R0006230
Omar,Jones,,8040070854,68 Victoria Road,Leeds,TS12 4XX,68528584196,cardiology,R0001436
Lucy,Evans,,8986806939,2 Church Lane,York,TS9 1XX,87491746066,ortho surgery,R0001038
John,Patel,,9707594533,272 Park Avenue,Newcastle,TS26 7XX,65373285389,general practice,R0000323
Wei,Evans,,,275 church lane,Newcastle,TS7 8XX,21747915242,pediatrics,R0003580
David,Roberts,,9956776937,104 Park Avenue,Durham,TS27 1XX,88825005927,cardiology,R0003204
John,Taylor,,9425342538,246 Church Lane,Middlesbrough,TS23 5XX,5157 050 1858,family medicine,R0006108
Omar,Taylor,,1580085566,214 Church Lane,Durham,TS14 2XX,73831819642,pediatrics,R0002571
Fatima,Nguyen, MD,,278 park ave,Durham,TS15 7XX,77018512964,family medicine,R0006634
James,Jones,,0690651679,152 High Street,Middlesbrough,TS16 7XX,13462212979,cardiovascular medicine,R0003915
John,Patel, MD,9707594533,272 Park Ave,Newcastle,TS26 7XX,6537 328 5389,gp,R0000324
Wei,Smith,,5192386397,13 High Street,Newcastle,TS1 5XX,18843297169,paediatrics,R0005908
Fatima,Jones,,4570927298,65 High Street,Leeds,TS13 6XX,98379127388,pediatrics,R0006140
Amara,Jones,,0969256365,122 Victoria Road,Newcastle,TS27 5XX,07466017528,cardiovascular medicine,R0004248
Chen,Taylor,,3808370768,31 High Street,Middlesbrough,TS22 6XX,97586142014,paediatrics,R0005677
Sarah,Davies,,6889033322,252 Victoria Road,Newcastle,TS20 5XX,46845992220,paediatrics,R0002114
Omar,Roberts,,3578477788,38 Church Lane,Leeds,TS29 4XX,99015060846,cardiology,R0003268
Amara,Sharma,,1540582853,136 Victoria Road,Newcastle,TS27 7XX,68888398810,gp,R0004060
Omar,Williams,,8758525415,275 Victoria Road,Newcastle,TS21 4XX,89877473986,ortho surgery,R0003660
Amara,Ahmed,,8142167801,160 Church Lane,Newcastle,TS28 7XX,98356387547,orthopedics,R0001728
David,Wilson,,5172386393,118 Church Lane,Leeds,TS6 4XX,58386075343,cardiovascular medicine,R0000208
Chen,Ali,,0061955825,62 victoria rd,Middlesbrough,TS6 2XX,31184349449,pediatrics,R0000747
David,Ahmed,,1810740629,199 Victoria Road,York,TS14 4XX,69601634452,pediatrics,R0001966
John,Khan, Jr,9283095201,217 High Street,Newcastle,TS6 2XX,8826 553 7879,orthopaedics,R0000798
Sarah,Dvaies,,4178511455,265 Station Rd,York,TS9 6XX,(7609) 0905106,gp,R0000088
Mhoammed,Jones, Dr,2274415974,129 High St,Newcastle,TS4 1XX,77899907711,gp,R0000734
David,Sharma,,5391384763,154 Park Avenue,Leeds,TS22 2XX,61860119522,general practice,R0001322
Mohammed,Ali,,5427441704,216 Park Avenue,York,TS5 8XX,06069500238,general practice,R0005230
D.,Patel, Dr,9704961713,292 High Street,Durham,TS28 1XX,62713280515,ortho surgery,R0001507
Jmaes,Khan,,4637620292,189 Park Avenue,Durham,TS29 8XX,8344 618 6200,orthopaedics,R0003664
J.,Nguyen, MD,4648120723,234 Victoria Road,Leeds,TS5 1XX,29592313583,orthopedics,R0000198
James,Smith,,8512521509,200 Park Avenue,Leeds,TS28 5XX,23763904291,gp,R0006395
Amara,Khan,,5784452171,297 Park Ave,York,TS14 4XX,97191844541,orthopaedics,R0003025
O.,Wilson, Dr,4455321325,50 Victoria Rd,Middlesbrough,TS9 1XX,(9724) 7952666,pediatrics,R0000548
Chen,Taylor,,2481412046,196 Church Lane,Middlesbrough,TS4 4XX,11936473385,ortho surgery,R0005733
C.,Brown, Dr,,179 Victoria Rd,Middlesbrough,TS13 5XX,(5200) 9698206,paediatrics,R0002903
Sarah,Ahmed,,8452110128,59 High Street,Durham,TS23 7XX,37716239277,cardiology,R0007498
Rajesh,Williasm, MD,5583858404,297 Station Rd,Middlesbrough,TS16 1XX,58689986638,cardiology,R0007266
Amara,Smith,,1074943391,90 Park Avenue,Newcastle,TS28 1XX,68689871862,paediatrics,R0003542
John,Khan, Dr,1356618721,129 Station Rd,Newcastle,TS29 4XX,03499655502,orthopaedics,R0006555
S.,Patel, Dr,3812141883,87 High St,York,TS1 1XX,4046 396 1992,orthopaedics,R0007382
Fatima,Patel,,0276299109,8 Church Lane,Newcastle,TS21 7XX,44962409655,cardiovascular medicine,R0007183
Grace,Wilson,,7921906242,239 Church Lane,Middlesbrough,TS15 5XX,21260163048,cardiology,R0006358
Wei,Williams,,5598895875,25 Victoria Road,Middlesbrough,TS12 5XX,76918414504,cardiology,R0004832
Chen,Ahmed,,5721265440,140 High Street,Middlesbrough,TS8 5XX,96686278215,family medicine,R0006846
Priya,Ahmed,,5034760690,128 Victoria Road,Middlesbrough,TS19 3XX,78888347155,ortho surgery,R0000937
Chen,Ali,,2152660715,268 Church Lane,Middlesbrough,TS6 5XX,44766782949,family medicine,R0004314
Chen,Ali, MD,2325875474,29 Victoria Road,York,TS19 4XX,49556327304,orthopaedics,R0002348
Rajesh,Ali,,1669581070,269 Victoria Road,Middlesbrough,TS20 4XX,66445674307,orthopedics,R0001595
Omra,Smith, MD,5997480717,85 Station Road,Durham,TS18 8XX,7913 400 0747,general practice,R0001451
John,Roberts,,3361642860,102 Victoria Road,York,TS1 5XX,38628132268,orthopaedics,R0006228
James,Roberts,,4749896040,14 Church Lane,York,TS16 8XX,28744367091,general practice,R0004462
Priya,Ahmed,,5237755360,281 High Street,Durham,TS6 6XX,02929266627,cardiology,R0002436
Aisha,Patel,,9293355833,59 station rd,York,TS1 5XX,53803387436,pediatrics,R0007341
Sarah,Khan,,3917011400,48 Station Road,Durham,TS11 1XX,00941188757,orthopaedics,R0005549
Omar,Sharma,,0050029284,63 park avenue,Leeds,TS16 3XX,78714110866,general practice,R0007362
Mohammed,Davies,,,224 Victoria Road,Newcastle,TS21 4XX,(0207) 0693684,pediatrics,R0000620
Grace,Evans,,9047196404,192 Victoria Road,Durham,TS22 2XX,31794096432,orthopedics,R0007061
Mohammed,Williams,,3141038989,299 Victoria Road,Durham,TS6 7XX,94635075734,pediatrics,R0003620
Priya,Smith,,3691689209,155 Victoria Road,Leeds,TS4 5XX,25194126717,gp,R0004017
Amara,Williams,,1209938491,117 Station Road,Newcastle,TS8 4XX,57415087220,general practice,R0000478
Aisha,Nguyen,,4233906771,53 Church Lane,Leeds,TS12 1XX,00942743136,family medicine,R0001429
Wei,Amhed, MD,8869986900,263 Church Ln,Durham,TS27 6XX,(2900) 7951092,ortho surgery,R0001488
Wei,Ali,,6440917696,74 Victoria Road,York,TS16 5XX,96975262704,paediatrics,R0005375
Amara,Ahmed,,,160 Church Ln,Newcastle,TS28 7XX,98356387547,ortho surgery,R0001729
Aisha,Smith,,,110 High Street,Durham,TS6 4XX,5930 497 0077,cardiovascular medicine,R0001406
Jhon,Khan, MD,9630064631,44 Victoria Road,York,TS27 2XX,62270549099,cardiology,R0005349
Omar,Smiht,,8086841118,253 church ln,Leeds,TS4 1XX,27869336197,ortho surgery,R0001033
Priya,Sharma,,0524298790,42 High Street,Middlesbrough,TS6 8XX,85693049565,pediatrics,R0007296
Elena,Roberts,,0518468502,228 Station Road,Newcastle,TS27 4XX,82632243231,gp,R0000286
Aisha,Brown,,1864704229,213 Church Lane,Middlesbrough,TS11 2XX,92331754360,ortho surgery,R0000550
L.,Ali, Dr,2595779319,219 Church Lane,Middlesbrough,TS19 7XX,(7390) 8123407,orthopaedics,R0002629
Rajesh,Williams,,7957905951,221 High Street,Leeds,TS3 2XX,03116114106,paediatrics,R0006029
James,Brown,,0772776011,88 Victoria Road,Leeds,TS16 4XX,91719524740,orthopedics,R0002644
James,Sharma,,5213083504,157 Victoria Road,Leeds,TS21 3XX,69118525248,pediatrics,R0007097
Priya,Sharma, MD,2231407611,19 High St,Middlesbrough,TS18 1XX,0594 288 8309,family medicine,R0003680
Fatmia,Sharma,,,70 Park Ave,Leeds,TS1 7XX,(0414) 4589394,pediatrics,R0001142
Amara,Brown,,9422142525,14 Park Avenue,Durham,TS26 1XX,04572466551,pediatrics,R0002183
Rajesh,Nguyen,,1069850544,96 Church Lane,York,TS21 2XX,00457459763,cardiology,R0001421
E.,Nguyen,,9904744346,220 High Street,Durham,TS22 2XX,75345266346,orthopedics,R0001261
Grace,Ahmed,,1846703646,278 Church Lane,Middlesbrough,TS9 4XX,30028989961,pediatrics,R0002821
Daivd,Wilson,,6828990362,54 high st,Leeds,TS2 6XX,(2607) 2210990,pediatrics,R0004442
E.,Nguyen, MD,,111 Station Rd,York,TS13 7XX,1662 170 2400,paediatrics,R0004086
Fatima,Nguyen,,3565541664,65 High Street,Middlesbrough,TS24 1XX,90022311790,orthopaedics,R0003782
Aisha,Ahmed,,2119532590,152 Park Avenue,Middlesbrough,TS12 7XX,74833289366,orthopaedics,R0006087
Amara,Patel,,3594957072,206 Church Lane,Leeds,TS16 5XX,30648630577,pediatrics,R0003133
Elena,Jones, Dr,,240 church ln,Middlesbrough,TS6 2XX,51116294658,paediatrics,R0003379
Fatima,Roberts, Jr,,86 Victoria Rd,Middlesbrough,TS14 4XX,(5293) 7629466,orthopaedics,R0003038
Amara,Ali,,5623111805,205 Church Lane,Middlesbrough,TS25 5XX,11764400532,pediatrics,R0001402
Aisha,Williams,,2694700565,75 High Street,Durham,TS13 8XX,76395479817,ortho surgery,R0007465
Lucy,Sharma,,0467247576,240 High Street,Leeds,TS24 6XX,82024111138,orthopaedics,R0003269
Fatima,Jones,,6162519364,60 Church Lane,York,TS3 7XX,62083979610,cardiology,R0001287
A.,Khan,,7380225415,152 victoria rd,Middlesbrough,TS8 4XX,7122 606 4388,orthopedics,R0000701
Amara,Smith, Dr,2681478448,123 Victoria Road,Durham,TS20 6XX,6518 735 0748,pediatrics,R0004334
Sarah,Ali,,8245262394,38 Victoria Road,Durham,TS10 1XX,13774370416,cardiovascular medicine,R0004528
Omar,Jones,,2746303552,164 Church Lane,Newcastle,TS15 4XX,31961289508,pediatrics,R0006245
Omar,Roberts,,6875920977,147 Station Road,York,TS18 6XX,23246233280,paediatrics,R0005097
A.,Khan, MD,7728622055,170 High Street,Durham,TS9 2XX,1595 686 8516,cardiovascular medicine,R0003947
Rajseh,Nguyen, Dr,9403530936,273 victoria road,York,TS21 1XX,(6890) 2092546,cardiovascular medicine,R0000833
Fatima,Davies,,5269069432,4 Station Road,Leeds,TS23 2XX,29924421060,orthopaedics,R0001480
Elena,Wilson,,8428672027,292 Station Road,Durham,TS13 3XX,20395787744,cardiology,R0004852
Omar,Wilson, MD,4455321325,50 Victoria Road,Middlesbrough,TS9 1XX,97247952666,paediatrics,R0000549
Lucy,Williams,,5706408282,284 Church Ln,Leeds,TS26 8XX,7872 953 1726,ortho surgery,R0001020
Amara,Sharma,,0080794379,56 High Street,Newcastle,TS28 2XX,0706 062 0015,gp,R0000248
Amara,Jones, Dr,9587734467,236 High Street,Leeds,TS2 5XX,62708667397,paediatrics,R0001277
Omar,Patel,,9604829423,242 Church Lane,Durham,TS27 2XX,95193660263,orthopedics,R0000296
Amara,Nguyen,,5367602193,93 Church Lane,Newcastle,TS29 2XX,87616645261,orthopedics,R0001565
James,Ahmed,,0842413169,146 Church Lane,Middlesbrough,TS3 7XX,32160920736,pediatrics,R0001281
Mhoammed,Ahmed, MD,1379207731,229 Station Road,York,TS4 4XX,31017333028,cardiovascular medicine,R0005325
Wei,Wilson,,3644556081,123 Station Road,Durham,TS1 4XX,67862307019,general practice,R0004201
Saarh,Ali, Jr,1780553644,65 church ln,Newcastle,TS19 4XX,9897 373 2495,family medicine,R0000100
C.,Roberts, Jr,8284179801,213 Park Avenue,Middlesbrough,TS14 2XX,(9936) 1098001,family medicine,R0004329
M.,Jones,,1730382803,268 Church Ln,Middlesbrough,TS20 8XX,78146487978,gp,R0006163
M.,Ali, Jr,4386596377,73 Park Avenue,Middlesbrough,TS6 5XX,(7786) 0579651,paediatrics,R0004710
Rajesh,Jones,,4433172439,196 Church Lane,Leeds,TS29 7XX,71811300035,pediatrics,R0004727
Jmaes,Taylor, Jr,3439347357,26 Victoria Rd,Middlesbrough,TS19 5XX,(5928) 6477050,general practice,R0007132
Fatima,Taylor,,9049536286,1 Station Road,Middlesbrough,TS19 8XX,96983818959,cardiology,R0003527
L.,Williams,,,249 Station Rd,Newcastle,TS3 6XX,09786497055,gp,R0001760
James,Taylor,,0631151509,150 High Street,Newcastle,TS29 8XX,88517528483,ortho surgery,R0005874
John,Sharma,,2232850411,260 Park Avenue,York,TS6 6XX,43062736610,cardiology,R0005335
Sarha,Evans, MD,8209573222,219 Church Ln,Middlesbrough,TS25 5XX,9535 187 1552,orthopaedics,R0000346
Amara,Davies,,7195713950,296 Church Lane,Newcastle,TS3 2XX,44115507399,orthopaedics,R0004119
Luyc,Khan,,,109 Victoria Road,Durham,TS4 8XX,15795940190,ortho surgery,R0005366
Amara,Nguyen,,7673487507,52 Station Road,Leeds,TS20 4XX,50159749284,cardiology,R0001352
Wei,Smith,,8082697725,108 Park Avenue,York,TS2 8XX,19907628129,gp,R0000681
F.,Nguyen, Dr,7719506747,26 Park Avenue,York,TS10 8XX,6472 976 2397,cardiology,R0003095
Aisha,Williams,,4209515787,241 Station Road,Newcastle,TS23 4XX,79066843244,paediatrics,R0004375
J.,Smith, Dr,2722703506,89 park avenue,Leeds,TS28 7XX,(9430) 6463163,cardiovascular medicine,R0002826
Priya,Sharma,,,57 High St,Middlesbrough,TS3 7XX,2899 591 8133,family medicine,R0007457
Amara,Ahmed,,3751460051,169 Church Lane,Middlesbrough,TS25 5XX,69618468489,family medicine,R0004803
Mohammed,Ahmed,,8994885016,189 Victoria Road,Newcastle,TS8 8XX,84346813194,general practice,R0001732
Chen,Nguyen,,7961576414,180 Station Road,Durham,TS11 8XX,(9823) 1043379,paediatrics,R0005351
Pryia,Taylor,,7000313273,248 Victoria Road,Middlesbrough,TS6 7XX,13682204222,orthopedics,R0004393
Lucy,Sharma, MD,9088394036,243 Church Lane,Durham,TS25 7XX,6618 574 3712,general practice,R0006059
David,Taylor,,5719252380,30 Church Lane,York,TS17 4XX,39243788003,cardiology,R0001181
David,Thomas,,,145 High Street,York,TS10 8XX,9244 209 6414,cardiovascular medicine,R0002890
Chen,Ali,,2804476313,264 Station Rd,Durham,TS3 4XX,(6672) 5049864,orthopaedics,R0002937
Mohammed,Evans, Dr,8674529297,142 Victoria Rd,Durham,TS11 3XX,(1918) 6191151,cardiovascular medicine,R0001840
Grace,Nguyen,,2519441622,261 Station Road,Middlesbrough,TS12 3XX,15188654986,general practice,R0007453
Elena,Roberts,,6038484498,287 Victoria Road,York,TS19 2XX,82033317127,paediatrics,R0007218
Aisha,Thomas,,3849086128,136 Park Avenue,Middlesbrough,TS2 3XX,26723109779,general practice,R0003454
Lucy,Roberts,,1078706398,65 Park Avenue,York,TS10 7XX,11050518406,paediatrics,R0001199
Aisha,Evans, MD,0504770259,24 Victoria Road,Leeds,TS10 3XX,43967864403,pediatrics,R0006203
David,Nguyen,,9938990797,74 Station Road,Durham,TS4 4XX,64626662324,paediatrics,R0000084
C.,Smith,,6541635285,267 Church Ln,Newcastle,TS3 2XX,1418 643 2954,general practice,R0006096
Grace,Davies,,6799231546,242 Park Avenue,York,TS1 6XX,19043806872,pediatrics,R0004763
John,Patel,,4693504518,217 High Street,Durham,TS20 7XX,09099157811,paediatrics,R0006729
Rajesh,Jones,,8999152034,14 Station Road,Middlesbrough,TS12 2XX,04098914853,ortho surgery,R0001452
Sarah,Davies, Dr,8618942699,245 high street,Middlesbrough,TS16 7XX,0622 821 9895,general practice,R0004518
Lucy,Patel,,7506775310,79 Station Road,Durham,TS2 8XX,52919234929,family medicine,R0000418
Grace,Ali,,7215164513,299 Park Avenue,Durham,TS27 7XX,92355412392,paediatrics,R0006514
Priya,Ahmed,,7796608779,164 Victoria Road,York,TS19 8XX,01368321305,paediatrics,R0005033
Chen,Brown,,7869402176,176 Station Road,York,TS26 3XX,81020044212,ortho surgery,R0006219
James,Williams,,6543740136,297 High Street,Newcastle,TS28 1XX,4315 758 6788,orthopedics,R0004707
Fatima,Brown,,5599422410,242 Station Road,Leeds,TS22 8XX,32383545591,orthopaedics,R0006536
Cehn,Brown, Dr,0022069326,114 Church Lane,Durham,TS26 8XX,2405 374 6456,gp,R0006328
Mohammed,Roberts,,5453410660,219 Station Road,Durham,TS5 8XX,33673053241,paediatrics,R0005472
Sarah,Wilson,,1461472023,229 High Street,Newcastle,TS21 5XX,47663007800,cardiology,R0004483
C.,Jones, Jr,,86 Station Rd,Durham,TS19 8XX,62997175740,cardiovascular medicine,R0006750
Daivd,Davies,,6688980478,296 station rd,Newcastle,TS21 5XX,(3552) 5581602,cardiovascular medicine,R0004628
James,Thomas,,7052184636,58 Station Road,York,TS20 2XX,45424262734,family medicine,R0007072
James,Nguyen,,9788819208,160 Park Avenue,York,TS4 3XX,67726120835,orthopedics,R0004825
John,Brown,,4219756429,222 Victoria Road,Leeds,TS24 4XX,71418326937,gp,R0001149
Rajesh,Roberts,,1958882108,206 Park Avenue,Newcastle,TS10 5XX,06968541263,cardiology,R0003950
Elena,Roberts,,3151009037,225 Victoria Road,Middlesbrough,TS26 8XX,96511888651,pediatrics,R0003058
Omar,Taylor, MD,8765023171,296 Station Rd,Durham,TS16 5XX,8466 155 1124,cardiovascular medicine,R0004022
Chen,Roberts,,5279236620,291 Victoria Road,Durham,TS11 2XX,71335668232,ortho surgery,R0007322
Aisha,Smith,,0785392490,175 Victoria Road,Newcastle,TS15 8XX,16832558308,pediatrics,R0005896
Lucy,Brown,,5022385947,72 High Street,Newcastle,TS18 1XX,64085650373,gp,R0001515
Sarah,Sharma,,7810618133,101 Church Lane,Newcastle,TS17 3XX,65998121581,ortho surgery,R0004600
Aisha,Sharma, MD,2902399880,177 High Street,Newcastle,TS11 2XX,59741701710,cardiology,R0004983
Fatima,Smith,,3026799192,8 Victoria Road,Newcastle,TS27 5XX,74042112798,orthopaedics,R0002751
Amraa,Wilson,,6641422128,74 church lane,Newcastle,TS23 2XX,9860 759 7040,paediatrics,R0007241
Grcae,Thomas,,2448944030,194 church lane,Leeds,TS8 8XX,76632847508,gp,R0004813
Fatima,Jones,,5765272479,209 High Street,Newcastle,TS21 2XX,01132138984,paediatrics,R0005766
Priya,Thomas, Dr,,76 High St,Durham,TS1 1XX,07869698655,paediatrics,R0006252
Rajesh,Ahmed,,1197534933,103 Church Lane,Middlesbrough,TS4 8XX,63540715244,pediatrics,R0003551
Amara,Khan,,5729670737,126 Victoria Road,Leeds,TS8 1XX,67413491362,ortho surgery,R0000373
D.,Davies, Dr,3665623775,144 Station Road,Middlesbrough,TS2 7XX,6475 641 7477,family medicine,R0006171
Omar,Patel,,4490029074,167 Victoria Road,Leeds,TS15 4XX,33719808592,cardiovascular medicine,R0005409
Aisha,Sharma, MD,3585800423,223 victoria rd,Leeds,TS2 7XX,(2579) 3948126,ortho surgery,R0001467
Lucy,Khan, Dr,5887373359,63 Station Rd,Newcastle,TS26 3XX,2041 988 2642,orthopedics,R0001893
Amara,Taylor, Jr,2848455668,43 High Street,Newcastle,TS4 8XX,85668993318,paediatrics,R0005028
John,Roberts,,6051645560,105 Victoria Road,York,TS15 4XX,16396405846,cardiology,R0001665
F.,Nguyen,,2347975914,212 Station Road,Middlesbrough,TS12 7XX,3867 282 3762,cardiology,R0001563
Mohammed,Smith,,3772383247,195 Church Lane,York,TS21 7XX,64772673260,cardiology,R0004013
James,Williams,,6490432532,29 Church Lane,Leeds,TS22 3XX,41916611195,general practice,R0004657
Lucy,Davies, Dr,0403767605,144 Church Lane,York,TS7 6XX,(6400) 3597421,pediatrics,R0001608
Elnea,Jones, MD,,104 church ln,Newcastle,TS11 3XX,2484 681 4932,orthopedics,R0005546
Rajesh,Brown,,4723359952,213 Victoria Road,Leeds,TS11 8XX,24936094654,orthopaedics,R0001302
A.,Roberts,,9488811459,236 station road,Newcastle,TS26 8XX,1227 640 5742,cardiovascular medicine,R0000812
John,Taylor,,3882538986,11 Victoria Road,York,TS19 3XX,79562130967,orthopedics,R0005471
Grace,Thomas,,2640888081,32 Church Lane,Middlesbrough,TS16 2XX,49642195971,ortho surgery,R0005920
Grace,Smith,,6239174449,93 Church Lane,Leeds,TS1 2XX,11949521710,pediatrics,R0002977
David,Brown,,8145972010,64 Church Lane,Durham,TS20 6XX,54835230653,orthopaedics,R0003855
Sarah,Evans,,5201527512,47 High Street,Middlesbrough,TS22 4XX,82352410821,orthopedics,R0002533
Fatima,Smith,,5274192568,152 Park Avenue,Durham,TS11 3XX,19828612791,cardiovascular medicine,R0004678
W.,Wilson,,,249 church ln,Newcastle,TS19 6XX,(1205) 0687567,cardiovascular medicine,R0005072
F.,Wilson,,3803721781,77 Park Avenue,Newcastle,TS5 8XX,46227599678,cardiology,R0003539
Rajesh,Wilson,,8658937270,52 Station Rd,Leeds,TS24 4XX,(1931) 5066924,paediatrics,R0004063
Priya,Brown,,6098605807,171 Victoria Road,Middlesbrough,TS7 6XX,97565570207,ortho surgery,R0000921
John,Khan,,4177584112,22 Station Road,Leeds,TS7 5XX,16365942564,cardiovascular medicine,R0000322
Aisha,Jones,,3286553865,218 Park Avenue,Durham,TS12 6XX,76110215902,pediatrics,R0002576
C.,Davies, Jr,8005939879,23 Park Avenue,Durham,TS29 3XX,15719849284,paediatrics,R0006681
Mohammed,Taylor,,5528645237,198 High Street,Middlesbrough,TS5 8XX,89332779299,orthopedics,R0004357
James,Ali,,2087246832,72 High Street,Newcastle,TS24 8XX,72224964784,paediatrics,R0002344
E.,Davies,,5689474159,52 Church Ln,York,TS22 7XX,(0041) 9765407,gp,R0003181
S.,Wilson, Dr,5892920822,35 Park Ave,Newcastle,TS21 2XX,2591 595 2813,cardiology,R0005330
Elena,Williams,,5813761072,282 High Street,Newcastle,TS20 4XX,48755535663,ortho surgery,R0003767
G.,Patel, Dr,9260198218,141 Victoria Road,Middlesbrough,TS24 5XX,(1361) 5032691,ortho surgery,R0000231
John,Thomas,,7261592705,284 High Street,Newcastle,TS13 8XX,91564648648,cardiovascular medicine,R0004993
John,Williams, Dr,,90 Church Lane,Middlesbrough,TS10 5XX,(0837) 6721125,paediatrics,R0001582
J.,Thomas,,2981546516,81 Church Lane,Leeds,TS14 8XX,9377 154 4797,pediatrics,R0006113
Rajesh,Patel, MD,1685174032,221 victoria road,Newcastle,TS4 5XX,0417 092 2890,orthopaedics,R0001079
James,Williams, MD,6543740136,297 high st,Newcastle,TS28 1XX,(4315) 7586788,orthopedics,R0004708
Elena,Smith, Jr,0583937262,217 Park Avenue,York,TS2 2XX,(3425) 9736922,cardiovascular medicine,R0001115
Mohammed,Wilson,,7995600925,84 Station Road,Middlesbrough,TS24 4XX,13447468926,paediatrics,R0005195
James,Thomas,,6900246864,239 High Street,Leeds,TS12 7XX,80936631286,orthopaedics,R0005444
Rajesh,Thomas,,8911606175,235 Victoria Road,Newcastle,TS10 1XX,55466692526,cardiology,R0006077
Grace,Davies,,6923818268,189 Victoria Road,Durham,TS7 3XX,76259055821,pediatrics,R0004979
Jmaes,Brown, MD,,76 High Street,Leeds,TS23 2XX,6004 242 6046,gp,R0007256
Priya,Patel, Dr,6568955990,238 church lane,Newcastle,TS2 8XX,71643678418,family medicine,R0001945
John,Thomas,,5346740457,206 Victoria Road,Durham,TS8 1XX,21621547900,ortho surgery,R0003541
Priya,Nguyen,,3158706319,66 Church Lane,Newcastle,TS23 3XX,73561849086,gp,R0006911
John,Nguyen,,4716406203,152 Park Avenue,Middlesbrough,TS28 2XX,20214979401,pediatrics,R0005950
Priya,Sharma,,7445520682,221 Station Road,Middlesbrough,TS8 3XX,88841900705,gp,R0005737
J.,Khan,,1678865422,181 Park Avenue,York,TS8 4XX,39997376728,cardiovascular medicine,R0007485
Grace,Evans,,5759047061,34 Park Avenue,Newcastle,TS8 2XX,63717873734,ortho surgery,R0004756
John,Thomas, Dr,7261592705,284 High Street,Newcastle,TS13 8XX,91564648648,cardiology,R0004994
Sarah,Khan,,7895116897,42 Victoria Road,York,TS6 4XX,06330947564,paediatrics,R0002127
E.,Davies,,3134085088,208 high street,Middlesbrough,TS11 5XX,74606954290,ortho surgery,R0000265
John,Taylor,,4806205977,232 Park Avenue,Durham,TS15 2XX,84531976485,cardiology,R0000000
Lucy,Taylor,,6093721405,57 Church Lane,Middlesbrough,TS13 5XX,50632891427,family medicine,R0004050
Wei,Ali,,8200563755,218 High Street,Leeds,TS8 4XX,(2312) 8590478,cardiovascular medicine,R0005934
Priya,Sharma,,0570547210,274 Church Lane,York,TS27 4XX,16036254929,orthopaedics,R0000838
Rajesh,Ahmed,,3384893296,43 Station Road,Durham,TS15 8XX,29911502499,cardiology,R0000014
Aisha,Khan,,9277641506,250 Station Road,Middlesbrough,TS17 2XX,90873532335,orthopaedics,R0003438
Rajesh,Williams,,8802506093,258 Church Lane,Newcastle,TS17 5XX,96446206653,cardiology,R0005985
Mohammed,Patel, Jr,8281306780,82 Victoria Rd,Leeds,TS4 6XX,37308850457,pediatrics,R0005591
Rajesh,Thomas, MD,9644483130,167 high st,Middlesbrough,TS23 6XX,64719591464,cardiology,R0000008
Omar,Thomas,,7741169788,69 High Street,Newcastle,TS18 7XX,91953966667,family medicine,R0004526
Mohammed,Roberts,,1103624280,45 Station Road,York,TS25 4XX,05239925599,cardiology,R0001039
Lucy,Jones, MD,,268 Church Ln,Durham,TS25 3XX,01468453377,pediatrics,R0006110
Rajesh,Sharam,,2707199085,180 High St,Leeds,TS18 2XX,(5341) 1998597,orthopaedics,R0005648
Jonh,Brown,,4865095359,16 high street,Middlesbrough,TS18 7XX,9805 213 9527,ortho surgery,R0004562
Sarah,Ahmed,,7318697766,247 Church Lane,Newcastle,TS24 2XX,92794197491,cardiovascular medicine,R0002859
Fatima,Ahmed, Dr,6869966619,179 victoria rd,Durham,TS12 3XX,05668565065,orthopedics,R0006945
Priya,Jones,,0755844841,78 Church Lane,Newcastle,TS16 3XX,68427193370,orthopedics,R0000339
Fatima,Taylor, MD,,5 Victoria Rd,Middlesbrough,TS21 2XX,1708 796 8181,ortho surgery,R0000121
Rajesh,Sharma, MD,6498946177,204 park ave,Middlesbrough,TS14 3XX,95641663636,orthopaedics,R0001869
David,Nguyen,,9362475957,98 Church Lane,Durham,TS24 8XX,35781001221,gp,R0003396
Elena,Ahmed,,2000823506,199 Church Lane,Durham,TS4 1XX,73054995172,gp,R0001090
Elena,Patel,,8104528296,266 High Street,York,TS3 7XX,64665332744,gp,R0001782
Mohammed,Khan,,8270661496,10 Victoria Road,York,TS7 4XX,49465338246,cardiology,R0002199
Wei,Thomas,,4861702880,256 Station Road,Middlesbrough,TS8 8XX,16883641276,orthopaedics,R0000622
Garce,Williams, Jr,9156382221,55 Station Rd,Leeds,TS11 6XX,(6079) 1585850,pediatrics,R0007427
Wei,Davies,,0124211882,10 Park Avenue,Durham,TS8 5XX,0357 317 7112,orthopedics,R0004753
John,Sharma,,0986391072,175 Park Avenue,Durham,TS4 5XX,43481579551,family medicine,R0005607
Fatima,Roberts,,1360474741,224 Church Lane,York,TS24 7XX,39841756679,orthopedics,R0004534
Aisha,Jones,,4712725474,217 Station Road,Leeds,TS2 1XX,18490964592,pediatrics,R0006119
Sarah,Smith, Dr,9390159470,270 station road,York,TS7 2XX,6202 758 0598,paediatrics,R0005704
Lucy,Patel,,3512658803,115 Victoria Road,Newcastle,TS3 7XX,28412970985,orthopedics,R0002515
John,Roberts,,0194313021,96 High Street,Newcastle,TS23 8XX,22251293729,ortho surgery,R0000889
Elena,Nguyen,,2658222321,256 Church Lane,Leeds,TS5 2XX,11909723060,gp,R0005654
Fatima,Wislon, MD,8336053957,210 church lane,York,TS16 6XX,10093212497,pediatrics,R0002897
David,Khan,,7789123949,208 Station Road,Leeds,TS6 3XX,83820592792,cardiology,R0006887
John,Nguyen,,4648120723,234 Victoria Road,Leeds,TS5 1XX,29592313583,ortho surgery,R0000196
Amara,Ahmed,,0123639230,247 Victoria Road,Durham,TS16 7XX,74826446596,cardiology,R0004635
Chen,Jones,,1627752208,13 Station Road,York,TS1 5XX,25379684131,general practice,R0004617
David,Smith,,8077385770,136 Park Avenue,York,TS5 8XX,39596806789,cardiovascular medicine,R0006981
Jonh,Patel,,5578004522,152 high st,Newcastle,TS16 7XX,4240 373 9025,pediatrics,R0006764
Rajesh,Ali, Dr,,11 Park Avenue,Newcastle,TS13 1XX,2975 820 6810,orthopedics,R0004955
Priya,Khan, Dr,3818072942,225 park avenue,Durham,TS9 1XX,3817 419 5603,pediatrics,R0000432
Aisha,Roberts,,5276796644,195 High Street,Middlesbrough,TS29 2XX,07143430260,pediatrics,R0003554
Priya,Brown,,3311725430,110 Church Lane,Middlesbrough,TS8 7XX,11834141485,cardiovascular medicine,R0006454
Grcae,Jones,,7955635604,105 Church Ln,Leeds,TS14 4XX,(5286) 6802163,paediatrics,R0002498
Elena,Wilson,,1359863913,177 Church Lane,York,TS20 4XX,94601208683,pediatrics,R0002662
Amara,Davies,,7025530967,299 Church Ln,York,TS13 4XX,(6976) 0593531,paediatrics,R0001108
James,Daives, MD,1406566194,176 Victoria Road,York,TS11 8XX,(8199) 6931108,ortho surgery,R0006672
Elena,Sharma,,5942725222,142 Station Road,Newcastle,TS20 6XX,00380782110,gp,R0001926
S.,Ahmed,,5789467962,127 Station Road,Leeds,TS6 3XX,47211144334,ortho surgery,R0001941
Mohammed,Nguyen,,8450807380,34 Station Road,Durham,TS21 1XX,03664535620,cardiology,R0004962
Fatima,Smith,,5703334150,156 High Street,York,TS27 6XX,33406173341,general practice,R0002840
Omar,Smith,,8159193782,63 Station Road,Newcastle,TS3 1XX,36854819329,family medicine,R0001195
James,Jones,,,279 victoria rd,York,TS28 2XX,13103522018,ortho surgery,R0002249
Aisha,Ahmed,,9607073126,277 Victoria Road,York,TS5 8XX,74593016976,cardiovascular medicine,R0000604
Aisha,Jones,,9961699443,87 Station Road,Durham,TS29 3XX,80091483306,pediatrics,R0002304
Fatima,Smith,,9504105004,259 Park Avenue,Leeds,TS3 6XX,12518737083,ortho surgery,R0004693
Chen,Patel, MD,5705096151,217 Victoria Rd,Middlesbrough,TS18 1XX,19316258622,paediatrics,R0001219
Wei,Ahmed,,0742019859,295 High Street,Middlesbrough,TS7 4XX,29524961496,orthopaedics,R0007071
Aisha,Nguyen,,3161433838,234 Station Road,Leeds,TS7 6XX,70395124245,orthopaedics,R0003692
E.,Patel,,8404528296,126 Church Lane,York,TS24 6XX,(9058) 5278258,gp,R0001783
Rajesh,Roberts,,5045866370,109 High Street,Leeds,TS14 1XX,58302067223,family medicine,R0004789
Priya,Brown,,7458189293,170 Park Avenue,Durham,TS28 1XX,58000457491,paediatrics,R0005004
Rajesh,Ahmde,,9810907783,84 Station Rd,Leeds,TS5 2XX,2945 619 4522,orthopaedics,R0003487
Aisha,Sharma,,8719969855,26 Victoria Road,Middlesbrough,TS14 5XX,07608410234,family medicine,R0005059
S.,Jones, Jr,5409215904,299 Victoria Rd,Newcastle,TS5 5XX,8667 406 6893,cardiology,R0001158
Mohammed,Wililams,,,36 Park Ave,Leeds,TS24 7XX,(5468) 9062000,cardiovascular medicine,R0004489
Elena,Davies,,6662387780,124 High Street,Middlesbrough,TS15 6XX,(9679) 1662404,cardiovascular medicine,R0003433
Wei,Sharma,,0968354047,45 High Street,Middlesbrough,TS1 8XX,45625027812,orthopaedics,R0005890
Wei,Patel,,8721142187,272 Church Lane,Middlesbrough,TS5 6XX,34829952928,pediatrics,R0004782
James,Nguyen, Dr,3070531333,162 Station Road,Middlesbrough,TS4 8XX,3917 752 2261,general practice,R0007343
Mohammed,Wilson,,0745124073,296 Park Avenue,Middlesbrough,TS1 8XX,29656539076,cardiology,R0004100
S.,Davies,,,188 station rd,Leeds,TS17 2XX,19348574455,cardiology,R0006935
Aisha,Wilson,,8762226315,28 High Street,Middlesbrough,TS26 5XX,26398923661,gp,R0006268
Omar,Jones,,4107118728,46 Victoria Road,York,TS14 6XX,18175142953,cardiology,R0002815
Lucy,Williams,,,280 Park Avenue,Newcastle,TS18 6XX,68707756028,pediatrics,R0002464
Omar,Patel,,7352914830,16 Station Road,Leeds,TS3 8XX,88538871866,ortho surgery,R0004176
Aisha,Brown,,0595418192,69 High Street,Leeds,TS1 1XX,16826343855,cardiovascular medicine,R0000904
L.,Patel,,4343164251,235 Victoria Rd,Durham,TS25 4XX,(8299) 9726133,paediatrics,R0007038
Aisha,Davies,,3337204293,24 Park Avenue,Leeds,TS6 3XX,80907650607,cardiovascular medicine,R0003626
Aisha,Davies,,0108005424,68 Church Lane,Middlesbrough,TS14 7XX,96173161555,cardiology,R0005469
Omar,Smith,,9312012012,242 Park Avenue,Middlesbrough,TS27 8XX,30210817643,family medicine,R0004326
Rajesh,Patel,,6533597421,290 High Street,Middlesbrough,TS24 5XX,(0916) 0559645,gp,R0001747
Omar,Ali,,8855308369,295 Station Road,Middlesbrough,TS12 8XX,02071220938,family medicine,R0003770
Fatima,Smith,,6505503754,251 Church Lane,York,TS3 1XX,63718787011,cardiology,R0006582
J.,Williams, Jr,,70 Church Ln,Middlesbrough,TS19 3XX,(0984) 2210942,family medicine,R0007246
Grace,Ali, Jr,9851002820,254 Victoria Rd,York,TS13 3XX,(9389) 4707910,cardiology,R0002306
Amara,Jones, Dr,,194 Station Rd,Middlesbrough,TS2 2XX,(1061) 9448749,pediatrics,R0002020
R.,Khan, Dr,,220 Church Ln,Newcastle,TS13 6XX,8680 778 6267,family medicine,R0003704
Chen,Patel,,1885316583,143 Park Avenue,Newcastle,TS5 7XX,64211255979,ortho surgery,R0002691
David,Ahmed,,5466512135,11 Station Road,York,TS9 6XX,(5708) 7709650,pediatrics,R0006428
Amara,Patel,,8884600049,257 High Street,York,TS22 4XX,09848868671,orthopedics,R0004407
E.,Jones,,7298862679,193 High St,Newcastle,TS24 7XX,(2161) 1995657,cardiology,R0004453
Chen,Ali,,9289568779,256 Victoria Road,Newcastle,TS27 5XX,55366283486,pediatrics,R0003964
Wei,Brown,,3206273280,74 High Street,Durham,TS2 8XX,43363005159,paediatrics,R0005777
Sarah,Khan, Jr,7896412634,208 High Street,York,TS7 1XX,1530 510 1492,family medicine,R0000254
Grace,Simth, Dr,2359108597,229 Victoria Rd,Middlesbrough,TS25 1XX,(4686) 3794241,gp,R0006871
Fatmia,Jones, Dr,1611551452,25 Station Rd,Newcastle,TS6 8XX,(7083) 3535451,family medicine,R0007273
Rajesh,Evans,,1284542876,243 Station Road,Durham,TS28 6XX,42536017345,pediatrics,R0000221
Rajesh,Smith,,4262460770,153 High Street,Newcastle,TS9 7XX,43261431356,orthopedics,R0000267
Rajesh,Williams,,5930397891,212 Station Road,Middlesbrough,TS1 7XX,91750985737,cardiology,R0000107
Rajesh,Taylor,,4595524654,120 Park Avenue,Leeds,TS1 3XX,29294750945,cardiology,R0003934
John,Patel,,6502325611,249 Park Avenue,York,TS8 3XX,08853239083,cardiology,R0001226
Aisha,Brown,,4919000282,263 Church Lane,Newcastle,TS26 4XX,34536808607,pediatrics,R0003296
D.,Evans,,6776487122,235 Station Rd,Durham,TS1 3XX,(4114) 6394953,cardiovascular medicine,R0004231
David,Roberts,,0091635127,255 Church Lane,York,TS28 4XX,87423836139,cardiovascular medicine,R0001677
Sarah,Shamra, MD,,107 Church Ln,Middlesbrough,TS26 1XX,53472994328,ortho surgery,R0002718
Mohammed,Williams,,1601666873,36 Park Avenue,Leeds,TS24 7XX,54689062000,cardiology,R0004487
James,Brown,,0752351339,25 high st,Middlesbrough,TS26 6XX,(3076) 9095573,paediatrics,R0006507
John,Thoams, Dr,,43 Victoria Rd,Durham,TS3 2XX,9871 321 2425,cardiovascular medicine,R0006845
Sarah,Jones,,0406067337,202 Victoria Road,Newcastle,TS19 2XX,31017452044,pediatrics,R0004165
Sarah,Patel,,2373935587,53 Victoria Road,Newcastle,TS4 1XX,41452093866,paediatrics,R0001210
Lucy,Taylor,,7733407197,87 Station Road,Middlesbrough,TS23 4XX,14966519757,orthopaedics,R0001741
Omar,Roberts,,3817136341,97 Park Avenue,York,TS2 2XX,73997974164,cardiovascular medicine,R0005812
Grace,Ahmed,,6025349661,89 Church Lane,Newcastle,TS19 7XX,99322738861,gp,R0001569
Wei,Davies,,6890868361,198 High Street,Middlesbrough,TS1 4XX,33699534695,pediatrics,R0005819
Elena,Jones, Dr,3625308525,219 station rd,Middlesbrough,TS4 3XX,(5157) 8569079,ortho surgery,R0003246
Chen,Sharma,,5854985146,274 Station Road,York,TS20 1XX,57257062360,pediatrics,R0000376
Amara,Thomas,,3214334541,79 Park Avenue,York,TS22 7XX,87216116619,general practice,R0005518
James,Thomas, MD,0932975876,47 Station Rd,Newcastle,TS21 8XX,95399166792,ortho surgery,R0000755
Grace,Brown,,8895416556,115 Victoria Road,Middlesbrough,TS13 6XX,87789625717,paediatrics,R0000291
J.,Ahmed,,0340559518,200 High Street,Durham,TS26 4XX,39748839608,cardiovascular medicine,R0007497
Sarah,Wilson,,4393815106,11 Park Avenue,York,TS14 3XX,71496820857,cardiovascular medicine,R0002572
F.,Jones,,9923151356,92 church lane,Leeds,TS23 6XX,7483 822 5572,gp,R0000188
Sarah,Jones,,0831211075,215 Victoria Road,Newcastle,TS19 5XX,99157846466,family medicine,R0003739
Elena,Roberts,,9891325965,240 Victoria Road,Middlesbrough,TS20 5XX,26888840946,cardiovascular medicine,R0001201
M.,Smith, Dr,7153874705,73 High Street,Middlesbrough,TS9 1XX,39775965109,family medicine,R0007302
Sarah,Patel, Jr,7933612871,252 Park Avenue,Newcastle,TS7 2XX,(9954) 2051499,cardiology,R0003656
John,Ali,,6735148958,46 Church Lane,York,TS11 7XX,05375671726,cardiovascular medicine,R0005836
E.,Nguyen, Dr,9810578723,145 Victoria Road,Durham,TS29 2XX,(2649) 0695104,orthopaedics,R0004299
Mohammed,Nguyen,,6994754769,124 Park Avenue,Durham,TS27 1XX,73472843349,general practice,R0000501
John,Taylor,,3510107615,168 Church Lane,Middlesbrough,TS29 8XX,78585118471,family medicine,R0001509
Aisha,Wilson, MD,1538265171,82 station rd,Leeds,TS24 2XX,01658096351,paediatrics,R0007306
David,Talyor,,0548315651,171 Park Avenue,York,TS28 2XX,20953110643,cardiology,R0006301
James,Sharma, Dr,1225757562,186 Station Rd,Middlesbrough,TS16 2XX,(6784) 9479595,cardiology,R0003491
Grace,Evans,,,38 Church Ln,Newcastle,TS24 4XX,27934118213,paediatrics,R0003163
C.,Brown, Dr,3369930440,216 Victoria Rd,Middlesbrough,TS17 3XX,76902383579,pediatrics,R0004404
Aamra,Williams,,4288766264,202 Victoria Rd,Middlesbrough,TS3 1XX,28353116644,paediatrics,R0006947
Lucy,Khan,,3002208566,277 Victoria Road,Middlesbrough,TS10 3XX,55752595510,pediatrics,R0000672
Aisha,Roberts,,2532196729,282 Station Road,Middlesbrough,TS18 8XX,79524492244,cardiovascular medicine,R0004902
Fatima,Khan, MD,,255 park ave,York,TS15 7XX,6632 056 2205,cardiology,R0004525
Priya,Jones,,2216866005,240 Park Avenue,Middlesbrough,TS22 8XX,67775701414,pediatrics,R0006547
James,Rboerts,,0895092493,286 High Street,Newcastle,TS26 3XX,3993 275 4050,orthopedics,R0007328
David,Khan,,7526157318,258 High Street,Leeds,TS2 3XX,05108039446,cardiovascular medicine,R0007351
Amara,Jones,,4910241667,33 Church Lane,Newcastle,TS20 8XX,0631 110 4741,gp,R0002457
Sarah,Jonse,,3186139832,167 Station Road,Middlesbrough,TS27 6XX,(4697) 4776948,orthopedics,R0005880
Elena,Ahmed,,0797137749,293 Station Road,Durham,TS15 6XX,54888047837,orthopaedics,R0001192
R.,Davies, MD,4636220011,5 Park Ave,Leeds,TS11 2XX,4230 526 9458,orthopaedics,R0002178
Lucy,Taylor,,7896208052,63 Church Lane,Newcastle,TS14 2XX,41809268194,family medicine,R0004141
Grace,Ahmed, Jr,8105847985,11 park avenue,York,TS20 5XX,54679615300,cardiology,R0000216
David,Davies,,6094391793,71 Church Lane,York,TS25 8XX,57857558317,cardiovascular medicine,R0004305
Chen,Khan,,4889103905,262 Station Road,Durham,TS20 7XX,76492902076,orthopaedics,R0006825
Luyc,Sharma, Jr,0313196297,255 Church Ln,Middlesbrough,TS10 5XX,(7272) 2414327,orthopedics,R0000421
Wei,Ahmed,,6931136074,126 Park Avenue,York,TS5 1XX,55881321005,cardiology,R0000505
Chen,Dvaies,,,261 victoria rd,Leeds,TS7 7XX,2869 489 1242,ortho surgery,R0007134
Sarah,Jones,,3744259894,46 High Street,Leeds,TS7 5XX,14545511643,family medicine,R0006577
Davdi,Williams, Jr,9570968035,99 victoria road,Newcastle,TS16 4XX,77709076799,paediatrics,R0006797
Chen,Thomas,,7315422183,258 Victoria Road,Durham,TS5 1XX,40996286382,family medicine,R0001740
W.,Ahmed,,6931136074,126 Park Avenue,York,TS5 1XX,5588 132 1005,cardiovascular medicine,R0000506
Amara,Jones,,6181825894,190 Station Road,Durham,TS29 3XX,(3825) 3555430,general practice,R0003849
Lucy,Ali,,2273165234,5 Station Road,Middlesbrough,TS19 3XX,43156557078,pediatrics,R0003936
Mohamemd,Jones, MD,4703468667,132 park avenue,York,TS20 4XX,(8260) 7152066,ortho surgery,R0005340
Amara,Evans,,3994739563,37 Church Ln,Leeds,TS8 8XX,39068003315,paediatrics,R0005078
Omar,Ahmed,,8523156048,289 Park Avenue,Durham,TS9 6XX,26827065950,family medicine,R0005296
Mohammed,Nguyen, Dr,7092926686,280 station rd,York,TS27 1XX,(7919) 9870137,cardiovascular medicine,R0004836
Asiha,Ahmed,,3646712057,78 church ln,Durham,TS21 4XX,7638 532 4555,cardiovascular medicine,R0006760
John,Patel,,5403923612,75 Station Road,Middlesbrough,TS14 4XX,17512520726,paediatrics,R0006394
Omar,Nguyen,,5404030353,84 High St,York,TS25 7XX,44551105352,pediatrics,R0005826
Omar,Nguyen,,8131194994,214 Church Lane,Middlesbrough,TS7 6XX,85235702172,orthopaedics,R0006435
Wei,Ahmed,,8869986900,263 Church Lane,Durham,TS27 6XX,29007951092,orthopaedics,R0001487
Grace,Ahmed,,6932494971,212 Park Avenue,Newcastle,TS15 3XX,80800507477,cardiovascular medicine,R0004796
Chen,Smith,,3803178267,191 Victoria Road,Newcastle,TS14 1XX,75456233460,orthopedics,R0002263
Omar,Evans,,5052749559,239 Church Lane,Leeds,TS11 8XX,71436077216,orthopedics,R0000347
Grace,Roberts,,4897052008,172 Station Road,Middlesbrough,TS22 6XX,45594006090,paediatrics,R0006624
David,Williams,,7960473770,167 Church Lane,Middlesbrough,TS15 4XX,88456667981,pediatrics,R0000333
D.,Sharma,,3861038810,257 Station Rd,Newcastle,TS13 1XX,5606 800 8401,family medicine,R0004515
Sarah,Davies, MD,8328194737,37 Station Road,York,TS23 1XX,1941 895 1689,paediatrics,R0002402
Amara,Brown,,5943282057,56 High Street,Durham,TS13 7XX,08866718774,cardiology,R0003125
A.,Nguyen, Dr,5123935782,264 Church Ln,Newcastle,TS28 5XX,7569 778 0865,orthopedics,R0006565
Elena,Taylor,,7124885990,267 Church Lane,Newcastle,TS8 3XX,37473924873,paediatrics,R0005780
Rajesh,Khan,,4598982040,106 Park Ave,Durham,TS22 1XX,04467384640,paediatrics,R0007028
Chen,Taylor,,6588243602,166 Victoria Road,Durham,TS24 6XX,74440397312,family medicine,R0005090
Elena,Roberts,,8430817666,184 Church Lane,Middlesbrough,TS27 5XX,93214566820,gp,R0006723
Chen,Ali,,0061955825,62 Victoria Road,Middlesbrough,TS6 2XX,31184349449,pediatrics,R0000746
David,Nguyen,,5156817695,212 Victoria Road,York,TS2 1XX,15859562070,cardiovascular medicine,R0004855
Fatima,Thomas,,,151 High St,Durham,TS18 5XX,37944104478,family medicine,R0002063
James,Ali,,1338699715,177 Church Ln,Leeds,TS2 1XX,3719 260 0516,cardiovascular medicine,R0003912
David,Brown,,7282583709,28 Park Avenue,Middlesbrough,TS28 7XX,23939262688,pediatrics,R0006549
M.,Evans,,,202 Church Ln,York,TS23 1XX,20331141765,general practice,R0006644
James,Evans,,2836526493,56 Station Road,Middlesbrough,TS16 5XX,71325249390,family medicine,R0003784
Sarah,Thomas,,3146500792,178 Victoria Road,York,TS5 3XX,93868414994,general practice,R0003392
S.,Williams,,1574627792,237 station road,York,TS3 7XX,46235568760,gp,R0006652
John,Roberts,,5854344914,190 High Street,Middlesbrough,TS14 4XX,26074095465,ortho surgery,R0004829
Amara,Davies,,1345448885,140 High St,Newcastle,TS6 3XX,(2650) 5050080,orthopedics,R0002939
Elena,Taylor,,2890730902,143 High Street,York,TS18 3XX,01989557642,pediatrics,R0000259
M.,Roberts, Jr,5853372598,20 Station Road,Leeds,TS19 5XX,70509872746,general practice,R0002087
Chne,Jones, Dr,3692818215,23 Victoria Road,Newcastle,TS11 1XX,01648079799,family medicine,R0006717
Fatima,Talyor,,4451526853,219 Victoria Rd,Durham,TS13 1XX,02275959537,family medicine,R0000380
Aisha,Wilson,,1538265171,82 Station Road,Leeds,TS24 2XX,01658096351,paediatrics,R0007305
J.,Evans, MD,8734531584,99 Park Ave,Durham,TS27 5XX,69115894173,paediatrics,R0005532
Wei,Ahmed,,7902991290,173 Station Road,Newcastle,TS12 7XX,52467461377,ortho surgery,R0005566
Wei,Evans,,1702360237,270 Victoria Road,Durham,TS15 3XX,81122496326,general practice,R0000599
Elena,Taylor,,5768354935,253 High Street,Newcastle,TS12 3XX,54855103996,paediatrics,R0000045
Aisha,Evans,,9388809527,224 Church Lane,Leeds,TS4 7XX,46126202898,orthopaedics,R0005994
Wei,Nguyen,,4843377905,122 Station Road,Newcastle,TS8 1XX,39565191379,cardiology,R0005218
David,Smith,,2001935969,196 Church Lane,Middlesbrough,TS5 8XX,96317396584,family medicine,R0005213
R.,Jones, MD,2269916706,144 Church Ln,Middlesbrough,TS23 8XX,52459767631,orthopaedics,R0002080
Elena,Khan,,9899814302,74 Park Avenue,Leeds,TS18 6XX,09430888568,gp,R0006451
Mohammed,Robrets, Jr,5310647752,253 Church Ln,Durham,TS6 1XX,95648307274,paediatrics,R0004099
J.,Davies, MD,3976652559,34 Victoria Rd,Newcastle,TS13 8XX,6697 532 2623,cardiovascular medicine,R0007180
M.,Jones,,9023173478,201 Church Lane,Durham,TS19 8XX,69601701732,orthopaedics,R0001872
Sarah,Ahmed, Jr,,155 High Street,Leeds,TS25 3XX,7215 132 8575,orthopedics,R0001535
Elena,Nguyen,,8795160481,132 Church Lane,Durham,TS22 5XX,32172602370,family medicine,R0003076
James,Brown,,9480481070,253 Station Road,Newcastle,TS26 2XX,47335700132,pediatrics,R0002337
Grace,Brown,,7133444330,266 High Street,Leeds,TS20 8XX,92530701885,cardiovascular medicine,R0004921
David,Nguyen,,0980233561,180 Victoria Road,Middlesbrough,TS18 6XX,34014159376,gp,R0004591
S.,Jones, MD,2066671342,44 Church Lane,York,TS21 2XX,2228 580 7674,cardiovascular medicine,R0003647
Rajesh,Smith,,8487918728,220 Church Lane,Durham,TS28 5XX,68769960635,pediatrics,R0002948
Aisha,Evans,,3975895142,96 Park Avenue,Middlesbrough,TS14 4XX,36528416367,family medicine,R0002513
A.,Thomas,,6261179648,113 station road,Durham,TS20 1XX,(9628) 3061561,cardiology,R0003203
James,Roberts,,1164509618,127 Station Road,Middlesbrough,TS1 1XX,22483809552,paediatrics,R0006942
Aisha,Davies, Jr,,81 Victoria Road,York,TS21 2XX,47840468871,ortho surgery,R0001298
Jonh,Patel,,,233 Victoria Road,Newcastle,TS1 4XX,(1464) 3323360,cardiovascular medicine,R0000426
Lucy,Davies,,0403767605,144 Church Lane,York,TS7 6XX,64003597421,pediatrics,R0001606
Chen,Roberts, Dr,7114667111,209 Church Ln,Durham,TS4 7XX,36708991324,orthopaedics,R0000805
Jamse,Evans, Dr,,283 Church Lane,York,TS20 5XX,3502 630 1830,paediatrics,R0000410
Chen,Nguyen,,6727557964,109 Station Road,Leeds,TS18 3XX,05908880272,cardiovascular medicine,R0006274
Chen,Sharma,,5760196471,255 victoria rd,Newcastle,TS14 2XX,(5436) 2013829,orthopedics,R0004076
Chen,Williams,,9033612628,136 Victoria Road,Leeds,TS17 3XX,36212923612,cardiology,R0000438
Jhon,Ali,,,271 Station Rd,Leeds,TS6 1XX,0641 835 2293,general practice,R0007232
James,Jones, Dr,3543475474,287 Park Ave,Durham,TS22 3XX,(5240) 1397682,pediatrics,R0006705
Elena,Williams,,9933205281,258 Park Avenue,York,TS18 1XX,46385301448,gp,R0000434
John,Taylor,,9715925725,176 Church Lane,Middlesbrough,TS6 5XX,19573247321,paediatrics,R0000751
Amara,Patel,,3486396948,220 Victoria Road,Durham,TS27 5XX,03027166564,cardiovascular medicine,R0004369
Priya,Roberts,,9503331198,26 High Street,Leeds,TS4 1XX,63527418276,general practice,R0005787
Elena,Nguyen,,3664671148,111 Station Road,York,TS13 7XX,16621702400,paediatrics,R0004085
Sarah,Patel,,3201672393,200 Park Avenue,Newcastle,TS27 8XX,19628394649,pediatrics,R0004672
Omra,Wilson, MD,3713863444,201 Station Rd,Durham,TS3 7XX,54794544350,family medicine,R0003821
Amara,Evans,,3994739563,37 Church Lane,Leeds,TS8 8XX,39068003315,paediatrics,R0005077
Chen,Wilson,,3847635206,230 Station Road,York,TS3 6XX,12196648040,cardiovascular medicine,R0002646
Priya,Smith,,5932299641,13 Victoria Road,Middlesbrough,TS5 6XX,11502617060,gp,R0001049
C.,Brown,,,277 Church Lane,Newcastle,TS9 4XX,20725681594,ortho surgery,R0000626
Priya,Sharma,,5295890801,30 Church Lane,York,TS19 1XX,17531234844,ortho surgery,R0002673
Fatima,Jones,,0855020975,186 park ave,Middlesbrough,TS29 5XX,5904 042 4720,cardiology,R0001223
Omar,Wilson,,8210562773,196 Station Road,Durham,TS20 2XX,24519330829,family medicine,R0000210
Lucy,Patel,,4353164251,235 Victoria Road,Durham,TS25 4XX,82999726133,pediatrics,R0007037
Elena,Roberts,,6484375138,55 Victoria Road,Durham,TS9 2XX,95088488156,paediatrics,R0007169
Priya,Patel,,7057741986,118 High Street,Middlesbrough,TS10 2XX,82298235698,cardiovascular medicine,R0000110
Asiha,Smith,,3196776708,228 church lane,Durham,TS21 8XX,6622 485 3789,cardiology,R0000051
Fatima,Evans, Dr,7123608059,42 High St,Durham,TS16 7XX,5841 694 8867,orthopedics,R0001499
Fatima,Evans,,9877435752,98 High Street,Middlesbrough,TS13 7XX,78708984291,gp,R0001109
Aisha,Williams,,6240468999,32 Church Lane,Leeds,TS5 2XX,07353545194,ortho surgery,R0003846
Chen,Wilosn, Jr,4135330982,253 church ln,Leeds,TS12 2XX,(9052) 2236374,orthopaedics,R0001634
Lucy,Evans,,1254184671,25 Station Road,Durham,TS23 2XX,37304159125,general practice,R0003034
Grace,Roberts,,6697088580,171 Victoria Road,Newcastle,TS4 6XX,87220525142,pediatrics,R0005425
John,Roberts,,3180110529,6 Station Rd,Middlesbrough,TS24 8XX,4102 782 9897,pediatrics,R0001928
Wei,Nugyen,,9958000546,189 Station Rd,Leeds,TS10 6XX,39262457927,ortho surgery,R0005235
Lucy,Evans,,2289535043,297 Church Lane,Newcastle,TS24 4XX,75940950620,gp,R0006970
Elena,Sharma,,4070772950,203 High Street,Leeds,TS1 5XX,17561965944,cardiovascular medicine,R0006377
John,Taylor,,5616474015,4 High Street,Leeds,TS27 6XX,88865363653,cardiovascular medicine,R0006078
James,Brown,,3167861080,172 Station Road,Leeds,TS6 6XX,78442088914,family medicine,R0002680
John,Brown,,4865095359,16 High Street,Middlesbrough,TS18 7XX,98052139527,ortho surgery,R0004561
Omar,Williams, Dr,4911606233,70 high st,Newcastle,TS17 3XX,53419735506,cardiovascular medicine,R0005577
Rajesh,Jones,,0176295773,119 Church Lane,York,TS14 6XX,30049251614,gp,R0001902
Fatima,Evans,,7123608059,42 High Street,Durham,TS16 7XX,58416948867,orthopaedics,R0001498
James,Khan,,3415479148,235 High Street,Newcastle,TS12 7XX,69185775485,ortho surgery,R0002592
Rajesh,Roberts,,8753245327,185 High Street,York,TS21 1XX,(6570) 9048176,ortho surgery,R0003944
Omar,Nguyen,,5404030353,212 Station Road,Durham,TS29 3XX,10340464046,pediatrics,R0005823
Sarah,Williams,,7591945075,20 Park Avenue,Newcastle,TS7 8XX,(4370) 6925759,cardiology,R0003395
Sarah,Davies,,1047830570,108 Church Lane,Middlesbrough,TS15 7XX,55178173987,paediatrics,R0004563
Omra,Wilson, Dr,,56 Victoria Road,Newcastle,TS16 2XX,33530288472,pediatrics,R0006607
James,Davies,,1406566194,248 High Street,Newcastle,TS25 7XX,70380006739,orthopedics,R0006671
Mohammed,Robrets,,9082543928,239 victoria road,Durham,TS22 7XX,(6135) 4792819,cardiology,R0005636
Chen,Smith,,5729677181,277 Victoria Road,Durham,TS18 8XX,44621975276,cardiology,R0007079
Aisha,Smith, MD,0655055833,217 High Street,York,TS19 3XX,79156013131,cardiology,R0000705
Wei,Patel,,9525233464,208 High Street,Newcastle,TS9 6XX,42574450113,paediatrics,R0006046
Amara,Davies,,6862887159,277 Station Road,Newcastle,TS14 5XX,92987003039,cardiovascular medicine,R0007140
Omar,Patel,,7956061457,38 Park Avenue,Newcastle,TS22 1XX,61983093802,orthopaedics,R0004381
James,Ahmed,,2757648499,85 church ln,Durham,TS8 7XX,6927 411 5314,cardiovascular medicine,R0000057
Aisha,Taylor,,3874932008,189 High Street,Durham,TS3 2XX,32194479244,general practice,R0002794
Omar,Shrama, Jr,5876122695,189 Church Ln,Newcastle,TS15 6XX,68537021980,ortho surgery,R0006006
O.,Thomas, MD,7741169788,282 High St,Newcastle,TS21 4XX,9487 038 7129,general practice,R0004527
Amara,Brwon,,6601349860,153 High St,York,TS18 6XX,18450852330,orthopedics,R0000527
Amara,Nguyen,,9121387236,34 Church Lane,York,TS13 8XX,57937822167,ortho surgery,R0001916
Fatima,Thomas,,8295386740,233 Church Lane,Durham,TS24 1XX,27086736211,orthopedics,R0005201
Sarah,Williams,,7816437274,146 High Street,Durham,TS25 5XX,71337373625,orthopedics,R0000565
Chen,Ali,,4503200712,214 Park Ave,Middlesbrough,TS17 2XX,3684 588 0064,ortho surgery,R0006542
Omar,Brown,,1289159014,82 High Street,York,TS20 3XX,98751295472,cardiology,R0004866
Elena,Ali,,8505631583,219 Church Lane,Middlesbrough,TS21 7XX,74049028510,pediatrics,R0000640
Amara,Wilson,,3945596080,248 Church Lane,Leeds,TS14 7XX,10924976035,cardiology,R0003340
Mohammed,Williams,,6981127075,121 Park Avenue,Newcastle,TS18 5XX,46300764742,orthopaedics,R0001886
A.,Evans, MD,2065097422,274 Station Rd,Newcastle,TS7 2XX,4038 806 9534,family medicine,R0000730
Chen,Tayolr,,,195 High St,York,TS20 6XX,(3576) 8219745,cardiovascular medicine,R0002605
J.,Brown, Jr,0114290431,59 Park Avenue,Durham,TS2 5XX,(4023) 5447108,orthopedics,R0004623
Fatima,Khan,,5102843396,275 Park Ave,Newcastle,TS6 2XX,(1487) 4899281,cardiovascular medicine,R0007093
Elean,Jones, Jr,2896701242,88 Church Ln,York,TS12 6XX,63194357681,paediatrics,R0006498
Rajesh,Thomas,,5967760415,144 High Street,York,TS10 1XX,15087717630,paediatrics,R0000325
Grace,Sharma,,8630784948,63 High Street,York,TS22 5XX,55150838336,orthopedics,R0006249
Rajesh,Jones, Dr,7942250400,236 Church Lane,Durham,TS26 1XX,24596500163,ortho surgery,R0000290
Aisha,Evans,,3876798271,42 Church Lane,Middlesbrough,TS5 6XX,31992528649,cardiovascular medicine,R0001971
Aisha,Williams,,7518577851,5 Church Lane,Durham,TS25 5XX,09654466231,cardiology,R0003651
James,Sharma,,8413322970,201 Victoria Road,Leeds,TS8 6XX,94945597612,orthopedics,R0006524
Wei,Sharma,,5681160825,106 High Street,Middlesbrough,TS26 6XX,(9891) 7621384,gp,R0004436
Grace,Jones,,4587119681,213 Church Lane,Middlesbrough,TS14 3XX,32115237486,gp,R0004950
Chen,Thomas,,7317785801,86 Park Avenue,Leeds,TS1 3XX,(5126) 6074629,family medicine,R0003045
Omar,Nguyen,,8140256203,126 Church Ln,Leeds,TS28 6XX,6096 946 5873,paediatrics,R0005194
S.,Smith,,4031960180,164 Station Road,York,TS9 1XX,(7351) 0210625,cardiology,R0007034
Omar,Khan, Jr,0677644794,92 Church Lane,Leeds,TS3 6XX,0046 699 3435,pediatrics,R0005499
Omar,Nguyen,,0484277990,101 Victoria Road,Middlesbrough,TS25 7XX,24788309825,cardiovascular medicine,R0004338
Omar,Ahmed,,0993447390,233 Church Lane,York,TS9 4XX,33046997839,paediatrics,R0006074
Mohammed,Ahmed,,9694074013,207 High Street,Durham,TS18 3XX,00931781972,ortho surgery,R0000864
J.,Jones, Dr,8062206253,98 station rd,Middlesbrough,TS3 7XX,86780370663,pediatrics,R0006474
D.,Ali, Jr,2436580103,160 Church Ln,Newcastle,TS28 4XX,(5655) 9463491,family medicine,R0006355
Elena,Ali,,0313614104,30 station rd,Durham,TS1 1XX,9481 362 2137,cardiology,R0004296
Sarah,Thomas,,2469641460,42 Park Avenue,Middlesbrough,TS24 8XX,09208349956,orthopedics,R0004896
Priya,Wilson,,,50 Church Lane,Leeds,TS7 7XX,12275413849,gp,R0005037
Sarah,Davies,,6627805636,53 Victoria Road,Newcastle,TS23 6XX,40474950840,ortho surgery,R0004411
Aisha,Simth, MD,3737793302,283 Station Road,York,TS13 7XX,(7704) 7247784,ortho surgery,R0000371
J.,Brown, Jr,,253 Station Rd,Newcastle,TS26 2XX,47335700132,paediatrics,R0002338
F.,Smith, MD,5242507210,77 Station Rd,Durham,TS22 8XX,2748 392 9723,pediatrics,R0005537
Omar,Thomas, MD,8545052910,89 Victoria Road,Middlesbrough,TS16 4XX,24716826996,family medicine,R0002091
Priya,Patel,,7204392211,99 Church Lane,Leeds,TS21 7XX,42899987939,general practice,R0001952
Wei,Willaims, MD,8730041327,291 park avenue,Newcastle,TS10 7XX,01786006008,pediatrics,R0007005
Elnea,Williams,,,298 Park Ave,Leeds,TS9 2XX,4443 369 6956,paediatrics,R0006627
Lucy,Davies,,8278159580,294 Station Road,Middlesbrough,TS21 5XX,18577925163,family medicine,R0003948
John,Jones, Dr,4146903398,163 Victoria Road,Newcastle,TS5 2XX,36387725267,cardiovascular medicine,R0005687
P.,Evans,,9424916034,115 Station Road,Middlesbrough,TS23 6XX,4406 238 6625,cardiology,R0001550
Priya,Ahmed,,3661662840,218 Park Avenue,York,TS11 4XX,93685842412,cardiology,R0003552
Wei,Patel,,7707664408,39 Park Avenue,Durham,TS28 7XX,23231616912,orthopedics,R0005448
Sarah,Davies, Dr,1949344291,169 Victoria Road,Middlesbrough,TS4 1XX,(8775) 2480541,pediatrics,R0006758
David,Wilson,,7165123537,109 Station Road,York,TS6 2XX,52366769945,cardiology,R0005159
Omar,Khan,,0885284232,294 Station Road,Leeds,TS20 1XX,31697250425,pediatrics,R0001360
John,Nguyen,,8274139979,157 Church Lane,Durham,TS5 3XX,19694465335,pediatrics,R0000911
Aisha,Robrets,,,104 Victoria Rd,Newcastle,TS17 1XX,8048 339 5997,ortho surgery,R0006972
Elena,Khan,,0881245966,127 Park Avenue,Durham,TS27 8XX,40932171920,orthopaedics,R0002899
Aisha,Brown,,6588792428,14 Station Road,Durham,TS7 6XX,07855455451,orthopaedics,R0003043
James,Roberts,,9971848265,171 Church Lane,Leeds,TS2 8XX,79536395663,ortho surgery,R0003995
David,Khan,,5365966818,87 Church Lane,Durham,TS22 2XX,52187110327,cardiology,R0003869
Fatima,Roebrts,,2422992201,222 Victoria Road,Middlesbrough,TS1 7XX,77106514890,pediatrics,R0004189
Fatima,Thomas,,2137651016,291 Victoria Road,Newcastle,TS23 4XX,(7032) 9597710,general practice,R0004347
Fatima,Taylor,,8107382454,18 Park Avenue,York,TS13 2XX,16961143244,paediatrics,R0006398
Priya,Ali,,5740662726,145 park ave,Middlesbrough,TS9 2XX,72640872878,pediatrics,R0001423
Grace,Smith,,6974080661,59 Park Avenue,Middlesbrough,TS7 7XX,92997126984,cardiology,R0000122
David,Roberts,,3983472025,277 High Street,Leeds,TS27 1XX,04001181576,cardiovascular medicine,R0000479
Chen,Davies,,9219591840,168 Park Avenue,York,TS29 6XX,98563838591,pediatrics,R0006239
Aisha,Sharma,,2902399880,177 High Street,Newcastle,TS11 2XX,59741701710,cardiovascular medicine,R0004982
G.,Brown, Dr,,115 Victoria Rd,Middlesbrough,TS13 6XX,(8778) 9625717,pediatrics,R0000293
Amara,Thomas,,5948589801,89 Victoria Road,Durham,TS18 6XX,05065669584,ortho surgery,R0004471
Sarah,Wilsno,,,258 Park Avenue,Middlesbrough,TS8 8XX,4038 672 8015,paediatrics,R0004650
Aisha,Sharma, Jr,,45 High Street,Newcastle,TS9 1XX,7580 453 0145,orthopedics,R0005716
Mohammed,Khan,,1536708017,297 Park Avenue,Newcastle,TS17 4XX,67639332225,paediatrics,R0000940
Pryia,Khan,,6096862639,242 park ave,Newcastle,TS14 7XX,0490 437 4252,cardiology,R0005437
Aisha,Wlison,,9554439068,68 High St,Newcastle,TS7 8XX,64913511712,general practice,R0005484
Chen,Williams, Jr,,136 Victoria Rd,Leeds,TS17 3XX,3621 292 3612,cardiology,R0000439
James,Jones,,7997172851,289 Victoria Road,Newcastle,TS15 7XX,02123435238,paediatrics,R0001379
Fatmia,Ali,,4380482340,140 High Street,Leeds,TS27 2XX,(7473) 8378461,paediatrics,R0000847
Lucy,Willimas,,5975623790,289 church lane,Durham,TS14 7XX,(6373) 4294951,paediatrics,R0004220
John,Thomsa,,7987569463,63 Victoria Road,Newcastle,TS3 2XX,(8661) 8738685,orthopaedics,R0005300
Rajesh,Ali,,1321984379,38 Church Lane,Newcastle,TS1 6XX,64412612418,gp,R0006069
Lucy,Tyalor, Dr,5888179088,24 Victoria Road,Leeds,TS6 6XX,(6721) 9589428,family medicine,R0001443
J.,Wilson, Jr,8799654604,122 Station Rd,York,TS27 4XX,5436 281 2704,family medicine,R0002453
John,Williams, Dr,0091910580,21 Station Rd,Durham,TS2 2XX,3887 602 9727,cardiology,R0001477
Chen,Taylor, Dr,1569165500,250 Park Avenue,Middlesbrough,TS18 1XX,8343 456 6918,orthopedics,R0001173
Sarah,Sharma, MD,1208798896,125 Victoria Road,Newcastle,TS16 7XX,5312 789 8126,ortho surgery,R0006101
Grace,Wilson,,1715594538,62 Station Road,Middlesbrough,TS15 8XX,99141620054,paediatrics,R0007447
Rajesh,Sharma,,7080503463,22 Victoria Road,York,TS26 3XX,60363345485,ortho surgery,R0006431
David,Patel,,6221415971,19 High Street,Newcastle,TS26 3XX,43529413828,cardiovascular medicine,R0002886
Elena,Thomas,,2065736098,191 Station Road,Leeds,TS5 8XX,08192402953,gp,R0004934
Mohammed,Jones,,9969525525,28 Victoria Road,Newcastle,TS28 5XX,68310417203,family medicine,R0005309
Sarha,Ahmed,,,59 High St,Durham,TS23 7XX,3771 623 9277,cardiovascular medicine,R0007499
Elena,Davies, MD,4449911284,41 victoria road,Durham,TS17 3XX,31522079459,paediatrics,R0000279
Sarah,Smith,,2046389364,105 Station Road,Leeds,TS16 2XX,68359748052,pediatrics,R0002266
Fatima,Davies,,9776676579,160 Church Lane,Leeds,TS12 1XX,38085348152,family medicine,R0001965
Aisha,Khan, Dr,,250 Station Road,Middlesbrough,TS17 2XX,90873532335,ortho surgery,R0003439
Wei,Brown,,1113631916,124 Church Lane,Middlesbrough,TS24 1XX,10130102127,general practice,R0004914
Amara,Thomas,,8434432482,119 Church Lane,Leeds,TS14 1XX,47665649626,general practice,R0004553
Rajesh,Ali,,9046185903,190 Victoria Road,Leeds,TS16 2XX,31581038336,ortho surgery,R0006909
Aisha,Wilson,,3099276952,222 Station Road,Durham,TS6 6XX,8152 413 1363,general practice,R0004325
Mohammed,Taylor,,1443062471,171 Park Avenue,Leeds,TS15 1XX,43156363827,cardiology,R0002868
Elena,Jones,,5239702660,174 High Street,Durham,TS20 5XX,10441402422,family medicine,R0007441
Elena,Brown,,0092909488,197 Station Road,Durham,TS10 7XX,98731515819,orthopaedics,R0001101
Lucy,Thomas,,8789884823,269 Victoria Road,Leeds,TS25 4XX,24505143680,pediatrics,R0003128
Sarah,Daives,,7713495632,57 Church Lane,Newcastle,TS17 3XX,1049 151 6020,pediatrics,R0001737
Asiha,Roberts, Dr,4397294645,225 church lane,Middlesbrough,TS17 2XX,(0281) 7058313,orthopaedics,R0007289
Chen,Brown,,2423079008,222 Victoria Road,Middlesbrough,TS19 4XX,75226215676,pediatrics,R0004213
Davdi,Thomas, MD,6128563850,62 Park Avenue,Leeds,TS25 6XX,1002 161 4360,cardiovascular medicine,R0003103
John,Brwon,,4790948045,299 church ln,Middlesbrough,TS1 7XX,97992549515,cardiology,R0005889
James,Sharma,,3536866185,214 Victoria Road,Durham,TS8 3XX,7924 680 1857,family medicine,R0003082
Priya,Brown,,3656471700,227 Park Avenue,Middlesbrough,TS23 2XX,19193791358,cardiology,R0000577
Lucy,Khan,,0152403445,125 Park Avenue,York,TS25 5XX,22352948632,cardiovascular medicine,R0000059
Aisha,Brown,,7893306532,153 Victoria Road,Newcastle,TS29 4XX,78738601497,paediatrics,R0003479
Rajesh,Patel, Dr,,32 Church Lane,York,TS9 1XX,(4970) 9450373,general practice,R0000787
Sarah,Davies,,5437272875,246 High Street,Leeds,TS19 5XX,10634682689,cardiovascular medicine,R0002778
A.,Evans,,2736163532,277 Station Road,Newcastle,TS12 6XX,6690 599 4033,cardiovascular medicine,R0004774
Sarah,Patel,,0473756243,13 Church Lane,Newcastle,TS4 7XX,90462137483,orthopaedics,R0003966
Aisah,Ahmed, Dr,9238848831,246 park avenue,Newcastle,TS17 4XX,22735633767,cardiology,R0005008
Omar,Roberts,,4550565455,87 Victoria Road,York,TS7 1XX,81471266257,pediatrics,R0002229
David,Thomas,,8981348078,133 High Street,Leeds,TS19 5XX,42025291732,pediatrics,R0004669
John,Williams,,2824285119,148 Victoria Road,Durham,TS3 6XX,69446174182,gp,R0001726
David,Smith, Jr,6669762449,172 Church Lane,Durham,TS16 1XX,9620 930 6028,cardiology,R0001345
Wei,Jones, MD,,153 Station Rd,York,TS10 5XX,6409 677 0807,pediatrics,R0003513
Aisha,Wilson,,3867258352,224 High Street,Durham,TS13 2XX,11430499559,paediatrics,R0003524
David,Taylor,,5719252380,30 Church Ln,York,TS17 4XX,(3924) 3788003,cardiology,R0001183
John,Roberts,,8491629890,15 Station Road,Leeds,TS28 6XX,98216726376,paediatrics,R0003733
D.,Khan, MD,7789123949,208 station road,Leeds,TS6 3XX,83820592792,cardiovascular medicine,R0006888
David,Williams,,,61 Church Ln,Middlesbrough,TS28 1XX,15063060663,cardiovascular medicine,R0003764
Chen,Roberts,,5127720976,33 Victoria Road,York,TS4 1XX,96731777563,cardiology,R0003882
Amara,Ahmed,,1310509117,213 Church Lane,Newcastle,TS3 1XX,74857467807,orthopaedics,R0006866
Omar,Nguyen,,4540126756,49 Church Lane,Durham,TS8 2XX,75214519771,paediatrics,R0006178
James,Brown,,8003000772,76 Station Road,Durham,TS12 3XX,24929245872,ortho surgery,R0006369
Aisah,Roberts,,7800308058,87 Church Ln,York,TS3 8XX,1696 728 4033,cardiology,R0000184
Pryia,Taylor, MD,7038009155,93 Park Avenue,Durham,TS19 8XX,(6150) 3692014,orthopaedics,R0005398
Lucy,Patel,,1220954160,43 Station Road,York,TS29 5XX,46753831270,family medicine,R0004318
Elena,Jones,,2013198409,205 Park Avenue,Middlesbrough,TS2 5XX,0648 345 9763,cardiology,R0002210
Lucy,Sharma,,0315196297,255 Church Lane,Middlesbrough,TS10 5XX,72722414327,orthopedics,R0000420
Elena,Kahn,,2705931563,242 Park Avenue,Newcastle,TS19 7XX,(3284) 1190829,cardiovascular medicine,R0005243
Wei,Patel,,2792577188,279 Park Avenue,York,TS12 8XX,85737095515,cardiology,R0000553
Sarah,Wilson,,5078901836,204 Station Road,Leeds,TS19 2XX,15117551133,orthopaedics,R0001397
Sarah,Wilson,,1877367655,284 Church Lane,York,TS27 2XX,58219730473,cardiovascular medicine,R0006710
Sarah,Davies,,9297101768,31 Church Lane,Middlesbrough,TS29 7XX,(7925) 5295934,general practice,R0002664
Fatima,Thomas,,6142000247,233 Station Road,York,TS14 6XX,51455498601,orthopaedics,R0006755
W.,Williams,,4947407353,100 Park Avenue,Newcastle,TS22 8XX,65762207108,orthopaedics,R0004194
Mohamemd,Davies, MD,6310430699,158 High St,Middlesbrough,TS13 8XX,54969895307,cardiovascular medicine,R0001897
Amara,Nguyen,,5545004554,269 Station Road,Durham,TS18 1XX,47729646821,family medicine,R0000443
James,Smith, Dr,5027733953,188 church lane,York,TS21 4XX,(8217) 0511692,family medicine,R0007166
Wei,Evans,,,294 Park Avenue,Newcastle,TS26 8XX,79946898834,ortho surgery,R0002656
C.,Williams, Jr,1158900624,232 High St,Middlesbrough,TS16 6XX,84684280216,ortho surgery,R0002002
David,Wilson,,9051568519,85 Church Lane,York,TS19 3XX,90194899766,gp,R0001701
Elena,Ahmed,,5480028179,158 Station Rd,Middlesbrough,TS6 7XX,08058270292,orthopaedics,R0005354
Rajesh,Ahmed,,7687225362,150 Church Lane,Durham,TS16 4XX,95756815394,orthopaedics,R0006337
James,Wilson,,8432329939,114 park ave,Middlesbrough,TS18 7XX,3842 714 7721,orthopaedics,R0000693
Garce,Williams,,,179 High St,Durham,TS14 8XX,(1293) 3610899,cardiology,R0001978
David,Williams,,0447454476,118 Victoria Road,York,TS1 5XX,30866696777,gp,R0001905
Chen,Thomas,,0541394182,76 Church Lane,Middlesbrough,TS2 8XX,66060175833,paediatrics,R0004003
Grace,Patel,,2239321115,121 Church Lane,York,TS25 5XX,13383174062,cardiovascular medicine,R0000181
Rajesh,Smith,,2187898212,45 Victoria Rd,Leeds,TS21 3XX,56849640979,family medicine,R0005871
S.,Evans,,2104132474,263 Victoria Road,Middlesbrough,TS17 3XX,66915738017,ortho surgery,R0000794
Grace,Evans,,3308396089,15 Park Avenue,Newcastle,TS23 5XX,14237831860,pediatrics,R0006712
Chen,Roberts,,8546711451,127 High Street,York,TS6 2XX,39048087040,family medicine,R0005095
Grace,Patel,,4149780786,142 Park Avenue,Middlesbrough,TS22 7XX,24401315006,general practice,R0001880
John,Brown,,4790948045,299 Church Lane,Middlesbrough,TS1 7XX,97992549515,cardiovascular medicine,R0005888
Sarah,Taylor,,9851957378,25 Church Lane,Durham,TS23 3XX,64552937772,paediatrics,R0004701
Elena,Brown, Dr,6734701118,95 Station Rd,Newcastle,TS26 4XX,02648316957,general practice,R0004881
Sarah,Khan,,6275211875,61 High Street,York,TS16 8XX,41647995250,family medicine,R0005617
Aisha,Evans,,3607028651,48 Park Avenue,York,TS19 7XX,95684875939,paediatrics,R0007126
Grace,Ali,,2664870208,127 Church Lane,Durham,TS7 3XX,20457733091,cardiovascular medicine,R0005830
Fatima,Williams,,5231866368,277 Park Avenue,Newcastle,TS12 7XX,07528697197,cardiovascular medicine,R0007170
Priay,Sharma,,4844145564,18 high st,Middlesbrough,TS5 5XX,(8830) 6063867,pediatrics,R0000530
Aisha,Jones,,7241641717,167 Church Lane,Newcastle,TS6 5XX,74230854502,orthopedics,R0005809
Lucy,Roberts, MD,,277 Station Road,York,TS3 2XX,4650 608 0058,orthopedics,R0002022
Rajesh,Davies,,6526807620,26 Church Lane,Newcastle,TS23 7XX,41555972703,family medicine,R0006011
Elena,Roberts,,1014917633,286 Victoria Road,Durham,TS7 8XX,40884728325,general practice,R0000710
Aisha,Khan,,2001660411,261 High Street,York,TS3 7XX,98879826380,orthopaedics,R0001786
Mohammed,Nguyen, Dr,8450807380,34 Station Rd,Durham,TS21 1XX,0366 453 5620,cardiology,R0004963
Elena,Ali,,4010338819,160 Church Lane,Leeds,TS12 4XX,18002103318,paediatrics,R0000558
Omar,Sharma,,0123496686,187 High St,Durham,TS18 7XX,(6504) 2067028,orthopaedics,R0006318
Grace,Jones,,9086684756,95 Church Lane,Newcastle,TS10 6XX,1072 066 6480,orthopedics,R0002598
Grace,Thomas,,5599524563,232 High Street,Newcastle,TS28 1XX,34773342420,gp,R0001371
David,Taylor,,9879357803,69 High Street,Middlesbrough,TS12 4XX,93571657945,cardiology,R0006258
Aisha,Taylor,,9682517285,271 Park Avenue,Durham,TS27 4XX,37416965236,cardiovascular medicine,R0005672
Oamr,Ahmed, MD,8861182755,25 Park Ave,Leeds,TS14 6XX,7911 808 0495,ortho surgery,R0007066
Aisha,Patel,,0548041047,94 High Street,Newcastle,TS16 4XX,93271889468,general practice,R0000907
Priya,Evans,,1809422684,88 Church Lane,Newcastle,TS14 3XX,98503996485,orthopedics,R0003305
Wei,Wilson,,7248896836,242 Park Avenue,Newcastle,TS11 7XX,51694599476,cardiovascular medicine,R0001433
David,Smith,,1367627967,34 Victoria Road,Durham,TS26 3XX,31159270954,family medicine,R0002406
Lucy,Davies,,3547645645,187 Station Road,Leeds,TS23 2XX,31241199435,orthopedics,R0006366
John,Evans,,6334799310,36 Victoria Road,Newcastle,TS16 1XX,47777069452,cardiovascular medicine,R0004129
Wei,Brown,,5951497267,64 Station Road,York,TS11 2XX,83314697896,paediatrics,R0002328
Omar,Roberts, MD,6628458300,120 Church Ln,York,TS5 5XX,16493789457,pediatrics,R0005579
Mohammed,Williams,,7298652646,234 High Street,Leeds,TS4 4XX,71882177615,pediatrics,R0004105
Rajesh,Jonse, Dr,9091147674,122 victoria road,Durham,TS2 5XX,9787 630 3273,cardiovascular medicine,R0003298
Wei,Evans,,6600843017,2 Park Avenue,Leeds,TS7 3XX,48478529669,cardiovascular medicine,R0004210
Priya,Davies,,3920655249,249 Park Avenue,Newcastle,TS10 7XX,3981 967 5291,pediatrics,R0000926
Sraah,Evans, Dr,0748859974,37 Victoria Rd,Durham,TS16 5XX,63250259673,gp,R0002809
James,Evans,,8443888090,11 station road,Leeds,TS20 3XX,(5818) 4541103,ortho surgery,R0004667
Elena,Khan,,6379936462,275 Church Lane,Middlesbrough,TS7 2XX,31698763956,orthopedics,R0005552
Rajesh,Ahmed, Jr,3384893296,43 Station Road,Durham,TS15 8XX,29911502499,cardiology,R0000015
Chen,Nguyne,,1252154220,74 Victoria Rd,Leeds,TS22 4XX,90174221866,cardiology,R0006788
Rajesh,Smith,,4525628490,279 Station Road,Durham,TS26 2XX,91434977294,cardiovascular medicine,R0000315
Lucy,Thomas,,7047777387,155 Station Road,Middlesbrough,TS10 8XX,59369374977,general practice,R0006597
Priya,Jones,,0420355683,219 Victoria Road,Leeds,TS16 8XX,00571605219,ortho surgery,R0005332
M.,Evans, Dr,0047856667,240 High St,York,TS25 4XX,16355696907,cardiovascular medicine,R0001161
Mohammed,Ali,,4433977621,125 Church Lane,Durham,TS1 1XX,00454006312,general practice,R0005316
James,Davies,,9834328048,291 Park Avenue,Durham,TS14 7XX,36002433040,paediatrics,R0004680
James,Taylor,,3439347357,26 Victoria Road,Middlesbrough,TS19 5XX,59286477050,general practice,R0007131
Omar,Patel,,7822476609,21 High Street,Durham,TS24 6XX,91119986141,orthopedics,R0005912
Priya,Khan,,8177325585,293 Victoria Road,Leeds,TS9 2XX,60879907578,orthopaedics,R0001362
Aisha,Taylor,,8605425168,79 High Street,York,TS19 1XX,32084758963,pediatrics,R0000414
John,Davies,,9545336377,194 Victoria Road,Middlesbrough,TS11 7XX,46782245902,gp,R0001212
Mohammed,Williams,,9554506156,180 Victoria Road,Middlesbrough,TS26 7XX,74804958567,paediatrics,R0004761
Lucy,Davies,,5127785258,160 High Street,Newcastle,TS29 7XX,64817454096,family medicine,R0002115
Fatima,Evans,,2379832961,124 Park Avenue,Leeds,TS5 2XX,32711642002,orthopedics,R0002669
Wei,Nguyen,,4747824511,269 Park Avenue,Newcastle,TS19 5XX,38746715236,paediatrics,R0005827
James,Ali,,5451845928,96 Church Lane,Middlesbrough,TS13 4XX,55283691418,ortho surgery,R0006509
Jaems,Ali, Dr,,113 High St,Newcastle,TS3 5XX,16301415829,ortho surgery,R0003980
Luyc,Nguyen,,1021461353,283 Church Ln,York,TS28 3XX,08547918658,cardiovascular medicine,R0001170
A.,Ahmed,,6462111841,7 Station Rd,Durham,TS11 7XX,00770625709,pediatrics,R0007122
W.,Roberts,,5760770273,232 park avenue,Middlesbrough,TS8 2XX,6947 384 1521,paediatrics,R0002934
Garce,Evans, MD,1866777279,95 Park Avenue,York,TS19 8XX,67833336496,family medicine,R0002517
Mohammed,Roberts, Jr,0822792970,19 Church Ln,Leeds,TS3 8XX,88676018637,general practice,R0004235
David,Khan,,5591720494,106 High Street,Leeds,TS21 3XX,22063336875,ortho surgery,R0002957
Mohammed,Roberts,,9082543928,239 Victoria Road,Durham,TS22 7XX,61354792819,cardiovascular medicine,R0005635
Daivd,Sharma,,5391384763,154 Park Avenue,Leeds,TS22 2XX,61860119522,gp,R0001323
Sarah,Khan, MD,3917011400,48 Station Rd,Durham,TS11 1XX,0094 118 8757,orthopedics,R0005551
Aisha,Thomas, Dr,,186 Victoria Rd,York,TS15 1XX,72532180038,orthopaedics,R0002138
Elena,Taylor,,9682960818,107 Station Road,Durham,TS22 1XX,98425701629,cardiovascular medicine,R0004072
David,Roberts, Dr,,204 victoria road,Durham,TS15 3XX,(8072) 3051134,cardiovascular medicine,R0002523
Priya,Davies,,8978370986,96 Victoria Road,York,TS10 5XX,09506597204,paediatrics,R0003875
Wei,Patel,,1808262807,89 Victoria Road,York,TS14 2XX,89467301870,gp,R0002227
Mohammed,Ali,,4101237483,198 Church Lane,Newcastle,TS21 8XX,80008787704,cardiovascular medicine,R0006664
Fatmia,Jones,,1611551452,25 Station Rd,Newcastle,TS6 8XX,70833535451,general practice,R0007274
Amara,Davies,,2818817953,213 Victoria Road,York,TS4 2XX,64271240399,paediatrics,R0000387
Aisha,Wilson,,3039419043,43 Church Lane,York,TS13 7XX,06699350898,paediatrics,R0006488
Omar,Smith,,8086841118,253 Church Lane,Leeds,TS4 1XX,27869336197,orthopedics,R0001032
L.,Smith,,,145 Church Lane,Newcastle,TS3 4XX,20745619882,cardiovascular medicine,R0005839
Rajesh,Evans,,9785907297,177 High Street,Leeds,TS2 6XX,26052340373,cardiology,R0005076
Elena,Sharma,,3594168556,72 Victoria Road,Middlesbrough,TS29 8XX,94804827356,ortho surgery,R0002132
Mohmamed,Khan, Jr,7978896695,273 Church Lane,Newcastle,TS27 1XX,(8344) 0597407,cardiology,R0004447
Sarah,Smith,,4277497635,248 Station Road,Leeds,TS19 6XX,52502709783,cardiology,R0007062
Sarah,Davies,,,226 victoria rd,York,TS18 1XX,1217 806 2431,paediatrics,R0004270
Aisha,Sharma,,2344625192,157 Station Road,Middlesbrough,TS11 8XX,56537379017,general practice,R0002499
Priya,Patel,,1467021176,43 Station Road,Leeds,TS27 5XX,29126508263,paediatrics,R0001010
Elena,Evans,,5559774058,176 park ave,York,TS28 8XX,(9931) 4216101,cardiovascular medicine,R0004998
Sarah,Sharma,,2999151712,48 Station Road,York,TS11 5XX,15001273567,cardiovascular medicine,R0002759
Fatima,Jones,,1353333485,42 Church Lane,Durham,TS16 8XX,52572258356,orthopaedics,R0000931
Davdi,Ali, Jr,2473809130,29 High St,Durham,TS18 6XX,7426 357 5961,ortho surgery,R0006960
James,Wilson,,8432329939,147 Victoria Road,Middlesbrough,TS15 6XX,44462528000,orthopaedics,R0000691
Chen,Jones,,9025599663,124 Victoria Road,Durham,TS1 7XX,34482303058,family medicine,R0000533
Aisha,Thomas,,4454591308,172 High Street,Durham,TS2 4XX,89162757830,general practice,R0002741
Mohammed,Shamra,,6400253924,63 Station Road,Leeds,TS26 3XX,05644836835,general practice,R0002874
Omar,Smith,,5997480717,85 Station Road,Durham,TS18 8XX,79134000747,gp,R0001450
David,Patel,,9936446481,160 Park Avenue,Newcastle,TS25 1XX,16989157672,orthopaedics,R0000652
Fatima,Ali,,8922820689,246 Victoria Road,Middlesbrough,TS23 7XX,68840421165,cardiovascular medicine,R0000033
Wei,Khan,,8793991814,61 High Street,York,TS1 7XX,48457935308,cardiovascular medicine,R0002189
Omar,Sharma, Jr,2080830977,112 Church Ln,Durham,TS4 2XX,57546053419,orthopaedics,R0001844
Sarah,Williams,,1495740022,70 Victoria Road,Newcastle,TS25 6XX,56467760737,orthopaedics,R0000044
David,Sharma,,3861038810,257 Station Road,Newcastle,TS13 1XX,56068008401,gp,R0004512
Aisha,Davies,,3254136122,232 Church Lane,Newcastle,TS10 2XX,06706989974,ortho surgery,R0004668
G.,Jones, Jr,7371324516,14 Victoria Rd,Middlesbrough,TS3 8XX,69771538005,orthopedics,R0000964
Omar,Sharma,,3593573334,277 High Street,Middlesbrough,TS21 8XX,89880846802,pediatrics,R0004204
Chen,Jones,,4558502676,113 Park Ave,Leeds,TS3 8XX,57918363183,paediatrics,R0002018
F.,Nguyen, Jr,8204368126,285 High Street,York,TS8 1XX,1281 589 4015,cardiology,R0007187
Priya,Jones,,2098305413,245 Victoria Road,Middlesbrough,TS26 1XX,40646987375,gp,R0004604
Amaar,Khan,,5065845082,266 Park Ave,Leeds,TS11 3XX,(8773) 7472590,paediatrics,R0002981
David,Patel,,4372776312,215 Station Road,York,TS28 7XX,83089641794,cardiovascular medicine,R0005396
Elena,Roberts, MD,,75 Victoria Rd,York,TS11 6XX,14497725906,orthopaedics,R0002654
Mohammde,Taylor, MD,7441777074,74 Park Avenue,Durham,TS2 6XX,(8560) 7934510,cardiology,R0003715
W.,Nguyen,,6149048939,45 park ave,York,TS23 7XX,2070 737 6006,orthopaedics,R0001683
C.,Brown, Jr,8941197182,6 High Street,Durham,TS16 1XX,(5739) 3366931,paediatrics,R0005589
Elena,Roberts,,6038484498,287 Victoria Rd,York,TS19 2XX,8203 331 7127,paediatrics,R0007219
David,Jones,,0119235491,111 Victoria Road,Leeds,TS21 8XX,15477949983,ortho surgery,R0006352
Aamra,Thomas, Dr,,250 Church Ln,Durham,TS7 3XX,35373431622,paediatrics,R0000026
James,Brown, Jr,,25 High St,Middlesbrough,TS26 6XX,3076 909 5573,pediatrics,R0006506
Grace,Smith,,1751920905,201 Victoria Road,York,TS17 4XX,15808451612,cardiovascular medicine,R0000063
Aisha,Patel,,5148551935,16 Victoria Road,Durham,TS22 2XX,45138989918,paediatrics,R0001044
David,Ahmed, Dr,8063353565,247 Church Lane,Leeds,TS2 3XX,5305 589 5074,paediatrics,R0004874
F.,Williams, MD,,29 High St,Newcastle,TS10 3XX,76594541361,ortho surgery,R0003592
Garce,Wilson,,1525360581,234 High Street,Newcastle,TS14 5XX,(5428) 2233426,general practice,R0006347
G.,Ali, Jr,5858303386,205 Park Ave,Middlesbrough,TS20 6XX,92607874404,family medicine,R0004870
John,Roberts,,7715804179,293 High Street,Newcastle,TS11 8XX,01770130767,family medicine,R0001454
C.,Ali,,5666597039,44 Church Lane,Leeds,TS26 5XX,5413 493 1494,cardiovascular medicine,R0000227
Jhon,Ahmed,,9847286387,145 High Street,Newcastle,TS9 1XX,(3405) 4545186,pediatrics,R0005020
Elena,Ahmed,,0353335617,244 Park Avenue,York,TS4 7XX,34159835221,family medicine,R0006343
Wei,Thomas,,4576008820,170 Park Avenue,Newcastle,TS4 1XX,36444920542,gp,R0003773
Lucy,Robrets, MD,9833596678,6 Church Ln,Durham,TS17 6XX,7758 532 3894,cardiology,R0004686
R.,Smith,,,204 Park Ave,Newcastle,TS14 5XX,3291 759 4586,paediatrics,R0005356
Aisha,Evans,,9668022623,287 Church Lane,Durham,TS16 1XX,64162492849,cardiovascular medicine,R0001203
F.,Khan,,,147 Station Road,Durham,TS29 3XX,8032 065 3828,general practice,R0002481
Rajesh,Smith,,4818456761,163 Station Road,Newcastle,TS2 6XX,51190006917,cardiovascular medicine,R0000969
Chen,Simth,,4414243175,76 Victoria Road,Newcastle,TS8 3XX,93059263341,pediatrics,R0001805
Wei,Davies,,2903745001,65 Church Lane,York,TS25 1XX,43991660565,cardiovascular medicine,R0006217
G.,Smith,,1990135194,69 Church Lane,Middlesbrough,TS9 6XX,(6241) 4292460,cardiology,R0002182
Lucy,Smith,,4123285324,8 Station Road,Newcastle,TS7 6XX,42415750503,orthopaedics,R0002519
Aisha,Evans,,6845558249,272 Station Road,Durham,TS20 7XX,05342379878,cardiovascular medicine,R0006273
Aisha,Brown,,7963980250,193 Station Road,Durham,TS13 6XX,41923834457,orthopedics,R0007319
Elena,Davies,,3421766515,79 Park Avenue,York,TS21 3XX,53912605053,cardiology,R0001964
Elena,Evans,,8344707240,49 Church Ln,York,TS27 7XX,(2923) 8374869,pediatrics,R0005313
Mohammed,Khan,,5462542881,46 Station Road,Leeds,TS9 1XX,36360857465,pediatrics,R0004458
John,Williams,,9029760151,8 Park Avenue,Leeds,TS15 6XX,09822868569,cardiovascular medicine,R0007378
David,Wilson,,7208658407,276 Victoria Road,Leeds,TS6 7XX,00827598471,cardiovascular medicine,R0004990
Grace,Brown,,2674776324,270 Victoria Road,Middlesbrough,TS10 8XX,81113006144,cardiovascular medicine,R0006791
Fatima,Sharma,,5912515187,290 High Street,York,TS7 5XX,59159127129,family medicine,R0001860
Amara,Smith,,8383798658,186 Victoria Road,York,TS25 1XX,69287186423,cardiology,R0004694
Rajesh,Brown,,2233224801,140 Church Lane,Durham,TS7 3XX,18337133719,orthopaedics,R0006679
Wei,Wilson,,1446252480,165 Church Lane,Newcastle,TS10 4XX,11452505875,cardiovascular medicine,R0005071
Aisha,Taylor,,2527337825,36 Station Road,Middlesbrough,TS8 1XX,74542410105,orthopedics,R0003795
Fatima,Patel,,4924489854,78 Park Avenue,Middlesbrough,TS20 3XX,46421408862,gp,R0004984
M.,Nguyen, Dr,8976598400,228 Station Rd,Middlesbrough,TS7 1XX,90631797956,orthopedics,R0000252
Omar,Wilson, Dr,3032441410,57 Victoria Rd,Newcastle,TS29 1XX,6849 918 0119,cardiology,R0004355
Sarah,Nguyen,,6396212916,24 Victoria Road,Durham,TS24 4XX,32055812043,cardiology,R0007308
John,Williams,,7576608135,66 Victoria Road,Durham,TS6 3XX,15777799230,pediatrics,R0001578
Chen,Roberts,,5176822330,87 High Street,York,TS29 2XX,28008230499,paediatrics,R0001789
Aisha,Khan,,9120461014,18 Church Lane,Durham,TS28 3XX,51321102030,pediatrics,R0004304
James,Khan,,2654557494,269 Victoria Road,Durham,TS12 3XX,50353059437,cardiology,R0005171
Sraah,Ali,,8344303522,172 Church Lane,Middlesbrough,TS22 6XX,91717281860,gp,R0003755
Chen,Sharma,,7529301905,254 Church Lane,Durham,TS24 4XX,68887357294,paediatrics,R0003194
Lcuy,Jones,,9857396697,145 Park Avenue,Newcastle,TS3 2XX,4015 186 4724,general practice,R0005963
F.,Jones, MD,,189 Station Rd,Durham,TS21 1XX,92533851337,cardiology,R0005748
John,Taylor,,6593365128,89 High Street,Middlesbrough,TS21 8XX,87273323686,gp,R0005129
J.,Nguyen,,7156702217,171 Church Lane,Leeds,TS16 1XX,25243989325,gp,R0004511
David,Thomas,,3053668579,294 Victoria Road,Durham,TS19 6XX,86697550473,cardiovascular medicine,R0006486
Aisha,Sharma,,8980702690,148 Victoria Road,York,TS22 7XX,51701998929,cardiology,R0007333
Elena,Jones,,,7 victoria road,Middlesbrough,TS25 1XX,83271149353,orthopaedics,R0003245
Chen,Wilson,,3441225450,231 Victoria Road,Newcastle,TS23 6XX,41132354916,orthopedics,R0005514
Elena,Ali, Dr,8505631583,219 Church Lane,Middlesbrough,TS21 7XX,(7404) 9028510,pediatrics,R0000641
David,Sharma,,5037352927,118 Park Avenue,York,TS29 8XX,0519 943 8376,orthopaedics,R0002570
Mohammed,Sharma,,6911988921,115 Park Avenue,Durham,TS25 8XX,82252787082,orthopaedics,R0004110
Mohammde,Davies,,,190 Park Ave,York,TS14 1XX,41981464179,orthopedics,R0004275
Wei,Nguyen, MD,,260 Church Ln,Leeds,TS22 2XX,24568556593,gp,R0005671
James,Khan,,1378597172,70 Victoria Road,Newcastle,TS2 2XX,47506692077,orthopaedics,R0002223
Rajesh,Patel,,6564764021,31 High Street,Leeds,TS6 1XX,35120014676,cardiovascular medicine,R0000297
Rajesh,Sharma,,2502166413,284 Victoria Road,Leeds,TS5 1XX,81596420191,cardiology,R0000303
Mohammed,Tayolr,,0750403864,178 Church Lane,York,TS3 2XX,(8919) 0582994,pediatrics,R0002726
Wei,Jones, Jr,9281533596,36 high street,Newcastle,TS3 4XX,(6557) 9280937,cardiology,R0003781
Omar,Wilson,,5227267553,208 High Street,Middlesbrough,TS24 2XX,3923 141 6037,orthopedics,R0006670
Lucy,Davies,,2884693102,77 High Street,Durham,TS27 5XX,96953873403,gp,R0006380
Grace,Roberts, MD,0175209042,150 station road,Durham,TS15 1XX,09247822437,paediatrics,R0002298
Elena,Wilson,,0539458756,18 Church Lane,Durham,TS9 3XX,8451 365 3053,orthopaedics,R0003238
Chen,Williams,,6980199355,184 Park Avenue,Durham,TS11 8XX,00919230931,cardiology,R0000655
Rajesh,Nguyen,,0460012816,17 Station Road,York,TS27 7XX,00387681799,ortho surgery,R0002389
M.,Nguyen,,2432196166,45 Victoria Rd,Durham,TS16 8XX,1319 181 7490,family medicine,R0002069
Elena,Evans,,5559574058,176 Park Avenue,York,TS28 8XX,99314216101,cardiology,R0004996
Wei,Taylor,,4345879520,122 Station Road,Leeds,TS14 5XX,43860517250,paediatrics,R0005091
Sarah,Sharma,,7544177588,54 Victoria Road,Middlesbrough,TS3 4XX,00113389135,cardiology,R0002345
D.,Taylor,,2853346283,226 Park Avenue,Newcastle,TS9 5XX,57376380838,paediatrics,R0004691
Saarh,Khan,,8330494611,42 Park Ave,Middlesbrough,TS14 3XX,05908570809,general practice,R0000240
Sarah,Evans,,7970840514,58 Church Lane,Middlesbrough,TS25 5XX,94582919652,paediatrics,R0000783
Amara,Nguyen,,7673487507,52 station rd,Leeds,TS20 4XX,50159749284,cardiovascular medicine,R0001354
J.,Williams, MD,4675137655,45 Victoria Road,Newcastle,TS6 3XX,67800452629,cardiology,R0001018
Rajesh,Jones,,,284 Victoria Road,Middlesbrough,TS10 4XX,8796 197 6374,gp,R0002689
Lucy,Shrama, MD,5355645645,83 High St,Newcastle,TS4 7XX,7902 049 7780,pediatrics,R0000977
Jonh,Sharma, Dr,8165297000,247 Church Ln,York,TS21 6XX,(0478) 2013430,general practice,R0000809
Lucy,Brown,,3768444277,288 High Street,Middlesbrough,TS3 3XX,15979177470,orthopaedics,R0002927
F.,Davies,,,184 Park Ave,Newcastle,TS19 7XX,29061286682,orthopedics,R0002157
Elena,Ali,,1664002101,43 High Street,Newcastle,TS19 1XX,61400144367,ortho surgery,R0000257
Wei,Sharma,,0188291032,1 High Street,Newcastle,TS29 3XX,37926059466,cardiovascular medicine,R0001599
Sarah,Evans,,7820089285,103 High St,Leeds,TS8 7XX,11732895885,cardiovascular medicine,R0000893
Sarah,Taylor,,7808935346,86 Park Avenue,York,TS14 4XX,41379887568,pediatrics,R0002098
G.,Roberts,,8939258965,3 Church Ln,Newcastle,TS26 2XX,1880 450 6927,orthopedics,R0001744
Fatima,Thomas,,9731224276,249 High Street,Leeds,TS3 2XX,65239487329,gp,R0007338
Fatima,Ali,,1125870477,259 Station Rd,York,TS9 3XX,54208805658,general practice,R0005621
Wei,Davies,,6069909482,102 Park Avenue,Newcastle,TS8 6XX,17929653590,gp,R0002748
Grace,Williams,,6751934520,193 Victoria Road,Durham,TS6 5XX,79908165954,family medicine,R0004113
Eelna,Sharma,,3594168556,103 high street,Middlesbrough,TS23 1XX,11315856886,orthopedics,R0002133
Wei,Patel,,3884339000,74 Victoria Road,Middlesbrough,TS28 2XX,59127890735,cardiovascular medicine,R0001620
Aisha,Williams,,3743964501,80 Victoria Road,Leeds,TS24 3XX,32010077323,cardiovascular medicine,R0006878
D.,Brown,,7559320904,250 Church Lane,Newcastle,TS15 1XX,25707111168,pediatrics,R0003742
John,Williams,,2154805065,287 Station Road,Newcastle,TS24 2XX,(4634) 0408104,general practice,R0007139
S.,Roberts, Dr,2048896870,2 Church Lane,York,TS14 7XX,95031420141,general practice,R0001801
James,Shrama, Jr,1681331519,292 Station Road,Leeds,TS20 8XX,1290 289 7511,family medicine,R0006886
Amara,Wilson,,9804816410,66 Station Road,Middlesbrough,TS6 5XX,75703605146,cardiovascular medicine,R0002404
Sarah,Thomas, Jr,1177290125,140 Church Lane,Leeds,TS7 5XX,4808 846 7850,cardiology,R0003428
David,Ali,,8133468508,263 Station Road,Leeds,TS25 7XX,89114933995,orthopaedics,R0004885
A.,Thomas, Jr,7406423081,124 High Street,Newcastle,TS12 7XX,(6170) 0902155,general practice,R0001357
Omar,Khan, MD,,213 victoria rd,Middlesbrough,TS8 1XX,21929633098,orthopaedics,R0004391
Sarah,Davies,,2984234533,76 Church Lane,Middlesbrough,TS2 4XX,75045766049,ortho surgery,R0006456
Rajesh,Taylor,,9569262208,46 Church Lane,Newcastle,TS3 4XX,98771360968,ortho surgery,R0006035
Faitma,Smith,,5274192568,152 Park Avenue,Durham,TS11 3XX,(1982) 8612791,cardiology,R0004679
Wei,Khan,,3779553268,134 Victoria Road,Leeds,TS15 7XX,(2828) 8729786,general practice,R0006044
Amara,Williams,,8808433459,204 High Street,Durham,TS2 1XX,37339278699,pediatrics,R0002997
Elena,Wilson,,3718429150,182 Victoria Road,Middlesbrough,TS8 6XX,84239919852,cardiology,R0002299
John,Davies,,1745673019,130 Station Road,Leeds,TS25 2XX,43655585580,ortho surgery,R0001513
Rajesh,Nguyen,,2405352895,92 Park Avenue,York,TS9 4XX,47636948411,pediatrics,R0002770
James,Khan,,5296297602,96 park ave,York,TS25 6XX,(0897) 7176115,orthopaedics,R0003813
Elena,Brown,,7961204234,98 High Street,York,TS17 4XX,94553949790,orthopaedics,R0006105
James,Ali,,7902476433,177 Station Road,Durham,TS26 4XX,92807926084,cardiology,R0002864
James,Smith,,4403259691,38 Station Road,Durham,TS9 7XX,42858416164,cardiovascular medicine,R0000367
Priya,Williams,,,60 Station Road,Newcastle,TS20 5XX,8829 173 6840,orthopedics,R0003023
David,Roberts,,6224054158,246 Victoria Road,York,TS3 7XX,57022767331,cardiology,R0002168
Omar,Ali,,1517118187,236 Church Lane,Middlesbrough,TS9 2XX,32130982180,ortho surgery,R0004466
Wei,Roberts,,8548598361,131 High Street,Middlesbrough,TS29 2XX,26116916599,cardiovascular medicine,R0004383
Fatima,Smith, Dr,5441577975,39 Church Lane,Leeds,TS18 2XX,(9817) 1704674,ortho surgery,R0000029
Wei,Smith,,4260028525,174 Park Avenue,York,TS6 3XX,87381100303,cardiology,R0004379
Priya,Evans,,2115546887,229 Church Lane,Leeds,TS22 6XX,87157938239,general practice,R0002722
Fatima,Davies,,4157210916,18 Church Lane,York,TS19 2XX,15456947629,gp,R0006280
Amaar,Smith, Dr,5045573946,203 Church Ln,Leeds,TS16 7XX,4063 784 9769,ortho surgery,R0004939
E.,Ahmed,,2000823506,199 Church Lane,Durham,TS4 1XX,73054995172,gp,R0001092
James,Wilson,,5146499123,138 Church Lane,York,TS24 3XX,44745034913,family medicine,R0005245
R.,Williams,,,289 Church Lane,Leeds,TS22 7XX,8260 553 9802,family medicine,R0000124
James,Sharma,,4533720461,34 High Street,Durham,TS6 8XX,39044233022,family medicine,R0003809
Lucy,Davies,,,245 Church Lane,York,TS19 5XX,(6043) 0920177,cardiology,R0005815
Amara,Williams,,5135928480,265 High Street,York,TS23 3XX,11235717932,cardiovascular medicine,R0003614
Mohammed,Sharma, Dr,0455238157,10 victoria rd,York,TS12 6XX,4723 274 7078,ortho surgery,R0004578
Omar,Wilson,,5715213130,181 Park Avenue,Leeds,TS20 6XX,80543803730,orthopedics,R0002276
Sarah,Jones,,5431000524,82 Station Road,Newcastle,TS3 1XX,57370848894,orthopedics,R0007326
Omar,Sharma,,7941935988,91 Station Road,Durham,TS10 5XX,38792926177,cardiovascular medicine,R0003169
Elena,Roberts,,3943872728,26 High Street,Durham,TS5 6XX,96481593044,ortho surgery,R0001553
Omar,Taylor, Dr,3745826888,55 Station Rd,Durham,TS17 1XX,52566754932,family medicine,R0003641
Elena,Thomas, MD,4883744204,55 Park Avenue,Newcastle,TS12 2XX,4296 934 0133,family medicine,R0003210
Mohammed,Thomsa,,0108679375,299 Church Ln,Durham,TS14 1XX,05575134956,gp,R0000598
Elena,Khan,,1904891135,40 Victoria Road,Leeds,TS5 3XX,80311903960,family medicine,R0000075
Chen,Williams,,6505623590,268 Victoria Road,Newcastle,TS25 1XX,53976084189,cardiology,R0001339
Lucy,Nguyen,,7456828802,165 Station Road,York,TS7 3XX,10435228821,ortho surgery,R0001416
Fatima,Tayolr,,2149725583,63 Station Road,York,TS5 7XX,3846 776 6309,gp,R0003989
Amara,Simth,,1074943331,90 Park Avenue,Newcastle,TS28 1XX,(6868) 9871862,pediatrics,R0003543
Rajesh,Tayolr,,,46 Victoria Rd,Durham,TS3 8XX,8537 676 8973,paediatrics,R0002478
F.,Ali, Jr,,59 Station Rd,Leeds,TS28 7XX,57832930722,family medicine,R0003649
Chen,Ali,,4503200712,214 Park Avenue,Middlesbrough,TS17 2XX,36845880064,ortho surgery,R0006540
James,Khan, Dr,5150853658,238 church ln,Durham,TS21 5XX,(4129) 4112734,cardiology,R0003207
Amara,Nguyen,,2486170290,109 High Street,Newcastle,TS20 2XX,39631434042,ortho surgery,R0003231
E.,Patel, Dr,,32 Station Rd,Newcastle,TS14 6XX,3034 562 6675,cardiovascular medicine,R0000149
Wei,Evans,,7564111461,233 High Street,Durham,TS19 8XX,99134798900,orthopaedics,R0003408
Mohammed,Wilson,,0941095879,33 Victoria Road,Durham,TS25 7XX,25981127361,cardiology,R0001557
Amara,Patel, Dr,3821727015,105 victoria road,Durham,TS5 5XX,00189039434,gp,R0006342
Elena,Ali,,9661415829,165 High St,Middlesbrough,TS29 1XX,77303068987,pediatrics,R0000453
Amara,Smith,,4496653423,235 Park Avenue,Middlesbrough,TS16 5XX,10451120645,orthopedics,R0007118
Wei,Smith, Jr,3718621541,155 Park Ave,Newcastle,TS14 4XX,83285998374,general practice,R0003150
Aisha,Taylor,,,79 High St,York,TS19 1XX,(3208) 4758963,paediatrics,R0000415
Amraa,Wilson, Dr,2788805508,282 High St,York,TS2 7XX,(1550) 8061627,ortho surgery,R0003185
Sarah,Thomas,,4725378344,138 Station Road,Middlesbrough,TS22 1XX,01479996404,cardiovascular medicine,R0006483
John,Sharma,,8165297000,247 Church Lane,York,TS21 6XX,04782013430,family medicine,R0000808
David,Thomas,,1849771578,285 Station Road,York,TS6 4XX,40961866943,family medicine,R0002119
Saarh,Wilson, Dr,5892920822,246 Park Ave,Newcastle,TS1 1XX,59975799713,cardiology,R0005331
Chen,Davies,,2586311385,242 High Street,Newcastle,TS12 4XX,83695638029,orthopaedics,R0000958
Mohammed,Thomas,,9927142288,75 High Street,Leeds,TS1 7XX,(2551) 3118346,paediatrics,R0004477
Mohammde,Khan,,,235 Victoria Road,Newcastle,TS24 3XX,2097 974 1073,pediatrics,R0001119
Wei,Ahmed,,7107418413,172 Church Lane,Leeds,TS28 6XX,03310162419,cardiovascular medicine,R0002860
Aisha,Roberts,,9488811459,236 Station Road,Newcastle,TS26 8XX,12276405742,cardiovascular medicine,R0000810
Mohammed,Ahmed,,8118545290,200 High Street,Durham,TS26 4XX,39748839608,cardiology,R0007492
Omar,Thomas,,2812865592,163 Station Road,York,TS25 5XX,78844004784,cardiovascular medicine,R0001129
John,Khan,,0577258039,212 High Street,Leeds,TS14 6XX,27235076823,paediatrics,R0000834
Elnea,Ahmed, Dr,7582346859,115 Church Ln,York,TS21 2XX,13043695966,general practice,R0003567
Chen,Khan,,6914903919,53 Park Avenue,Leeds,TS7 3XX,59705354572,orthopaedics,R0003689
Rajesh,Jones,,0966871848,46 Victoria Road,Middlesbrough,TS25 1XX,76194395281,cardiovascular medicine,R0005771
Aisha,Patel,,6794482745,287 High Street,York,TS7 4XX,34390523608,gp,R0007176
Priya,Davies,,2156817662,49 Victoria Road,Middlesbrough,TS20 2XX,64114344044,pediatrics,R0003139
Chen,Nguyen,,4129607134,75 Station Road,Durham,TS5 8XX,53944098197,orthopaedics,R0001235
Chen,Roberts, Dr,2496080628,87 Park Ave,Newcastle,TS21 5XX,8252 184 0896,paediatrics,R0001225
Mohammed,Smith,,7153874705,73 High Street,Middlesbrough,TS9 1XX,39775965109,gp,R0007301
David,Khan, MD,7526157318,258 high st,Leeds,TS2 3XX,0510 803 9446,cardiovascular medicine,R0007352
Priya,Nguyen,,2795034035,183 Park Avenue,Middlesbrough,TS18 6XX,04086569626,gp,R0005624
Rajesh,Sharma,,6011771470,7 High Street,Durham,TS17 6XX,49116807958,general practice,R0002173
Amara,Smith, Dr,3372633050,124 Station Road,York,TS21 4XX,28330323117,family medicine,R0002439
James,Sharma,,5231489069,291 Park Avenue,Middlesbrough,TS12 7XX,92228131905,pediatrics,R0002302
James,Nguyen, MD,,257 Park Ave,Durham,TS17 5XX,(0262) 9033192,general practice,R0004645
Wei,Wilson,,4061229221,215 Victoria Road,Newcastle,TS28 8XX,5145 740 3596,cardiovascular medicine,R0004581
Lucy,Evans,,5687538588,83 Station Road,Durham,TS19 2XX,59561303314,paediatrics,R0005049
Priya,Taylor, Jr,,240 station road,Middlesbrough,TS12 6XX,(6734) 9644283,paediatrics,R0007348
Amara,Ali,,3781171805,13 Park Avenue,Newcastle,TS20 7XX,37517951913,cardiovascular medicine,R0005260
John,Ahmed,,8431221457,259 High Street,Newcastle,TS18 2XX,55156099991,cardiology,R0006462
Sarah,Williams,,9299612905,152 Church Lane,Newcastle,TS26 3XX,56951951127,gp,R0001027
Aisha,Taylor,,0377184735,98 Park Avenue,Durham,TS20 8XX,75302283094,gp,R0006143
Sarah,Sharma, Dr,9622827423,294 Church Ln,Newcastle,TS12 1XX,(4232) 5373653,gp,R0002484
Fatima,Ali, Jr,9967027996,20 High Street,Newcastle,TS10 1XX,(7136) 9911830,cardiology,R0001657
Aisha,Khan,,9296507058,22 Park Avenue,Middlesbrough,TS5 3XX,73677987257,orthopaedics,R0006399
Grace,Patel,,6315694748,17 Station Rd,Durham,TS7 1XX,14170934778,gp,R0004280
Elena,Wilson,,2351511220,69 Victoria Road,Leeds,TS24 8XX,88137505883,cardiology,R0000349
Elena,Ali,,9661415829,165 High Street,Middlesbrough,TS29 1XX,77303068987,paediatrics,R0000452
Graec,Thomas,,4860290139,136 Park Ave,Middlesbrough,TS12 8XX,2547 781 4646,family medicine,R0000662
Chen,Nguyen,,0815969333,231 Station Road,Durham,TS14 6XX,43158824760,family medicine,R0000172
Aisha,Smith,,8672925087,110 High Street,Durham,TS6 4XX,59304970077,cardiovascular medicine,R0001405
John,Thoams, Dr,2901903120,86 station rd,Leeds,TS5 6XX,04363481457,general practice,R0002126
Wei,Khan,,9605458433,44 Park Avenue,Middlesbrough,TS19 7XX,94488439494,family medicine,R0004541
Sarah,Thomas, MD,7667156626,113 Church Ln,Newcastle,TS12 6XX,(7450) 1953990,pediatrics,R0006719
Omar,Evans,,1672494756,217 Park Avenue,Durham,TS23 8XX,29653463284,orthopaedics,R0000422
Wei,Williams,,6890698009,205 Station Road,Middlesbrough,TS5 1XX,42033718139,pediatrics,R0006688
David,Taylor,,0548315651,171 Park Avenue,York,TS28 2XX,20953110643,cardiovascular medicine,R0006300
Elena,Brown,,7547207430,221 Victoria Road,Durham,TS8 5XX,43309983928,general practice,R0001220
David,Nugyen, MD,6987526750,129 Victoria Road,Newcastle,TS11 4XX,1923 426 9851,orthopedics,R0000881
Graec,Williams,,5431096822,188 Church Ln,Durham,TS21 5XX,4521 237 8839,gp,R0003806
John,Khan,,9192425015,156 Park Avenue,Newcastle,TS25 8XX,77399510465,cardiovascular medicine,R0001253
Mohammed,Ahmed,,4006580336,113 Church Lane,York,TS27 1XX,82052774713,general practice,R0003187
Wei,Khan,,,63 High Street,Leeds,TS7 5XX,51181888782,pediatrics,R0006996
Grace,Patel,,6315694948,17 Station Road,Durham,TS7 1XX,14170934778,gp,R0004279
Chen,Wilson,,0037182424,204 Church Lane,Middlesbrough,TS17 7XX,93889385026,pediatrics,R0000102
Elena,Smith,,7620850884,219 Station Road,Leeds,TS20 2XX,50539654274,pediatrics,R0004594
Sarah,Ahmed,,9215402668,106 Park Avenue,Leeds,TS28 4XX,41492972983,cardiovascular medicine,R0007042
John,Williams, MD,7576608135,66 Victoria Road,Durham,TS6 3XX,1577 779 9230,paediatrics,R0001580
Wei,Nguyen,,5884373446,115 High Street,Leeds,TS20 4XX,66340742504,cardiovascular medicine,R0003685
Wei,Davies, MD,9643314543,293 Victoria Rd,Leeds,TS24 7XX,72970164565,family medicine,R0007234
Sarah,Thomas,,2403947163,105 station rd,Leeds,TS29 2XX,96983812210,pediatrics,R0000135
A.,Roberts,,,57 Church Ln,Newcastle,TS11 5XX,4269 198 6773,general practice,R0005606
Davdi,Evans,,6276487122,235 Station Rd,Durham,TS1 3XX,4114 639 4953,cardiovascular medicine,R0004230
Mohammed,Evans,,9123861369,233 Church Lane,Middlesbrough,TS4 1XX,1423 747 5294,gp,R0001310
Chen,Wilson,,4821772238,213 Church Lane,Durham,TS25 1XX,47055501241,paediatrics,R0006752
Moahmmed,Williams, Dr,7298652646,234 high street,Leeds,TS4 4XX,71882177615,pediatrics,R0004108
Grace,Ahmed,,9819688771,29 High Street,Durham,TS29 6XX,64485999208,orthopedics,R0006201
Aihsa,Williams,,3032670164,253 victoria road,Durham,TS22 8XX,(4610) 2226371,cardiology,R0003852
Fatima,Taylor,,7643024493,257 Church Lane,Middlesbrough,TS3 4XX,(3680) 1503706,cardiovascular medicine,R0004290
P.,Patel, Jr,5009541752,288 Park Ave,Leeds,TS16 1XX,(7758) 8836051,paediatrics,R0001935
A.,Patel, Dr,4242624967,279 Park Avenue,Newcastle,TS26 7XX,(3685) 1526875,family medicine,R0002149
C.,Davies, Jr,,31 High St,York,TS3 7XX,79170049138,cardiovascular medicine,R0005527
A.,Davies, MD,4907806063,17 Victoria Road,Leeds,TS11 1XX,70639161088,paediatrics,R0003405
Mohammed,Smith,,1961239871,91 Church Lane,York,TS19 7XX,35223746639,cardiology,R0000807
Rajesh,Davise,,2988660114,225 Church Ln,Middlesbrough,TS22 5XX,59507805412,ortho surgery,R0002045
Chen,Roberts,,7536188276,197 Victoria Road,Newcastle,TS22 8XX,34182512625,orthopaedics,R0002495
Grace,Jones,,3557368283,206 Station Road,Durham,TS19 5XX,20988584012,family medicine,R0000462
Amara,Roberts,,3360702410,141 Church Lane,Durham,TS8 3XX,69558094369,ortho surgery,R0001956
Mohammed,Patel,,9695463788,261 Station Rd,York,TS22 1XX,(6463) 1119315,ortho surgery,R0007168
John,Khan,,9283095201,217 High St,Newcastle,TS6 2XX,(8826) 5537879,orthopedics,R0000799
Aisha,Sharma, Dr,0103176217,45 High St,Newcastle,TS9 1XX,(7580) 4530145,orthopaedics,R0005717
Priya,Ahmed,,0991175894,45 Station Road,Durham,TS19 4XX,22544087986,pediatrics,R0001073
Mohammed,Sharma,,2626579091,217 Church Lane,Leeds,TS19 6XX,8493 235 6823,cardiology,R0000144
Aisha,Nguyen,,6399035575,224 High Street,Middlesbrough,TS23 6XX,64236513858,orthopaedics,R0001340
S.,Davies,,6627805636,53 Victoria Rd,Newcastle,TS23 6XX,40474950840,orthopedics,R0004412
Mohammed,Evans,,6119466561,250 Victoria Road,Newcastle,TS23 5XX,41347040615,cardiology,R0007031
Sarah,Wilson,,2684245710,258 Park Avenue,Middlesbrough,TS8 8XX,40386728015,paediatrics,R0004649
John,Brown,,3770371546,112 Park Avenue,York,TS12 7XX,34436684739,gp,R0002615
Rajesh,Ahmed,,3922532056,97 Church Lane,Durham,TS20 6XX,38871954208,cardiovascular medicine,R0004190
Aisha,Patel,,1994036334,212 Church Lane,Durham,TS15 5XX,46600805850,cardiology,R0004456
Grace,Smith,,3590832642,103 Station Road,Leeds,TS7 5XX,40298969605,cardiology,R0007207
Wei,Patel, Dr,6274603404,74 Church Ln,York,TS15 7XX,70698378386,cardiovascular medicine,R0001003
Amara,Thmoas,,5948589801,89 Victoria Rd,Durham,TS18 6XX,05065669584,ortho surgery,R0004472
James,Thomas,,6534076575,192 Church Lane,Newcastle,TS28 7XX,53148815668,cardiology,R0002589
Grace,Evans,,2895350500,119 Church Lane,York,TS29 5XX,98394512525,cardiology,R0000555
Fatima,Williams, Dr,,40 Park Avenue,Durham,TS6 7XX,20900693772,pediatrics,R0006322
Chen,Wilson,,6782013251,274 Church Lane,Durham,TS3 3XX,50673058288,pediatrics,R0001485
Sarah,Jones,,9947983505,295 High Street,Middlesbrough,TS12 1XX,26926461755,pediatrics,R0005347
Elena,Wilson,,6669632845,226 Victoria Road,Leeds,TS7 1XX,06522607944,cardiovascular medicine,R0001272
Sarah,Williams,,8471984298,42 Church Lane,Leeds,TS19 3XX,68405829367,orthopedics,R0001411
John,Patel,,4693456217,25 Church Lane,York,TS20 4XX,13569227616,cardiovascular medicine,R0006857
Aisha,Patel, Dr,7558001490,64 Church Ln,York,TS6 3XX,2159 466 8898,cardiovascular medicine,R0001471
Mohammed,Ali,,6649665294,113 High Street,Middlesbrough,TS19 7XX,45918531855,cardiovascular medicine,R0005865
Sarah,Wilson,,0169899564,184 Victoria Road,Middlesbrough,TS11 8XX,80285737655,general practice,R0005676
David,Wilson,,6828990362,54 High Street,Leeds,TS2 6XX,26072210990,pediatrics,R0004441
Aisha,Wilson,,3099276952,222 Station Rd,Durham,TS6 6XX,81524131363,general practice,R0004323
Mohammed,Taylor,,2954210369,180 Park Avenue,Middlesbrough,TS3 5XX,50516902775,ortho surgery,R0004923
Chen,Wilson,,0757409896,297 Victoria Road,Middlesbrough,TS12 3XX,40821116900,cardiovascular medicine,R0003250
Elena,Smith, Jr,,123 Station Rd,Leeds,TS14 2XX,(5164) 9864761,orthopaedics,R0000981
Lucy,Thomas,,4370667939,117 Park Avenue,Leeds,TS18 2XX,13187820649,orthopedics,R0006370
Amara,Roberts,,0910123856,31 Victoria Road,Middlesbrough,TS7 8XX,70230563249,gp,R0002458
Omar,Nguyen,,7038463403,79 Victoria Road,Newcastle,TS24 6XX,02618605382,gp,R0006621
John,Williams,,9203832811,167 Victoria Road,Leeds,TS1 4XX,77026663808,ortho surgery,R0001268
Rajesh,Ahmed,,4787843059,17 Victoria Road,Middlesbrough,TS6 8XX,35544859014,ortho surgery,R0006574
Rajesh,Smith, Dr,,153 High Street,Newcastle,TS9 7XX,4326 143 1356,orthopaedics,R0000268
Lucy,Khan,,5147893973,218 Station Road,Middlesbrough,TS27 2XX,24186110946,cardiology,R0000654
Aisha,Roberts,,0186126770,120 Station Road,York,TS17 8XX,72105156753,paediatrics,R0004575
Omar,Patel,,6692707144,166 Victoria Road,Durham,TS15 3XX,93841808799,cardiovascular medicine,R0006639
Rajesh,Dvaies, Dr,2808680828,89 station road,Durham,TS29 7XX,02193552340,paediatrics,R0004038
James,Smith,,2299099981,70 Park Avenue,Durham,TS17 1XX,25190554811,orthopedics,R0006458
Grace,Taylor,,1741695135,85 Victoria Road,Newcastle,TS28 7XX,56776180449,cardiology,R0000589
Rajesh,Jones,,9091147674,122 Victoria Road,Durham,TS2 5XX,97876303273,cardiology,R0003297
Priya,Ahmed, Dr,,11 Station Road,Newcastle,TS29 4XX,82714106299,orthopedics,R0006383
Lucy,Nguyen,,3423830971,234 Church Ln,Durham,TS3 2XX,(6730) 7752860,pediatrics,R0006272
Grace,Thomas,,5558849231,184 Park Ave,York,TS18 7XX,2260 628 2468,orthopedics,R0006126
Grace,Wilson, Dr,2019685159,119 Park Avenue,Leeds,TS19 6XX,24958615569,pediatrics,R0005327
Lucy,Jones,,9104455233,82 Victoria Road,Newcastle,TS16 3XX,54033578991,orthopaedics,R0006591
Rajesh,Evans,,8157309877,132 Station Road,Durham,TS29 3XX,48260900472,cardiovascular medicine,R0003667
Fatima,Nguyen, MD,3565541664,65 High Street,Middlesbrough,TS24 1XX,90022311790,orthopedics,R0003783
J.,Ahmed, Dr,,259 High Street,Newcastle,TS18 2XX,55156099991,cardiovascular medicine,R0006463
Dvaid,Ali, Dr,,137 Station Road,Durham,TS3 8XX,15007730097,general practice,R0003443
David,Ali,,3271035405,273 park ave,Leeds,TS17 3XX,07491078993,ortho surgery,R0003053
S.,Thomas,,8470123257,134 Church Lane,York,TS2 3XX,88108158753,gp,R0000677
Omar,Thomas,,5867936697,38 Station Road,Newcastle,TS24 2XX,72243818024,family medicine,R0004195
Elena,Kahn, Dr,7059317694,61 Station Road,Leeds,TS5 5XX,9677 270 4616,pediatrics,R0006128
Priya,Roberts,,6937064774,289 Station Road,Durham,TS27 3XX,84866688376,family medicine,R0002942
Fatima,Ahmed,,5949276211,217 Park Avenue,Middlesbrough,TS19 6XX,71124040135,cardiology,R0004989
David,Taylor,,7916050852,202 Station Road,Durham,TS8 4XX,03708271189,cardiology,R0004374
J.,Ali, Jr,5451845928,96 Church Lane,Middlesbrough,TS13 4XX,5528 369 1418,ortho surgery,R0006510
Daivd,Evans, Jr,3138576661,222 high street,Middlesbrough,TS5 6XX,4384 761 3273,pediatrics,R0005014
Mohammed,Brown,,2538219708,29 High Street,Durham,TS1 3XX,80432133171,pediatrics,R0003382
Grace,Wilson,,7115937900,157 Park Avenue,Newcastle,TS20 8XX,05760193111,orthopaedics,R0003608
Aisha,Roberts,,0013096187,232 station rd,Leeds,TS21 5XX,9996 747 6529,orthopaedics,R0004607
James,Jones,,3287353527,35 Station Road,Newcastle,TS28 2XX,58835122236,cardiovascular medicine,R0002827
Grace,Khan,,5186177002,242 High Street,York,TS26 1XX,64846913216,pediatrics,R0001611
Fatima,Nguyen,,7236397386,203 Station Road,York,TS19 2XX,63957516619,pediatrics,R0003903
John,Davies,,0080371515,95 Park Avenue,Leeds,TS9 5XX,75741970240,paediatrics,R0002251
Aisha,Davies,,8462791526,121 Church Lane,York,TS12 5XX,22046628488,general practice,R0003571
G.,Wilson,,2631646510,66 High St,Leeds,TS7 8XX,7843 483 6196,cardiovascular medicine,R0002245
Fatima,Ahmed, Jr,5851380321,258 Church Lane,Newcastle,TS5 8XX,8809 453 5573,gp,R0002318
Lucy,Nguyen,,9696528217,154 Victoria Road,Newcastle,TS22 8XX,31217449918,family medicine,R0003366
Fatima,Smith,,9190545480,121 Victoria Road,Durham,TS23 2XX,03378470706,family medicine,R0000605
Mohammed,Ahmed,,5399251088,286 High Street,York,TS6 5XX,35704339967,pediatrics,R0003866
Omar,Patel,,0347536676,264 High Street,Newcastle,TS10 7XX,66374201643,paediatrics,R0007106
Wei,Patel,,1920363306,238 Station Road,Middlesbrough,TS21 8XX,69453586053,family medicine,R0001468
Grace,Wilson,,6534774774,101 Victoria Road,Middlesbrough,TS22 5XX,91001578724,cardiology,R0005520
A.,Roberts, Jr,5093642354,213 High St,Leeds,TS13 6XX,41583642891,family medicine,R0003352
David,Jones,,8480458768,85 Station Road,Newcastle,TS27 8XX,50848003801,family medicine,R0003289
John,Thomas, Jr,,282 Church Ln,Newcastle,TS21 4XX,(3648) 1709409,cardiology,R0005153
Amara,Taylor,,2848455668,12 Station Road,Durham,TS24 7XX,44750775554,paediatrics,R0005027
Amara,Wilson,,8047746729,278 Park Avenue,Leeds,TS5 4XX,44535486602,cardiovascular medicine,R0007310
Lucy,Jones,,4204577884,47 Station Road,Durham,TS14 3XX,(0449) 8217407,gp,R0002155
Chen,Ahmed,,3495169055,266 Park Avenue,York,TS7 5XX,15297704641,paediatrics,R0004856
Elena,Wilson,,4913785769,265 Victoria Road,Leeds,TS11 8XX,26976122098,cardiovascular medicine,R0007188
Rajesh,Jones,,2269916706,144 Church Lane,Middlesbrough,TS23 8XX,52459767631,ortho surgery,R0002077
S.,Patel,,,248 High St,Durham,TS8 1XX,60160703215,cardiovascular medicine,R0003578
Amara,Khan,,2716571308,28 Victoria Road,York,TS16 2XX,87151563471,pediatrics,R0002465
Aisha,Williams, Dr,4061298167,56 Victoria Road,Leeds,TS10 2XX,56101252861,gp,R0003154
Rajesh,Sharma,,2112459927,230 Victoria Rd,Durham,TS29 6XX,4026 876 8330,gp,R0003605
Grace,Ahmed, Dr,,94 park avenue,Middlesbrough,TS17 8XX,6514 838 7210,gp,R0000584
Mohammed,Ali,,6629396473,122 Victoria Road,Newcastle,TS3 1XX,04662806408,paediatrics,R0005454
Wei,Sharma, Dr,,154 station rd,Newcastle,TS4 8XX,43060705494,orthopaedics,R0004461
Amara,Roberts,,2638247610,77 Victoria Road,Durham,TS5 6XX,24663858532,pediatrics,R0003282
John,Nguyen,,9305865497,155 Victoria Road,Middlesbrough,TS9 1XX,50898058407,family medicine,R0005543
Aisha,Evans,,4740888699,104 Park Avenue,Durham,TS20 3XX,26776730914,ortho surgery,R0005807
Fatima,Jones,,1611551452,25 Station Road,Newcastle,TS6 8XX,70833535451,gp,R0007272
Mohammed,Taylor,,7128236205,99 High St,Leeds,TS20 6XX,98040807019,pediatrics,R0002954
Aisha,Wilson,,8465218575,41 High Street,York,TS1 2XX,53746609406,paediatrics,R0005893
Grace,Smith,,1990135194,69 Church Lane,Middlesbrough,TS9 6XX,62414292460,cardiology,R0002181
James,Jones,,2980334125,39 Church Lane,Newcastle,TS27 4XX,88346978712,cardiovascular medicine,R0002582
Elena,Brown,,4417905297,109 Park Avenue,Middlesbrough,TS24 8XX,95610132418,cardiovascular medicine,R0007376
John,Wilson, Dr,,117 Victoria Road,York,TS2 8XX,46877038926,family medicine,R0005274
C.,Jones,,,148 station road,Durham,TS16 8XX,(6899) 7513475,cardiology,R0000344
Sarah,Thomas,,6122630363,8 Victoria Road,Durham,TS8 6XX,89026045016,pediatrics,R0005466
Aisha,Thomas, Jr,,55 High St,Newcastle,TS16 1XX,2529 885 9357,paediatrics,R0002280
Priya,Patel,,9176308615,193 Station Road,Durham,TS2 2XX,49219510130,cardiology,R0007171
Mohammed,Jones, Jr,0153397196,78 church lane,Leeds,TS24 4XX,74670172730,pediatrics,R0005206
Omar,Thomas,,4647054495,32 Station Road,Durham,TS27 7XX,79821469084,orthopaedics,R0005806
Amara,Ali,,,47 Victoria Rd,York,TS11 7XX,4247 214 8882,paediatrics,R0007054
David,Rboerts, MD,3625019754,250 Church Lane,Durham,TS10 3XX,75448508202,paediatrics,R0003931
S.,Davies,,,171 Victoria Road,York,TS27 1XX,3135 205 0200,general practice,R0000090
James,Sharma,,4631700545,38 Victoria Rd,Middlesbrough,TS20 1XX,(7370) 6232370,orthopaedics,R0003315
Sarah,Taylor,,6931138629,290 Park Avenue,Durham,TS1 8XX,00639855110,orthopedics,R0003799
A.,Wilson,,0729910239,202 High Street,Leeds,TS6 7XX,65832787029,general practice,R0004638
John,Jones,,7381545093,289 Station Road,Leeds,TS10 6XX,39258774928,pediatrics,R0006686
Lucy,Daives, MD,,160 High Street,Newcastle,TS29 7XX,6481 745 4096,gp,R0002117
Rajesh,Jones,,1325417040,213 Victoria Road,Leeds,TS3 2XX,57131235167,paediatrics,R0003827
Chen,Ahmed,,5858849145,298 Victoria Road,Durham,TS3 6XX,27813113152,orthopedics,R0005692
Elena,Nguyen,,1582471270,157 Station Road,York,TS25 2XX,57344864038,orthopaedics,R0004291
Priya,Patel, MD,3949199006,40 Station Road,Leeds,TS12 1XX,49799032606,gp,R0004209
Lucy,Nguyen,,6654454873,81 Church Lane,Leeds,TS6 3XX,08132237812,pediatrics,R0000947
David,Taylor, MD,9879357803,69 High Street,Middlesbrough,TS12 4XX,9357 165 7945,cardiovascular medicine,R0006260
Sarah,Khan,,8576521444,15 Victoria Road,Middlesbrough,TS19 2XX,56043444628,paediatrics,R0002789
Jmaes,Smith,,0824097582,286 Church Ln,Newcastle,TS15 3XX,(6909) 4095210,orthopaedics,R0003688
G.,Ali,,4975186719,148 Station Rd,York,TS16 1XX,62557818693,cardiovascular medicine,R0004336
P.,Ali, Dr,,105 Victoria Road,Durham,TS24 6XX,(1673) 6666663,pediatrics,R0004342
Grace,Evans,,1866777269,95 Park Avenue,York,TS19 8XX,67833336496,gp,R0002516
Amaar,Patel,,3486396948,220 Victoria Rd,Durham,TS27 5XX,03027166564,cardiovascular medicine,R0004370
David,Evans,,2539208512,79 High St,York,TS5 2XX,(1346) 7875732,paediatrics,R0006881
Omar,Roberts,,7461888460,46 Church Lane,York,TS24 8XX,71185850984,orthopedics,R0005528
S.,Thomas, Jr,0575121969,45 high st,Leeds,TS11 7XX,(0849) 3884836,general practice,R0005001
Lucy,Khan,,1388922280,288 Church Lane,Middlesbrough,TS24 3XX,64276867717,pediatrics,R0006714
Chen,Ahmed,,0377769949,32 Park Avenue,Middlesbrough,TS22 2XX,82487194500,family medicine,R0004988
Mohammed,Khan,,3984315710,268 Park Avenue,Durham,TS13 6XX,56187814254,cardiology,R0005360
James,Sharma,,9234041774,168 Station Road,Durham,TS22 3XX,85969217578,family medicine,R0005251
Chen,Smith,,4602670694,105 church lane,Durham,TS26 3XX,(6794) 5333072,paediatrics,R0005682
David,Smith,,7792467226,217 Station Road,Newcastle,TS9 1XX,67928952568,cardiology,R0005189
James,Brown,,9987656255,185 High Street,Leeds,TS10 6XX,32756335398,gp,R0003862
Rajesh,Davies,,8419336135,245 Park Avenue,Middlesbrough,TS25 3XX,99781414550,orthopedics,R0003165
Rajesh,Wilosn, MD,,190 Church Lane,Durham,TS14 5XX,22881237070,cardiovascular medicine,R0002540
Grace,Brown,,1558414752,37 Victoria Road,Newcastle,TS16 7XX,17182570122,cardiovascular medicine,R0007069
W.,Sharma,,2980999972,257 Station Rd,Leeds,TS9 8XX,(8352) 1240777,general practice,R0005502
M.,Ahmed,,3843257610,241 High Street,Newcastle,TS4 2XX,(4111) 0522990,orthopaedics,R0003411
Amara,Brown,,7491455494,131 High Street,Leeds,TS2 3XX,40429141444,pediatrics,R0004502
Rajesh,Ahmed,,2275594895,1 Station Road,York,TS2 6XX,29641067203,ortho surgery,R0001186
Priya,Williams,,1465753960,208 High Street,Durham,TS1 2XX,08129128127,general practice,R0003360
A.,Nguyen,,9922454347,276 Park Avenue,Newcastle,TS24 2XX,(2484) 1958380,ortho surgery,R0005492
Omar,Wilson,,5539195251,254 Park Avenue,Newcastle,TS1 4XX,66875942976,pediatrics,R0005702
Fatima,Thmoas, MD,,249 high street,Leeds,TS3 2XX,(6523) 9487329,gp,R0007339
Amara,Khan, Dr,4011859426,291 High St,Durham,TS25 1XX,6964 465 5167,cardiology,R0000151
Rajesh,Davies, Dr,,76 station rd,Middlesbrough,TS8 5XX,27042404782,paediatrics,R0000915
Priya,Jones,,2243585356,7 Victoria Road,Newcastle,TS9 8XX,81514025303,paediatrics,R0001305
Rajseh,Khan, MD,6024045937,67 station road,Newcastle,TS28 7XX,29324133947,paediatrics,R0004228
Rajesh,Khan, Jr,7745379619,159 Church Ln,Newcastle,TS22 5XX,36236958420,ortho surgery,R0005372
John,Thomas,,1680157959,258 Church Lane,Newcastle,TS4 6XX,25840504146,orthopaedics,R0006050
Grace,Williams,,0996194665,224 Station Road,Newcastle,TS16 8XX,16118100310,family medicine,R0004940
S.,Wilson,,,204 Station Rd,Leeds,TS19 2XX,15117551133,orthopedics,R0001398
Aisha,Roberts,,7800308058,20 Park Avenue,Leeds,TS14 5XX,74278405894,cardiology,R0000183
Rajesh,Brown,,3197664691,161 Station Road,Middlesbrough,TS19 3XX,40894508333,family medicine,R0005942
Aisha,Ali,,9092263941,13 Station Road,Durham,TS17 3XX,26205837496,paediatrics,R0002829
Sarah,Jones,,8543219783,188 High Street,Middlesbrough,TS29 8XX,91425035280,cardiovascular medicine,R0003954
Daivd,Davies, Jr,6982665713,137 Church Ln,Newcastle,TS13 2XX,6850 046 3380,cardiovascular medicine,R0000471
Grace,Patel,,5363572179,216 Church Lane,Newcastle,TS6 7XX,92168068050,general practice,R0000967
David,Wislon, MD,5172386393,118 Church Lane,Leeds,TS6 4XX,58386075343,cardiology,R0000209
G.,Roberts,,2041454551,35 Park Ave,Durham,TS5 4XX,2375 950 7039,general practice,R0001961
Sarah,Patel,,8721868131,50 Church Lane,Middlesbrough,TS1 5XX,96789126877,general practice,R0000896
Chen,Smith,,4602670694,105 Church Lane,Durham,TS26 3XX,67945333072,paediatrics,R0005680
Elena,Davies,,4219881965,230 Station Road,Leeds,TS10 2XX,79981785538,paediatrics,R0002264
Mohammed,Sahrma, MD,,10 Victoria Road,York,TS12 6XX,4723 274 7078,ortho surgery,R0004577
Amara,Jones,,6221828993,50 Park Avenue,Newcastle,TS3 1XX,29078955767,pediatrics,R0001773
John,Nguyen, Dr,1312950879,67 Church Ln,York,TS1 1XX,31036827094,general practice,R0007264
Lucy,Smith,,8892501522,253 Station Road,York,TS5 7XX,67963954409,gp,R0001209
Wei,Khan, MD,3669338157,108 Church Lane,Newcastle,TS10 1XX,15553494781,cardiovascular medicine,R0005187
Aisha,Sharma,,9507402554,239 Church Lane,Durham,TS22 5XX,68135295010,cardiology,R0007067
Daivd,Khan,,2972031747,87 Victoria Road,York,TS23 5XX,(6994) 5809605,cardiology,R0006308
Fatima,Ahmed,,0626009112,148 Church Lane,Leeds,TS6 5XX,16040250532,family medicine,R0006122
Wei,Sharma,,7039376775,144 Victoria Road,Leeds,TS9 5XX,76957108427,family medicine,R0003277
O.,Williams,,4576447083,169 Church Ln,Middlesbrough,TS11 4XX,78991477089,cardiovascular medicine,R0005403
John,Jones,,2762480580,261 Church Lane,York,TS10 5XX,72450264982,cardiovascular medicine,R0002802
David,Sharma,,3861038810,257 Station Road,Newcastle,TS13 1XX,56068008401,family medicine,R0004513
Wei,Thomas,,1504885233,49 Station Road,Durham,TS6 8XX,16666416228,pediatrics,R0004915
Grace,Brown, Jr,8895416556,115 Victoria Rd,Middlesbrough,TS13 6XX,8778 962 5717,paediatrics,R0000292
Mohammed,Ali, Jr,5690991632,245 Church Ln,York,TS25 4XX,(9271) 1929099,orthopaedics,R0005689
Mohammed,Taylor,,2904154878,136 Church Lane,Leeds,TS19 6XX,18480337278,cardiology,R0004567
Fatima,Davies,,4157210916,18 Church Lane,York,TS19 2XX,(1545) 6947629,gp,R0006281
Priya,Nguyen, Jr,3253789049,185 victoria road,Newcastle,TS18 5XX,22533674212,paediatrics,R0002882
Omar,Williams,,4473032770,24 Park Avenue,Middlesbrough,TS18 4XX,(3437) 9845475,pediatrics,R0000272
Fatima,Davies,,4427912630,22 High Street,Leeds,TS29 5XX,20733527375,general practice,R0002042
Wei,Wilson,,8391970809,111 Park Avenue,Leeds,TS27 3XX,12899519580,cardiology,R0003824
Aisha,Ali, Jr,2501446337,89 Victoria Rd,Durham,TS7 4XX,(5218) 1110216,gp,R0004731
Rajseh,Patel, Jr,,116 High St,Newcastle,TS1 5XX,92283616557,paediatrics,R0002550
Omar,Nguyen, Dr,5404030353,212 Station Rd,Durham,TS29 3XX,10340464046,paediatrics,R0005824
David,Taylor,,1021796778,15 High Street,Newcastle,TS14 5XX,74201037351,orthopaedics,R0001086
Omar,Ahmed, MD,0936861297,281 Park Avenue,York,TS28 6XX,79986221832,orthopedics,R0003148
Omar,Wilson,,1898120729,196 Church Ln,Durham,TS6 1XX,3806 268 3447,orthopaedics,R0006440
Sraah,Thomas, MD,3240432233,128 Victoria Rd,Middlesbrough,TS28 4XX,21572344947,paediatrics,R0007472
David,Khan,,0384226543,75 Victoria Road,Middlesbrough,TS23 8XX,85681811016,pediatrics,R0005362
Amara,Wilson,,9804816410,66 Station Rd,Middlesbrough,TS6 5XX,(7570) 3605146,cardiovascular medicine,R0002405
Omar,Patel,,8325952236,172 Park Avenue,Leeds,TS17 8XX,88548341504,ortho surgery,R0006145
Wei,Davies,,0124211882,10 Park Ave,Durham,TS8 5XX,0357 317 7112,ortho surgery,R0004755
Mohammed,Wilson,,5026337784,102 victoria rd,Durham,TS26 3XX,(5680) 3457368,cardiovascular medicine,R0005044
Lucy,Brown,,0414630850,9 Church Lane,Newcastle,TS1 7XX,37099521676,cardiology,R0002932
Priya,Davies,,7572232202,70 Church Lane,Leeds,TS13 8XX,08051480544,paediatrics,R0002609
Grace,Wilson, MD,0926518099,177 Church Lane,Newcastle,TS25 8XX,79781449447,gp,R0002462
E.,Jones,,,241 Victoria Rd,Middlesbrough,TS8 4XX,15622755075,cardiology,R0004740
J.,Evans,,,271 Park Avenue,Durham,TS15 5XX,92179643405,pediatrics,R0000613
Amara,Robrets, Dr,3654540447,152 Victoria Rd,York,TS10 7XX,3963 284 3501,ortho surgery,R0002820
Lucy,Ahmed,,4721019944,67 Station Road,York,TS6 6XX,59371078803,orthopaedics,R0003317
O.,Evans,,4506797253,44 Park Avenue,Newcastle,TS11 7XX,1777 379 0933,orthopaedics,R0005041
Priya,Khan,,5315854148,223 Station Road,Newcastle,TS4 6XX,62166349835,family medicine,R0004733
O.,Patel, MD,,38 Park Avenue,Newcastle,TS22 1XX,61983093802,orthopaedics,R0004382
Elena,Evans,,9811185155,241 Church Lane,Durham,TS5 4XX,79259625045,cardiology,R0001748
W.,Williams,,9286465576,109 High Street,Newcastle,TS29 1XX,06885493855,paediatrics,R0006768
Omar,Wilson,,5227267553,208 High Street,Middlesbrough,TS24 2XX,39231416037,orthopaedics,R0006667
Rajesh,Sharma,,1032960761,146 Church Ln,Durham,TS19 5XX,4681 485 1174,cardiology,R0002764
Aisha,Brown,,3777603686,6 Station Road,Newcastle,TS16 2XX,38450630948,gp,R0004081
Lucy,Jones,,4204577884,47 Station Road,Durham,TS14 3XX,04498217407,family medicine,R0002154
David,Smith,,6669762449,172 Church Lane,Durham,TS16 1XX,96209306028,cardiology,R0001344
James,Davies,,1627921408,268 Victoria Road,Newcastle,TS4 8XX,11552648465,cardiovascular medicine,R0007258
Rajesh,Jones,,7303779955,136 Station Road,Newcastle,TS4 8XX,28278719967,family medicine,R0005628
Sarah,Roberts,,4244679128,286 High Street,Leeds,TS21 5XX,01737685012,general practice,R0003803
Amara,Evans, Jr,2688040638,84 high street,Newcastle,TS10 8XX,(1239) 7857668,paediatrics,R0000952
E.,Khan,,2400781037,181 Park Avenue,York,TS8 4XX,39997376728,gp,R0007482
Wei,Williams,,6475066373,187 High Street,Middlesbrough,TS27 4XX,43768893537,ortho surgery,R0001504
James,Nguyen,,0181839248,178 station road,Leeds,TS29 2XX,(6395) 3371706,family medicine,R0006520
Rajesh,Williams,,1289775904,75 High Street,Durham,TS13 8XX,76395479817,pediatrics,R0007462
Mohammed,Smith,,1545888008,13 Victoria Road,Middlesbrough,TS1 3XX,50429851228,family medicine,R0004241
Mohammed,Khan, MD,8331558775,235 Victoria Road,Newcastle,TS24 3XX,(2097) 9741073,paediatrics,R0001121
James,Ahmed,,7265387172,134 Station Road,York,TS6 1XX,(6743) 1715050,general practice,R0006333
Lucy,Thomas,,6156245014,274 Victoria Road,Leeds,TS25 2XX,19427619108,orthopedics,R0005891
James,Nguyen,,0181839248,178 Station Road,Leeds,TS29 2XX,63953371706,family medicine,R0006519
Wei,Wilson,,,278 station road,Newcastle,TS20 7XX,(9121) 9512857,ortho surgery,R0007110
Mohammed,Ptael,,1489627845,279 Church Lane,Newcastle,TS18 1XX,8541 601 6272,cardiovascular medicine,R0002685
Chen,Roberts,,1914496858,99 Victoria Road,Newcastle,TS12 4XX,97959771577,ortho surgery,R0000416
Aisha,Nguyen,,9922454347,276 Park Avenue,Newcastle,TS24 2XX,24841958380,ortho surgery,R0005491
James,Williams,,9582299838,193 Church Lane,Newcastle,TS25 4XX,39446919403,family medicine,R0000564
Chen,Roberts,,7496080628,87 Park Avenue,Newcastle,TS21 5XX,82521840896,pediatrics,R0001224
Sarah,Khan,,0506437577,128 High Street,Leeds,TS17 8XX,11991461336,cardiovascular medicine,R0000142
S.,Evans,,8942416415,167 Park Ave,Leeds,TS12 8XX,77444410855,general practice,R0001490
David,Evans,,3138576661,222 High Street,Middlesbrough,TS5 6XX,43847613273,paediatrics,R0005011
Wei,Sharma, Jr,,254 Station Road,Middlesbrough,TS27 5XX,98681610800,orthopedics,R0005176
E.,Ali, Dr,,96 Station Rd,Newcastle,TS12 1XX,5168 096 0218,ortho surgery,R0002004
Elean,Ahmed,,,293 Station Road,Durham,TS15 6XX,5488 804 7837,orthopaedics,R0001194
A.,Taylor, Jr,6565699970,277 station road,Leeds,TS4 8XX,27927660550,cardiovascular medicine,R0004943
Grace,Williams,,6269677419,262 Station Road,Newcastle,TS25 6XX,52189692515,paediatrics,R0003142
Priya,Jones,,8941299887,137 Park Avenue,Durham,TS19 3XX,62634197144,gp,R0001756
Daivd,Evans, Jr,,11 Park Ave,Leeds,TS22 4XX,(4098) 1575292,cardiology,R0000497
Amara,Wilson,,5784594426,117 Victoria Road,Durham,TS21 8XX,13195768320,ortho surgery,R0006908
Dvaid,Jones,,,251 High St,Newcastle,TS23 1XX,4185 103 3331,orthopaedics,R0007335
Fatima,Patel,,3083934417,74 Victoria Road,Newcastle,TS13 7XX,41743024731,cardiology,R0003771
Amara,Ali,,6340350957,123 Station Road,Newcastle,TS11 8XX,56291048985,cardiovascular medicine,R0000721
Lucy,Nguyen,,8717579427,170 Station Road,York,TS21 8XX,77538326943,pediatrics,R0005452
Aisha,Evans, MD,,177 Church Lane,Newcastle,TS21 3XX,5892 843 4025,general practice,R0007010
Grace,Wilson,,0095804597,122 Park Avenue,Leeds,TS29 3XX,27981832993,general practice,R0001496
Sarah,Davies,,6975223889,226 Victoria Road,York,TS18 1XX,12178062431,paediatrics,R0004269
Aisha,Williams,,2692836229,203 Station Road,Middlesbrough,TS23 2XX,18319262567,family medicine,R0001520
Chen,Ali,,8855851069,85 Victoria Road,Leeds,TS18 5XX,46611226271,family medicine,R0005407
Rajesh,Jones,,3127241497,247 Park Avenue,Leeds,TS9 1XX,99362603394,general practice,R0003011
James,Thomas,,5373285683,21 High Street,Durham,TS10 8XX,37776082522,orthopaedics,R0003413
Sarah,Brown,,4509092403,168 Victoria Road,Durham,TS19 3XX,97263164086,cardiovascular medicine,R0002970
Priya,Ali,,4422615205,13 High Street,Leeds,TS25 3XX,69451177203,general practice,R0006045
Mohammed,Williams,,7152191068,290 High Street,Durham,TS16 7XX,19683961973,cardiovascular medicine,R0000108
Aisha,Jones, Dr,3520628744,65 Victoria Road,Middlesbrough,TS11 1XX,(1919) 7671137,orthopaedics,R0001754
James,Sharma,,9234041774,168 Station Road,Durham,TS22 3XX,(8596) 9217578,gp,R0005253
Omar,Nguyen,,8123150655,46 victoria rd,Durham,TS8 5XX,(8860) 4805523,family medicine,R0001351
Priya,Ahmed,,6407204165,270 Station Road,Newcastle,TS26 3XX,93452616931,orthopaedics,R0004233
L.,Khan, Dr,9853225145,220 Park Ave,Middlesbrough,TS10 2XX,(8899) 9390122,cardiology,R0005039
J.,Thomas, MD,1680157959,258 Church Lane,Newcastle,TS4 6XX,25840504146,orthopaedics,R0006052
Amara,Patel,,4681890990,27 High Street,Durham,TS13 3XX,43920888907,pediatrics,R0001973
Wei,Taylor,,5086080545,46 Victoria Road,Newcastle,TS9 5XX,97842589675,cardiology,R0000336
Mohammed,Thomas,,3706827021,45 High Street,York,TS26 1XX,30561210332,paediatrics,R0005270
Grace,Khan, MD,,164 High Street,Durham,TS1 4XX,(2273) 2317423,orthopedics,R0003193
Mohammed,Brown,,3508135855,25 Station Road,Durham,TS17 1XX,48827375392,pediatrics,R0002585
L.,Brown,,0412566380,190 Victoria Road,Durham,TS4 3XX,(9942) 2435000,general practice,R0002913
Fatima,Roberts,,0574960531,80 Victoria Road,Leeds,TS3 2XX,85841315293,orthopedics,R0000724
Wei,Wilson,,9451559236,248 Victoria Road,Leeds,TS21 8XX,64220141060,general practice,R0000765
Omar,Khan,,0872501001,236 High Street,Newcastle,TS3 2XX,46701011852,orthopedics,R0004015
David,Taylor,,4127995663,13 Station Road,Middlesbrough,TS2 3XX,35981559437,general practice,R0003611
John,Williams,,8208245794,151 Station Road,Leeds,TS9 5XX,0825 412 5513,family medicine,R0006477
Amara,Roberts,,8235313459,9 Church Lane,Leeds,TS20 7XX,44288132902,orthopedics,R0000307
Wei,Nguyen,,3891731258,149 Park Avenue,Leeds,TS9 3XX,75000954710,cardiology,R0001278
Sarah,Nguyen, Jr,,265 victoria road,Middlesbrough,TS10 3XX,2305 775 4164,orthopaedics,R0006020
David,Ali,,5219287817,108 Park Avenue,Newcastle,TS21 1XX,44438244649,gp,R0003286
James,Khan,,9217382407,168 Victoria Road,Leeds,TS20 4XX,80975220036,cardiology,R0005840
Grace,Wislon,,,288 Church Lane,Newcastle,TS10 8XX,5402 222 8724,cardiology,R0006098
Grace,Jones,,7665987555,168 Victoria Road,York,TS20 1XX,74909622100,cardiovascular medicine,R0006802
John,Patel,,1264219794,164 Victoria Road,Durham,TS16 4XX,54649843762,gp,R0001791
Aisha,Nguyen, MD,3161433838,234 station rd,Leeds,TS7 6XX,7039 512 4245,orthopaedics,R0003693
G.,Khan,,1632484105,146 church ln,Leeds,TS13 6XX,(2053) 7999906,cardiology,R0006781
John,Wilson, Jr,7550301802,63 High St,York,TS12 6XX,(0130) 0580286,general practice,R0005273
John,Taylor,,5938230356,108 Church Lane,Leeds,TS7 8XX,33968347974,paediatrics,R0002053
Wei,Brown,,,284 Church Ln,Leeds,TS26 8XX,21889743089,pediatrics,R0002753
M.,Williams,,,168 Park Avenue,Middlesbrough,TS20 7XX,68534420425,pediatrics,R0006391
G.,Jones, Jr,1047583242,70 station road,Newcastle,TS4 3XX,37387919693,cardiology,R0000071
Wei,Nguyen,,4807375554,190 Church Lane,Newcastle,TS28 5XX,10916783642,ortho surgery,R0004121
Chen,Davies,,8048028931,71 High Street,Newcastle,TS23 6XX,03256825016,paediatrics,R0005162
A.,Williams,,7518577851,5 Church Ln,Durham,TS25 5XX,09654466231,cardiology,R0003653
Elena,Nguyen,,9904744346,220 High Street,Durham,TS22 2XX,75345266346,orthopaedics,R0001260
John,Roberts, MD,6051645560,105 Victoria Rd,York,TS15 4XX,1639 640 5846,cardiovascular medicine,R0001666
Fatima,Williams,,9032922522,166 Station Road,York,TS22 4XX,82870696248,cardiology,R0002617
Mohammed,Brown,,9903329706,292 Church Lane,York,TS21 4XX,74980130008,orthopaedics,R0003544
David,Khan, MD,5365966818,87 Church Ln,Durham,TS22 2XX,(5218) 7110327,cardiology,R0003871
John,Thomas,,5767269599,105 Park Avenue,Middlesbrough,TS14 4XX,26262987358,cardiology,R0007012
Grace,Smith, Dr,,270 Park Avenue,Newcastle,TS1 4XX,5367 659 6264,orthopaedics,R0002167
Amara,Wilson,,9473525838,61 Victoria Road,Durham,TS27 7XX,69937481554,ortho surgery,R0007146
Amaar,Patel,,8235286524,252 Station Rd,Newcastle,TS23 1XX,57511755224,cardiovascular medicine,R0001695
Lucy,Patel,,8653339069,115 church lane,Durham,TS18 5XX,6978 578 2864,paediatrics,R0001095
Lucy,Patel,,3691578775,191 High Street,Middlesbrough,TS24 3XX,60535374794,cardiovascular medicine,R0005729
Aisha,Wilson,,9554439068,68 High Street,Newcastle,TS7 8XX,64913511712,gp,R0005483
Rajesh,Bronw,,7626518789,64 Station Road,Newcastle,TS28 1XX,6810 311 2249,cardiovascular medicine,R0004588
F.,Evans, Jr,,211 Park Avenue,Leeds,TS15 8XX,88979906341,orthopaedics,R0001630
Rajesh,Brown,,7626518789,64 Station Road,Newcastle,TS28 1XX,68103112249,cardiovascular medicine,R0004587
Wei,Smith,,4571059204,139 Church Lane,Durham,TS4 6XX,30953872952,family medicine,R0001881
Omar,Ali,,3224221920,19 Station Road,York,TS4 4XX,96383020430,pediatrics,R0003968
David,Sharma,,7560338701,16 Park Avenue,Leeds,TS15 4XX,31475127695,ortho surgery,R0005023
Amara,Taylor,,4139071122,225 Station Road,Newcastle,TS27 6XX,19803700634,ortho surgery,R0001612
Elena,Smith,,0178419211,51 Station Road,Durham,TS12 4XX,39664586808,ortho surgery,R0000978
F.,Williams, Dr,,292 Church Lane,Newcastle,TS20 3XX,(8064) 7022599,orthopedics,R0003504
John,Smith,,,215 victoria road,Leeds,TS20 8XX,(9678) 6309602,pediatrics,R0006914
John,Patel,,3497952455,38 Victoria Road,Newcastle,TS3 7XX,25984099315,ortho surgery,R0002921
Rajesh,Wilson,,9416627038,272 Park Avenue,Durham,TS19 2XX,92792606406,ortho surgery,R0000848
Rajesh,Evans,,9569177106,244 Station Road,Leeds,TS7 5XX,20026575295,cardiovascular medicine,R0003307
Fatima,Smith,,4885201257,60 Church Lane,Newcastle,TS5 4XX,60997721215,ortho surgery,R0002271
Amara,Khan, Jr,4315801962,220 Station Rd,Middlesbrough,TS25 6XX,(2165) 7291175,cardiology,R0002392
Aisha,Evans,,3145060410,277 Station Road,York,TS27 1XX,57384024615,paediatrics,R0003477
Wei,Roberts, MD,,266 Station Rd,York,TS3 4XX,7438 570 9786,cardiology,R0001830
David,Davies,,1525771237,101 Station Road,York,TS7 3XX,42114108956,pediatrics,R0002699
Elena,Jones, MD,2069644315,102 church lane,Middlesbrough,TS13 3XX,17567986849,cardiovascular medicine,R0000047
Grace,Ali, Jr,2399395905,128 Park Ave,Durham,TS23 8XX,(8554) 6904438,family medicine,R0003758
Omar,Nguyen,,8123150655,46 victoria rd,Durham,TS8 5XX,88604805523,family medicine,R0001350
O.,Jones, MD,4770005907,213 Park Ave,Newcastle,TS17 8XX,4295 364 7705,general practice,R0002706
Elena,Evans,,,182 Victoria Road,York,TS5 1XX,(8146) 5217401,pediatrics,R0000446
James,Jones,,2190142365,279 Victoria Road,York,TS28 2XX,13103522018,orthopedics,R0002248
Grace,Roberts,,8939258965,3 church ln,Newcastle,TS26 2XX,18804506927,orthopedics,R0001743
Chen,Taylor,,,80 park avenue,York,TS23 4XX,(4027) 0278445,general practice,R0000844
D.,Thomas, Jr,,246 Park Ave,York,TS18 7XX,(5895) 4387162,cardiology,R0003484
Aisha,Khan,,8028353809,153 Station Road,York,TS8 7XX,71265536916,gp,R0002732
Chen,Wilson,,6501190530,266 Victoria Road,Middlesbrough,TS25 7XX,71854632256,cardiology,R0000678
Mohammed,Taylor,,5219376462,234 Station Road,Durham,TS23 6XX,68302652791,pediatrics,R0004287
Grace,Sharma,,5540421477,178 Station Road,York,TS6 3XX,43675084826,cardiology,R0004217
Mohammed,Thomas,,3459053089,140 High Street,Durham,TS21 6XX,43001516630,cardiovascular medicine,R0001294
S.,Khan,,3990031810,215 station rd,York,TS5 3XX,5982 202 6530,family medicine,R0004284
Chen,Sharma,,5760896471,269 Station Road,Newcastle,TS11 6XX,47853622056,orthopaedics,R0004075
Sarah,Evans,,3610548731,73 Church Lane,Durham,TS9 5XX,07826721383,pediatrics,R0004245
John,Smith,,0226059093,1 Station Road,York,TS6 6XX,12400000285,pediatrics,R0007011
Rajesh,Smith,,4959729707,280 high st,Newcastle,TS27 2XX,83412124469,paediatrics,R0005357
James,Jones, MD,0822557848,6 park ave,Middlesbrough,TS12 8XX,(0882) 1755873,pediatrics,R0007394
Priya,Jones,,2888123024,209 Victoria Road,Middlesbrough,TS25 7XX,12497939951,general practice,R0001112
Omar,Wilson,,9674658540,127 Victoria Road,York,TS24 6XX,(0642) 2606800,cardiovascular medicine,R0000776
Fatima,Khan, Jr,5102843396,287 victoria road,York,TS22 1XX,67835678319,cardiology,R0007094
Chen,Khan,,7634045579,105 Church Lane,Newcastle,TS25 3XX,25430751891,cardiovascular medicine,R0004031
Wei,Patel,,1808262807,89 Victoria Road,York,TS14 2XX,89467301870,gp,R0002228
G.,Roberts,,8549682269,255 Church Lane,Newcastle,TS13 5XX,(8039) 3924072,paediatrics,R0002153
G.,Sharma,,8219002158,86 High Street,York,TS10 7XX,(3310) 9489558,ortho surgery,R0005094
Amara,Sharma,,3725767440,90 Park Avenue,Durham,TS15 6XX,61260836563,ortho surgery,R0003332
John,Brown,,,259 High St,Durham,TS14 5XX,0316 091 5945,ortho surgery,R0002698
James,Evans,,,71 Victoria Road,Leeds,TS26 6XX,(0563) 3490535,family medicine,R0001366
James,Roberts,,8399718319,285 Church Lane,York,TS27 1XX,97333229512,orthopaedics,R0007384
Amara,Roberts,,7642216755,99 Station Road,Newcastle,TS26 4XX,73128483407,cardiology,R0001851
Grace,Roberts,,,35 Park Ave,Durham,TS5 4XX,(2375) 9507039,family medicine,R0001963
Wei,Thomas,,4466482258,34 Victoria Road,Durham,TS1 6XX,18115534767,pediatrics,R0002579
Fatima,Brown,,9832169888,240 Station Road,Newcastle,TS7 5XX,32478536431,pediatrics,R0005223
C.,Roberts,,8284179801,292 high st,Newcastle,TS16 7XX,15356508951,family medicine,R0004328
Aisha,Khan, MD,2218884321,148 Station Rd,Durham,TS3 8XX,37535428516,general practice,R0007017
Dvaid,Davies,,,142 Park Ave,Middlesbrough,TS10 8XX,0235 290 9501,pediatrics,R0000485
Fatima,Evans,,0519918466,175 High Street,Newcastle,TS19 4XX,69668618871,orthopaedics,R0002239
Lucy,Davies,,1093768144,219 Station Road,Newcastle,TS15 7XX,83432151027,cardiology,R0006812
Fatima,Nguyen,,8204361126,285 High Street,York,TS8 1XX,12815894015,cardiovascular medicine,R0007186
John,Ali,,2053961673,291 Victoria Road,Durham,TS21 3XX,96789692646,paediatrics,R0005751
Chen,Ahmed,,4731715993,26 Park Avenue,Durham,TS14 2XX,36907894128,cardiovascular medicine,R0000030
John,Khan,,7406299663,265 High Street,Middlesbrough,TS14 3XX,92288300583,orthopedics,R0001879
F.,Davies, MD,0822294676,198 Park Ave,York,TS19 2XX,4055 594 8500,cardiovascular medicine,R0005432
John,Jones,,4118231307,236 Station Rd,Newcastle,TS22 7XX,39511986361,paediatrics,R0004559
Aisha,Thomas,,4454591308,172 High St,Durham,TS2 4XX,(8916) 2757830,family medicine,R0002742
O.,Sharma, Dr,5667025783,37 Victoria Road,York,TS21 8XX,(6291) 1003763,cardiovascular medicine,R0006264
Elena,Smith,,6617733816,217 Park Avenue,Leeds,TS8 5XX,30474775608,cardiology,R0005570
Amara,Patel,,9781119786,283 Station Road,Leeds,TS3 2XX,64581798126,pediatrics,R0005123
Wei,Jones,,9374261966,169 High Street,Leeds,TS12 3XX,10542599821,general practice,R0003753
Lucy,Davies,,5588030362,43 High Street,York,TS16 6XX,0276 888 5949,orthopaedics,R0000636
Elena,Thomas,,0692889298,97 Station Road,Durham,TS23 1XX,48095306948,cardiology,R0006111
Grace,Wilson,,7350467404,43 Park Avenue,Middlesbrough,TS17 8XX,81725673183,family medicine,R0005940
Sarah,Patel,,1765069936,61 Station Road,Newcastle,TS27 2XX,42626981180,family medicine,R0001083
Priya,Khan,,0081092895,221 Victoria Road,Newcastle,TS5 2XX,35711329380,orthopedics,R0000861
Fatima,Wilson,,3803721781,281 park avenue,Newcastle,TS9 6XX,4957 119 6646,cardiology,R0003540
Aisha,Taylor,,5897689726,165 Station Road,York,TS13 8XX,59881725429,ortho surgery,R0000903
Chen,Jones,,9033958857,107 Park Avenue,York,TS28 4XX,73331846160,family medicine,R0003467
Mohammed,Williams,,7152191068,290 High St,Durham,TS16 7XX,(1968) 3961973,cardiovascular medicine,R0000109
Elena,Ali,,7121797386,228 Station Road,Newcastle,TS15 6XX,52714386398,pediatrics,R0007220
Omar,Williams,,4434397383,195 Station Road,Durham,TS6 2XX,52831541015,family medicine,R0005918
Lucy,Thomas,,6675875595,249 High Street,Newcastle,TS1 2XX,30215823669,cardiovascular medicine,R0002862
Wei,Thomas,,0126335833,147 High Street,Newcastle,TS25 3XX,(8005) 5151442,orthopedics,R0005488
Lucy,Brown,,6547598852,225 Park Avenue,Leeds,TS6 8XX,22518854403,paediatrics,R0006883
S.,Evans,,5201527512,47 High St,Middlesbrough,TS22 4XX,8235 241 0821,orthopedics,R0002534
Wei,Sharma,,2980999972,57 Park Avenue,Leeds,TS18 1XX,90317605065,general practice,R0005501
Sarah,Brown,,5365434357,208 Church Lane,Middlesbrough,TS25 7XX,80848781575,cardiovascular medicine,R0001831
Sarah,Williams,,1520732186,55 Station Road,Newcastle,TS9 2XX,30474538956,paediatrics,R0004266
A.,Sharma, MD,7734366603,12 Victoria Road,Leeds,TS6 2XX,(0705) 3087899,orthopedics,R0000782
James,Khan, MD,2642839454,111 Station Road,York,TS16 1XX,98455542100,ortho surgery,R0007325
James,Thomas,,5579291647,145 Church Lane,York,TS13 6XX,22423024463,orthopaedics,R0003792
Chen,Smith,,6606100743,198 Park Avenue,Middlesbrough,TS28 1XX,27122057038,paediatrics,R0006918
Lucy,Wilson,,4774983422,47 Station Road,Middlesbrough,TS22 1XX,24376047214,family medicine,R0006986
Elena,Jones,,3625308525,7 Victoria Rd,Middlesbrough,TS25 1XX,8327 114 9353,orthopaedics,R0003244
John,Roberts,,1763191968,34 station road,Middlesbrough,TS20 3XX,5437 566 6372,pediatrics,R0001825
Elena,Brown,,4483650285,206 Church Lane,York,TS21 5XX,35514209382,pediatrics,R0007284
Lucy,Patel,,8653339069,115 Church Lane,Durham,TS18 5XX,69785782864,paediatrics,R0001094
Mohammed,Williams,,6187723481,160 Victoria Road,Leeds,TS26 1XX,70357531310,ortho surgery,R0005257
John,Taylor,,6593365128,89 High Street,Middlesbrough,TS21 8XX,87273323686,gp,R0005130
Elena,Thomas,,3625638628,198 Church Lane,Durham,TS11 1XX,55776505990,cardiovascular medicine,R0002968
G.,Ali,,,58 Park Avenue,Middlesbrough,TS24 2XX,72501612788,ortho surgery,R0006642
John,Patel, Jr,4693504518,217 High St,Durham,TS20 7XX,09099157811,pediatrics,R0006730
Dvaid,Nguyen, Dr,2390812142,200 Station Rd,Middlesbrough,TS29 6XX,70671919924,orthopaedics,R0005241
Priya,Ahmed,,7243195336,186 High Street,York,TS7 8XX,77104377313,orthopaedics,R0001654
Fatima,Jones, Dr,4570927898,65 High St,Leeds,TS13 6XX,(9837) 9127388,pediatrics,R0006142
John,Roberts,,9169810069,37 Park Avenue,Newcastle,TS6 4XX,06919978083,gp,R0006876
Priya,Ali,,4249882870,241 Church Lane,Newcastle,TS16 5XX,30872257068,family medicine,R0002323
Grace,Nugyen, MD,6920966236,275 Victoria Rd,Middlesbrough,TS12 7XX,01791717841,cardiovascular medicine,R0002413
A.,Ahmed, MD,5476460227,48 Church Ln,Middlesbrough,TS18 6XX,8692 414 1363,orthopaedics,R0005744
Mohammed,Wilson,,6965312095,19 Church Lane,Durham,TS19 7XX,05033196854,pediatrics,R0006543
Elena,Smith,,9602724180,46 High Street,Leeds,TS11 4XX,66013379262,cardiovascular medicine,R0004247
C.,Ali,,3614048034,140 Park Avenue,Durham,TS29 5XX,(2764) 5400361,general practice,R0007358
E.,Roberts, Jr,3818279941,163 station road,Durham,TS3 7XX,65766530579,orthopedics,R0004603
Mohamemd,Sharma, Jr,1313414791,159 Park Ave,Durham,TS3 2XX,0293 850 1854,cardiovascular medicine,R0005976
Elena,Thomas,,4589634834,277 Park Avenue,Newcastle,TS13 8XX,84211102923,orthopaedics,R0003017
Rajehs,Evans, MD,,30 Station Rd,Durham,TS21 3XX,2604 877 0122,pediatrics,R0000178
Mohammed,Thomas,,3561170840,221 Park Avenue,Newcastle,TS2 8XX,46219623736,cardiology,R0002781
Chen,Evans,,4773227819,238 High Street,York,TS14 1XX,79269649467,family medicine,R0003312
Amara,Nguyen,,5725152428,297 Park Avenue,Durham,TS21 1XX,33176997841,ortho surgery,R0007223
Chen,Ali,,6950850079,110 Park Avenue,York,TS9 4XX,32152127545,paediatrics,R0001204
Elena,Davies,,9872558001,283 Victoria Road,York,TS21 1XX,06740462372,general practice,R0002202
Rajesh,Patel, MD,3247760760,50 Victoria Rd,Durham,TS21 4XX,73766711582,paediatrics,R0003000
Sarah,Jones,,6881416267,18 Park Avenue,Middlesbrough,TS29 4XX,66598663407,cardiology,R0004258
O.,Nguyen,,,248 Victoria Road,Durham,TS19 1XX,6034 476 0308,general practice,R0005783
Mohammed,Patel,,1489627845,279 Church Lane,Newcastle,TS18 1XX,85416016272,cardiovascular medicine,R0002684
Rajesh,Williams, Jr,1289775904,75 High Street,Durham,TS13 8XX,7639 547 9817,pediatrics,R0007463
Amara,Khan,,6616258923,180 High Street,Newcastle,TS10 7XX,94645281698,ortho surgery,R0001770
Chen,Roberts, MD,,7 Victoria Rd,Middlesbrough,TS16 6XX,(8955) 4566541,paediatrics,R0000829
Sarah,Jones, Jr,,188 High Street,Middlesbrough,TS29 8XX,91425035280,cardiovascular medicine,R0003955
Chen,Sharma,,4745267348,264 Station Road,Leeds,TS21 5XX,68933196580,gp,R0007363
Rajesh,Ali,,6427504140,55 Station Road,Newcastle,TS5 1XX,29967924059,cardiology,R0002486
Amara,Patel,,7743091856,269 Park Avenue,Newcastle,TS1 8XX,09280459106,cardiology,R0000627
Priya,Jones,,5497247457,223 Station Road,Middlesbrough,TS12 2XX,58775897129,orthopedics,R0002651
Amara,Patel,,,257 high street,York,TS22 4XX,09848868671,ortho surgery,R0004410
Priya,Davies,,3920655249,249 Park Avenue,Newcastle,TS10 7XX,39819675291,paediatrics,R0000925
Priya,Sharma,,2804785232,121 Park Avenue,Leeds,TS19 6XX,93946684734,pediatrics,R0000295
Lucy,Jones,,1896536656,53 Church Lane,Newcastle,TS20 4XX,62285039685,general practice,R0001052
John,Smith,,2722703506,5 Church Lane,Leeds,TS17 1XX,64074037430,cardiology,R0002825
Lucy,Sharma,,9088394036,200 Park Ave,Leeds,TS24 1XX,(5702) 8927676,general practice,R0006057
Grace,Roberts,,7273794814,192 Victoria Road,Durham,TS10 5XX,18154640686,general practice,R0002619
Aisha,Evasn, Jr,3413614247,201 Victoria Road,York,TS24 6XX,97563676157,cardiology,R0000944
Elena,Evans,,4419306796,278 High Street,Middlesbrough,TS3 3XX,64226931158,family medicine,R0005967
S.,Roberts,,2613854075,69 Victoria Road,Newcastle,TS25 7XX,(8776) 1219226,general practice,R0006225
Amara,Jones,,3616115712,54 Victoria Road,Newcastle,TS17 4XX,3652 019 4447,cardiovascular medicine,R0000012
Grcae,Thomas, Dr,5493624328,286 Park Ave,Durham,TS3 2XX,(2783) 3593259,ortho surgery,R0001117
Priya,Taylor,,0512121549,26 Park Avenue,York,TS14 1XX,55336637349,ortho surgery,R0005458
Grace,Sharma,,0805080677,290 Church Lane,York,TS15 7XX,08790224876,orthopaedics,R0003101
A.,Evans, MD,4740888699,217 Park Ave,Leeds,TS14 5XX,6590 106 5484,ortho surgery,R0005808
Chen,Robetrs, MD,,78 Park Ave,York,TS29 7XX,24412037956,orthopedics,R0007323
Rajesh,Nguyen,,1807000856,78 high st,Newcastle,TS24 4XX,81201846873,family medicine,R0001319
Priya,Jones,,6863841753,123 Park Avenue,Durham,TS7 1XX,50642533269,paediatrics,R0000779
David,Taylor,,7087947021,283 Park Avenue,Newcastle,TS23 6XX,79672661749,general practice,R0007332
G.,Khan, Jr,4568904986,123 Station Road,Durham,TS10 6XX,1175 711 3913,general practice,R0006865
Amara,Brown, Dr,,186 High Street,Leeds,TS3 2XX,6669 831 4992,family medicine,R0003176
Rajesh,Jones,,2278943035,166 Victoria Road,Middlesbrough,TS12 7XX,86159713773,paediatrics,R0006761
D.,Taylor,,4127995663,13 Station Road,Middlesbrough,TS2 3XX,35981559437,general practice,R0003612
James,Khan,,9827593937,98 Station Road,Durham,TS10 7XX,62974197686,general practice,R0000653
Rajesh,Taylor,,0224453738,46 Victoria Road,Durham,TS3 8XX,85376768973,paediatrics,R0002477
John,Ahmed,,0340559518,200 High Street,Durham,TS26 4XX,39748839608,cardiovascular medicine,R0007495
Elena,Patel, Dr,,165 High St,York,TS21 2XX,9033 727 3081,general practice,R0004152
Aisha,Wilson,,3099276952,222 Station Road,Durham,TS6 6XX,81524131363,gp,R0004322
David,Taylor,,1084012323,33 Station Road,Middlesbrough,TS29 5XX,1546 581 3553,pediatrics,R0006049
Elena,Wilson,,4519345444,236 Victoria Road,Leeds,TS13 2XX,60534141858,orthopedics,R0007317
David,Jones, Dr,0119235491,111 Victoria Road,Leeds,TS21 8XX,1547 794 9983,ortho surgery,R0006353
Aisha,Jones,,8417825064,88 Victoria Rd,York,TS8 6XX,34632193827,gp,R0007206
James,Brown,,1335961138,209 Church Lane,Leeds,TS8 2XX,41481017000,cardiovascular medicine,R0005722
Aisha,Ahmed, Jr,,20 Park Avenue,Newcastle,TS24 4XX,50533646809,pediatrics,R0005461
Fatima,Ali,,5629435685,61 Station Road,Leeds,TS7 3XX,17395196170,orthopedics,R0006562
Lucy,Ali,,2595779319,219 Church Lane,Middlesbrough,TS19 7XX,73908123407,orthopedics,R0002627
Aisha,Davies,,,140 Victoria Rd,Middlesbrough,TS28 7XX,(1617) 2978511,cardiology,R0005470
Wei,Smith, Dr,,108 Victoria Rd,York,TS12 6XX,33200492633,paediatrics,R0000570
Wei,Ali,,3057222898,149 Station Road,Newcastle,TS9 7XX,97916063947,pediatrics,R0001448
Amara,Patel,,7969518456,137 Church Lane,York,TS20 3XX,41275392509,ortho surgery,R0004936
J.,Nguyen,,2593794752,261 Station Rd,Middlesbrough,TS12 3XX,(1518) 8654986,orthopaedics,R0007451
Wei,Williams,,3286130000,141 Victoria Road,Leeds,TS24 6XX,49960104447,pediatrics,R0006819
Fatima,Brown,,4871236542,122 High Street,Middlesbrough,TS10 7XX,64995548871,paediatrics,R0006151
Amara,Wilson,,8116044351,147 Station Road,Middlesbrough,TS28 7XX,20298691570,orthopaedics,R0001745
Sarah,Thomas,,4807648233,232 Church Lane,Leeds,TS20 1XX,01406178855,orthopaedics,R0003909
Oamr,Khan, Dr,,236 High Street,Durham,TS5 6XX,77502963948,cardiology,R0003355
Elena,Roberts,,0518468502,228 Station Rd,Newcastle,TS27 4XX,82632243231,family medicine,R0000287
Sarah,Davies,,7713495632,142 Park Avenue,Newcastle,TS2 5XX,71645580238,pediatrics,R0001738
Amara,Smtih,,8383798658,186 Victoria Rd,York,TS25 1XX,6928 718 6423,cardiology,R0004695
Amara,Sharma,,3791309473,226 Church Lane,Newcastle,TS3 1XX,86886336076,orthopedics,R0007320
Elena,Thomas,,4589634834,97 Victoria Rd,Middlesbrough,TS29 1XX,6150 791 4117,orthopaedics,R0003018
John,Taylor,,5529546742,222 Church Lane,Durham,TS8 2XX,13743670917,cardiology,R0007084
Mohammed,Nguyen,,8151928219,1 High Street,Durham,TS19 3XX,77672241110,cardiology,R0005338
James,Khan,,5150853658,271 Park Avenue,Newcastle,TS26 1XX,79186673874,cardiovascular medicine,R0003206
Priya,Ali,,1914525584,105 Victoria Rd,Durham,TS24 6XX,16736666663,pediatrics,R0004343
Wei,Nguyen, Dr,,45 Park Avenue,York,TS23 7XX,20707376006,ortho surgery,R0001684
David,Ali,,8133468508,263 Station Road,Leeds,TS25 7XX,89114933995,orthopaedics,R0004883
Sarah,Wlison,,5337646245,164 Station Rd,Middlesbrough,TS16 8XX,4987 847 1350,ortho surgery,R0001338
Rajesh,Thomas,,6063557294,296 Park Avenue,Durham,TS17 5XX,68229933799,cardiology,R0003406
Mohammed,Patel,,3002510373,208 Church Lane,Newcastle,TS22 4XX,16521253476,cardiovascular medicine,R0006154
John,Sharma,,5459663191,112 Park Avenue,Middlesbrough,TS21 8XX,01441628236,orthopedics,R0007212
D.,Taylor, Jr,,251 Park Avenue,Durham,TS14 4XX,9633 940 1012,gp,R0006496
Lucy,Williams, MD,7559131588,124 Station Rd,Leeds,TS12 7XX,7979 265 1918,paediatrics,R0002258
O.,Nguyen, Jr,0484277990,101 Victoria Rd,Middlesbrough,TS25 7XX,2478 830 9825,cardiology,R0004339
John,Taylor,,5398594249,226 Victoria Road,Middlesbrough,TS20 7XX,05936313442,paediatrics,R0004545
Sarah,Evans,,6620022682,139 Church Lane,Newcastle,TS14 2XX,40990218835,orthopaedics,R0003469
John,Williams,,5553058736,161 High Street,Durham,TS11 5XX,04073940943,gp,R0006282
Fatima,Khan, Jr,6129684746,1 Church Ln,Middlesbrough,TS18 2XX,61854992943,family medicine,R0004127
James,Brown,,9275191566,2 Victoria Road,Durham,TS20 2XX,33310478948,pediatrics,R0001564
Grace,Wilson,,,239 church lane,Middlesbrough,TS15 5XX,(2126) 0163048,cardiology,R0006361
Omar,Wilson,,3032441410,57 Victoria Road,Newcastle,TS29 1XX,68499180119,cardiovascular medicine,R0004353
John,Smith,,6771579877,280 Station Road,York,TS2 1XX,29238010579,gp,R0003905
O.,Roberts,,3817136341,97 Park Avenue,York,TS2 2XX,73997974164,cardiology,R0005813
Grace,Ahmed, Jr,9092803560,190 Station Road,Newcastle,TS6 8XX,7992 942 8466,paediatrics,R0002185
Wei,Brown,,2114550017,213 Park Avenue,York,TS1 1XX,38155922641,orthopaedics,R0003399
Amara,Ali,,9683991742,151 Church Lane,Newcastle,TS27 3XX,45743932335,cardiovascular medicine,R0001231
Priya,Evans,,3089313884,155 Church Lane,Durham,TS11 5XX,04798322280,cardiology,R0004714
Omar,Smith,,7387911938,117 Park Avenue,York,TS2 1XX,70029676524,family medicine,R0001258
Rajesh,Khan,,9239045265,199 Station Road,Leeds,TS9 7XX,57788636934,ortho surgery,R0002254
Mohammed,Patle,,2828061397,90 church ln,Durham,TS20 7XX,5509 521 6788,family medicine,R0001951
Grace,Nguyen, Jr,2519441622,261 Station Road,Middlesbrough,TS12 3XX,(1518) 8654986,family medicine,R0007454
Rajesh,Ahmed,,0594290454,149 Victoria Road,York,TS29 1XX,75227660590,orthopaedics,R0000113
Lucy,Thomas,,4370667939,256 Park Ave,York,TS3 8XX,(0384) 9748668,ortho surgery,R0006372
John,Ali,,,259 high street,Leeds,TS2 6XX,82474777743,orthopaedics,R0002509
Wei,Thomas,,0126335833,147 High Street,Newcastle,TS25 3XX,80055151442,orthopedics,R0005487
Raejsh,Ali,,4937167696,66 church ln,Durham,TS11 2XX,(9997) 2235270,family medicine,R0002548
Elena,Davies,,0657941425,116 Station Road,Middlesbrough,TS17 3XX,10986365094,orthopaedics,R0004032
Aisha,Ahmed,,5910432186,146 Park Avenue,Middlesbrough,TS10 5XX,56647209021,general practice,R0000507
Chen,Taylor,,6641550123,14 Church Lane,Durham,TS4 7XX,80184449192,ortho surgery,R0004043
Aisha,Wilson,,8465218575,41 High St,York,TS1 2XX,5374 660 9406,pediatrics,R0005894
S.,Davies,,6422219858,212 park ave,Durham,TS21 5XX,51642484428,family medicine,R0003091
Elena,Khan,,5574726956,184 Station Road,Durham,TS25 7XX,93838092255,orthopedics,R0002846
Wei,Jones,,4076250249,26 Park Avenue,York,TS29 8XX,53367389522,cardiology,R0005489
Rajesh,Williams,,7180349795,86 Victoria Road,York,TS1 2XX,36226089891,cardiology,R0003872
Aisha,Nguyen,,8269226178,107 Church Lane,Newcastle,TS18 4XX,86184387398,general practice,R0004423
David,Khan,,1802247519,57 Park Avenue,Durham,TS22 8XX,82586242493,cardiology,R0007060
Amara,Smith,,2318695194,91 Park Avenue,Leeds,TS15 4XX,25701859668,family medicine,R0000350
M.,Nguyen, Dr,5335381349,110 Station Road,Newcastle,TS13 5XX,(9131) 0722444,gp,R0004434
Mohammed,Smith,,4863999565,266 Church Lane,York,TS2 2XX,54496098183,cardiology,R0004039
Fatima,Brown, Jr,,132 High St,Leeds,TS6 3XX,9177 710 1807,pediatrics,R0004198
David,Smith,,0626764573,66 Church Lane,Leeds,TS6 1XX,01760779905,ortho surgery,R0002505
Daivd,Roberts,,1460406822,52 High St,York,TS1 8XX,06370406154,paediatrics,R0004012
Elena,Smith,,0583937262,217 Park Avenue,York,TS2 2XX,34259736922,cardiology,R0001114
Omar,Davies, Jr,8823658946,92 victoria rd,York,TS7 7XX,1612 926 4163,general practice,R0005288
R.,Patel, Jr,6564764021,31 high street,Leeds,TS6 1XX,(3512) 0014676,cardiovascular medicine,R0000298
Chen,Ali,,1034266630,282 Station Road,Middlesbrough,TS29 7XX,97146088922,cardiovascular medicine,R0003774
James,Ahmed,,2988485692,69 Church Lane,York,TS28 7XX,11196855047,cardiovascular medicine,R0005953
John,Wilson, MD,5798383217,157 Church Ln,Leeds,TS12 2XX,7711 743 5306,orthopedics,R0002984
A.,Sharma,,0103176217,45 High St,Newcastle,TS9 1XX,75804530145,orthopedics,R0005715
Fatima,Ahmed, Jr,0626009112,148 church ln,Leeds,TS6 5XX,1604 025 0532,family medicine,R0006123
Rajesh,Shrama,,6237279731,261 high st,York,TS9 7XX,77653710846,pediatrics,R0003254
Rajesh,Nguyen,,8123989406,5 Victoria Road,Leeds,TS7 5XX,28486447248,cardiovascular medicine,R0004180
Priya,Taylor, MD,3182288027,202 Park Avenue,Newcastle,TS17 1XX,81166015264,cardiology,R0000229
E.,Khan, Jr,,40 Victoria Road,Leeds,TS5 3XX,(8031) 1903960,gp,R0000076
Grace,Davies,,3378955289,109 Station Road,Leeds,TS2 7XX,53926170947,general practice,R0007229
James,Roberts,,2310469489,68 Church Lane,York,TS12 7XX,09412507857,pediatrics,R0005199
Grace,Jones,,2776793686,161 High Street,Leeds,TS18 2XX,79566479324,gp,R0006387
Omar,Patel,,1909928013,275 Station Road,York,TS8 3XX,30684298427,paediatrics,R0004818
Rajesh,Patel,,7199533440,70 High Street,Durham,TS2 4XX,80944774090,gp,R0002103
James,Nguyen,,1665613654,89 Station Road,Durham,TS1 6XX,88541873362,family medicine,R0005900
Lucy,Sharma,,8673376536,3 Station Road,Newcastle,TS21 4XX,80842860246,cardiovascular medicine,R0003032
Grace,Thomas,,5558849231,184 Park Avenue,York,TS18 7XX,22606282468,ortho surgery,R0006125
Omar,Davies,,2339601845,270 Victoria Road,York,TS13 7XX,39081427475,pediatrics,R0005006
Omar,Wilson,,3382653407,292 High Street,Middlesbrough,TS8 5XX,28939013957,paediatrics,R0001614
John,Khan,,9430195990,32 Station Road,Newcastle,TS15 5XX,57986531706,family medicine,R0000607
Amara,Roberts, Jr,9235704126,66 high st,Newcastle,TS3 7XX,(4543) 6300220,cardiovascular medicine,R0003381
E.,Ahmed,,2000823506,199 Church Lane,Durham,TS4 1XX,(7305) 4995172,family medicine,R0001093
John,Sharma,,4798094825,84 Victoria Road,Newcastle,TS19 5XX,06409470289,cardiology,R0002755
Omar,Nguyen,,8742366447,212 Church Lane,Middlesbrough,TS5 3XX,37440098049,paediatrics,R0002622
Mohammed,Thoams, Jr,6371780762,98 Station Road,Leeds,TS8 3XX,(7285) 5904389,cardiovascular medicine,R0006076
Wei,Ahmed,,4814261793,237 Station Road,Newcastle,TS8 5XX,15807816520,orthopedics,R0007372
Elena,Ali,,7121797386,228 station road,Newcastle,TS15 6XX,(5271) 4386398,paediatrics,R0007221
W.,Jones, Dr,4048768768,62 High St,Newcastle,TS9 6XX,9403 499 5944,general practice,R0000203
Lucy,Davies,,8243713702,195 Park Avenue,Leeds,TS18 4XX,43877741048,cardiology,R0002387
John,Thomas,,3765563140,8 Station Road,York,TS1 7XX,33973283044,orthopaedics,R0007268
Aisha,Ahmed,,5280128825,30 Church Lane,York,TS1 4XX,40632782905,paediatrics,R0004310
M.,Nguyen, MD,6112029269,243 Station Rd,Durham,TS14 3XX,96489783326,orthopaedics,R0000837
Amara,Brown, Jr,7491455494,131 High St,Leeds,TS2 3XX,40429141444,pediatrics,R0004504
Omar,Wilson,,7373791713,62 Station Road,Middlesbrough,TS15 8XX,99141620054,cardiovascular medicine,R0007444
Fatima,Ahmed,,2045730847,60 High Street,Middlesbrough,TS1 7XX,27969978621,family medicine,R0001230
David,Smith,,8077385770,136 High St,York,TS17 6XX,06849102891,cardiology,R0006982
Mohammed,Roberts,,6960577318,216 Victoria Road,Newcastle,TS20 7XX,47471224817,ortho surgery,R0001609
Jamse,Williams,,6543740136,297 High Street,Newcastle,TS28 1XX,4315 758 6788,orthopedics,R0004706
John,Jones,,6757738057,3 Park Ave,Leeds,TS28 8XX,(1051) 0848763,pediatrics,R0004417
Aisha,Sharma,,5335982347,220 Station Road,Middlesbrough,TS5 4XX,86257276611,pediatrics,R0003942
Priya,Roberts,,6577207723,69 Park Avenue,Middlesbrough,TS20 2XX,81949761526,pediatrics,R0006026
Sarah,Evans,,8522671327,168 Station Road,Durham,TS28 3XX,23633815543,cardiovascular medicine,R0007193
Amara,Ali,,9219551681,112 Station Road,York,TS14 2XX,62251849303,orthopaedics,R0004848
J.,Nguyen,,9305865497,155 Victoria Road,Middlesbrough,TS9 1XX,50898058407,family medicine,R0005544
J.,Roberts, MD,6082930348,201 church lane,Middlesbrough,TS2 5XX,05886351710,general practice,R0003274
Chen,Wilson,,1055529399,114 Station Road,Durham,TS14 6XX,59518077503,cardiovascular medicine,R0005720
Omar,Patel,,3465691430,121 High Street,Durham,TS15 3XX,93597729437,family medicine,R0002758
Amara,Khan,,5784452171,297 Park Avenue,York,TS14 4XX,97191844541,orthopedics,R0003024
David,Smith, Dr,0531187680,150 park avenue,Durham,TS6 5XX,76267055300,cardiovascular medicine,R0000657
Grace,Davies,,6027457076,291 Church Lane,York,TS3 2XX,28121202773,cardiovascular medicine,R0000790
Elena,Ahmed,,7715329787,165 Park Avenue,Middlesbrough,TS29 5XX,30013027357,orthopaedics,R0007368
Amara,Thomas, Dr,8434432482,119 Church Lane,Leeds,TS14 1XX,(4766) 5649626,general practice,R0004554
Elena,Evans,,3376361358,279 Station Road,York,TS17 3XX,56229743587,family medicine,R0006187
David,Taylor,,9405316632,68 Church Lane,York,TS29 1XX,17963286441,gp,R0002561
Aisha,Evans,,3145060910,277 Station Road,York,TS27 1XX,5738 402 4615,pediatrics,R0003478
Wei,Daives,,1774497615,19 High Street,Leeds,TS21 4XX,(9908) 8139005,pediatrics,R0001359
Omar,Brown,,2240233023,19 Victoria Road,Newcastle,TS27 2XX,70109311010,family medicine,R0005500
Chen,Ali,,2325875474,231 Victoria Road,York,TS20 6XX,74349179065,orthopaedics,R0002347
Amara,Paetl,,,223 Station Road,Newcastle,TS15 1XX,(3755) 6328476,cardiology,R0005080
Dvaid,Patel, MD,6221415971,298 High St,Newcastle,TS1 1XX,7317 319 5492,cardiology,R0002887
Wei,Shrama,,,57 Park Avenue,Leeds,TS18 1XX,(9031) 7605065,general practice,R0005503
Chen,Thomas,,8391316382,295 Station Road,Middlesbrough,TS6 7XX,22184914727,orthopaedics,R0005693
Chen,Sharma,,3615743122,145 Victoria Road,Middlesbrough,TS25 3XX,57491645485,cardiovascular medicine,R0006560
James,Wilson,,3355949665,260 Station Road,York,TS16 1XX,98661591932,ortho surgery,R0003927
Grace,Williams,,9156382221,55 Station Road,Leeds,TS11 6XX,60791585850,paediatrics,R0007426
Sarah,Wilson, Dr,4393815106,37 High St,Leeds,TS9 2XX,9325 409 6898,cardiovascular medicine,R0002575
Rajesh,Patel,,6635358016,202 Park Avenue,Durham,TS17 6XX,40930683498,gp,R0006157
Chen,Thomas,,1594534519,124 Victoria Road,Middlesbrough,TS5 6XX,46070173286,cardiology,R0003593
Elena,Jones,,2021139616,241 Victoria Road,Middlesbrough,TS8 4XX,15622755075,cardiovascular medicine,R0004738
Rajesh,Nguyen,,5233629725,113 Station Road,York,TS15 6XX,28728735086,cardiology,R0006410
Fatima,Patel, Jr,2980981218,132 Victoria Road,Durham,TS8 8XX,(8837) 6155536,pediatrics,R0001780
Jonh,Khan,,9773095419,189 Church Lane,Leeds,TS9 3XX,(5848) 6480130,orthopaedics,R0006831
Chen,Brown, Jr,7749780498,5 Church Ln,Middlesbrough,TS9 5XX,69032912216,orthopedics,R0000803
Mohammed,Patel, Jr,5670035014,269 Station Rd,Durham,TS21 8XX,95244338307,orthopedics,R0000857
Mohmamed,Khan,,3984315710,268 Park Avenue,Durham,TS13 6XX,5618 781 4254,cardiovascular medicine,R0005361
John,Ahmed,,,200 high street,Durham,TS26 4XX,39748839608,cardiovascular medicine,R0007496
Omar,Davies,,5430674700,195 Station Road,Leeds,TS16 1XX,17773628060,cardiovascular medicine,R0003801
David,Sharma,,0479172150,165 High Street,Leeds,TS25 2XX,29327013600,pediatrics,R0005291
Elena,Ahmed,,6773904604,255 Church Lane,Durham,TS4 3XX,26357719100,orthopedics,R0000219
F.,Jones,,6162519361,190 High Street,Middlesbrough,TS14 1XX,36785299977,cardiovascular medicine,R0001288
A.,Brown, Dr,,12 High Street,Leeds,TS19 4XX,52084326539,ortho surgery,R0000582
Fatima,Wililams, MD,9032922522,166 Station Rd,York,TS22 4XX,8287 069 6248,cardiovascular medicine,R0002618
Chen,Ali,,9528896154,251 Victoria Road,Leeds,TS10 1XX,87044491312,gp,R0000043
Elena,Ali,,8416330220,42 Church Lane,Newcastle,TS4 1XX,15831063328,orthopaedics,R0001234
Priya,Thomas,,2563449917,17 Park Avenue,Newcastle,TS18 4XX,76470933213,cardiology,R0005277
G.,Ahmed,,7196689847,109 victoria road,Middlesbrough,TS1 6XX,9622 315 7508,cardiology,R0003841
Aisha,Thomas,,0444811322,262 Victoria Road,Middlesbrough,TS2 7XX,66609113143,gp,R0007262
Lucy,Khan,,5887373356,63 Station Road,Newcastle,TS26 3XX,20419882642,orthopaedics,R0001892
David,Taylor,,5682887732,211 Station Road,Leeds,TS13 2XX,32950454357,cardiovascular medicine,R0004560
J.,Taylor, Jr,1895585161,277 station rd,Leeds,TS18 2XX,3883 837 0134,orthopedics,R0006573
James,Smith,,8861979691,199 High Street,Newcastle,TS17 5XX,79122245828,orthopaedics,R0006073
Aisha,Evans, Dr,0504775259,94 Church Ln,Leeds,TS23 3XX,8807 711 0369,pediatrics,R0006204
O.,Jones, Jr,1230814220,61 high street,Newcastle,TS24 8XX,5042 014 4562,cardiology,R0001071
O.,Sharma, Dr,0489182419,43 Park Avenue,Durham,TS22 7XX,1204 406 0778,pediatrics,R0000718
Mohammed,Williams,,5823344914,254 Station Road,York,TS23 8XX,42901985399,cardiovascular medicine,R0002364
Lucy,Smith,,3387082311,295 Church Lane,Middlesbrough,TS3 7XX,36907173123,gp,R0001505
Rajesh,Williams, Dr,2842655271,125 Victoria Road,York,TS12 4XX,4641 521 8351,family medicine,R0000670
John,Khan,,9377698145,186 Church Lane,York,TS6 8XX,68362529545,general practice,R0004315
Grace,Thomas,,9794981386,276 High Street,York,TS11 1XX,12382184931,cardiovascular medicine,R0004523
Garce,Jones,,,283 High St,Durham,TS15 1XX,1094 135 0344,ortho surgery,R0006003
Fatiam,Thomas, Jr,2137651016,291 Victoria Road,Newcastle,TS23 4XX,(7032) 9597710,family medicine,R0004348
Aisha,Patel,,3893458753,47 Station Road,Durham,TS25 1XX,74103212872,gp,R0000897
O.,Wilson,,7373791713,62 Station Road,Middlesbrough,TS15 8XX,99141620054,cardiovascular medicine,R0007446
Aisha,Sharma,,,286 Victoria Road,Middlesbrough,TS4 3XX,06539285692,ortho surgery,R0002666
Wei,Evans,,7359516138,272 Park Avenue,Durham,TS8 1XX,82935737248,orthopedics,R0004532
James,Wilson,,2345104357,104 Park Avenue,Middlesbrough,TS29 6XX,07858899106,paediatrics,R0001530
Amara,Roberts,,6517329339,255 Station Road,Durham,TS16 1XX,54732259418,orthopedics,R0003027
Omar,Sharma,,0050029284,63 Park Avenue,Leeds,TS16 3XX,78714110866,general practice,R0007361
Chen,Thomas,,4593590518,267 Church Lane,York,TS1 1XX,79360162671,gp,R0005990
Omar,Khan,,9361164098,236 High Street,Durham,TS5 6XX,77502963948,cardiovascular medicine,R0003353
Jhon,Ali, Jr,,231 Park Ave,Durham,TS24 3XX,34885925106,family medicine,R0005302
Grace,Ahmed, MD,3125250357,82 victoria road,Middlesbrough,TS9 6XX,(0525) 7147732,general practice,R0004537
R.,Sharma, Jr,,136 Station Rd,York,TS9 4XX,8940 465 6154,orthopedics,R0005075
Wei,Thomas, Jr,0023875182,231 Park Ave,Newcastle,TS8 5XX,7532 605 8215,general practice,R0005719
Chen,Taylor,,9827455720,33 Park Avenue,Newcastle,TS17 1XX,15863614961,pediatrics,R0001874
James,Nguyen,,7104478025,152 Station Road,Newcastle,TS20 3XX,64474645453,orthopedics,R0002370
Mohammed,Sharma,,2018740398,48 Park Avenue,Leeds,TS12 1XX,81625830651,cardiology,R0001769
Mohammed,Taylor, Jr,2516019134,276 Church Lane,Durham,TS3 3XX,40078699971,general practice,R0005447
Fatima,Taylor,,6207138046,135 Victoria Road,Leeds,TS10 2XX,92687553577,cardiology,R0005167
C.,Nguyen,,,38 Church Ln,York,TS14 3XX,3399 175 2173,general practice,R0001983
Mohammed,Williams,,1705685578,11 Station Road,Durham,TS14 1XX,69109527332,family medicine,R0000531
Mohammed,Patel,,,185 High St,Leeds,TS27 1XX,7391 484 8347,cardiovascular medicine,R0005369
Elena,Ali,,6829279936,180 Park Avenue,York,TS15 1XX,09037087430,paediatrics,R0005656
Wei,Smith,,4004319228,261 Park Avenue,Leeds,TS8 8XX,06001526906,cardiovascular medicine,R0003532
Fatima,Patel,,8692931807,111 station road,Durham,TS9 1XX,8360 964 9432,paediatrics,R0004047
Omar,Williams,,3653369878,283 High Street,Newcastle,TS12 3XX,87036113337,cardiovascular medicine,R0006645
Fatima,Sharma,,4384067394,286 Station Road,Durham,TS4 8XX,63055722489,family medicine,R0002163
Wei,Brown,,9991404573,79 High Street,York,TS13 5XX,06479271947,cardiovascular medicine,R0000731
Wei,Thomas,,3856843782,24 Victoria Road,Newcastle,TS6 7XX,08883950893,general practice,R0002339
Sarah,Roberts, Jr,4076739465,137 church lane,Leeds,TS14 2XX,27785216852,cardiovascular medicine,R0006527
Fatima,Khan,,8754554813,181 Station Road,Middlesbrough,TS3 8XX,73247204551,gp,R0002232
Chen,Khan,,4845705075,202 Church Lane,York,TS21 7XX,48185166296,pediatrics,R0007075
Priya,Amhed, Jr,,111 Station Rd,Newcastle,TS23 6XX,3637 874 8078,family medicine,R0004742
D.,Jones,,0866567058,114 Station Road,York,TS13 7XX,(8739) 4721022,paediatrics,R0005662
Aisha,Smith, MD,7145579193,172 church ln,York,TS11 4XX,7015 360 3820,ortho surgery,R0006683
Amara,Wilson,,3945596080,248 Church Lane,Leeds,TS14 7XX,10924976035,cardiology,R0003341
A.,Ahmed,,2119532590,152 Park Avenue,Middlesbrough,TS12 7XX,74833289366,orthopaedics,R0006089
Omar,Jones,,4770005907,213 Park Avenue,Newcastle,TS17 8XX,42953647705,gp,R0002705
James,Jones,,7141564725,118 Station Road,York,TS2 3XX,77222296345,family medicine,R0001255
Rajesh,Patel, MD,7199533440,70 High Street,Durham,TS2 4XX,(8094) 4774090,family medicine,R0002104
Chen,Sharma, Jr,7827342317,149 high st,Durham,TS21 8XX,5127 287 6052,orthopaedics,R0006553
Priya,Thomas,,8158652382,95 High St,Leeds,TS11 1XX,(5592) 2841545,ortho surgery,R0007371
Aisha,Patel, Jr,3893458753,94 Victoria Road,Durham,TS17 1XX,98571594077,general practice,R0000898
Lucy,Nguyen,,2176351772,151 Church Lane,Leeds,TS1 2XX,94103939477,cardiology,R0000428
R.,Sharma, Dr,,22 Victoria Road,York,TS26 3XX,(6036) 3345485,ortho surgery,R0006433
A.,Evans,,3291043533,225 Park Avenue,Durham,TS1 2XX,88934115012,cardiovascular medicine,R0004674
Rajesh,Smith, Jr,,45 Victoria Road,Leeds,TS21 3XX,5684 964 0979,general practice,R0005872
Elena,Roberts,,9906308414,6 Park Avenue,York,TS20 4XX,26147122709,cardiovascular medicine,R0006793
Fatima,Jones,,0855020975,186 Park Avenue,Middlesbrough,TS29 5XX,59040424720,cardiology,R0001222
Rajesh,Jones,,1082124981,264 Church Lane,Newcastle,TS23 4XX,27427889672,general practice,R0002877
Lucy,Khan,,5115042820,110 High Street,Leeds,TS1 6XX,06203252993,gp,R0005377
Wei,Khan, Jr,0777311890,256 Church Ln,Newcastle,TS4 6XX,(6734) 7496761,ortho surgery,R0004054
Rajesh,Sharma,,4901063022,172 High Street,Durham,TS1 8XX,99229658141,ortho surgery,R0003131
David,Jonse, Dr,0866567058,114 station rd,York,TS13 7XX,8739 472 1022,paediatrics,R0005661
Fatima,Roberts,,3100392466,85 Station Road,Middlesbrough,TS5 2XX,04669268070,family medicine,R0001621
Lucy,Khan,,7101780932,298 Station Road,Middlesbrough,TS14 6XX,67951266173,orthopedics,R0006703
Mohammed,Ali,,1570993431,256 Victoria Road,Newcastle,TS17 4XX,64751945684,pediatrics,R0003615
Grace,Simth, Jr,,234 church ln,Newcastle,TS8 7XX,87609853590,general practice,R0003794
David,Thomas,,1046425924,118 Station Road,Leeds,TS20 3XX,60613836399,paediatrics,R0001096
Grace,Patel,,8834357690,269 Victoria Road,Newcastle,TS12 2XX,29000170935,family medicine,R0002715
David,Brown,,7182326664,150 Station Road,Durham,TS4 3XX,66233851102,pediatrics,R0002072
Grace,Khan,,1632484105,146 Church Lane,Leeds,TS13 6XX,20537999906,cardiology,R0006780
John,Patel,,,278 park ave,Durham,TS7 7XX,01492926353,pediatrics,R0004905
Elnea,Khan, Jr,,184 station rd,Durham,TS25 7XX,(9383) 8092255,orthopedics,R0002847
James,Ahmde,,7265387172,134 Station Road,York,TS6 1XX,(6743) 1715050,gp,R0006332
David,Smith,,3709777182,293 High Street,Middlesbrough,TS5 2XX,80609550841,gp,R0002588
A.,Khan, Jr,,261 High Street,York,TS3 7XX,(9887) 9826380,ortho surgery,R0001788
Aisha,Brown,,1846243505,247 Station Road,Leeds,TS27 2XX,87306618349,cardiovascular medicine,R0005433
John,Smith, MD,7624129004,92 Church Ln,Durham,TS3 5XX,45199532713,paediatrics,R0006834
A.,Brown,,6601349860,153 High Street,York,TS18 6XX,1845 085 2330,orthopaedics,R0000528
O.,Nguyen,,1373295776,268 park ave,Newcastle,TS15 7XX,00343801601,cardiovascular medicine,R0003570
Fatima,Khan,,2078835952,120 Station Road,Durham,TS13 7XX,80735233071,orthopaedics,R0000192
M.,Jones,,6023708339,278 Victoria Road,Leeds,TS26 7XX,09201953627,pediatrics,R0007416
Elena,Ahmed,,3649830539,120 Church Ln,Leeds,TS10 7XX,19285527644,family medicine,R0001126
Wei,Wilson, MD,5270065569,228 high street,Durham,TS13 3XX,4552 068 9828,paediatrics,R0005793
Amara,Davies,,4907806063,17 Victoria Road,Leeds,TS11 1XX,70639161088,paediatrics,R0003404
F.,Sharma, Jr,6966230507,148 high st,Newcastle,TS13 6XX,04570660168,general practice,R0003047
Rajesh,Sharma,,2502166413,284 Victoria Rd,Leeds,TS5 1XX,8159 642 0191,cardiovascular medicine,R0000304
G.,Jones,,1533153140,283 High Street,Durham,TS15 1XX,1094 135 0344,orthopaedics,R0006001
Rajesh,Davies,,5185484193,95 Victoria Road,York,TS8 4XX,99198615419,orthopaedics,R0001292
Grace,Jones,,1047583242,286 Victoria Road,Middlesbrough,TS14 5XX,04421004092,cardiovascular medicine,R0000070
Amara,Sharma,,2327607654,104 Park Avenue,Middlesbrough,TS10 5XX,92698776486,gp,R0006492
Priya,Khan,,5650968835,24 High Street,Newcastle,TS29 4XX,74219627922,cardiovascular medicine,R0007213
Omar,Taylor, Jr,2166789143,171 Victoria Road,Middlesbrough,TS20 3XX,05363111421,cardiology,R0002687
Elena,Roberts,,,245 Victoria Rd,Leeds,TS6 2XX,0036 656 1913,pediatrics,R0002963
James,Brown,,5296444167,57 Church Lane,York,TS27 5XX,20866214725,ortho surgery,R0000831
John,Brown,,1546796526,84 Church Lane,Newcastle,TS20 3XX,94676578156,gp,R0003494
Amara,Davies,,1970715790,244 Station Road,Durham,TS8 6XX,11562880354,general practice,R0001456
Priya,Khan,,7438814914,255 High Street,Middlesbrough,TS26 6XX,13393190936,cardiovascular medicine,R0003914
James,Jones,,0308611211,7 Station Road,Durham,TS16 2XX,11854544488,cardiovascular medicine,R0007369
John,Nguyen, Dr,3296744372,173 Victoria Rd,Middlesbrough,TS14 3XX,6697 228 4086,cardiovascular medicine,R0000238
Priya,Sharma,,1110803698,228 High Street,Newcastle,TS19 2XX,49318999841,paediatrics,R0000092
Chen,Thomas,,7317785801,290 High Street,Leeds,TS5 1XX,81866101394,general practice,R0003044
Amara,Sharma,,3718223701,192 Station Road,Middlesbrough,TS12 4XX,63594828519,paediatrics,R0002836
Priya,Roberts,,6177153280,159 Church Lane,Leeds,TS10 4XX,53571453586,family medicine,R0003971
David,Ali,,8055934946,137 Station Road,Durham,TS3 8XX,15007730097,family medicine,R0003442
Wei,Thomas,,7023550544,238 High Street,Middlesbrough,TS27 2XX,66513508322,cardiovascular medicine,R0006820
Fatima,Smith,,8673077180,157 Park Avenue,Middlesbrough,TS22 4XX,37867085146,paediatrics,R0002995
Wei,Brown, MD,4399859276,64 Park Avenue,Middlesbrough,TS5 8XX,23683861599,general practice,R0003838
J.,Williams,,8429683249,268 Church Lane,Newcastle,TS28 8XX,94969304266,cardiovascular medicine,R0004713
Mohammed,Evans, Jr,4425243871,96 Victoria Rd,Durham,TS11 5XX,10473399406,gp,R0001001
Rjaesh,Evans, Jr,8157309877,132 Station Rd,Durham,TS29 3XX,(4826) 0900472,cardiology,R0003668
Sarha,Evans, Dr,,168 Station Road,Durham,TS28 3XX,2363 381 5543,cardiovascular medicine,R0007194
Priya,Nguyen,,2084335501,201 Victoria Road,York,TS29 6XX,73867253993,orthopedics,R0002377
Grace,Jones,,5779255483,95 Station Road,Middlesbrough,TS1 1XX,75721737410,cardiology,R0005482
Omar,Ali,,3960759421,107 High Street,Durham,TS29 6XX,60045493923,orthopedics,R0003151
S.,Thomas,,1301644218,118 Park Ave,York,TS1 8XX,4119 035 2160,gp,R0003362
G.,Wilson, MD,8768075725,123 Station Road,Middlesbrough,TS17 1XX,0587 014 4021,pediatrics,R0001532
James,Sharma,,7514521202,25 Church Lane,Newcastle,TS26 6XX,39930446153,cardiology,R0002410
J.,Taylor, MD,5398594249,226 victoria rd,Middlesbrough,TS20 7XX,0593 631 3442,paediatrics,R0004546
Elena,Khan,,6090391070,138 Victoria Road,York,TS26 2XX,19793454236,general practice,R0000411
Sarah,Ali, Dr,,38 Victoria Road,Durham,TS10 1XX,(1377) 4370416,cardiology,R0004529
Amara,Nguyen,,2548224798,296 High Street,Newcastle,TS8 6XX,78208377641,orthopedics,R0007201
P.,Wilson,,2798760990,217 Park Avenue,Middlesbrough,TS18 2XX,12333464532,cardiology,R0002805
Rajesh,Thomas,,3253036726,175 Station Road,Middlesbrough,TS27 1XX,81453274701,cardiovascular medicine,R0006932
Aisha,Patel,,3081830472,178 Church Lane,Leeds,TS19 2XX,49121400276,cardiovascular medicine,R0005513
Rajesh,Patel,,6301021824,198 Park Avenue,Middlesbrough,TS11 2XX,58540945551,pediatrics,R0004157
E.,Evans, MD,8344707240,156 Victoria Road,Middlesbrough,TS7 6XX,32503153610,pediatrics,R0005314
S.,Nguyen, Jr,6330485190,3 high st,Middlesbrough,TS3 5XX,82686502954,orthopaedics,R0006021
Amara,Williams,,5336252076,188 Church Lane,York,TS23 6XX,78614643420,gp,R0006847
Aisha,Sharma,,0103176217,45 High Street,Newcastle,TS9 1XX,75804530145,orthopaedics,R0005714
Sarah,Patel,,6895664023,201 Park Avenue,Leeds,TS7 8XX,07038830984,general practice,R0002986
Wei,Williams,,6031272020,238 Park Avenue,Newcastle,TS5 6XX,30625551279,cardiology,R0000633
Priya,Patel,,6480307813,252 Victoria Road,Middlesbrough,TS28 8XX,11605053784,orthopaedics,R0000498
Lucy,Williams,,7132488890,269 Victoria Road,Newcastle,TS22 1XX,76027136820,paediatrics,R0002463
Elena,Ali,,1169695212,111 Victoria Road,Durham,TS25 2XX,22796787289,gp,R0005790
John,Taylor,,8158920385,253 High Street,Middlesbrough,TS10 3XX,14412699508,paediatrics,R0000637
Amara,Brown,,0834025935,275 Victoria Road,Leeds,TS9 1XX,91217376030,orthopedics,R0000720
Fatima,Williams,,2800701947,277 Church Lane,Middlesbrough,TS6 7XX,05339663360,general practice,R0000288
Wei,Thomas,,0617942467,45 park avenue,York,TS19 2XX,29586456147,cardiology,R0000757
Sarah,Nguyen,,8693807295,219 High Street,Leeds,TS26 7XX,32010310788,ortho surgery,R0002879
David,Patel,,5331726660,39 Victoria Road,Durham,TS24 6XX,57233357237,ortho surgery,R0004128
Priya,Smith,,3178723913,35 Church Lane,York,TS28 7XX,92091680699,general practice,R0004074
Aisha,Wilson,,6541848212,299 Park Avenue,York,TS20 2XX,36533327160,family medicine,R0004449
John,Thomas,,5767269599,105 Park Avenue,Middlesbrough,TS14 4XX,(2626) 2987358,cardiology,R0007013
Amara,Ali,,3781171805,51 Victoria Road,Newcastle,TS25 6XX,95898699326,cardiology,R0005259
Mohammed,Thomas,,0108679375,299 Church Lane,Durham,TS14 1XX,0557 513 4956,family medicine,R0000596
John,Sharma,,0849424059,163 Station Road,Middlesbrough,TS4 2XX,32733153706,ortho surgery,R0003164
Chen,Ali,,3922563771,29 Victoria Road,Middlesbrough,TS16 4XX,41309142139,cardiology,R0001068
Rajesh,Ahmed,,9649776097,123 High Street,Leeds,TS10 3XX,65262193277,cardiology,R0001942
Elena,Smith,,9131685898,257 High Street,Leeds,TS9 6XX,(8361) 5731479,paediatrics,R0001647
David,Thmoas,,1314022503,246 Park Ave,York,TS18 7XX,5895 438 7162,cardiovascular medicine,R0003482
Fatima,Evans,,2207491804,241 Park Avenue,Durham,TS18 7XX,13459892479,family medicine,R0007006
Grace,Thomas,,7233145224,34 High Street,York,TS11 6XX,73350112525,cardiovascular medicine,R0002700
Fatima,Patel,,6106048263,279 High Street,Middlesbrough,TS3 2XX,18837262638,ortho surgery,R0001700
John,Roberts,,9896082476,77 Park Avenue,York,TS8 8XX,65326677586,general practice,R0006017
Mohammed,Khan,,7978826695,273 Church Lane,Newcastle,TS27 1XX,83440597407,cardiovascular medicine,R0004446
Priya,Nguyen,,6220732994,104 Church Lane,Newcastle,TS18 3XX,71545708325,ortho surgery,R0004166
Rajesh,Patel,,5402584648,177 Victoria Road,York,TS9 5XX,85371219990,cardiovascular medicine,R0003055
Grace,Roberts,,5949467919,47 Station Road,York,TS13 1XX,82021582534,pediatrics,R0006939
Lucy,Jones,,5524304336,298 Park Avenue,Middlesbrough,TS10 1XX,89496895471,pediatrics,R0002123
Mohammed,Evans,,2411914466,202 Church Lane,York,TS23 1XX,20331141765,family medicine,R0006643
Sarah,Khan,,6761134921,251 Victoria Road,Middlesbrough,TS1 4XX,46892960915,cardiovascular medicine,R0000086
Cehn,Davies,,8960943406,111 High St,Durham,TS25 4XX,3680 430 0575,gp,R0002308
Chen,Wilson,,9204118302,37 Station Road,Newcastle,TS19 5XX,57143056603,cardiology,R0002677
James,Jones, Jr,4659927788,212 park ave,Durham,TS14 3XX,(9287) 6378585,cardiovascular medicine,R0005054
Priya,Ahmed, Dr,6170828384,230 High St,Durham,TS20 8XX,2833 205 9666,orthopaedics,R0006384
Wei,Ali,,0559989858,272 Park Avenue,Leeds,TS26 1XX,11502220227,family medicine,R0002594
C.,Roberts,,7202597467,17 Park Avenue,Middlesbrough,TS16 8XX,63570150475,paediatrics,R0004965
Fatima,Smith,,9065543534,190 Park Ave,Durham,TS5 8XX,(0233) 3347832,paediatrics,R0001029
Priya,Nguyen,,3371432134,2 Park Avenue,Middlesbrough,TS23 2XX,63865089159,paediatrics,R0004584
G.,Taylor, Dr,6681610737,146 Victoria Road,Middlesbrough,TS14 1XX,89893286320,orthopaedics,R0002876
James,Williams, MD,0216140943,47 Station Rd,Middlesbrough,TS10 5XX,90826970512,orthopedics,R0004216
James,Ali,,0953806733,38 High Street,Middlesbrough,TS2 4XX,54737697156,general practice,R0002144
Garce,Thomas, Jr,2640888081,175 High Street,Middlesbrough,TS21 8XX,47514790631,orthopedics,R0005921
Grace,Ahmed,,6480179526,230 Station Road,Leeds,TS13 1XX,95106087957,cardiovascular medicine,R0007177
Elena,Roberts,,9891325965,240 Victoria Road,Middlesbrough,TS20 5XX,26888840946,cardiology,R0001200
James,Jones,,6840182593,258 High Street,Newcastle,TS23 6XX,97630786672,general practice,R0002025
Mohammed,Davies,,2462087132,224 Victoria Road,Newcastle,TS21 4XX,0207 069 3684,pediatrics,R0000621
John,Smith,,0520817939,91 High Street,Durham,TS27 8XX,24644410935,orthopaedics,R0006826
Sarah,Williams, Dr,,146 High Street,Durham,TS25 5XX,71337373625,orthopedics,R0000566
Amara,Taylor,,2645545435,149 Park Avenue,Newcastle,TS3 2XX,1082 238 6189,family medicine,R0003885
Mohammed,Evans,,8674529297,142 Victoria Road,Durham,TS11 3XX,19186191151,cardiology,R0001837
S.,Khan, Jr,6732168546,94 victoria road,Newcastle,TS6 4XX,86891652614,family medicine,R0001334
Sarah,Williams, Jr,1520732186,55 Station Rd,Newcastle,TS9 2XX,30474538956,pediatrics,R0004267
John,Williams,,2154805065,287 Station Road,Newcastle,TS24 2XX,46340408104,family medicine,R0007138
Sraah,Taylor,,7808935346,86 Park Avenue,York,TS14 4XX,41379887568,paediatrics,R0002099
D.,Brown,,8145972010,64 Church Lane,Durham,TS20 6XX,54835230653,orthopedics,R0003856
Lucy,Davies,,7644405198,215 Church Lane,Durham,TS2 5XX,85809306613,gp,R0002996
Wei,Roberts,,6566266693,162 High Street,Newcastle,TS11 3XX,37207572248,gp,R0004001
James,Smith,,2647224757,77 High Street,York,TS13 1XX,32412918504,paediatrics,R0001688
Lucy,Ali,,6700745636,91 Park Ave,Leeds,TS20 2XX,37906567072,general practice,R0000745
James,Nguyen,,3070531333,162 Station Road,Middlesbrough,TS4 8XX,39177522261,general practice,R0007342
C.,Sharma, Dr,7529301905,254 Church Ln,Durham,TS24 4XX,68887357294,pediatrics,R0003196
Lucy,Wilson, Jr,3455352958,193 Station Rd,Leeds,TS9 5XX,65858037375,gp,R0002187
Omar,Thomas,,8519699141,251 high st,Newcastle,TS27 8XX,86595627864,general practice,R0000195
Priya,Williams,,9533867696,79 Church Lane,Leeds,TS2 7XX,96416263892,orthopedics,R0001152
Grace,Williams,,4711458327,256 Victoria Road,Newcastle,TS19 1XX,61796227781,paediatrics,R0003002
Grace,Williams, Dr,0996194665,224 Station Road,Newcastle,TS16 8XX,16118100310,family medicine,R0004941
Chen,Brown, MD,7749780498,5 Church Lane,Middlesbrough,TS9 5XX,6903 291 2216,orthopedics,R0000802
Wei,Taylor,,3020161067,70 High Street,Leeds,TS23 2XX,86782257069,family medicine,R0004596
Elena,Smith,,5679896878,48 Church Lane,York,TS27 4XX,66106756017,cardiovascular medicine,R0002350
Sarah,Davies, Jr,1047830570,108 Church Ln,Middlesbrough,TS15 7XX,5517 817 3987,paediatrics,R0004564
Grace,Wilson, Jr,5256439473,173 High St,Durham,TS14 6XX,63935119763,cardiovascular medicine,R0006795
Wei,Williams,,9286465576,109 High Street,Newcastle,TS29 1XX,06885493855,paediatrics,R0006766
Mohammed,Nguyen,,2432196166,79 Station Road,Durham,TS24 7XX,64209828021,family medicine,R0002068
W.,Ahmed,,,88 Victoria Road,Middlesbrough,TS21 6XX,89149815375,orthopedics,R0002907
David,Evans,,6776487122,235 Station Road,Durham,TS1 3XX,41146394953,cardiology,R0004229
Wei,Wilson,,5270065569,228 High Street,Durham,TS13 3XX,45520689828,paediatrics,R0005792
Amaar,Brown, Jr,8129041592,194 Church Ln,Leeds,TS23 2XX,5889 215 4211,cardiology,R0000644
Wei,Nguyen,,2199133193,284 Victoria Road,Middlesbrough,TS12 5XX,(1543) 3320569,orthopaedics,R0006637
Fatima,Ali,,1125870477,259 Station Road,York,TS9 3XX,54208805658,family medicine,R0005620
Sarah,Jones,,3186139832,28 Park Avenue,Durham,TS15 5XX,56630626777,orthopaedics,R0005879
Chen,Patel,,5115252427,61 Victoria Road,Middlesbrough,TS13 8XX,99090248475,orthopaedics,R0005219
Fatima,Taylor,,4444457568,5 Victoria Road,Middlesbrough,TS21 2XX,17087968181,orthopedics,R0000120
Sarah,Williams, Jr,0478789243,110 Park Avenue,Newcastle,TS26 1XX,5134 679 3501,orthopedics,R0001777
Priya,Khan,,,247 Church Ln,Durham,TS1 2XX,6929 875 0117,cardiology,R0005438
Wei,Davies, MD,2903745001,65 Church Lane,York,TS25 1XX,(4399) 1660565,cardiology,R0006218
Omar,Brown,,4527476695,10 station rd,Durham,TS21 4XX,39206078729,gp,R0002135
Fatima,Brown,,4491677039,1 Park Avenue,Newcastle,TS22 1XX,98609882905,gp,R0003720
Aisha,Roberts,,,120 Station Rd,York,TS17 8XX,72105156753,paediatrics,R0004574
Sarah,Thomas,,2403947163,239 Park Avenue,Newcastle,TS16 1XX,41406320888,pediatrics,R0000134
R.,Ahmed, Jr,0286836170,247 Victoria Rd,Newcastle,TS19 5XX,7014 125 2397,pediatrics,R0006631
Lucy,Wilson,,1022917332,90 Park Avenue,Durham,TS15 8XX,87556516270,cardiology,R0004041
John,Roberts,,5582458352,101 Station Road,Durham,TS25 2XX,95971096801,gp,R0004457
Lucy,Davies,,2423638019,60 Park Avenue,York,TS7 3XX,18397374477,pediatrics,R0003515
Omra,Thomas, Jr,,239 Victoria Rd,Newcastle,TS7 3XX,46223303543,cardiology,R0002559
Sarah,Ahmed,,4638080733,89 High Street,Durham,TS5 6XX,78737831815,orthopedics,R0000062
Sarah,Evans,,5641768103,15 Park Avenue,Middlesbrough,TS25 8XX,79609781316,family medicine,R0004894
John,Khan,,0885044784,17 Park Avenue,York,TS27 8XX,75463602791,pediatrics,R0006538
Mohammed,Ali,,5690991632,279 Station Road,Middlesbrough,TS23 3XX,54811765455,ortho surgery,R0005688
Omar,Wilson,,3713863444,201 Station Road,Durham,TS3 7XX,54794544350,gp,R0003820
Priya,Sharma,,5485538776,205 Park Avenue,Durham,TS7 5XX,13225448317,pediatrics,R0002467
Cehn,Wilson, MD,6501190530,266 Victoria Road,Middlesbrough,TS25 7XX,(7185) 4632256,cardiovascular medicine,R0000679
Wei,Williams,,4947407353,100 Park Avenue,Newcastle,TS22 8XX,65762207108,orthopedics,R0004192
Omra,Evans, MD,0021537179,259 High St,Durham,TS15 1XX,2783 128 5407,cardiovascular medicine,R0000741
Mohammed,Davies,,3853673722,200 Victoria Road,Durham,TS2 6XX,32448427506,paediatrics,R0001211
Chen,Jones,,0822885177,221 Church Lane,York,TS16 6XX,59001140158,cardiovascular medicine,R0002170
Lucy,Wilson,,9582291786,32 Park Avenue,Newcastle,TS1 6XX,84096671800,general practice,R0005857
Lucy,Khan,,1233118683,224 Victoria Road,Middlesbrough,TS23 2XX,59075397898,paediatrics,R0005125
Fatmia,Patel,,4924489854,177 station road,Middlesbrough,TS2 7XX,(9337) 3705077,family medicine,R0004985
Sarah,Evans,,2445812784,199 High Street,Newcastle,TS18 5XX,36237394566,cardiovascular medicine,R0002900
Sarah,Wliliams,,7816437274,146 High Street,Durham,TS25 5XX,(7133) 7373625,orthopaedics,R0000567
Lucy,Nguyen,,4283755226,244 Station Road,Durham,TS29 1XX,91182610252,general practice,R0001873
Rajesh,Nguyen,,2673574672,235 Park Avenue,York,TS7 7XX,06278636203,orthopaedics,R0003745
Grace,Jones,,9086674756,95 Church Ln,Newcastle,TS10 6XX,1072 066 6480,ortho surgery,R0002596
John,Williams, Jr,1119686529,19 Victoria Rd,York,TS4 7XX,3278 606 9626,cardiology,R0001717
Chen,Roberts,,8324434637,41 Victoria Road,Durham,TS20 5XX,40040250756,general practice,R0006221
Omar,Nguyen,,1800388608,263 Station Road,Durham,TS9 5XX,09099163332,cardiovascular medicine,R0002843
John,Thomas,,7069556549,205 High Street,Newcastle,TS5 2XX,66920253295,gp,R0001392
Amara,Smith,,9951626174,177 Church Lane,Newcastle,TS1 8XX,89509672716,ortho surgery,R0005632
Cehn,Sharma, Dr,7579301905,254 church lane,Durham,TS24 4XX,6888 735 7294,pediatrics,R0003195
Elena,Patel,,9114428096,276 Station Road,York,TS3 8XX,79098563598,orthopaedics,R0004991
Wei,Wilson,,9091644353,10 Park Avenue,Durham,TS25 5XX,61659717759,cardiovascular medicine,R0005958
David,Ahmed, Dr,,119 Station Road,Newcastle,TS11 8XX,4009 538 6661,paediatrics,R0000489
Wei,Thomas,,1150296936,12 Station Road,Leeds,TS6 7XX,12443329599,family medicine,R0000493
Sarah,Smith,,1323936612,296 Church Lane,York,TS1 6XX,33698941233,orthopedics,R0000690
Amara,Evans,,6767889540,166 Park Avenue,Durham,TS9 1XX,81799269720,orthopaedics,R0003832
Mohammed,Davies,,2668902536,200 Victoria Road,Leeds,TS26 8XX,9021 104 0298,orthopedics,R0000602
Aisha,Wilson,,2649254816,201 Victoria Road,Leeds,TS15 3XX,(4932) 5470978,cardiovascular medicine,R0001911
Mohammed,Ali,,4985352486,143 Park Avenue,York,TS17 5XX,62027989428,family medicine,R0005156
A.,Brown, MD,,153 Victoria Road,Newcastle,TS29 4XX,78738601497,paediatrics,R0003480
Grace,Patel,,5623308539,180 Victoria Road,Middlesbrough,TS9 8XX,54671241212,orthopaedics,R0005642
M.,Jones,,,28 victoria rd,Newcastle,TS28 5XX,6831 041 7203,family medicine,R0005310
G.,Wilson,,,292 High St,York,TS23 4XX,88451384286,cardiovascular medicine,R0006359
Mohammed,Brown, Jr,,292 Church Lane,York,TS21 4XX,74980130008,orthopaedics,R0003545
Pirya,Ali, Jr,,276 High Street,Leeds,TS27 2XX,56533209885,cardiology,R0007331
James,Roberts,,5424619780,74 Victoria Road,Newcastle,TS11 5XX,58295031844,pediatrics,R0002366
Omar,Thomas,,4605284854,32 Victoria Road,Newcastle,TS14 3XX,61388438200,cardiology,R0001187
Lucy,Nguyen, Dr,5561726377,25 Station Rd,Durham,TS15 3XX,5909 856 3158,ortho surgery,R0000274
Omar,Williams, MD,0027371935,169 Park Avenue,Middlesbrough,TS21 2XX,5333 442 2496,cardiovascular medicine,R0004250
Priya,Khan,,6213833125,146 Station Road,Durham,TS13 5XX,88902174045,cardiology,R0005740
Omar,Kahn,,0885284232,283 Park Avenue,Newcastle,TS21 7XX,0207 336 4693,pediatrics,R0001361
Grace,Patel,,9570999514,198 Park Avenue,York,TS13 3XX,65702876446,paediatrics,R0003982
Chen,Khan,,8742658502,209 Station Road,York,TS11 8XX,26399776550,cardiovascular medicine,R0001526
Elena,Williams,,5813761072,282 high street,Newcastle,TS20 4XX,4875 553 5663,ortho surgery,R0003768
Amara,Roberts,,1279852482,152 Victoria Road,Leeds,TS15 5XX,21306243293,cardiovascular medicine,R0003434
Fatima,Khan, Jr,8218395751,210 high st,Durham,TS21 8XX,(4293) 6557036,orthopedics,R0007397
John,Thomas, Dr,5767269599,105 Park Ave,Middlesbrough,TS14 4XX,26262987358,cardiovascular medicine,R0007014
W.,Williams,,,126 Station Road,Durham,TS25 5XX,8715 108 6088,cardiovascular medicine,R0006290
Priya,Wilson,,0913311446,28 church lane,Newcastle,TS11 2XX,(9439) 5257320,cardiovascular medicine,R0007056
Sarah,Wilson,,5337646245,258 High Street,Middlesbrough,TS5 6XX,(5454) 3006722,orthopaedics,R0001337
James,Ali,,4070327360,273 Park Avenue,Durham,TS9 8XX,46192600192,cardiovascular medicine,R0000945
John,Jones,,9520747698,160 park avenue,Middlesbrough,TS21 1XX,(1088) 3331381,orthopaedics,R0005899
David,Thomas,,8432673551,245 Church Lane,Durham,TS28 3XX,28983262733,cardiovascular medicine,R0002250
Sarah,Ahmed,,7698216356,155 High Street,Middlesbrough,TS25 3XX,37204857538,pediatrics,R0005903
Aisha,Nguyen,,9717335369,156 Station Road,Leeds,TS29 1XX,83971520668,gp,R0003956
Wei,Nguyen,,4564149675,71 Station Road,York,TS13 5XX,80429107225,ortho surgery,R0003458
Sarah,Shrama,,,54 victoria rd,Middlesbrough,TS3 4XX,(0011) 3389135,cardiovascular medicine,R0002346
Priya,Smith,,2474029938,151 Park Avenue,Newcastle,TS26 6XX,36336553406,paediatrics,R0000068
Aisha,Davies,,,60 Station Road,York,TS24 6XX,3361 707 7624,gp,R0005930
Grace,Davies,,7284214387,39 Park Avenue,Middlesbrough,TS14 2XX,59862860081,cardiovascular medicine,R0005388
Ftaima,Ali,,3543393143,246 Victoria Road,Durham,TS15 7XX,(4266) 2103783,paediatrics,R0004028
Rajesh,Ali, Jr,1669581070,269 Victoria Rd,Middlesbrough,TS20 4XX,66445674307,orthopedics,R0001598
D.,Williams,,5011340230,16 Church Lane,Leeds,TS24 4XX,21395465414,cardiovascular medicine,R0003765
John,Jones,,6757738057,3 Park Avenue,Leeds,TS28 8XX,10510848763,paediatrics,R0004416
Priay,Jones, Jr,2216866005,240 Park Ave,Middlesbrough,TS22 8XX,(6777) 5701414,paediatrics,R0006548
Omar,Jones,,1216601418,82 Church Ln,York,TS1 6XX,(7752) 0351020,paediatrics,R0001503
Wei,Wilson,,5023878286,25 High Street,York,TS8 8XX,44936854328,family medicine,R0005064
Amara,Khan,,4011859426,172 Victoria Road,York,TS1 3XX,95950877919,cardiology,R0000150
Priya,Wilson,,2798760990,217 Park Avenue,Middlesbrough,TS18 2XX,12333464532,cardiology,R0002804
Mohammed,Jones,,1730382803,268 Church Lane,Middlesbrough,TS20 8XX,78146487978,gp,R0006162
M.,Roberts,,5853372598,20 Station Rd,Leeds,TS19 5XX,70509872746,family medicine,R0002086
John,Davies,,7066195746,201 Victoria Road,Middlesbrough,TS21 7XX,58383510735,cardiology,R0006841
Rajesh,Jones,,6969589162,55 High Street,Leeds,TS5 2XX,09413760159,general practice,R0002259
Priya,Brown, Dr,7862282065,165 Park Ave,York,TS18 3XX,41653527566,paediatrics,R0003463
Priya,Sharma,,9019462463,235 Victoria Road,Newcastle,TS18 3XX,20789916215,paediatrics,R0003412
Oamr,Nguyen, Dr,,248 victoria road,Durham,TS19 1XX,(6034) 4760308,family medicine,R0005782
Sarah,Wilson,,5892920822,35 Park Avenue,Newcastle,TS21 2XX,25915952813,cardiology,R0005329
Lucy,Smith,,6125254581,274 Park Avenue,Leeds,TS1 4XX,31485710378,orthopedics,R0000859
Grace,Patel,,9241642552,229 Church Lane,Durham,TS25 8XX,68277687555,family medicine,R0006916
James,Davies,,,268 victoria road,Newcastle,TS4 8XX,11552648465,cardiology,R0007259
Grace,Williams,,8758345109,150 high street,Middlesbrough,TS3 5XX,(2289) 8309591,general practice,R0003080
Amara,Brown,,7491455494,131 High St,Leeds,TS2 3XX,40429141444,pediatrics,R0004503
Elena,Nguyen,,0704645670,284 High St,York,TS17 1XX,73453653626,orthopaedics,R0005522
Fatima,Williams,,8834112321,190 Church Lane,Durham,TS10 5XX,27690830611,cardiovascular medicine,R0000366
Rajesh,Patle, Jr,,16 Church Lane,Durham,TS29 1XX,2269 977 4615,gp,R0001432
James,Sharma,,9234091774,168 Station Rd,Durham,TS22 3XX,85969217578,family medicine,R0005252
Fatima,Patel,,2980981218,132 Victoria Road,Durham,TS8 8XX,88376155536,paediatrics,R0001779
David,Ahmed,,5466512135,11 Station Road,York,TS9 6XX,57087709650,paediatrics,R0006426
Chne,Smith,,5739695700,34 church lane,Leeds,TS13 5XX,(3976) 8018751,paediatrics,R0003708
Aisha,Taylor,,7026402768,166 Station Road,Newcastle,TS27 3XX,29349281234,cardiology,R0001818
James,Sharma,,2905925149,67 Park Avenue,York,TS29 7XX,26641813270,orthopaedics,R0004786
Fatima,Smith,,3155569122,88 Victoria Road,Middlesbrough,TS1 2XX,75923509818,pediatrics,R0000841
David,Brown,,6858707556,185 High Street,Newcastle,TS26 8XX,62625814495,pediatrics,R0002704
John,Thomas,,1248648487,67 High Street,Leeds,TS1 2XX,01064478546,pediatrics,R0001189
Elena,Ali, Dr,,255 Station Road,Durham,TS12 2XX,16236332365,cardiovascular medicine,R0000175
Priya,Thomas,,3543340665,151 Victoria Road,York,TS12 5XX,77569676993,paediatrics,R0004154
Fatima,Taylor,,3910273644,64 Station Rd,Middlesbrough,TS8 7XX,90576641156,ortho surgery,R0007058
Amara,Ahmed,,5745869276,11 Church Lane,Middlesbrough,TS16 7XX,60258487219,cardiovascular medicine,R0000617
Sarah,Roebrts,,3336981511,67 High Street,Durham,TS26 2XX,92310641533,cardiovascular medicine,R0002093
Wei,Williams,,6916878960,142 Station Road,York,TS28 2XX,86713448388,orthopaedics,R0003358
E.,Davies, Jr,1676338381,28 High Street,Durham,TS28 7XX,72961182712,paediatrics,R0000082
Elena,Jones,,3579083806,229 Victoria Road,Middlesbrough,TS23 1XX,97983461308,cardiology,R0000816
David,Khan,,5285298312,117 Station Road,York,TS24 8XX,78119627178,pediatrics,R0001030
John,Taylor,,5345678310,125 Park Avenue,York,TS12 6XX,69876819425,cardiovascular medicine,R0003589
Mohammed,Khan,,6886346155,24 high street,York,TS21 3XX,52213896664,gp,R0000300
Priya,Evans, Jr,6776821311,294 High Street,York,TS24 1XX,6941 621 4037,paediatrics,R0004173
Priya,Taylor,,8230584474,234 Station Road,Durham,TS9 7XX,25264279057,gp,R0001472
Wei,Jones,,2612236335,150 Park Avenue,Middlesbrough,TS26 8XX,65643318329,paediatrics,R0000283
Amara,Sharma,,1947456394,201 Park Avenue,Newcastle,TS12 2XX,97790911210,orthopedics,R0002028
Amara,Roberts,,8378174995,271 Park Avenue,Durham,TS9 3XX,73113560291,orthopedics,R0006253
O.,Brown,,5831637471,241 Church Ln,York,TS17 7XX,(4938) 1499136,paediatrics,R0004593
James,Jones,,5879550150,84 Station Road,Durham,TS14 7XX,67482459463,paediatrics,R0006955
Sarah,Smith, MD,4277497635,37 High Street,Leeds,TS2 5XX,(3612) 5590486,cardiovascular medicine,R0007063
Elena,Brown, Jr,6721049955,145 Church Lane,Leeds,TS13 8XX,(6207) 9138213,paediatrics,R0001813
Fatima,Nugyen,,,52 Park Avenue,Durham,TS7 2XX,2608 242 4715,paediatrics,R0001271
James,Khan,,2642839454,111 Station Road,York,TS16 1XX,98455542100,orthopaedics,R0007324
John,Davies,,0680777973,65 High Street,Newcastle,TS22 4XX,55022644581,cardiology,R0004184
Omar,Khan,,3878457770,271 Station Road,York,TS21 8XX,37621632220,pediatrics,R0003078
Omar,Williams,,4911606233,70 High Street,Newcastle,TS17 3XX,53419735506,cardiovascular medicine,R0005576
John,Davies,,5429511180,185 Victoria Road,Newcastle,TS5 1XX,96990071884,pediatrics,R0004745
Mohammed,Smith,,7588380464,56 Park Avenue,Newcastle,TS13 3XX,58982254695,cardiology,R0000820
James,Ahmed,,3257161531,46 Victoria Road,Middlesbrough,TS23 3XX,67464624140,family medicine,R0002313
Grace,Davies,,1292838502,162 Victoria Road,Leeds,TS7 2XX,68988958610,pediatrics,R0002008
David,Ahmed, MD,,39 Station Road,Durham,TS14 5XX,1811 629 6299,orthopaedics,R0004520
Aihsa,Khan, MD,,48 Station Road,Middlesbrough,TS19 1XX,12713051132,cardiology,R0002642
John,Roberts, Dr,6262263351,228 Victoria Road,Middlesbrough,TS17 7XX,04157892277,orthopaedics,R0003718
James,Brown,,0845990706,205 Victoria Road,York,TS20 1XX,00675712153,general practice,R0006839
Grace,Ali,,9851002820,254 Victoria Road,York,TS13 3XX,93894707910,cardiology,R0002305
O.,Nguyen, Dr,1514401582,27 Victoria Rd,Middlesbrough,TS1 4XX,00359666503,paediatrics,R0004386
A.,Sharma,,2327607654,104 Park Avenue,Middlesbrough,TS10 5XX,92698776486,family medicine,R0006493
Sarah,Ali,,1780553644,65 Church Lane,Newcastle,TS19 4XX,98973732495,family medicine,R0000099
Chen,Nguyen,,9103261275,149 Park Avenue,Newcastle,TS28 8XX,65678654833,family medicine,R0004394
Lucy,Ali,,6700745636,91 Park Avenue,Leeds,TS20 2XX,37906567072,general practice,R0000744
James,Roberts,,1164509618,127 station rd,Middlesbrough,TS1 1XX,22483809552,pediatrics,R0006943
Lucy,Patel,,1101560906,33 Victoria Road,York,TS15 1XX,28307600106,general practice,R0000480
Wei,Davies,,9415571632,216 Park Avenue,York,TS28 2XX,39438153813,pediatrics,R0004959
Elena,Brown,,4483650285,206 Church Ln,York,TS21 5XX,35514209382,paediatrics,R0007286
D.,Sharma, Dr,,165 High Street,Leeds,TS25 2XX,(2932) 7013600,paediatrics,R0005292
Sraah,Jones,,5409215904,299 Victoria Rd,Newcastle,TS5 5XX,86674066893,cardiovascular medicine,R0001157
Fatima,Khan,,2884225382,58 Station Road,York,TS9 4XX,28411843393,paediatrics,R0006291
Priya,Brown,,4752212172,100 High Street,Durham,TS17 1XX,66977766640,gp,R0004840
O.,Jones, Jr,8040070854,68 Victoria Road,Leeds,TS12 4XX,6852 858 4196,cardiology,R0001437
Grace,Nguyen,,6920966236,256 Church Lane,Middlesbrough,TS9 4XX,83451528234,cardiovascular medicine,R0002414
Omar,Nguyen,,1514401582,27 Victoria Road,Middlesbrough,TS1 4XX,00359666503,pediatrics,R0004385
Grace,Roberts,,1454430890,274 Church Lane,York,TS23 8XX,47982840783,cardiovascular medicine,R0000402
Amara,Evans,,0445944833,235 High Street,Durham,TS1 2XX,44059145353,cardiology,R0002195
Rajesh,Brown, MD,,183 Park Ave,Durham,TS15 5XX,38710107645,gp,R0000949
David,Smith, MD,0301275730,271 Church Ln,Newcastle,TS19 2XX,(0082) 0384959,orthopaedics,R0003370
Priya,Patel, Jr,,279 Victoria Rd,York,TS28 1XX,62364197361,gp,R0002067
Amara,Smith,,5045573946,203 Church Lane,Leeds,TS16 7XX,40637849769,ortho surgery,R0004938
Grace,Sharma,,9322269548,286 Park Avenue,Middlesbrough,TS14 6XX,50397755425,cardiovascular medicine,R0005247
Rajesh,Wililams, MD,2842655271,125 Victoria Road,York,TS12 4XX,(4641) 5218351,family medicine,R0000668
O.,Wilson, Jr,3665512514,66 High Street,Durham,TS3 1XX,62332762675,cardiovascular medicine,R0000218
Grace,Roberts,,2041454551,35 park avenue,Durham,TS5 4XX,(2375) 9507039,family medicine,R0001962
Mohammed,Patel,,3002510373,208 Church Ln,Newcastle,TS22 4XX,16521253476,cardiology,R0006155
David,Roberts,,1460406822,52 High Street,York,TS1 8XX,06370406154,pediatrics,R0004011
A.,Nguyen, MD,3995271358,226 Victoria Road,Newcastle,TS15 1XX,7845 818 5616,ortho surgery,R0002213
Wei,Ahmed,,8864521410,62 Park Avenue,Newcastle,TS22 8XX,46241645804,orthopaedics,R0002633
Amara,Nguyen,,6904706206,165 Church Lane,York,TS10 6XX,66760192439,cardiovascular medicine,R0001659
Sarah,Taylor,,6203561612,78 Church Lane,Middlesbrough,TS17 1XX,25242511936,cardiology,R0003182
David,Thomas,,6223352986,167 Park Avenue,Leeds,TS17 1XX,15097684808,general practice,R0005021
Chen,Roberts, Dr,,198 Victoria Road,Durham,TS5 1XX,00401801523,paediatrics,R0004966
Sarah,Khan,,4391823492,264 Station Road,Durham,TS20 3XX,17968288993,cardiology,R0002145
Omar,Smith,,7269848612,223 Victoria Road,Newcastle,TS26 4XX,38086649705,ortho surgery,R0000777
F.,Patel, Dr,2799791249,147 Park Avenue,Leeds,TS1 5XX,3222 361 4998,cardiology,R0002434
Lucy,Brown,,8647408141,150 Park Avenue,Durham,TS28 7XX,22219042085,cardiovascular medicine,R0003066
Omar,Thomas,,6244294856,44 Victoria Road,Middlesbrough,TS17 4XX,12166786366,cardiovascular medicine,R0005374
John,Wilson,,5673646319,238 Victoria Road,York,TS19 2XX,77161672869,gp,R0005652
Eelna,Evans,,,176 park ave,York,TS28 8XX,99314216101,cardiology,R0004999
S.,Evans,,8942416415,167 Park Avenue,Leeds,TS12 8XX,(7744) 4410855,gp,R0001491
Rajesh,Evans,,9569177106,244 Station Road,Leeds,TS7 5XX,2002 657 5295,cardiovascular medicine,R0003308
Omar,Thomas, MD,,38 Station Road,Newcastle,TS24 2XX,72243818024,family medicine,R0004196
Aisha,Williams,,4061298167,56 Victoria Road,Leeds,TS10 2XX,56101252861,gp,R0003153
E.,Khan,,2400781037,181 Park Ave,York,TS8 4XX,39997376728,general practice,R0007481
Elena,Evans,,4741861139,58 Station Road,Newcastle,TS15 2XX,13259839944,pediatrics,R0004340
James,Ahmed,,0792283208,11 Victoria Road,Middlesbrough,TS24 2XX,13486158621,pediatrics,R0000517
Aisha,Brown,,1803937323,238 Victoria Road,York,TS26 8XX,72535797488,cardiology,R0003460
Priya,Smith,,7053931199,234 High Street,Leeds,TS1 7XX,87532754379,orthopedics,R0004480
Rajesh,Davies,,1844752418,84 Station Road,Leeds,TS6 3XX,10637252295,orthopedics,R0004237
Wei,Patel, Jr,9113896570,30 Church Lane,Middlesbrough,TS22 4XX,9670 348 6461,cardiovascular medicine,R0006068
Mohammde,Smith,,7153874705,73 High St,Middlesbrough,TS9 1XX,39775965109,family medicine,R0007304
E.,Evans, Jr,4419306796,19 Church Ln,Middlesbrough,TS15 8XX,02201909751,gp,R0005968
Amara,Brown,,3743489200,76 Church Lane,Durham,TS2 5XX,39645143136,cardiovascular medicine,R0001415
Sarah,Williams,,7816437274,146 High Street,Durham,TS25 5XX,71337373625,orthopedics,R0000568
Raejsh,Evans, Jr,3037699202,231 Victoria Rd,Newcastle,TS3 2XX,5697 206 5955,paediatrics,R0000360
Mohammed,Wilson,,2643024587,218 Church Lane,York,TS14 8XX,83535487109,family medicine,R0003548
Sarah,Talyor, Dr,4761112952,123 High St,York,TS16 5XX,83945930769,cardiovascular medicine,R0006469
Elena,Brown,,6734701118,95 Station Road,Newcastle,TS26 4XX,02648316957,family medicine,R0004879
Amara,Roberts,,5916764216,280 Church Lane,York,TS2 4XX,86704577080,pediatrics,R0004168
Priya,Jones, Dr,4390026380,260 Station Road,Durham,TS18 5XX,(4000) 5800653,family medicine,R0003100
Elena,Nguyen,,7951426796,6 Park Avenue,Leeds,TS6 3XX,59611883208,cardiovascular medicine,R0007100
Mohammde,Nguyen,,1898680859,95 High St,Newcastle,TS17 1XX,5005 812 3506,gp,R0000759
Mohammed,Roberts,,5319647752,253 Church Lane,Durham,TS6 1XX,95648307274,pediatrics,R0004098
Amara,Ali,,3027323642,47 Victoria Road,York,TS11 7XX,42472148882,paediatrics,R0007053
James,Brown,,0722351339,25 High Street,Middlesbrough,TS26 6XX,30769095573,pediatrics,R0006508
Priya,Patel,,5516538638,56 Victoria Road,York,TS18 8XX,41479795718,cardiovascular medicine,R0006531
David,Ahmed,,,48 station rd,York,TS14 7XX,(1052) 7059038,paediatrics,R0000214
Grace,Evans,,4107122318,24 Church Lane,Middlesbrough,TS21 8XX,11905008146,family medicine,R0006198
A.,Brown, MD,,247 Station Road,Leeds,TS27 2XX,87306618349,cardiology,R0005435
Rajehs,Evans, Jr,,244 Station Rd,Leeds,TS7 5XX,2002 657 5295,cardiovascular medicine,R0003309
James,Smith,,8673515054,151 Station Road,Durham,TS18 2XX,01866583481,cardiovascular medicine,R0006033
Amara,Wilson,,2788805508,282 High Street,York,TS2 7XX,15508061627,orthopaedics,R0003184
Wei,Thomas,,3177564437,230 Church Lane,Middlesbrough,TS7 3XX,78115926703,orthopedics,R0004830
Mohammed,Sharma,,5446970308,191 Park Avenue,Leeds,TS25 5XX,01825820095,orthopedics,R0001473
Grace,Wilson,,2631646510,66 High Street,Leeds,TS7 8XX,78434836196,cardiovascular medicine,R0002244
Fatima,Roberts, MD,0574960531,80 Victoria Road,Leeds,TS3 2XX,(8584) 1315293,ortho surgery,R0000725
Grace,Jones,,1533153140,283 High Street,Durham,TS15 1XX,10941350344,ortho surgery,R0006000
James,Patel,,2057948984,104 Station Road,Newcastle,TS8 4XX,07602558294,ortho surgery,R0000049
Priya,Patel,,3175294735,126 Church Lane,Newcastle,TS23 6XX,10068063937,paediatrics,R0005875
J.,Evans,,3105462392,251 Church Lane,Newcastle,TS1 2XX,12277026998,paediatrics,R0007491
Sarah,Brown,,5256055769,37 Church Lane,Leeds,TS17 2XX,16859566527,cardiovascular medicine,R0007044
Chen,Brown,,7850868698,47 Station Road,Middlesbrough,TS5 7XX,24740303756,orthopedics,R0000887
James,Williams, Jr,2405253949,70 Victoria Rd,Durham,TS9 7XX,(2825) 0518292,paediatrics,R0006570
Saarh,Patel,,4806585867,5 Church Lane,Leeds,TS15 2XX,71901110963,ortho surgery,R0004140
Fatima,Sharma,,2277645856,242 Station Road,York,TS1 4XX,86837777435,pediatrics,R0002893
Wei,Sharma,,4114368218,254 Station Road,Middlesbrough,TS27 5XX,98681610800,orthopaedics,R0005174
Wei,Brown,,4412589203,146 Station Road,York,TS18 3XX,40540951685,family medicine,R0006779
Priya,Sharma,,1913200520,66 Station Road,Leeds,TS13 8XX,3770 545 1419,pediatrics,R0000516
John,Davies,,9098288106,48 Church Lane,Newcastle,TS27 1XX,98636530732,family medicine,R0002949
Rajehs,Thomas, Jr,,296 Park Avenue,Durham,TS17 5XX,68229933799,cardiology,R0003407
Amara,Roberts,,7728845079,99 Church Lane,York,TS15 1XX,67994956697,cardiology,R0000139
Jamse,Nguyen, Dr,8419918983,233 Park Ave,Newcastle,TS18 8XX,13908314493,general practice,R0006013
G.,Wilson,,1515594538,62 Station Rd,Middlesbrough,TS15 8XX,9914 162 0054,pediatrics,R0007448
Mohammed,Nguyen, Jr,9585914111,6 High Street,Newcastle,TS21 4XX,85444489170,cardiovascular medicine,R0003859
Chen,Khan,,2915149348,50 Church Lane,Newcastle,TS11 2XX,03050156174,orthopedics,R0003984
John,Wilson,,1418798271,81 Victoria Road,Durham,TS20 8XX,88109240688,orthopaedics,R0000463
Jonh,Brown, Jr,,59 park avenue,Durham,TS2 5XX,(4023) 5447108,ortho surgery,R0004622
A.,Ali,,9683991742,151 Church Ln,Newcastle,TS27 3XX,45743932335,cardiology,R0001233
Mohammed,Wilson,,3198338433,234 church ln,York,TS2 4XX,4234 395 5290,pediatrics,R0000594
Wei,Williams,,6157235739,129 Station Road,York,TS4 6XX,56823352322,pediatrics,R0006915
Omar,Patel,,8250125581,289 Park Avenue,Middlesbrough,TS9 2XX,15968503800,cardiovascular medicine,R0000450
Sarah,Smith,,0451330637,251 High Street,Middlesbrough,TS24 3XX,34677852524,orthopedics,R0004207
Rajesh,Khan,,6153066208,220 Church Lane,Newcastle,TS13 6XX,86807786267,gp,R0003703
Aisha,Jones,,9565878497,190 Station Road,Leeds,TS24 1XX,8759 291 7263,paediatrics,R0004838
A.,Davies,,1140169519,127 church ln,Durham,TS6 5XX,0629 061 6496,general practice,R0000312
Fatima,Eavns, Jr,9922718138,269 High Street,Middlesbrough,TS23 7XX,74763714814,orthopaedics,R0003501
Elena,Jones,,2253016316,256 High Street,Durham,TS8 5XX,64177260380,cardiology,R0005557
Fatima,Roberts,,1360474741,224 Church Lane,York,TS24 7XX,39841756679,orthopaedics,R0004535
John,Taylor,,8611034830,104 Church Lane,York,TS25 1XX,26056059517,cardiology,R0005048
Omar,Ptael, Dr,8250125581,289 park avenue,Middlesbrough,TS9 2XX,15968503800,cardiovascular medicine,R0000451
Wei,Sharma,,6276958369,174 Victoria Road,Durham,TS14 5XX,52266665563,general practice,R0003166
Omar,Thomas,,4852230410,94 High Street,Middlesbrough,TS5 7XX,94546633672,cardiology,R0006632
Mohammed,Jones,,6321859304,145 Station Road,York,TS15 5XX,71905573704,cardiology,R0006060
J.,Roberts, Jr,,96 High St,Newcastle,TS23 8XX,22251293729,ortho surgery,R0000890
Rajesh,Sharma,,1032960761,146 Church Lane,Durham,TS19 5XX,46814851174,cardiovascular medicine,R0002763
David,Smith,,0531187680,150 Park Avenue,Durham,TS6 5XX,(7626) 7055300,cardiovascular medicine,R0000658
David,Patel,,9704961713,292 High Street,Durham,TS28 1XX,62713280515,ortho surgery,R0001506
David,Davies,,2619176106,183 High Street,Durham,TS20 6XX,94598447548,cardiovascular medicine,R0003520
James,Brown,,3876407623,249 Park Avenue,Middlesbrough,TS23 5XX,15120836085,pediatrics,R0007023
Rajesh,Smith,,0553447482,52 High Street,York,TS3 6XX,33503965549,gp,R0000999
Chen,Davies,,4138264373,172 Station Road,York,TS22 7XX,66722466173,gp,R0000389
Amara,Williams,,7514405989,33 Victoria Road,Newcastle,TS3 4XX,58377520416,cardiology,R0002330
John,Williams,,0091910580,21 Station Road,Durham,TS2 2XX,38876029727,cardiovascular medicine,R0001476
Fatima,Evans, Dr,0519918466,33 Victoria Rd,Newcastle,TS24 7XX,26802252320,orthopedics,R0002240
Rajesh,Wilson, Jr,,17 Church Lane,Durham,TS23 3XX,96910449360,orthopedics,R0006747
Sarah,Davies,,1949344291,169 Victoria Road,Middlesbrough,TS4 1XX,87752480541,pediatrics,R0006757
D.,Taylor, MD,9879357803,163 Church Ln,Middlesbrough,TS18 4XX,(8719) 6159277,cardiovascular medicine,R0006261
Amara,Taylor,,9488916625,246 Park Avenue,Leeds,TS25 5XX,27591618335,orthopedics,R0006464
Chen,Patel,,8760744616,65 Church Lane,York,TS28 3XX,38599211086,orthopaedics,R0006330
Grace,Sharma,,1779737032,80 Church Lane,Durham,TS17 2XX,30572581933,paediatrics,R0002972
James,Williams,,6405779195,218 Station Road,Newcastle,TS3 1XX,77088739178,paediatrics,R0002775
Aisha,Wliliams, Jr,2301054293,14 high street,Middlesbrough,TS22 5XX,22247670572,general practice,R0001923
Mohammed,Nguyen,,1898680859,95 High Street,Newcastle,TS17 1XX,50058123506,family medicine,R0000758
Amara,Khan, Jr,7380225415,152 Victoria Road,Middlesbrough,TS8 4XX,(7122) 6064388,orthopedics,R0000700
John,Taylor,,1895585161,277 Station Road,Leeds,TS18 2XX,38838370134,orthopaedics,R0006572
R.,Davies,,5185484193,95 Victoria Road,York,TS8 4XX,99198615419,orthopedics,R0001293
Jmaes,Khan,,0223519073,159 Station Rd,Leeds,TS23 6XX,(7086) 1575650,paediatrics,R0006620
Mohammed,Sharma,,6400253924,63 Station Road,Leeds,TS26 3XX,05644836835,family medicine,R0002873
Wei,Sharma,,1526674684,219 Victoria Road,York,TS13 5XX,05964451617,pediatrics,R0006279
Fatima,Brown,,4491677039,1 Park Avenue,Newcastle,TS22 1XX,98609882905,family medicine,R0003721
Fatima,Ahmed,,5672972643,267 Victoria Rd,Leeds,TS25 6XX,8761 963 2131,cardiology,R0001907
Chen,Ali,,6780309586,278 Park Avenue,Durham,TS29 7XX,46515378719,general practice,R0005165
Mohammed,Taylor, MD,4554767309,13 Victoria Road,Leeds,TS21 3XX,7135 626 4381,orthopaedics,R0005204
Jamse,Smith,,,261 victoria rd,Durham,TS17 4XX,1268 944 1045,cardiovascular medicine,R0000368
Rajesh,Evans,,9514255553,161 High Street,Newcastle,TS12 2XX,90374836444,ortho surgery,R0001937
Chen,Davies,,1181268367,64 Park Avenue,Durham,TS7 5XX,07770940554,gp,R0001151
James,Brown,,2390530215,276 Station Rd,Durham,TS6 1XX,(7720) 4601538,orthopaedics,R0007199
Chen,Taylor,,8058187498,58 High Street,Middlesbrough,TS7 4XX,61235446689,ortho surgery,R0004758
Aisha,Sharma,,2503445443,152 Park Avenue,Leeds,TS4 6XX,80400790823,cardiology,R0006678
Mohammed,Smith, Dr,9364767905,189 Station Road,Durham,TS24 6XX,79581292093,pediatrics,R0003922
Rajesh,Williams,,4780772032,233 High St,Leeds,TS6 8XX,0538 453 8653,paediatrics,R0003010
Sarah,Patel, MD,3812141883,87 High St,York,TS1 1XX,4046 396 1992,ortho surgery,R0007383
David,Roberts,,5753667162,145 Park Avenue,Durham,TS19 8XX,50671128598,cardiovascular medicine,R0000191
John,Brown,,8749297136,127 Station Road,Newcastle,TS8 8XX,91761628808,paediatrics,R0004771
Sarah,Taylor,,4761112952,123 High Street,York,TS16 5XX,83945930769,cardiovascular medicine,R0006468
Elena,Ali,,3854280435,255 Station Road,Durham,TS12 2XX,16236332365,cardiovascular medicine,R0000174
Wei,Jones,,4923075042,26 Church Lane,Leeds,TS23 1XX,57097246578,family medicine,R0001903
D.,Williams,,,75 Park Ave,York,TS12 6XX,13613773105,orthopedics,R0001099
O.,Patel, MD,4267329883,43 High St,Durham,TS7 2XX,71823666563,orthopedics,R0004970
Priya,Smith,,,223 Park Avenue,Newcastle,TS25 7XX,1201 946 5417,pediatrics,R0003320
Chen,Nguyen, Dr,6613057605,238 Victoria Rd,Middlesbrough,TS16 3XX,9575 827 4561,cardiology,R0002292
E.,Jones, Jr,5195867080,112 Station Road,Middlesbrough,TS26 7XX,(3724) 4905563,cardiology,R0006773
Grace,Evans,,6248385655,153 Station Road,Newcastle,TS14 3XX,36049309827,orthopaedics,R0007297
David,Taylor,,3071816863,62 Park Avenue,Newcastle,TS18 3XX,27151289887,paediatrics,R0006445
Rajesh,Sharma,,5968127206,63 Victoria Road,Durham,TS15 6XX,34159273547,pediatrics,R0006937
Sarah,Nguyen,,2655797983,188 Church Lane,Middlesbrough,TS27 8XX,87872254779,ortho surgery,R0001164
Aihsa,Brown, MD,1846243505,247 Station Road,Leeds,TS27 2XX,8730 661 8349,cardiology,R0005434
Lucy,Patel, Jr,3056414865,79 Victoria Road,Leeds,TS16 3XX,8738 240 4567,gp,R0006066
James,Taylor,,0246075009,47 Church Lane,Newcastle,TS15 2XX,74324925078,cardiovascular medicine,R0003333
Priya,Wilson,,7941475869,260 Park Avenue,Middlesbrough,TS2 5XX,94066064105,cardiology,R0005586
John,Sharma, Dr,7015286774,68 high street,York,TS8 6XX,(9977) 9409598,general practice,R0006775
David,Thomas,,3191416292,96 Park Avenue,Middlesbrough,TS4 3XX,89633234620,paediatrics,R0001661
Aisha,Ahmed, Jr,5910432186,119 Victoria Rd,Newcastle,TS12 5XX,43159556315,gp,R0000508
Eelna,Williams, Dr,8032219343,72 Victoria Road,Leeds,TS10 3XX,30602227593,pediatrics,R0000166
Priya,Sharma,,2231407611,85 Park Avenue,Leeds,TS14 1XX,(3655) 6747917,general practice,R0003682
James,Wilson,,1795960339,235 Victoria Road,Durham,TS17 1XX,74281638619,orthopedics,R0005157
Aisha,Davies,,7808723362,74 Station Road,York,TS22 4XX,11840302193,cardiology,R0004377
M.,Ali, Jr,,216 park avenue,York,TS5 8XX,(0606) 9500238,family medicine,R0005231
Elena,Taylor,,9836852838,252 Church Lane,Durham,TS24 5XX,33042669172,cardiovascular medicine,R0005055
Daivd,Nguyen,,,204 Church Lane,Leeds,TS5 7XX,(3505) 0589857,cardiovascular medicine,R0004801
Chen,Wilson,,0037182424,204 Church Lane,Middlesbrough,TS17 7XX,9388 938 5026,paediatrics,R0000103
Chen,Williams,,2331380686,23 Church Lane,York,TS16 4XX,86072514128,pediatrics,R0003834
Lucy,Taylor,,9632007741,174 Church Lane,York,TS11 4XX,41106896937,family medicine,R0004550
Wei,Jones, Jr,,39 park avenue,York,TS23 3XX,13255143574,general practice,R0003574
David,Roberts,,6189233448,183 Park Avenue,Newcastle,TS11 5XX,12519217031,gp,R0001104
Fatima,Ptael, Dr,,189 Church Lane,York,TS9 5XX,(8157) 0559370,gp,R0004614
Fatima,Patel,,0630695383,18 Park Avenue,York,TS22 5XX,(4424) 0303302,pediatrics,R0001752
Amara,Davies,,,30 church ln,Durham,TS10 2XX,94427240296,ortho surgery,R0006702
Amara,Nguyen,,7478799102,20 High Street,Durham,TS7 5XX,42478794379,orthopedics,R0007228
Chen,Khan,,0633090690,73 Church Lane,Newcastle,TS4 4XX,(0304) 4495169,pediatrics,R0003288
David,Davies,,6499081974,160 Park Avenue,Leeds,TS13 3XX,99630112869,pediatrics,R0007257
Omar,Thomas,,0988499537,10 High Street,Leeds,TS1 7XX,07546082885,family medicine,R0002916
Aisha,Taylor,,6565649970,277 Station Road,Leeds,TS4 8XX,27927660550,cardiovascular medicine,R0004942
F.,Ali,,9967027996,20 high st,Newcastle,TS10 1XX,71369911830,cardiology,R0001658
Elena,Ali,,1327459570,7 Station Road,Newcastle,TS25 6XX,31872564912,orthopedics,R0000152
Rajesh,Brown,,4852972012,54 High Street,Newcastle,TS2 8XX,70402261779,cardiology,R0004118
Sarah,Sharma,,9622827423,278 Park Avenue,Newcastle,TS1 8XX,26228790204,family medicine,R0002483
Elena,Sharma,,3693275494,298 Park Avenue,Newcastle,TS7 8XX,94310946238,family medicine,R0001583
Amara,Ali,,8530000431,219 Victoria Road,Newcastle,TS20 8XX,(5426) 9900012,cardiovascular medicine,R0006314
Amara,Evans,,0760445669,220 Park Avenue,Leeds,TS29 4XX,84377107144,cardiology,R0002552
John,Nguyen,,2593794752,261 Station Road,Middlesbrough,TS12 3XX,15188654986,ortho surgery,R0007450
Priya,Evans,,6311167391,267 High Street,York,TS22 6XX,92372077210,ortho surgery,R0006022
Wei,Williams,,4404218170,183 High Street,Newcastle,TS7 1XX,42655020908,paediatrics,R0004087
Elena,Sharma,,7255509263,103 Victoria Road,Newcastle,TS16 8XX,79565744680,ortho surgery,R0005507
Lucy,Patel,,3056414865,79 Victoria Road,Leeds,TS16 3XX,87382404567,gp,R0006064
J.,Khan, Dr,1356618721,129 Station Rd,Newcastle,TS29 4XX,(0349) 9655502,orthopaedics,R0006557
Elena,Jones,,2013198409,205 Park Avenue,Middlesbrough,TS2 5XX,06483459763,cardiology,R0002209
C.,Nguyen, Dr,,126 Park Ave,York,TS23 7XX,55719859744,family medicine,R0004160
David,Ahmed, Dr,4143534947,78 church ln,Durham,TS22 5XX,27039934321,ortho surgery,R0004522
Lucy,Nguyen,,3564885698,46 Station Road,Newcastle,TS15 8XX,59174165016,gp,R0005547
Chen,Brown,,3914053756,40 Victoria Road,Newcastle,TS7 5XX,71458082864,orthopedics,R0002985
Amara,Khan, Jr,3161439732,10 Park Avenue,Durham,TS17 1XX,06480179700,orthopaedics,R0001822
Wei,Ahmed,,7422465538,286 Church Lane,Newcastle,TS10 6XX,51014561165,orthopedics,R0005786
Elena,Ali,,0313614104,30 Station Road,Durham,TS1 1XX,94813622137,cardiology,R0004295
Garce,Evans, Dr,6726293931,282 Station Road,York,TS21 1XX,(0272) 4911673,pediatrics,R0004509
Rajesh,Evans,,1980590349,132 Church Lane,Middlesbrough,TS19 5XX,57031999234,general practice,R0004751
Amara,Patel,,2432644703,182 High Street,Newcastle,TS6 7XX,13681283270,cardiovascular medicine,R0000309
Sarah,Roberts,,1089235594,90 High Street,York,TS17 5XX,59823644127,paediatrics,R0000212
Mohammed,Williams,,7562638516,116 High Street,Newcastle,TS12 7XX,94103170711,pediatrics,R0004239
David,Smith,,6882587009,80 Victoria Road,Durham,TS16 8XX,46231537985,gp,R0004656
Priya,Jones,,7251831117,286 High Street,York,TS19 3XX,62401103220,cardiovascular medicine,R0004104
David,Brown,,5822104161,193 Victoria Rd,Middlesbrough,TS17 5XX,32462197110,paediatrics,R0006921
David,Evans,,6266174037,11 Park Avenue,Leeds,TS22 4XX,40981575292,cardiology,R0000495
Elena,Taylro, Jr,3866644603,287 Victoria Road,Leeds,TS28 7XX,97114398790,general practice,R0003256
Chne,Nguyen,,8543702142,91 high st,Leeds,TS25 5XX,(8993) 8993259,general practice,R0000205
Lucy,Williams,,6678808266,9 High Street,Leeds,TS27 2XX,20168528335,general practice,R0001434
John,Ali,,0302058926,110 Station Road,Leeds,TS18 6XX,50420041702,ortho surgery,R0001135
Priya,Patel,,4057541110,73 Church Lane,Leeds,TS20 3XX,34310912447,ortho surgery,R0002584
Rajesh,Williams,,6925027413,245 High Street,Durham,TS28 1XX,28877838820,orthopaedics,R0000868
Wei,Dvaies, Dr,6069909482,102 Park Avenue,Newcastle,TS8 6XX,1792 965 3590,gp,R0002749
Lucy,Nguyen,,4251864575,254 Victoria Road,Newcastle,TS28 5XX,73048151417,cardiovascular medicine,R0000305
Rajesh,Williams,,4364162372,82 High Street,Leeds,TS12 6XX,70771375376,cardiovascular medicine,R0001849
Omar,Khan,,9453342964,16 Park Avenue,Middlesbrough,TS19 2XX,16410652278,ortho surgery,R0004174
Grace,Ahmed,,4397870243,238 Victoria Road,York,TS7 5XX,31997382881,orthopedics,R0001988
James,Williams, Jr,4033841280,45 High St,Middlesbrough,TS2 8XX,(9706) 7776408,orthopedics,R0003240
W.,Brown,,7866826786,202 High Street,Middlesbrough,TS18 3XX,3473 540 6527,orthopedics,R0002798
David,Ahmed,,9593177111,161 Church Lane,Leeds,TS24 8XX,24319741064,general practice,R0006114
Sarah,Ahmed,,1564349702,122 High Street,Leeds,TS23 7XX,46348231208,ortho surgery,R0001534
Grace,Dvaies, MD,6704295135,76 Station Rd,Durham,TS23 5XX,56260738295,ortho surgery,R0003109
Chen,Taylor,,5556434685,80 Park Avenue,York,TS23 4XX,40270278445,gp,R0000843
Lcuy,Taylor, MD,6215258734,74 high st,Durham,TS4 1XX,5931 186 4916,orthopaedics,R0001987
Grace,Brown,,6612799286,275 Church Lane,Middlesbrough,TS20 1XX,53038727349,paediatrics,R0005154
Lucy,Khan,,9853225145,220 Park Avenue,Middlesbrough,TS10 2XX,88999390122,cardiovascular medicine,R0005038
L.,Taylor,,6093721405,57 Church Ln,Middlesbrough,TS13 5XX,50632891427,family medicine,R0004051
Priya,Davies, Jr,4177023708,42 Station Rd,Middlesbrough,TS26 1XX,1954 666 0528,orthopaedics,R0000383
Jonh,Ali,,,100 High Street,Durham,TS15 8XX,17663627445,ortho surgery,R0001538
Lucy,Ahmed,,0939886650,240 Station Road,Durham,TS24 5XX,70458323156,paediatrics,R0000211
P.,Evans, Jr,6311167391,267 High Street,York,TS22 6XX,92372077210,ortho surgery,R0006023
Lucy,Khan,,4473758177,57 Victoria Road,York,TS10 5XX,91627481193,pediatrics,R0001957
Wei,Sharma,,8949229653,136 Park Avenue,Newcastle,TS8 7XX,33382484190,gp,R0004908
Amara,Smith,,3372633050,124 Station Road,York,TS21 4XX,28330323117,family medicine,R0002438
Lucy,Roberts,,2191211065,133 High Street,Durham,TS5 5XX,74388812313,general practice,R0002727
Chen,Smith,,5739695700,34 Church Lane,Leeds,TS13 5XX,39768018751,pediatrics,R0003707
John,Roberts,,5539768626,142 High Street,Middlesbrough,TS2 2XX,90687204370,ortho surgery,R0005709
Omar,Nguyen,,8123150655,46 Victoria Road,Durham,TS8 5XX,88604805523,gp,R0001349
Priya,Williams,,6910582795,139 Park Avenue,Leeds,TS21 4XX,83516531994,orthopaedics,R0004698
A.,Sharma, MD,,298 Victoria Road,York,TS17 4XX,1787 382 4249,pediatrics,R0003388
David,Taylor,,3647028171,144 Church Lane,Durham,TS21 5XX,81156731224,general practice,R0007299
Chen,Wilson, Jr,6501190530,266 Victoria Rd,Middlesbrough,TS25 7XX,(7185) 4632256,cardiology,R0000680
A.,Ali,,,219 Park Ave,York,TS17 4XX,2568 698 0330,paediatrics,R0000180
Chen,Thomas, MD,7796301483,18 Church Lane,Newcastle,TS17 8XX,7567 871 2023,gp,R0007143
W.,Taylor, MD,6133237328,72 Victoria Rd,Newcastle,TS13 1XX,47901211425,cardiology,R0003529
Sarah,Davies,,5243620334,188 Station Road,Leeds,TS17 2XX,19348574455,cardiology,R0006934
Elena,Khan,,7327254873,288 High Street,Leeds,TS5 7XX,70318716806,paediatrics,R0004490
Elena,Davies,,4449911284,41 Victoria Road,Durham,TS17 3XX,31522079459,paediatrics,R0000278
Omar,Jones,,4841308891,97 Station Road,Middlesbrough,TS14 6XX,21137369007,general practice,R0007375
Priya,Smith,,4569520966,223 Park Avenue,Newcastle,TS25 7XX,12019465417,paediatrics,R0003319
Priya,Brown,,9417432744,203 Park Avenue,Leeds,TS20 2XX,5453 194 7948,general practice,R0003252
Wei,Brown,,5820224733,142 Station Road,Newcastle,TS12 6XX,01353252411,gp,R0003622
F.,Khan, Jr,,147 station rd,Durham,TS29 3XX,8032 065 3828,family medicine,R0002480
Rajesh,Jones,,7942250400,236 Church Lane,Durham,TS26 1XX,24596500163,orthopedics,R0000289
Wei,Smith, MD,,273 Park Avenue,Middlesbrough,TS23 1XX,(9399) 1319485,paediatrics,R0003075
Aisha,Evans,,,84 Station Rd,Leeds,TS25 5XX,55275375275,pediatrics,R0004664
Lucy,Thomas,,9056298492,118 Victoria Road,Durham,TS1 6XX,82639955096,paediatrics,R0005634
Lucy,Patel,,6867322122,38 Park Avenue,Leeds,TS5 6XX,52727055363,paediatrics,R0000993
Wei,Roberts,,7514929163,206 High Street,Durham,TS14 3XX,2415 025 7369,ortho surgery,R0003235
Grace,Khan,,4657274439,56 Victoria Road,York,TS22 8XX,23720525142,paediatrics,R0002236
Wei,Williams,,8730041327,291 Park Avenue,Newcastle,TS10 7XX,01786006008,paediatrics,R0007003
David,Davies,,9414829563,183 Victoria Rd,Middlesbrough,TS9 4XX,(4412) 0535575,paediatrics,R0000039
Oamr,Williams, MD,4182731015,84 High St,Middlesbrough,TS28 5XX,(0152) 2749638,paediatrics,R0007096
Rajesh,Sharma, Jr,5506219601,78 High Street,York,TS20 6XX,0218 172 8335,paediatrics,R0005067
Aisha,Ahmed,,3646712057,78 Church Lane,Durham,TS21 4XX,76385324555,cardiovascular medicine,R0006759
Wei,Brown,,2119168740,284 church ln,Leeds,TS26 8XX,(2188) 9743089,paediatrics,R0002754
Rajesh,Nguyen,,1031754907,232 Victoria Road,Middlesbrough,TS4 2XX,44473901211,cardiology,R0006014
Sarah,Evans, Jr,,139 Church Ln,Newcastle,TS14 2XX,(4099) 0218835,ortho surgery,R0003470
Elena,Patel,,8130667239,264 Victoria Road,Middlesbrough,TS21 7XX,56000196729,cardiology,R0000270
Grace,Thomas,,3022431942,72 Station Road,Durham,TS28 4XX,53661592460,paediatrics,R0003409
P.,Nguyen,,3253729049,185 Victoria Rd,Newcastle,TS18 5XX,2253 367 4212,paediatrics,R0002883
Elena,Taylor, Jr,8796703595,63 Park Ave,Durham,TS12 1XX,36084134704,cardiology,R0006131
Mohammed,Evans,,0293495213,64 Church Lane,Durham,TS28 4XX,80438949643,orthopedics,R0005828
Aisha,Evans, Dr,2363356982,20 High St,Newcastle,TS28 5XX,6266 273 5016,pediatrics,R0003881
M.,Evans,,0293495213,204 Victoria Rd,Durham,TS27 3XX,(2574) 9527967,orthopaedics,R0005829
Elena,Khan,,9011153925,15 Park Avenue,Durham,TS24 2XX,58866869131,orthopedics,R0000111
James,Smith,,5625277758,44 High Street,York,TS2 7XX,04174599432,cardiovascular medicine,R0003218
A.,Davies,,0523987559,229 Park Avenue,York,TS3 8XX,83299427695,cardiovascular medicine,R0001391
Priya,Sharma,,1090842596,179 High Street,Durham,TS23 8XX,28336522692,orthopaedics,R0002600
E.,Ahmed, Jr,,262 Church Lane,Durham,TS1 4XX,(5527) 5241972,ortho surgery,R0000220
Sarah,Khan,,8793705494,64 Church Lane,Newcastle,TS11 8XX,18154131275,gp,R0005533
Chen,Ahmed,,7542098371,290 High Street,Newcastle,TS28 5XX,46032580478,ortho surgery,R0004516
M.,Patel, Dr,3002210373,208 Church Ln,Newcastle,TS22 4XX,1652 125 3476,cardiovascular medicine,R0006156
Omar,Davies,,3402463011,244 Park Ave,Newcastle,TS24 4XX,19473357049,ortho surgery,R0004570
Grace,Ali,,5346505478,96 Victoria Road,Durham,TS11 4XX,19883385744,cardiovascular medicine,R0000083
P.,Smith, Jr,2586174372,241 Park Avenue,Middlesbrough,TS12 5XX,69288312676,paediatrics,R0000873
Omar,Jonse, Jr,0565205109,27 Church Ln,Newcastle,TS24 1XX,(7155) 2476512,cardiology,R0006954
David,Nguyen,,0070561119,290 Station Road,Durham,TS25 7XX,29392159708,paediatrics,R0004687
Fatima,Ahmed,,,169 victoria road,York,TS23 1XX,(6657) 4567234,ortho surgery,R0000461
Mohammed,Evans,,2959135924,253 High Street,Durham,TS14 2XX,56732652551,ortho surgery,R0006601
Aisha,Brown, MD,,213 Church Lane,Middlesbrough,TS11 2XX,(9233) 1754360,ortho surgery,R0000551
Rajesh,Khan,,6288375898,109 Station Road,York,TS3 3XX,34804828059,orthopaedics,R0003505
Priya,Taylor,,7234919158,75 Victoria Road,York,TS15 7XX,90228010902,orthopaedics,R0002374
D.,Khan, MD,2972031747,87 Victoria Rd,York,TS23 5XX,69945809605,cardiology,R0006309
J.,Evans,,7438023916,121 victoria road,Durham,TS5 2XX,97466836131,cardiovascular medicine,R0005478
Wei,Jones,,8658055945,290 Victoria Road,Leeds,TS3 4XX,64720786334,pediatrics,R0002246
Sraah,Smith,,4277497635,248 Station Road,Leeds,TS19 6XX,5250 270 9783,cardiovascular medicine,R0007064
John,Roberst,,1955151492,6 High Street,Middlesbrough,TS14 6XX,(9161) 4235188,pediatrics,R0007124
Omar,Nguyen,,0795966178,136 Station Road,Middlesbrough,TS17 8XX,78543867898,pediatrics,R0002450
Wei,Borwn, Jr,5951497267,64 Station Rd,York,TS11 2XX,83314697896,pediatrics,R0002329
Priya,Khan,,5574349281,90 Park Avenue,Middlesbrough,TS26 3XX,26407081950,cardiology,R0006296
Sarah,Khan,,4391823492,264 Station Rd,Durham,TS20 3XX,1796 828 8993,cardiology,R0002146
Mohammed,Evans,,6119466561,250 Victoria Rd,Newcastle,TS23 5XX,41347040615,cardiology,R0007032
Fatima,Jones,,6691047963,189 Station Road,Durham,TS21 1XX,92533851337,cardiology,R0005747
Elena,Williams,,5253605542,298 Park Avenue,Leeds,TS9 2XX,44433696956,pediatrics,R0006625
O.,Sharma,,3122232637,131 Park Ave,Durham,TS17 8XX,29218805525,cardiovascular medicine,R0000650
Priya,Wilson,,0913311444,71 Station Road,Newcastle,TS25 3XX,14780293778,cardiovascular medicine,R0007055
Mohammed,Ali,,8066134172,243 Victoria Road,Newcastle,TS19 1XX,01471702587,cardiovascular medicine,R0000708
R.,Sharma,,8699986247,179 Church Lane,Middlesbrough,TS22 6XX,22789670451,pediatrics,R0006418
Aisha,Williams, Dr,,288 Station Road,Newcastle,TS23 3XX,43787379391,pediatrics,R0006984
Mohammed,Ali,,1332772669,286 Station Road,Middlesbrough,TS12 1XX,79186651829,paediatrics,R0006673
J.,Roberts,,8491629890,15 Station Road,Leeds,TS28 6XX,9821 672 6376,paediatrics,R0003734
David,Evans,,0386250955,233 Station Road,Leeds,TS10 4XX,44543529626,paediatrics,R0003063
Amara,Nguyen,,8130252559,141 Park Avenue,York,TS4 1XX,76825834784,orthopedics,R0006138
Elena,Williams,,1317759183,181 Park Avenue,Newcastle,TS4 7XX,97182061507,pediatrics,R0003349
Chen,Davies,,3661160106,216 Victoria Road,York,TS5 5XX,45453953063,pediatrics,R0001424
Sarah,Ali, Dr,2452414043,92 Station Road,Middlesbrough,TS29 1XX,1193 470 0169,gp,R0001216
Priya,Ahmed,,6170828384,230 High Street,Durham,TS20 8XX,28332059666,orthopedics,R0006382
Lucy,Taylor,,9555895500,67 Park Avenue,Leeds,TS13 6XX,23075151722,ortho surgery,R0001924
Fatima,Sharma,,1138542569,263 Park Avenue,Durham,TS27 4XX,93141187280,pediatrics,R0000104
Grace,Thomas,,7181532204,222 Church Lane,York,TS3 5XX,18003495382,paediatrics,R0001064
Aisha,Nugyen, Dr,,141 High St,Durham,TS3 7XX,4731 167 2398,pediatrics,R0000314
James,Evans,,4480903155,276 Park Avenue,Durham,TS22 8XX,41126099175,orthopaedics,R0001289
Wei,Taylor, Dr,9991117148,232 Church Ln,Newcastle,TS15 4XX,(9516) 7801676,cardiovascular medicine,R0001427
Lcuy,Roberts, Jr,1869426441,19 Church Lane,York,TS23 7XX,92030956719,paediatrics,R0006522
Amara,Smith,,4704737566,147 Station Rd,Newcastle,TS18 1XX,9601 008 8390,gp,R0006962
James,Williams,,5638461954,234 Station Road,Durham,TS1 4XX,77635162371,general practice,R0003129
D.,Davies, Jr,6094391693,71 Church Ln,York,TS25 8XX,57857558317,cardiology,R0004306
Chen,Smith, Dr,4657396055,270 victoria road,Leeds,TS28 3XX,7234 268 7792,cardiovascular medicine,R0007159
Omar,Patel,,5365761689,233 Park Ave,York,TS15 2XX,6125 436 9955,cardiology,R0003008
Chen,Smith,,0675167545,240 Church Lane,Newcastle,TS29 6XX,98048400688,gp,R0006210
Grace,Sharma,,5505595836,144 Victoria Road,Middlesbrough,TS17 8XX,58486421274,family medicine,R0001105
M.,Wilson,,0745124073,296 park avenue,Middlesbrough,TS1 8XX,29656539076,cardiology,R0004101
A.,Thomas, Jr,,79 Park Ave,York,TS22 7XX,87216116619,family medicine,R0005519
John,Taylor,,1546883754,67 Station Road,York,TS10 8XX,44039676493,orthopaedics,R0004610
Lucy,Ahmed, Jr,,59 High Street,Durham,TS23 7XX,3771 623 9277,family medicine,R0007502
Lucy,Nguyen,,7059787276,250 Church Lane,Middlesbrough,TS4 4XX,26310919589,general practice,R0004253
John,Robetrs,,7429883429,105 victoria road,Middlesbrough,TS8 5XX,4436 894 8617,paediatrics,R0000684
John,Ali,,9771482369,93 Church Lane,Newcastle,TS13 6XX,88984109820,paediatrics,R0005494
Rajesh,Smith,,6605026464,262 Station Road,Middlesbrough,TS18 5XX,11783955965,pediatrics,R0004824
Amara,Jones,,0063104504,255 Church Lane,Middlesbrough,TS26 2XX,11472721677,paediatrics,R0002765
Omar,Roberts,,1274577468,90 High Street,Durham,TS13 7XX,22761624949,gp,R0006200
David,Thomas,,1314022503,246 Park Avenue,York,TS18 7XX,58954387162,cardiovascular medicine,R0003481
Lucy,Jones,,5833146325,40 High Street,Middlesbrough,TS19 4XX,94380273455,cardiovascular medicine,R0005844
Omar,Nguyen,,,40 Victoria Road,Newcastle,TS19 1XX,20966541712,paediatrics,R0002451
James,Sharma,,4026602420,216 High Street,York,TS11 5XX,75571272840,gp,R0003613
Rajesh,Taylor,,4200067404,115 Victoria Road,Leeds,TS15 5XX,34447500490,cardiology,R0000326
Priya,Jones,,,165 station rd,Middlesbrough,TS9 2XX,(4494) 7003394,orthopedics,R0002652
Rajesh,Williams,,6707439877,234 Station Road,Newcastle,TS2 3XX,11724742834,pediatrics,R0006276
Amara,Ali, Jr,3216571313,165 Victoria Road,Newcastle,TS15 1XX,91149734026,pediatrics,R0002176
Wei,Nguyen, Dr,4807375554,190 Church Ln,Newcastle,TS28 5XX,10916783642,orthopedics,R0004122
Chen,Evans,,2718486266,46 Station Road,York,TS18 1XX,47210660535,paediatrics,R0006466
Elena,Jones,,2896701242,88 Church Lane,York,TS12 6XX,63194357681,paediatrics,R0006497
Lucy,Ahmed,,,67 Station Rd,York,TS6 6XX,(5937) 1078803,ortho surgery,R0003318
M.,Wilson,,0796454611,294 Church Ln,Leeds,TS26 8XX,9234 717 9824,cardiovascular medicine,R0006010
Grace,Ali,,2675396328,37 Park Avenue,Newcastle,TS22 1XX,79077384403,ortho surgery,R0005121
Lucy,Sharma,,5968514714,124 Church Lane,Newcastle,TS29 5XX,22516919043,family medicine,R0002787
P.,Khan, MD,3794551605,277 High St,Newcastle,TS8 5XX,(2975) 3939966,pediatrics,R0005110
Grace,Davies,,8496339101,16 Park Avenue,Durham,TS15 4XX,10729874380,gp,R0003996
D.,Ahmed, Dr,,59 Station Rd,Newcastle,TS23 3XX,57005994749,pediatrics,R0001676
O.,Evans,,5052749559,239 Church Lane,Leeds,TS11 8XX,7143 607 7216,orthopedics,R0000348
Amara,Wilson,,0221601962,94 Park Avenue,Newcastle,TS12 1XX,54243320389,paediatrics,R0005474
Elena,Taylor,,5705573388,181 Victoria Road,Newcastle,TS3 6XX,62491838501,paediatrics,R0003226
Grace,Evans,,4107122318,24 Church Ln,Middlesbrough,TS21 8XX,11905008146,general practice,R0006199
C.,Brown,,,132 High Street,Newcastle,TS19 6XX,89932747864,pediatrics,R0004767
Rajesh,Wilson,,8527528826,279 victoria rd,Durham,TS6 7XX,06507288560,cardiovascular medicine,R0001626
Mohammed,Wilson,,0796454611,294 Church Lane,Leeds,TS26 8XX,92347179824,cardiovascular medicine,R0006009
James,Taylor,,6013170340,132 Station Rd,Middlesbrough,TS2 5XX,(2379) 0721202,gp,R0006745
John,Thomas,,5608575648,185 High Street,Leeds,TS7 1XX,40314460161,ortho surgery,R0005964
Elena,Williams, Jr,3740919153,288 Park Avenue,York,TS11 4XX,(9220) 7660789,paediatrics,R0000871
Priya,Shamra, MD,5006146790,274 High St,Middlesbrough,TS22 1XX,4088 695 6493,paediatrics,R0005170
Fatima,Patel,,9117388885,257 Victoria Road,Newcastle,TS9 4XX,68323752765,paediatrics,R0002217
Lucy,Williams, MD,,189 Victoria Rd,Durham,TS13 4XX,74785587767,paediatrics,R0004221
Ftaima,Patel,,9117388885,257 Victoria Road,Newcastle,TS9 4XX,68323752765,paediatrics,R0002218
Priya,Roberts,,6120731153,285 Victoria Road,Newcastle,TS6 7XX,04526599873,gp,R0003326
David,Khan,,2972031747,87 Victoria Road,York,TS23 5XX,69945809605,cardiovascular medicine,R0006307
Amara,Thomas,,3248258068,214 Station Road,Middlesbrough,TS23 3XX,74534083209,paediatrics,R0005885
Aisha,Ahmed,,4473797978,156 High Street,Leeds,TS8 7XX,29616329773,cardiovascular medicine,R0002121
Elena,Jones,,5195867080,112 Station Road,Middlesbrough,TS26 7XX,37244905563,cardiovascular medicine,R0006771
James,Nguyen,,,155 victoria rd,Newcastle,TS6 4XX,(0770) 5893438,orthopaedics,R0006516
Rajesh,Jones, MD,,122 High St,Leeds,TS3 4XX,24638504645,pediatrics,R0005884
David,Nguyen,,9938990797,74 station rd,Durham,TS4 4XX,(6462) 6662324,paediatrics,R0000085
Grace,Jones,,8094500995,285 Station Road,Leeds,TS21 5XX,46591296829,orthopaedics,R0007409
Grace,Taylor,,2628642768,187 Park Avenue,Durham,TS3 1XX,60885749026,gp,R0001877
Mohammed,Khan, Jr,5540171283,291 Station Road,Newcastle,TS24 6XX,(1258) 5733651,paediatrics,R0002801
Grace,Ahmed,,6148035457,78 Park Avenue,Newcastle,TS19 3XX,60855003048,family medicine,R0005922
Saarh,Ali,,8946175084,34 victoria road,Newcastle,TS13 1XX,1223 961 7006,ortho surgery,R0002640
Rajesh,Taylor,,3516128739,258 Church Lane,Middlesbrough,TS28 3XX,31214552029,pediatrics,R0006429
S.,Nguyen,,8693807295,219 high street,Leeds,TS26 7XX,3201 031 0788,ortho surgery,R0002880
Elena,Khan,,,101 Church Lane,Leeds,TS2 6XX,60923189909,cardiology,R0003779
Grace,Jones,,0841604774,145 Station Road,Newcastle,TS6 1XX,18401084026,paediatrics,R0000494
Amara,Jones,,3015040160,194 Station Road,Middlesbrough,TS2 2XX,10619448749,paediatrics,R0002019
Chen,Jones,,8573794452,223 Church Lane,Middlesbrough,TS21 8XX,79475466075,pediatrics,R0004808
Aisha,Nguyen,,3542218216,89 High Street,Newcastle,TS26 4XX,11845185009,general practice,R0002525
O.,Jones, MD,9449626237,125 Victoria Road,Leeds,TS29 4XX,1563 701 2296,paediatrics,R0007156
Grace,Eavns,,6225149683,97 park ave,Durham,TS6 2XX,4679 169 1981,ortho surgery,R0003601
Chen,Patel,,6498633440,239 High Street,Durham,TS2 4XX,14302040403,cardiology,R0005799
Chen,Davies,,0166998859,31 High Street,York,TS3 7XX,79170049138,cardiovascular medicine,R0005525
Fatima,Nguyen,,7217496027,52 Park Avenue,Durham,TS7 2XX,26082424715,pediatrics,R0001270
Luyc,Davies, Dr,3547645645,187 Station Road,Leeds,TS23 2XX,(3124) 1199435,orthopaedics,R0006367
Priya,Ali,,1382747397,42 Station Road,Durham,TS22 8XX,39746590780,cardiovascular medicine,R0004236
David,Patel, MD,2830723179,186 Victoria Rd,Middlesbrough,TS27 6XX,(8083) 3875639,orthopedics,R0002895
G.,Khan, MD,0213219204,130 Park Avenue,Newcastle,TS11 6XX,1075 023 0350,paediatrics,R0005789
Aisha,Evans,,0504775259,94 Church Lane,Leeds,TS23 3XX,88077110369,paediatrics,R0006202
A.,Ahmed, Jr,5745869276,11 Church Ln,Middlesbrough,TS16 7XX,(6025) 8487219,cardiovascular medicine,R0000618
Fatima,Khan,,5102843396,287 Victoria Road,York,TS22 1XX,67835678319,cardiovascular medicine,R0007092
P.,Sharma, MD,3961579025,90 Park Avenue,York,TS28 2XX,9273 607 8375,cardiology,R0003425
Omar,Taylor,,1277224016,138 Station Rd,Durham,TS17 3XX,(8455) 2350105,cardiovascular medicine,R0006811
J.,Williams, MD,7522351296,70 Church Lane,Leeds,TS12 7XX,95052751299,cardiology,R0005100
John,Ali,,0403752014,220 Victoria Road,Leeds,TS6 3XX,(6280) 3243532,ortho surgery,R0004078
Aisha,Willimas,,,33 Park Avenue,York,TS11 1XX,58018854095,cardiology,R0003535
Omar,Ali,,,236 Church Ln,Middlesbrough,TS9 2XX,32130982180,orthopedics,R0004467
David,Patel,,0741394911,121 Church Lane,Durham,TS29 4XX,25310761588,family medicine,R0001413
Omar,Ali,,4419976290,175 Park Avenue,Leeds,TS14 1XX,13385096895,orthopedics,R0002201
Chen,Williams,,1158900624,232 High Street,Middlesbrough,TS16 6XX,84684280216,orthopedics,R0002001
Chen,Thomas, MD,,6 Church Lane,Durham,TS27 1XX,53626083053,paediatrics,R0005597
R.,Williams, Dr,6925027413,245 High St,Durham,TS28 1XX,(2887) 7838820,orthopedics,R0000869
S.,Roberts, MD,7626967981,157 Victoria Rd,Durham,TS21 2XX,4991 460 2561,general practice,R0002358
Omar,Ahmed,,4064017747,80 Park Avenue,Durham,TS7 4XX,83685514015,general practice,R0002006
Sarah,Davies,,6422219858,212 Park Avenue,Durham,TS21 5XX,5164 248 4428,gp,R0003090
Amara,Sharma,,0048862938,169 High Street,York,TS7 4XX,79040593328,ortho surgery,R0003728
Fatima,Roberts,,,241 Victoria Rd,Middlesbrough,TS25 5XX,19337475825,paediatrics,R0005198
Omar,Ahmed, Jr,8891512364,177 Victoria Road,Leeds,TS18 7XX,9270 549 7984,pediatrics,R0000356
Sarah,Khan,,4123680619,55 Station Road,Newcastle,TS23 3XX,33446474337,cardiology,R0001162
Fatima,Brown, Dr,3699549112,180 Victoria Road,Leeds,TS13 2XX,(4480) 1713065,cardiology,R0005700
Dvaid,Evans, Jr,0686250955,233 station road,Leeds,TS10 4XX,(4454) 3529626,pediatrics,R0003064
Mohammed,Sharma,,9127904447,65 Church Lane,Middlesbrough,TS8 6XX,24347277940,gp,R0003550
Rajesh,Patel,,6165449388,270 Victoria Road,Newcastle,TS19 8XX,71065852849,pediatrics,R0003161
Rajesh,Roberts,,6849997315,178 Station Road,Middlesbrough,TS10 7XX,20211483981,cardiovascular medicine,R0003826
Rajesh,Smiht, MD,1278653028,249 Park Avenue,Durham,TS27 3XX,67789687309,pediatrics,R0004726
Wei,Roberts, MD,3457191629,223 Park Avenue,Newcastle,TS25 6XX,14577869827,orthopaedics,R0002607
O.,Khan,,4251502110,210 High Street,Durham,TS21 8XX,42936557036,orthopaedics,R0007401
David,Brown,,6725903599,233 Church Lane,York,TS13 4XX,75581975555,orthopaedics,R0001890
David,Davies,,2476189435,272 Victoria Road,York,TS1 1XX,87711323521,orthopaedics,R0000579
Mohammed,Davies,,5530649803,250 Church Lane,Leeds,TS21 3XX,13742704168,cardiology,R0002319
J.,Ali,,0403752014,220 victoria rd,Leeds,TS6 3XX,6280 324 3532,ortho surgery,R0004080
Rajesh,Roberts,,1425116049,152 Victoria Road,Middlesbrough,TS27 3XX,15434021945,pediatrics,R0001691
Wei,Smith,,4555023252,178 Park Avenue,Newcastle,TS20 4XX,45730761606,cardiovascular medicine,R0000862
Amara,Patel, Dr,3604628866,223 station road,Newcastle,TS15 1XX,(3755) 6328476,cardiovascular medicine,R0005081
John,Brown,,0114290431,59 Park Avenue,Durham,TS2 5XX,40235447108,orthopedics,R0004620
Grace,Robrets,,,57 Station Road,Newcastle,TS6 7XX,90229692048,cardiology,R0002380
Amara,Khan,,6314562676,280 Victoria Road,Newcastle,TS15 4XX,44195199599,cardiovascular medicine,R0002378
Chen,Patel,,5115252427,61 Victoria Rd,Middlesbrough,TS13 8XX,99090248475,orthopedics,R0005220
Fatima,Smith,,6451156604,128 High Street,York,TS24 8XX,44503351030,cardiovascular medicine,R0005822
Priya,Evans,,1809422684,88 Church Ln,Newcastle,TS14 3XX,(9850) 3996485,ortho surgery,R0003306
Fatima,Evans,,7787297149,185 Victoria Road,Newcastle,TS21 5XX,15326264322,cardiovascular medicine,R0006459
F.,Evans, Jr,9922718138,298 Station Rd,Middlesbrough,TS18 7XX,60304827025,orthopedics,R0003499
Elena,Taylor,,1381488850,126 Park Avenue,Newcastle,TS17 6XX,17132061881,cardiology,R0005418
Grace,Thomas,,5493624328,286 Park Avenue,Durham,TS3 2XX,27833593259,ortho surgery,R0001116
Elena,Jones,,6077256879,3 High St,Durham,TS23 2XX,(2098) 1248888,cardiovascular medicine,R0001541
J.,Evans, Dr,0377643419,143 High Street,York,TS22 2XX,9510 320 6508,gp,R0004252
Amara,Roberts, Dr,6722880043,284 Victoria Road,York,TS4 4XX,(1765) 3622516,paediatrics,R0005774
Sarah,Smith,,9360865148,51 Park Ave,Leeds,TS4 7XX,90119756318,cardiovascular medicine,R0006905
Elena,Ahmed,,4117378619,268 Park Avenue,Durham,TS27 7XX,45072444968,cardiovascular medicine,R0005837
Eelna,Taylor,,,126 park ave,Newcastle,TS17 6XX,17132061881,cardiology,R0005419
Wei,Wilson, Jr,5023878286,25 high st,York,TS8 8XX,4493 685 4328,gp,R0005065
David,Thomas,,7394210049,120 Park Avenue,Middlesbrough,TS17 4XX,82260224283,pediatrics,R0005992
John,Sharma,,8694560671,283 Victoria Road,York,TS13 2XX,81952672801,cardiovascular medicine,R0003997
John,Ahmed, Jr,,145 High Street,Newcastle,TS9 1XX,3405 454 5186,pediatrics,R0005019
Chen,Williams,,2006006376,7 Park Avenue,Middlesbrough,TS19 8XX,89893251693,family medicine,R0004890
Wei,Davies,,4049041946,136 Victoria Road,Middlesbrough,TS15 1XX,75421901339,gp,R0003365
Grace,Roberts, Jr,6697088580,171 Victoria Road,Newcastle,TS4 6XX,87220525142,paediatrics,R0005426
Aisha,Sharma, Dr,2344625192,157 Station Road,Middlesbrough,TS11 8XX,5653 737 9017,general practice,R0002500
Priya,Smith,,2250326776,159 Church Lane,Middlesbrough,TS18 1XX,41280209851,gp,R0006635
Lucy,Evans,,1027133152,290 High Street,York,TS14 2XX,00886269871,orthopaedics,R0005030
Elena,Wilson,,5995974568,184 High Street,Durham,TS28 8XX,05435906267,ortho surgery,R0006654
Rajesh,Ali,,0364373152,67 High Street,Newcastle,TS3 6XX,44662622992,pediatrics,R0006662
James,Roberts,,,285 Church Lane,York,TS27 1XX,9733 322 9512,ortho surgery,R0007385
James,Wilson,,3355949665,260 Station Road,York,TS16 1XX,98661591932,orthopedics,R0003929
Mohammed,Brown,,9911973507,14 Victoria Road,Leeds,TS3 8XX,43069696758,cardiovascular medicine,R0005650
Grace,Wilson, MD,,43 park ave,Middlesbrough,TS17 8XX,(8172) 5673183,gp,R0005941
Mohammed,Thomas,,5124985776,272 Victoria Road,Newcastle,TS2 3XX,08092039398,pediatrics,R0007152
Luyc,Evans, Dr,5597666871,220 Park Ave,Newcastle,TS22 8XX,78534961308,ortho surgery,R0003879
Elena,Williams,,2649806607,159 Church Lane,Newcastle,TS15 4XX,67745983613,family medicine,R0004418
Grace,Brown,,,3 Victoria Road,Newcastle,TS24 3XX,7143 745 1191,orthopaedics,R0007278
Aisah,Smith,,,203 Station Rd,Middlesbrough,TS3 8XX,4035 841 4616,orthopedics,R0004987
David,Taylor,,3109797991,168 Church Lane,Middlesbrough,TS1 6XX,42468545143,pediatrics,R0007197
M.,Ali, Dr,6479044733,167 park avenue,Newcastle,TS5 5XX,71698193426,pediatrics,R0002052
Sarah,Williams,,,110 Park Avenue,Newcastle,TS26 1XX,(5134) 6793501,ortho surgery,R0001776
C.,Khan,,2915149348,50 church ln,Newcastle,TS11 2XX,03050156174,orthopedics,R0003985
Chne,Evans,,4773227819,238 High Street,York,TS14 1XX,79269649467,gp,R0003313
Fatima,Williams,,4345783804,204 Park Avenue,Newcastle,TS21 4XX,54079438371,general practice,R0006256
Aisha,Brown,,7469868179,187 Victoria Road,Leeds,TS13 6XX,06286306560,family medicine,R0002536
O.,Evans, Jr,,76 high st,Middlesbrough,TS5 5XX,4786 488 7652,ortho surgery,R0005384
James,Wilson,,5146499123,138 Church Lane,York,TS24 3XX,(4474) 5034913,family medicine,R0005246
Sarah,Patel,,4458637520,236 High Street,Leeds,TS24 4XX,43270698382,cardiology,R0001592
James,Williams,,3584405468,232 Church Lane,Middlesbrough,TS24 4XX,48578491880,orthopedics,R0001723
Fatima,Wilson,,3390422109,159 Victoria Road,Durham,TS27 7XX,18808794776,gp,R0003509
Rajesh,Smith, MD,2187898212,45 victoria road,Leeds,TS21 3XX,5684 964 0979,general practice,R0005873
Priya,Wilson,,0027281445,190 Station Road,Middlesbrough,TS22 6XX,69874023290,ortho surgery,R0004405
David,Brown,,7405089844,189 Church Lane,Newcastle,TS22 4XX,84724826243,cardiovascular medicine,R0002611
James,Ahmed,,3820470131,262 Church Lane,Leeds,TS25 1XX,09960911075,general practice,R0006824
James,Patel,,4476194990,231 Church Lane,York,TS15 3XX,54121863302,gp,R0000490
Amara,Ali,,8530000431,219 Victoria Road,Newcastle,TS20 8XX,54269900012,cardiovascular medicine,R0006312
David,Thomas, Jr,1314822503,246 park avenue,York,TS18 7XX,(5895) 4387162,cardiology,R0003483
Chen,Wilson,,0459407624,232 High Street,Middlesbrough,TS10 1XX,26316853830,cardiovascular medicine,R0002910
Mohammed,Ahmed,,9677747353,114 Victoria Road,Durham,TS17 4XX,57282177367,gp,R0001006
David,Ahmed,,4143534947,39 Station Road,Durham,TS14 5XX,18116296299,orthopedics,R0004519
David,Smith,,2290419539,105 Park Ave,Middlesbrough,TS21 6XX,(5073) 1441266,general practice,R0003431
Fatima,Thomas,,5826873443,100 High Street,Middlesbrough,TS19 2XX,77439026847,general practice,R0002503
R.,Patel,,0978684160,280 victoria road,Durham,TS21 3XX,(9682) 3488464,general practice,R0005359
James,Ahmed, MD,3257161531,258 Park Ave,Leeds,TS16 3XX,25436382758,general practice,R0002314
Mohammed,Ahmed,,3843257610,241 High Street,Newcastle,TS4 2XX,41110522990,ortho surgery,R0003410
S.,Thomas, Dr,8995508503,273 Victoria Road,Leeds,TS9 3XX,(1525) 4650033,cardiology,R0004262
Aisha,Brown,,0225402454,111 Victoria Road,York,TS21 5XX,40688724776,cardiology,R0002554
Luyc,Nguyen,,,165 station road,York,TS7 3XX,10435228821,orthopaedics,R0001417
James,Roberts,,5092933218,83 Church Lane,York,TS10 4XX,43547761867,paediatrics,R0003096
Amaar,Thomas,,3662201441,250 Church Lane,Durham,TS7 3XX,35373431622,paediatrics,R0000025
Chen,Smith,,3731164271,206 Park Avenue,Newcastle,TS3 4XX,37376777982,family medicine,R0006677
Fatima,Khan,,4849614393,148 Church Lane,Durham,TS28 5XX,81827560505,family medicine,R0002409
Lucy,Sharma,,,88 Station Road,Leeds,TS3 2XX,61338105657,orthopedics,R0003270
Chen,Thomas,,3935281948,248 Church Lane,Middlesbrough,TS4 8XX,61354051366,pediatrics,R0003563
Priya,Jones, Dr,,209 Victoria Rd,Middlesbrough,TS25 7XX,12497939951,family medicine,R0001113
James,Roberts, MD,4749896040,14 Church Lane,York,TS16 8XX,28744367091,family medicine,R0004463
John,Ahmed,,,280 Station Road,Newcastle,TS28 6XX,43008625869,ortho surgery,R0001552
A.,Thomas, Dr,4297668916,217 victoria rd,Middlesbrough,TS25 5XX,06399283284,cardiology,R0006416
Aisha,Roberts,,4213070236,57 Church Lane,Newcastle,TS11 5XX,42691986773,gp,R0005605
Sarah,Davies,,3713975607,141 High Street,Durham,TS8 7XX,65166145295,orthopedics,R0006817
O.,Brown, Jr,6295929260,247 Station Rd,York,TS15 2XX,(0827) 1205557,family medicine,R0003214
Sarah,Khan,,2409678575,209 Park Avenue,Middlesbrough,TS24 4XX,43443957963,ortho surgery,R0003402
John,Ali,,7000339308,172 Station Road,Newcastle,TS23 8XX,81646753968,orthopedics,R0000433
Elena,Smith,,0178419211,51 Station Road,Durham,TS12 4XX,39664586808,orthopedics,R0000979
Wei,Evans,,9423662670,160 Station Road,Leeds,TS24 6XX,52499147294,orthopaedics,R0002655
S.,Sharma,,7017075263,287 Victoria Rd,York,TS22 3XX,(8258) 9766465,cardiology,R0001847
Elena,Sharma,,5106457420,171 Church Lane,York,TS18 1XX,89308641020,pediatrics,R0005087
Rajesh,Evans,,0080637437,196 Victoria Road,Durham,TS7 8XX,92676922800,ortho surgery,R0004401
Eelna,Ahmed, Jr,3649830539,120 Church Lane,Leeds,TS10 7XX,1928 552 7644,general practice,R0001127
Aisha,Roberts,,0013096187,232 Station Road,Leeds,TS21 5XX,99967476529,orthopedics,R0004606
Sarah,Brown,,8962068362,211 Church Lane,Middlesbrough,TS24 7XX,70547709503,cardiovascular medicine,R0005568
F.,Brown,,6807386058,241 Park Ave,Durham,TS4 8XX,(6889) 6501698,orthopedics,R0004974
Grace,Evans, MD,1866777269,95 park avenue,York,TS19 8XX,67833336496,gp,R0002518
P.,Khan, MD,5652968835,24 High St,Newcastle,TS29 4XX,7421 962 7922,cardiology,R0007214
Elena,Brown,,,197 Station Road,Durham,TS10 7XX,98731515819,orthopedics,R0001102
Aisha,Davies,,0698759658,253 High Street,Middlesbrough,TS25 1XX,89285597887,family medicine,R0003276
Mohammed,Patel,,3417753073,230 Church Lane,Leeds,TS7 5XX,34924314633,gp,R0005244
Amara,Patel,,4937908764,290 park avenue,Middlesbrough,TS27 2XX,17032928556,family medicine,R0005613
Rajesh,Nguyen,,6990113331,16 High Street,York,TS17 3XX,34110303326,pediatrics,R0004538
James,Williams, MD,2913660592,29 Victoria Road,Newcastle,TS10 4XX,95448160017,cardiology,R0005563
Priya,Ali,,6297753912,72 Station Road,Durham,TS25 7XX,25599398279,general practice,R0005214
Omar,Thomas,,8519699141,251 High Street,Newcastle,TS27 8XX,86595627864,general practice,R0000194
James,Ahmed,,2877444158,14 Station Road,Middlesbrough,TS17 4XX,78939132963,pediatrics,R0000615
Amara,Brown,,8129041592,39 Station Road,York,TS24 8XX,04708259696,cardiology,R0000643
Chen,Khan, MD,6499098959,69 Station Rd,Middlesbrough,TS14 2XX,(9640) 1607032,pediatrics,R0005798
Fatima,Brown,,2327521988,103 Park Avenue,Newcastle,TS19 8XX,94288491801,general practice,R0003285
James,Brown, Dr,5442199471,115 high street,York,TS21 6XX,3863 421 0409,gp,R0003116
Aisha,Evans,,2363356982,20 High Street,Newcastle,TS28 5XX,62662735016,paediatrics,R0003880
Amara,Williams,,7020818415,213 Station Road,York,TS29 6XX,00764722479,orthopedics,R0003575
James,Williams,,,101 High Street,Durham,TS19 6XX,82835831822,pediatrics,R0002776
Priya,Williams,,4124191323,14 Church Lane,Leeds,TS1 5XX,69797756436,cardiology,R0006152
Pryia,Wilson,,0093065229,68 Church Ln,Durham,TS23 6XX,15679638227,cardiology,R0006345
Wei,Sharma, Dr,6480317226,4 High Street,Newcastle,TS1 3XX,50095033052,pediatrics,R0003861
E.,Taylor, Dr,4998619110,210 victoria road,York,TS7 1XX,47956892959,pediatrics,R0000330
Priya,Ali, Jr,6684019906,218 Park Ave,Middlesbrough,TS23 4XX,2592 676 6721,ortho surgery,R0002207
Lucy,Patel,,4937780800,232 High Street,Durham,TS5 6XX,26639206025,gp,R0004918
Pryia,Taylor, Dr,7038009155,251 Station Rd,Durham,TS19 7XX,3178 597 5776,orthopaedics,R0005400
F.,Evans,,2379832961,124 Park Avenue,Leeds,TS5 2XX,(3271) 1642002,orthopedics,R0002670
Rajesh,Jones,,7703068932,199 Station Road,Middlesbrough,TS11 6XX,07837495582,cardiovascular medicine,R0003299
Fatima,Ahmed,,6758273649,77 Station Road,York,TS5 6XX,04034331774,orthopedics,R0000972
L.,Patel,,1101560906,33 Victoria Rd,York,TS15 1XX,28307600106,general practice,R0000483
John,Sharma,,0574865528,169 High Street,Middlesbrough,TS23 1XX,51612532001,pediatrics,R0002420
Amara,Wilson,,1482941149,219 Church Lane,Middlesbrough,TS12 7XX,96884808559,cardiology,R0002602
Sarah,Davies,,0367885329,253 Park Avenue,Newcastle,TS13 4XX,87252708906,cardiology,R0000719
Amara,Ahmed,,8633149100,98 Church Lane,Newcastle,TS19 5XX,(6494) 8944627,cardiology,R0006304
L.,Patel, MD,,4 Victoria Rd,Newcastle,TS2 8XX,51156042963,ortho surgery,R0002059
John,Jones, Jr,2762480580,259 Station Road,York,TS22 5XX,4476 650 3173,cardiology,R0002803
David,Wliliams,,5208858996,29 high st,Durham,TS27 2XX,0388 591 8892,general practice,R0002566
John,Ahmed,,9847286387,145 High Street,Newcastle,TS9 1XX,34054545186,pediatrics,R0005017
F.,Smith, Dr,,85 Park Avenue,Newcastle,TS29 1XX,6166 068 8022,orthopedics,R0000032
Priya,Evans,,5122628310,287 Church Lane,York,TS22 4XX,12536935825,orthopedics,R0000664
L.,Evans, MD,,3 Victoria Road,Leeds,TS23 3XX,(9821) 7254410,general practice,R0005905
David,Evans,,3710031657,203 Station Road,Newcastle,TS25 7XX,86019296563,orthopedics,R0006720
Omar,Patel,,8509888806,104 Church Lane,Newcastle,TS9 5XX,24161566134,gp,R0006053
Priya,Wilson,,7852969731,66 park ave,Middlesbrough,TS24 1XX,24923319437,ortho surgery,R0006194
Rajesh,Khan,,7205170403,123 Victoria Road,Durham,TS16 2XX,33529631546,cardiovascular medicine,R0001444
Fatima,Tyalor,,3598238194,5 High St,Leeds,TS23 2XX,18637958386,cardiology,R0003816
Rajesh,Brown,,4319889699,289 Station Road,York,TS3 6XX,17846974902,general practice,R0002792
Rajesh,Sharma,,5200351077,171 Church Lane,Leeds,TS19 2XX,08798109845,general practice,R0007129
A.,Wilson,,8047746729,278 park avenue,Leeds,TS5 4XX,44535486602,cardiovascular medicine,R0007311
Omar,Evans,,3758018398,6 High Street,York,TS22 2XX,80152632814,cardiology,R0001705
Wei,Jones,,9395037631,39 Park Avenue,York,TS23 3XX,13255143574,general practice,R0003573
Sarah,Roberts,,1203710506,298 Park Avenue,Durham,TS3 5XX,31127402108,ortho surgery,R0004860
Wei,Nguyen, Jr,,260 Church Lane,Leeds,TS22 2XX,24568556593,family medicine,R0005670
John,Evans,,7438023916,170 Station Road,Durham,TS12 5XX,19014442224,cardiovascular medicine,R0005477
Aisha,Nguyen, Dr,,264 Church Ln,Newcastle,TS28 5XX,75697780865,ortho surgery,R0006567
Sarah,Evans,,3893079920,169 High Street,York,TS8 2XX,13089150028,cardiovascular medicine,R0004995
James,Evans,,1402957206,152 Station Road,Middlesbrough,TS15 4XX,15490474293,ortho surgery,R0003227
Sarah,Thomas,,5718244822,144 Station Road,Leeds,TS6 2XX,24337297131,general practice,R0000118
O.,Wilson,,5715213130,181 park avenue,Leeds,TS20 6XX,80543803730,orthopaedics,R0002277
Chen,Brown,,0976090009,179 Victoria Rd,Middlesbrough,TS13 5XX,52009698206,pediatrics,R0002905
Omar,Wilson, Dr,,236 Station Road,Durham,TS5 5XX,0236 447 7222,paediatrics,R0006609
Elena,Brown,,1698880551,2 High Street,York,TS21 2XX,40155791380,gp,R0001401
C.,Thomas, MD,3812352923,201 Victoria Road,Middlesbrough,TS6 1XX,4399 592 9440,ortho surgery,R0000739
Amara,Jones,,4910241667,33 Church Lane,Newcastle,TS20 8XX,06311104741,gp,R0002456
Fatima,Brown,,7203518005,106 Church Lane,Leeds,TS8 1XX,63139282123,pediatrics,R0000170
P.,Patel,,7531765111,102 High Street,Newcastle,TS11 6XX,99344075357,cardiovascular medicine,R0000540
Chen,Davies,,1705619004,56 Park Avenue,York,TS4 1XX,19907851165,cardiology,R0003785
Lucy,Brown,,4439712026,69 Victoria Road,York,TS3 1XX,42512523203,general practice,R0000883
Lcuy,Brown,,2883056694,279 Victoria Rd,Newcastle,TS2 5XX,(1007) 8496036,family medicine,R0004769
John,Roberts,,2055036012,12 Church Lane,York,TS2 3XX,64651216359,pediatrics,R0007021
Mohammed,Ahmed,,6023626706,134 Station Road,Leeds,TS2 4XX,71018281549,general practice,R0005035
Wei,Davies,,9415571632,216 park ave,York,TS28 2XX,3943 815 3813,paediatrics,R0004960
Mohammed,Brown,,,47 Park Ave,Leeds,TS8 7XX,64807446280,orthopedics,R0004224
Mohammed,Patel,,3799509129,204 Church Lane,Middlesbrough,TS15 1XX,39285675094,orthopaedics,R0000674
Elena,Thomas,,4883744204,55 Park Avenue,Newcastle,TS12 2XX,42969340133,gp,R0003209
John,Sharma,,6744375501,97 High Street,Newcastle,TS25 1XX,07536213871,orthopaedics,R0000397
Aisha,Brown, MD,,64 Station Road,Newcastle,TS20 8XX,4561 296 5005,paediatrics,R0002915
Lucy,Patel,,,43 Station Rd,York,TS29 5XX,4675 383 1270,family medicine,R0004320
Chen,Davies,,5642719480,213 Church Lane,York,TS11 5XX,69829440682,gp,R0001815
Fatima,Nguyen,,2592743191,269 High Street,York,TS3 7XX,71966380921,general practice,R0005265
Amara,Khan,,9756371744,7 Church Ln,Newcastle,TS15 1XX,(7992) 3286698,general practice,R0006421
Chen,Brown,,8504773360,271 Victoria Road,Leeds,TS17 4XX,34729040395,pediatrics,R0004766
Wei,Smith,,5011649612,109 Station Road,York,TS3 4XX,31830763313,general practice,R0004500
Chen,Patel,,4850184780,227 Church Lane,Middlesbrough,TS25 4XX,82186164027,orthopedics,R0002100
Grace,Evans,,6726293931,282 Station Road,York,TS21 1XX,02724911673,pediatrics,R0004508
W.,Thomas,,1153995455,119 High Street,Leeds,TS14 3XX,39175838524,paediatrics,R0007437
John,Patel,,2982086706,172 Station Road,York,TS23 4XX,77238751088,cardiovascular medicine,R0006324
Omar,Evans,,0914822034,258 Church Lane,Middlesbrough,TS6 1XX,26015585975,orthopaedics,R0002101
James,Williasm, MD,,298 Victoria Road,York,TS5 3XX,28626071075,general practice,R0007247
Elnea,Nguyen,,1582471270,157 Station Rd,York,TS25 2XX,57344864038,ortho surgery,R0004292
Sarah,Wilson, MD,,26 station rd,Durham,TS14 8XX,6211 508 2918,family medicine,R0003892
Wei,Roberts, Jr,3954145920,271 station rd,Leeds,TS28 2XX,91840678165,cardiology,R0001548
Fatima,Ahmed,,5233832573,285 High Street,York,TS25 7XX,75911782322,orthopedics,R0004505
John,Thomas,,7215421801,167 Station Road,Leeds,TS2 2XX,34519547905,gp,R0004371
Priya,Thomas,,2859438370,261 Park Avenue,Newcastle,TS9 8XX,01336817859,pediatrics,R0003323
Priya,Davies,,3987092784,218 Station Road,Leeds,TS10 1XX,34940133349,pediatrics,R0007115
Omar,Ahmed,,8891512364,177 Victoria Road,Leeds,TS18 7XX,92705497984,paediatrics,R0000355
Elnea,Thomas, Dr,1165326833,202 Station Road,Leeds,TS1 4XX,0757 503 0099,family medicine,R0003978
Grace,Taylor,,0197380086,132 Church Lane,Leeds,TS24 5XX,43356842552,cardiology,R0001461
James,Roberts, Jr,2310469489,68 Church Lane,York,TS12 7XX,0941 250 7857,paediatrics,R0005200
Wei,Smith,,5429127525,207 Church Lane,Leeds,TS20 7XX,00920539901,orthopaedics,R0002535
W.,Patel, MD,3903580777,129 Park Ave,Middlesbrough,TS1 7XX,84388316831,family medicine,R0006649
Grace,Davies,,8562487552,144 Station Road,Durham,TS4 1XX,57941631670,ortho surgery,R0003220
Aisha,Smith,,7145579193,172 Church Lane,York,TS11 4XX,70153603820,orthopedics,R0006682
David,Nguyen,,3746192566,226 Church Lane,Newcastle,TS29 7XX,17559586074,family medicine,R0002373
Aisha,Evans,,1036385984,71 Victoria Road,York,TS1 3XX,(4981) 0557284,paediatrics,R0001051
Wei,Smith,,3108003547,273 Park Avenue,Middlesbrough,TS23 1XX,93991319485,paediatrics,R0003074
Mohammed,Davies, MD,,250 Church Lane,Leeds,TS21 3XX,13742704168,cardiology,R0002321
Priya,Smith,,0671037469,221 Church Lane,Leeds,TS1 7XX,73626420080,orthopaedics,R0004794
J.,Taylor,,0246075009,47 Church Ln,Newcastle,TS15 2XX,7432 492 5078,cardiology,R0003334
S.,Roberts,,1203710506,298 Park Avenue,Durham,TS3 5XX,3112 740 2108,ortho surgery,R0004861
Fatima,Patel,,0630695383,18 Park Avenue,York,TS22 5XX,44240303302,paediatrics,R0001751
J.,Smith, MD,4611632823,32 Park Avenue,Middlesbrough,TS14 6XX,0197 343 9720,pediatrics,R0005666
Amara,Khan,,6616258923,180 High Street,Newcastle,TS10 7XX,(9464) 5281698,ortho surgery,R0001772
Oamr,Smith,,8159193782,63 Station Road,Newcastle,TS3 1XX,36854819329,gp,R0001196
Grace,Taylor,,,187 Park Avenue,Durham,TS3 1XX,(6088) 5749026,general practice,R0001878
Sarah,Williams,,6097652568,20 Park Avenue,Newcastle,TS14 4XX,76345631831,general practice,R0002668
A.,Evans,,7857889184,251 Church Lane,Newcastle,TS1 2XX,12277026998,paediatrics,R0007488
Priya,Khan,,0160652011,244 Church Lane,Newcastle,TS13 6XX,30248296366,gp,R0002016
Rajesh,Sharma,,7613613845,161 Park Avenue,Leeds,TS24 1XX,45270667215,ortho surgery,R0002005
Aisha,Ahmed,,2119532590,152 Park Ave,Middlesbrough,TS12 7XX,7483 328 9366,orthopedics,R0006088
Omar,Ahmed,,7196985265,272 Church Lane,Durham,TS26 2XX,57330359528,general practice,R0001482
Elena,Wilson,,0539458756,18 Church Lane,Durham,TS9 3XX,84513653053,ortho surgery,R0003237
Aisha,Brown,,3564892739,6 Station Road,Leeds,TS21 7XX,15365996681,ortho surgery,R0000328
Omar,Sharma,,3122232637,131 Park Avenue,Durham,TS17 8XX,29218805525,cardiovascular medicine,R0000648
Rajesh,Nguyen,,,290 church ln,Leeds,TS18 1XX,83414305230,orthopaedics,R0003599
Elena,Wilson, Dr,7853941892,84 Station Rd,Leeds,TS10 2XX,(0121) 1928547,cardiovascular medicine,R0002945
Amara,Williams,,1307445595,284 Station Rd,Newcastle,TS24 5XX,12018614261,paediatrics,R0003889
Mohammed,Wilson,,3996506327,148 High Street,Leeds,TS23 8XX,55904249595,gp,R0001123
John,Williams,,7619064676,156 Park Ave,Newcastle,TS21 7XX,42265029771,cardiology,R0000396
Lucy,Sharam,,5968514714,124 Church Ln,Newcastle,TS29 5XX,(2251) 6919043,general practice,R0002788
Priya,Khan,,1775005875,224 church ln,Durham,TS7 1XX,31284472755,cardiovascular medicine,R0004398
Mohammed,Smith,,1364767905,189 Station Road,Durham,TS24 6XX,79581292093,paediatrics,R0003921
Jonh,Khan,,,186 Church Ln,York,TS6 8XX,68362529545,general practice,R0004316
John,Ahmed,,2388456910,287 High Street,York,TS11 1XX,46462944592,family medicine,R0005255
Rajesh,Khan,,0834734571,128 Victoria Road,Newcastle,TS18 7XX,69049381069,cardiology,R0006286
Omar,Smith, Jr,7387911938,117 park ave,York,TS2 1XX,7002 967 6524,general practice,R0001259
Grace,Nguyen,,5873357770,172 Church Lane,Middlesbrough,TS2 6XX,99831348329,gp,R0004454
Omar,Roberts,,5769313271,111 Station Road,Middlesbrough,TS12 6XX,28708417612,orthopaedics,R0006511
Chen,Thomas,,6621806405,146 High Street,Newcastle,TS8 2XX,63335771459,family medicine,R0005137
James,Brown,,4606706146,16 Victoria Road,York,TS13 7XX,22410316544,cardiology,R0001519
Amara,Ahmed,,0840179724,89 Station Road,Middlesbrough,TS26 1XX,41433533256,ortho surgery,R0005850
Aisha,Davies,,6159027029,159 High Street,York,TS10 4XX,2270 128 3056,cardiovascular medicine,R0001378
Omar,Nguyen,,1137175563,152 Station Road,Leeds,TS2 6XX,63918807126,cardiology,R0005476
Mohammed,Davies,,2020871525,279 Victoria Road,Newcastle,TS25 2XX,11166802764,pediatrics,R0001023
David,Thomas,,4510311021,104 High Street,Leeds,TS8 8XX,66604694271,gp,R0002587
Elena,Brown,,0786588469,212 Station Road,Durham,TS11 1XX,45715668742,gp,R0002918
Aisha,Evans, MD,5777335965,287 Victoria Rd,Leeds,TS23 6XX,25569245004,gp,R0005229
Mohammed,Jones,,4703468667,132 Park Avenue,York,TS20 4XX,82607152066,ortho surgery,R0005339
Priya,Jones,,0655548230,6 Church Lane,Leeds,TS6 5XX,97139288097,pediatrics,R0003787
Priya,Smith,,8150927676,60 Church Lane,Durham,TS24 4XX,99791569180,cardiology,R0000912
Amara,Patel,,9472511639,55 Victoria Road,Middlesbrough,TS20 7XX,28730435238,cardiovascular medicine,R0002857
John,Williams, MD,7522358296,70 Church Ln,Leeds,TS12 7XX,95052751299,cardiology,R0005101
David,Ahmed,,7238363053,59 Station Road,Newcastle,TS23 3XX,57005994749,paediatrics,R0001675
Rajesh,Patel,,6533597421,290 High Street,Middlesbrough,TS24 5XX,09160559645,family medicine,R0001746
David,Davies,,2149859773,105 Church Lane,Newcastle,TS27 6XX,01456278271,cardiology,R0003026
Mohammed,Williams, MD,1705685578,229 high st,Middlesbrough,TS28 1XX,30360574161,gp,R0000532
Sarah,Davies,,7713495632,142 Park Avenue,Newcastle,TS2 5XX,71645580238,paediatrics,R0001736
Fatima,Evans,,2299805709,211 Park Avenue,Leeds,TS15 8XX,88979906341,ortho surgery,R0001629
Grace,Jonse, Jr,4587119681,213 Church Lane,Middlesbrough,TS14 3XX,32115237486,general practice,R0004953
Priya,Khan,,3818072942,47 Station Road,Newcastle,TS12 3XX,75640005578,pediatrics,R0000430
Priya,Patel,,6916015654,207 Station Road,Durham,TS10 6XX,35938055925,pediatrics,R0003523
Lucy,Brown,,5451855844,203 Church Lane,Newcastle,TS8 2XX,17078616401,paediatrics,R0001808
Elena,Evans,,8822917021,19 Church Lane,Middlesbrough,TS18 4XX,67553691076,cardiovascular medicine,R0004775
Amara,Thomas,,1248349905,215 Park Avenue,Durham,TS29 8XX,29403296303,pediatrics,R0003607
A.,Taylor,,2527337825,36 station road,Middlesbrough,TS8 1XX,7454 241 0105,orthopaedics,R0003796
James,Nguyen,,6953959265,281 Church Lane,Newcastle,TS16 7XX,41763024473,orthopedics,R0004689
Omar,Thomas,,2793296049,194 High Street,Newcastle,TS18 5XX,07036946884,gp,R0006465
Lucy,Davies,,5422700376,186 Church Lane,York,TS4 3XX,07722384746,cardiovascular medicine,R0000234
Sarah,Ahmed, Dr,9215402668,106 Park Ave,Leeds,TS28 4XX,4149 297 2983,cardiology,R0007043
Priya,Ali,,9558910338,105 Church Lane,Newcastle,TS20 6XX,95722590528,orthopaedics,R0002222
James,Smith,,0998012764,66 Park Avenue,Newcastle,TS3 3XX,5340 218 7992,general practice,R0006623
Sarah,Ahmed,,4247661065,122 Park Avenue,Leeds,TS4 3XX,69543013653,cardiovascular medicine,R0004307
Priya,Taylor,,2485146812,240 Station Road,Middlesbrough,TS12 6XX,67349644283,paediatrics,R0007347
Fatima,Ali,,2468669887,128 Station Road,Middlesbrough,TS23 7XX,61976406300,cardiology,R0004630
Chen,Wilson,,9743344182,84 High Street,Middlesbrough,TS5 6XX,20547191033,gp,R0006698
John,Patel,,1099243552,85 Park Avenue,Middlesbrough,TS19 7XX,07798001576,cardiology,R0001948
Amara,Thomas,,1146309845,65 Station Road,York,TS23 3XX,73224963123,cardiology,R0005738
Lucy,Sharma,,2897078091,22 Church Lane,Durham,TS10 6XX,34092921327,paediatrics,R0006901
Grace,Ahmed,,0041575672,281 Church Lane,Durham,TS17 2XX,35134746882,pediatrics,R0006999
S.,Sharma, MD,0338216797,272 Station Road,Durham,TS27 7XX,(5213) 5947747,pediatrics,R0004634
James,Williams,,2053379664,267 Church Lane,York,TS8 5XX,33808137987,pediatrics,R0003492
John,Thomas,,9731620847,207 High Street,Newcastle,TS21 8XX,50357716902,gp,R0006872
Priya,Williams,,2686477057,224 Park Avenue,Leeds,TS5 3XX,39680715386,pediatrics,R0001995
Fatima,Smith,,1424773018,15 High Street,Leeds,TS29 3XX,08786570154,cardiovascular medicine,R0003639
Wei,Taylor,,2737032624,72 Station Road,Durham,TS11 6XX,07611392442,pediatrics,R0002671
Omar,Jones, Jr,,164 Church Ln,Newcastle,TS15 4XX,(3196) 1289508,paediatrics,R0006247
Chen,Ahmed,,6934614532,121 Church Lane,Newcastle,TS13 7XX,61955602763,cardiology,R0002224
Amara,Ahmed,,6306565590,117 High Street,Newcastle,TS26 4XX,54947336301,paediatrics,R0001106
Rajesh,Roberts, Jr,6083131229,187 station rd,York,TS5 1XX,8392 607 8576,cardiology,R0006185
Mohammed,Ahmed,,7527628862,70 Station Road,York,TS6 3XX,11714408966,general practice,R0000818
Priya,Robrets,,6177153280,159 church lane,Leeds,TS10 4XX,53571453586,family medicine,R0003973
Wei,Patel,,8855795257,6 Park Avenue,York,TS5 1XX,63914508392,family medicine,R0007225
Priya,Jones,,4689850191,150 High Street,Newcastle,TS16 4XX,46965232770,pediatrics,R0006443
Priya,Williams,,6470662648,218 Park Avenue,Durham,TS16 6XX,14308630968,cardiology,R0005451
L.,Khan, Dr,2293389087,141 Victoria Rd,Middlesbrough,TS2 3XX,84723847619,cardiovascular medicine,R0001697
David,Khan, Dr,2379883259,78 Station Rd,Durham,TS8 3XX,5786 686 1050,gp,R0004058
John,Brown,,8364597447,12 Station Road,Middlesbrough,TS14 1XX,14772417278,paediatrics,R0000136
Mohammed,Wilson, MD,0745124073,296 Park Ave,Middlesbrough,TS1 8XX,(2965) 6539076,cardiovascular medicine,R0004103
David,Jones,,3429880473,247 high street,Durham,TS24 5XX,1819 063 5872,orthopaedics,R0001642
Sarah,Ahemd,,,207 Victoria Road,Middlesbrough,TS21 8XX,89802920306,pediatrics,R0005776
Jhon,Ahmed,,9847286387,145 high street,Newcastle,TS9 1XX,(3405) 4545186,paediatrics,R0005018
David,Nguyen,,3741384764,232 Station Road,Durham,TS20 3XX,03072329897,orthopedics,R0003722
Rajesh,Davies, MD,,295 Church Ln,Newcastle,TS23 2XX,(8869) 5910445,pediatrics,R0006657
Aisha,Wilson,,3006621066,246 Station Road,Durham,TS25 5XX,20753089426,cardiovascular medicine,R0001180
James,Williams,,8429683249,268 Church Lane,Newcastle,TS28 8XX,94969304266,cardiology,R0004712
Chen,Brwon,,7850868698,47 Station Rd,Middlesbrough,TS5 7XX,24740303756,orthopedics,R0000888
S.,Patel, Dr,,201 park ave,Leeds,TS7 8XX,(0703) 8830984,gp,R0002987
Amaar,Williams, MD,3254649494,127 Park Ave,York,TS3 6XX,7450 879 5229,gp,R0002372
Priya,Ahemd,,5237755360,281 High St,Durham,TS6 6XX,02929266627,cardiovascular medicine,R0002437
James,Ali, Dr,1692550698,227 Victoria Road,York,TS21 2XX,(2927) 8609291,gp,R0004084
Amara,Wilson,,6641422128,74 Church Lane,Newcastle,TS23 2XX,98607597040,pediatrics,R0007240
Elena,Jones,,3579083406,229 victoria road,Middlesbrough,TS23 1XX,9798 346 1308,cardiology,R0000817
F.,Evans, MD,9877435752,98 High St,Middlesbrough,TS13 7XX,78708984291,gp,R0001111
James,Thomas,,5373285683,21 High St,Durham,TS10 8XX,3777 608 2522,ortho surgery,R0003414
Wei,Smith,,4333599287,35 Victoria Road,Newcastle,TS3 7XX,79713635681,paediatrics,R0004696
Aisha,Wilson,,3707265245,202 Park Avenue,York,TS2 1XX,68401970276,pediatrics,R0002341
Sarah,Evans,,2834239906,230 Victoria Road,York,TS11 7XX,61309109269,cardiology,R0006161
David,Khan,,0588800968,267 Victoria Road,Durham,TS12 6XX,68818673481,paediatrics,R0003167
Fatima,Paetl, Dr,0276299109,8 church ln,Newcastle,TS21 7XX,44962409655,cardiology,R0007184
Sarah,Patel,,6313639418,279 station rd,Leeds,TS10 4XX,55629490382,cardiology,R0005103
David,Ahmed,,5816361053,49 Victoria Road,Durham,TS14 4XX,64779364120,pediatrics,R0004928
Elena,Brown,,3550257080,114 Park Avenue,Leeds,TS27 6XX,78080568779,cardiology,R0003065
Grace,Brown,,9032814899,36 Park Avenue,Middlesbrough,TS3 4XX,45063193249,paediatrics,R0001264
Aisha,Davies, Jr,6586077999,294 station road,Newcastle,TS23 1XX,8628 295 4020,paediatrics,R0000990
Elena,Brown,,0409281213,272 Park Avenue,York,TS18 7XX,04551236935,general practice,R0001464
Amara,Jones,,3472632103,119 Station Road,Durham,TS16 1XX,73610148989,cardiovascular medicine,R0003662
Chen,Sharma, Dr,4811699946,49 Victoria Road,Middlesbrough,TS26 7XX,0447 494 4284,paediatrics,R0004872
Sarah,Davies, MD,,142 park avenue,Newcastle,TS2 5XX,7164 558 0238,pediatrics,R0001739
Aisha,Jones,,4375268620,40 Park Avenue,York,TS2 1XX,16239604385,cardiology,R0005394
Luyc,Davies,,8278159580,40 Victoria Road,Middlesbrough,TS15 1XX,19182181879,gp,R0003949
Wei,Nguyen,,7223564872,215 Station Road,Newcastle,TS22 8XX,00527740323,cardiovascular medicine,R0003710
David,Ali,,4486877238,248 Park Avenue,Leeds,TS10 7XX,11727595882,ortho surgery,R0000353
Mohammed,Willimas,,2000161340,85 Church Lane,Newcastle,TS1 3XX,(0285) 3898535,paediatrics,R0004438
Chen,Wilson, Jr,,114 Station Rd,Durham,TS14 6XX,5951 807 7503,cardiology,R0005721
Amara,Patel, Dr,,137 Church Lane,York,TS20 3XX,4127 539 2509,ortho surgery,R0004937
James,Brown,,1408609256,72 Church Lane,Durham,TS5 3XX,61321892842,paediatrics,R0003918
Aisha,Williams,,0717196934,128 Park Avenue,Newcastle,TS4 4XX,23059870166,orthopedics,R0005404
John,Wilson,,7550301802,63 High Street,York,TS12 6XX,01300580286,general practice,R0005272
Sarah,Evans,,8942416415,167 Park Avenue,Leeds,TS12 8XX,77444410855,family medicine,R0001489
Mohammed,Wilson,,,292 Church Ln,Durham,TS18 3XX,3983 090 2071,cardiology,R0005045
Omar,Patel, Jr,,172 Park Avenue,Leeds,TS17 8XX,88548341504,ortho surgery,R0006146
James,Williams,,5638461954,234 Station Road,Durham,TS1 4XX,77635162371,family medicine,R0003130
Jhon,Patel,,6502325611,249 Park Avenue,York,TS8 3XX,08853239083,cardiology,R0001228
Priya,Evans,,5551542924,291 Station Road,York,TS16 6XX,33765515206,family medicine,R0004478
Elena,Wilson,,8517538097,269 Park Avenue,Durham,TS29 4XX,90992733522,orthopaedics,R0003960
Lucy,Jones,,,53 Church Lane,Newcastle,TS20 4XX,62285039685,gp,R0001053
Priya,Sharma,,5318678847,41 Victoria Road,Durham,TS7 8XX,61875375601,general practice,R0007105
David,Patel,,2830723179,186 Victoria Road,Middlesbrough,TS27 6XX,80833875639,orthopedics,R0002894
James,Brown,,3876407623,249 Park Avenue,Middlesbrough,TS23 5XX,15120836085,pediatrics,R0007024
David,Thomas,,5962745115,215 High Street,Newcastle,TS25 6XX,75034924311,family medicine,R0000052
Fatima,Ahmed,,,285 High St,York,TS25 7XX,7591 178 2322,orthopedics,R0004506
Mohammed,Sharma,,4340384463,201 Church Lane,Leeds,TS22 5XX,05305016528,ortho surgery,R0004246
A.,Ali,,3781171805,51 Victoria Rd,Newcastle,TS25 6XX,95898699326,cardiology,R0005261
Priya,Brown,,1072756614,289 Park Avenue,Leeds,TS4 4XX,83317311324,orthopaedics,R0003085
Aisha,Jones,,0041853041,28 Victoria Road,Leeds,TS14 1XX,12079927500,cardiovascular medicine,R0000159
James,Khan,,3028474517,113 Station Road,Leeds,TS8 6XX,65308659029,cardiology,R0004631
Elena,Wilson, Jr,,11 park avenue,Middlesbrough,TS28 5XX,03200786601,orthopedics,R0001587
Eelna,Wilson, Jr,9982514094,11 Park Avenue,Middlesbrough,TS28 5XX,(0320) 0786601,orthopedics,R0001589
Elena,Ahmed, MD,1760878663,51 Station Rd,Leeds,TS10 3XX,75477932016,ortho surgery,R0001479
Aisha,Roberts, Jr,5276796644,195 High St,Middlesbrough,TS29 2XX,0714 343 0260,paediatrics,R0003555
Mohammed,Ali,,4386596877,73 Park Avenue,Middlesbrough,TS6 5XX,77860579651,paediatrics,R0004709
Elean,Ali, MD,0206004792,2 Church Lane,Newcastle,TS22 8XX,0063 774 9830,orthopaedics,R0003145
Wei,Patel,,1920363306,238 Station Road,Middlesbrough,TS21 8XX,6945 358 6053,general practice,R0001469
A.,Wilson,,6152867760,161 station road,Newcastle,TS21 8XX,(0160) 0369947,pediatrics,R0004475
Fatima,Nguyen,,7719506747,26 Park Avenue,York,TS10 8XX,64729762397,cardiology,R0003094
David,Wilson,,3179024725,158 Station Road,Leeds,TS12 4XX,21572393431,cardiology,R0005341
Mhoammed,Ahmed, Dr,,214 High St,Newcastle,TS14 6XX,15648552646,cardiovascular medicine,R0004030
Rajesh,Jones, Jr,2269916706,144 Church Ln,Middlesbrough,TS23 8XX,5245 976 7631,orthopaedics,R0002078
Aisha,Khan, MD,,70 Church Lane,Middlesbrough,TS13 5XX,77879405112,orthopaedics,R0007346
Priya,Evans,,6599470542,40 Station Road,Middlesbrough,TS15 5XX,1434 846 2943,cardiovascular medicine,R0004864
Elena,Roberts,,2818279941,100 Church Lane,Durham,TS14 7XX,60921287452,ortho surgery,R0004602
Mohammed,Nguyen,,9585914111,6 High Street,Newcastle,TS21 4XX,85444489170,cardiovascular medicine,R0003858
J.,Jones,,0822557848,6 Park Avenue,Middlesbrough,TS12 8XX,08821755873,paediatrics,R0007395
Rajesh,Ahmed,,2035928400,116 Park Avenue,York,TS16 7XX,00741725027,general practice,R0007242
Fatima,Khan,,6129684746,1 Church Lane,Middlesbrough,TS18 2XX,61854992943,gp,R0004126
J.,Jones, MD,,35 Station Road,Newcastle,TS28 2XX,(5883) 5122236,cardiology,R0002828
Wei,Jones,,1988734885,92 Victoria Road,Leeds,TS12 7XX,37422643700,paediatrics,R0000436
Omar,Ali,,0757148856,291 Church Lane,Newcastle,TS8 8XX,59054423812,cardiovascular medicine,R0005802
Rajesh,Williams,,5583858404,297 Station Road,Middlesbrough,TS16 1XX,58689986638,cardiovascular medicine,R0007265
Lucy,Roberts,,2576620999,42 High Street,Durham,TS8 3XX,42559879408,family medicine,R0002960
Lucy,Wilson,,6812771052,234 high street,York,TS8 8XX,(8092) 1134936,cardiovascular medicine,R0005003
Lucy,Evnas, Dr,,220 park avenue,Newcastle,TS22 8XX,78534961308,orthopedics,R0003878
Elena,Wilson, Jr,9982514094,11 park avenue,Middlesbrough,TS28 5XX,(0320) 0786601,ortho surgery,R0001588
Aisha,Ahmed,,8091843815,281 Station Road,Leeds,TS28 2XX,90232260545,orthopaedics,R0004898
Mohammed,Taylor,,6060391042,62 Station Rd,York,TS5 1XX,(9848) 9312986,pediatrics,R0002780
Sarah,Sharma,,4208798896,125 Victoria Road,Newcastle,TS16 7XX,53127898126,orthopedics,R0006100
Priya,Ali,,5199857949,19 Victoria Road,Durham,TS27 4XX,29468186829,general practice,R0005523
David,Thomas,,7645541540,131 Victoria Road,Durham,TS4 2XX,58481588260,orthopedics,R0001590
Pryia,Nguyen,,3371432134,2 Park Avenue,Middlesbrough,TS23 2XX,(6386) 5089159,pediatrics,R0004586
Fatima,Amhed,,6758273649,77 Station Rd,York,TS5 6XX,04034331774,orthopaedics,R0000973
Elnea,Davies, MD,,39 High St,Newcastle,TS4 8XX,10998741557,cardiology,R0001238
Mohammed,Smith,,2078469900,266 Station Road,Leeds,TS5 2XX,81406752047,cardiology,R0002951
Mohammed,Williams,,5248615057,93 Station Road,Newcastle,TS27 3XX,39294191639,ortho surgery,R0006722
A.,Wilson,,3707265245,202 park avenue,York,TS2 1XX,6840 197 0276,pediatrics,R0002342
A.,Sharma,,5335982347,220 Station Road,Middlesbrough,TS5 4XX,(8625) 7276611,pediatrics,R0003941
Fatima,Ahmed,,3727055181,151 Park Avenue,York,TS23 4XX,57024306071,paediatrics,R0004498
Sarah,Roberts,,8283245626,31 High Street,Middlesbrough,TS8 8XX,70085732155,paediatrics,R0004819
Aamra,Patel,,2575780679,127 Victoria Rd,Newcastle,TS19 3XX,17154606144,cardiology,R0007406
Lucy,Nguyen, Dr,,152 High Street,York,TS17 6XX,(6575) 6001533,paediatrics,R0002231
Lucy,Khan,,8594020858,156 Park Avenue,Newcastle,TS7 3XX,78983692154,gp,R0004019
Wei,Ali,,3340598207,68 Victoria Road,Newcastle,TS17 4XX,76729006559,cardiovascular medicine,R0001497
Aisah,Evans,,,63 Church Lane,Newcastle,TS20 3XX,6525 695 1952,cardiovascular medicine,R0000449
Wei,Thomas,,2129374489,262 Park Avenue,Newcastle,TS5 8XX,11842028097,pediatrics,R0002369
Grace,Thomas,,3246933134,163 Church Lane,Middlesbrough,TS5 3XX,42149496717,cardiology,R0006470
Fatima,Sharma,,1341172214,195 High Street,York,TS3 1XX,94214223144,pediatrics,R0003429
John,Taylor,,9838916059,268 Victoria Road,York,TS18 7XX,06371477793,ortho surgery,R0004716
Aihsa,Smith,,7145579193,172 church lane,York,TS11 4XX,(7015) 3603820,orthopedics,R0006684
Fatima,Taylor,,3598238194,32 Church Lane,Newcastle,TS6 2XX,87415702325,cardiovascular medicine,R0003817
Aisha,Evans,,9576109516,84 Station Road,Leeds,TS25 5XX,55275375275,pediatrics,R0004663
Aisha,Thomas,,7756593704,217 Victoria Road,Leeds,TS24 5XX,11143871576,cardiology,R0002422
Rajesh,Ahmed,,2733370377,37 Park Avenue,Newcastle,TS6 1XX,12399011804,pediatrics,R0006740
Elena,Roberts, Jr,7760479725,239 park avenue,Newcastle,TS4 8XX,48754252422,cardiology,R0005821
Eelna,Williams,,2649806607,159 church lane,Newcastle,TS15 4XX,67745983613,gp,R0004420
John,Ahmed,,1497438928,280 Station Road,Newcastle,TS28 6XX,43008625869,orthopedics,R0001551
James,Nguyen,,6145878203,202 Victoria Road,Newcastle,TS14 3XX,52109674399,family medicine,R0006659
Elnea,Roberts, Jr,9612154821,267 Park Avenue,Middlesbrough,TS27 1XX,(4958) 4775190,orthopedics,R0001146
David,Brown,,4730109096,86 High Street,Leeds,TS23 4XX,84326761362,ortho surgery,R0004949
C.,Evans,,2718486266,136 station rd,Leeds,TS20 4XX,82127642735,paediatrics,R0006467
Sarah,Roberts,,3336961511,67 High Street,Durham,TS26 2XX,92310641533,cardiovascular medicine,R0002092
Fatima,Ahmed,,9554344705,107 Church Lane,Durham,TS20 4XX,13227471942,pediatrics,R0001313
James,Sharma,,1282885536,135 victoria road,Newcastle,TS6 6XX,14058875607,cardiovascular medicine,R0002015
Omar,Jones, Dr,6586953590,183 High Street,Middlesbrough,TS8 5XX,4590 935 1524,general practice,R0006208
Fatima,Jones,,,92 Church Ln,Leeds,TS23 6XX,(7483) 8225572,family medicine,R0000187
Fatima,Evasn, Jr,0467886155,238 Station Road,Durham,TS18 7XX,02229378076,paediatrics,R0005843
Aisha,Ali,,4086012828,155 High Street,York,TS28 6XX,53525027946,orthopaedics,R0003842
Sarah,Patel,,7933612871,252 park ave,Newcastle,TS7 2XX,99542051499,cardiovascular medicine,R0003655
Sarah,Thomas,,1177290125,140 Church Lane,Leeds,TS7 5XX,48088467850,cardiovascular medicine,R0003426
Lucy,Jones,,5833146325,155 Station Road,Leeds,TS12 2XX,(7112) 9548083,cardiovascular medicine,R0005845
Fatima,Patel,,0821644418,57 High Street,York,TS8 6XX,53521966995,cardiovascular medicine,R0001381
Wei,Wilosn,,4061229221,215 Victoria Road,Newcastle,TS28 8XX,5145 740 3596,cardiovascular medicine,R0004582
A.,Patel,,3180414474,37 Victoria Rd,Middlesbrough,TS2 1XX,3102 980 9243,cardiology,R0000413
Aisha,Smith,,3807584059,201 Church Lane,Middlesbrough,TS3 4XX,72399858493,cardiovascular medicine,R0004888
Aisha,Thomas,,,136 Park Avenue,Middlesbrough,TS2 3XX,2672 310 9779,general practice,R0003455
Mohammed,Khan, Jr,1536708017,129 victoria rd,Leeds,TS5 2XX,9504 507 6062,paediatrics,R0000941
Chen,Brown,,7749780498,5 Church Lane,Middlesbrough,TS9 5XX,69032912216,orthopaedics,R0000801
Chen,Ahmed,,0394384705,207 High Street,Middlesbrough,TS16 5XX,14448909096,gp,R0003336
R.,Sharma,,2112459927,190 park ave,Durham,TS3 4XX,(9577) 4793073,gp,R0003606
Sarah,Smith,,4031960180,63 Church Lane,York,TS21 2XX,92097898902,cardiovascular medicine,R0007033
Rajesh,Wilson,,6912408315,188 High Street,Leeds,TS19 3XX,82141651388,family medicine,R0002750
Amara,Wilson,,5973849066,219 station road,Durham,TS5 2XX,48029492530,paediatrics,R0005639
L.,Khan,,,110 High Street,Leeds,TS1 6XX,06203252993,gp,R0005379
Omar,Wilson,,9800997756,236 Station Rd,Durham,TS5 5XX,(0236) 4477222,paediatrics,R0006608
Mohammed,Thomas, Jr,6834195542,5 Church Lane,York,TS25 3XX,02419739319,family medicine,R0000256
Amara,Brown, Jr,2060809548,126 Church Lane,Middlesbrough,TS15 4XX,(9503) 3210733,cardiovascular medicine,R0004350
Priya,Smith,,7736955872,229 High Street,Middlesbrough,TS20 8XX,92287241128,family medicine,R0007360
Mohammed,Khna,,7770832588,225 High St,Newcastle,TS23 8XX,9500 606 1821,paediatrics,R0003199
Luyc,Nguyen, Dr,,237 station rd,York,TS28 6XX,6111 819 7831,general practice,R0002235
Aisha,Jones,,5732337339,222 Church Lane,Newcastle,TS21 8XX,(1990) 3447626,orthopedics,R0000647
James,Davies,,0100906312,71 High Street,Leeds,TS24 5XX,86911457117,orthopaedics,R0001767
D.,Taylor,,3647028171,144 Church Ln,Durham,TS21 5XX,81156731224,gp,R0007300
Elena,Davies,,5073167803,46 Station Road,York,TS29 1XX,64497047154,general practice,R0003975
David,Wilson, MD,4936962072,54 High Street,Newcastle,TS2 3XX,69863256696,cardiology,R0005510
W.,Sharma, Dr,5034891998,159 Park Ave,Leeds,TS4 2XX,(9978) 5174568,cardiovascular medicine,R0006340
Omar,Jones,,0313055261,121 High Street,York,TS5 7XX,34240913847,general practice,R0001572
Amara,Thomas,,3662201441,250 Church Lane,Durham,TS7 3XX,35373431622,paediatrics,R0000024
Omar,Ahmed,,2629135908,71 Station Road,Durham,TS4 2XX,96057725192,cardiology,R0005931
Mohammed,Thomas,,5593607583,168 Victoria Road,York,TS7 2XX,13589646325,paediatrics,R0001088
Omar,Smith, Dr,8383118066,126 Station Rd,Durham,TS11 7XX,37448040017,gp,R0004313
J.,Ahmed, MD,7332465802,179 Church Ln,Durham,TS26 6XX,42265643122,gp,R0002694
Omar,Thomas,,0533399492,180 Park Avenue,Middlesbrough,TS5 2XX,56018370437,paediatrics,R0004653
Lucy,Smith, Jr,,115 Station Rd,Durham,TS26 4XX,9854 118 3932,general practice,R0003398
Sarah,Williams,,0809734573,262 station road,Middlesbrough,TS13 4XX,68222117785,orthopaedics,R0003559
Fatima,Ali,,8337154163,131 High Street,Durham,TS6 6XX,14827791797,general practice,R0000112
Sarah,Brown,,6455106909,39 Victoria Road,Durham,TS17 3XX,50235247980,cardiovascular medicine,R0002841
Priya,Roberts,,0527190810,27 High Street,Durham,TS10 4XX,82520938481,cardiovascular medicine,R0002311
P.,Ahmed,,,244 Station Rd,Leeds,TS25 8XX,1204 625 3027,general practice,R0003441
Amara,Williams, MD,9864845735,37 Station Rd,Middlesbrough,TS24 8XX,40386291441,cardiovascular medicine,R0004878
Rjaesh,Sharma, Dr,5200351077,171 Church Ln,Leeds,TS19 2XX,(0879) 8109845,gp,R0007130
Grace,Ali,,7313722325,58 Park Avenue,Middlesbrough,TS24 2XX,72501612788,orthopaedics,R0006641
Grace,Williams,,5431096822,188 Church Lane,Durham,TS21 5XX,45212378839,gp,R0003805
James,Amhed,,,85 church lane,Durham,TS8 7XX,6927 411 5314,cardiovascular medicine,R0000056
Mohammed,Evans,,9123861369,233 Church Lane,Middlesbrough,TS4 1XX,14237475294,gp,R0001309
Omar,Patel,,7306031500,116 Church Lane,Newcastle,TS2 4XX,82487276549,cardiovascular medicine,R0000695
Priya,Roberts,,7125413923,136 Victoria Road,Newcastle,TS6 3XX,88473296720,orthopedics,R0004387
Amaar,Sharma, MD,2694940836,203 Church Lane,Durham,TS23 8XX,92062375586,orthopedics,R0004112
Mohammed,Khan,,2672384380,193 Park Avenue,York,TS12 6XX,26274850607,cardiology,R0003752
Priay,Taylor, Dr,0512121549,132 Victoria Rd,Durham,TS27 8XX,3463 648 8881,ortho surgery,R0005459
Jhon,Patel,,6502325611,249 Park Ave,York,TS8 3XX,(0885) 3239083,cardiovascular medicine,R0001227
Rajesh,Jones,,5817806462,104 Station Road,Leeds,TS5 4XX,87150063711,gp,R0001999
F.,Evans, Dr,,9 Park Ave,Middlesbrough,TS29 2XX,(9498) 7968105,ortho surgery,R0000276
Rajesh,Khan,,8450303747,92 High Street,Leeds,TS1 8XX,92773493424,orthopedics,R0005266
David,Williams,,9570968035,99 Victoria Road,Newcastle,TS16 4XX,77709076799,pediatrics,R0006796
Chen,Khan,,6528360903,83 Victoria Road,Durham,TS20 3XX,79629080001,ortho surgery,R0001833
Omar,Evasn, Jr,5379926561,20 Park Avenue,York,TS15 3XX,98669743278,family medicine,R0005946
Grace,Evans,,1792859386,258 Church Lane,Durham,TS12 6XX,48516565777,pediatrics,R0007313
Rajseh,Ali,,6260574292,281 Station Road,Durham,TS8 2XX,17191195772,cardiology,R0005070
Wei,Wilson,,0239983558,22 Park Avenue,Newcastle,TS16 8XX,77636362757,cardiology,R0000682
Aisha,Ahmed, Jr,8091843815,281 Station Road,Leeds,TS28 2XX,90232260545,ortho surgery,R0004899
Grace,Brown, Jr,1558414752,37 Victoria Rd,Newcastle,TS16 7XX,17182570122,cardiology,R0007070
Lucy,Davies,,,159 Victoria Road,Middlesbrough,TS1 4XX,(1666) 4143806,general practice,R0007295
Lucy,Nguyen,,,26 Station Rd,Newcastle,TS22 4XX,(6969) 9899056,paediatrics,R0004331
Chen,Thomas, MD,9808464789,14 Church Lane,Leeds,TS18 4XX,(2704) 6969828,ortho surgery,R0001137
Priya,Patel,,,188 High Street,York,TS29 1XX,97053673400,paediatrics,R0002767
Elena,Nguyen,,1801853102,59 High Street,Durham,TS28 3XX,09637671356,family medicine,R0005025
Wei,Evans,,7997151634,145 Park Avenue,York,TS11 4XX,22104604688,cardiovascular medicine,R0004728
Aisha,Ahmed,,7689863339,33 Church Lane,Middlesbrough,TS3 5XX,06065653051,paediatrics,R0004912
James,Ali,,7005950646,109 Station Road,Middlesbrough,TS1 6XX,63071147969,orthopaedics,R0000942
Elena,Borwn, Dr,8652307973,70 church ln,Newcastle,TS13 7XX,5452 437 6384,paediatrics,R0001036
Rajesh,Sharma,,7012685450,274 Park Avenue,Newcastle,TS13 6XX,29119548220,cardiovascular medicine,R0002884
Omar,Khan,,3315994086,250 Victoria Road,York,TS19 4XX,22708877814,orthopaedics,R0006047
Chen,Sharma,,2362501737,47 Park Avenue,Newcastle,TS4 8XX,84115005589,pediatrics,R0001346
Lucy,Evans,,5597662871,220 Park Avenue,Newcastle,TS22 8XX,78534961308,orthopaedics,R0003877
Sarah,Jones,,2066671342,44 Church Lane,York,TS21 2XX,22285807674,cardiovascular medicine,R0003646
John,Ali,,0403752014,220 Victoria Road,Leeds,TS6 3XX,62803243532,orthopaedics,R0004077
Amara,Patel,,3582726117,49 Station Road,Newcastle,TS9 2XX,13424630706,cardiology,R0005768
Rajesh,Taylor,,,120 Park Avenue,Leeds,TS1 3XX,29294750945,cardiovascular medicine,R0003935
Priya,Ahmed,,7445386904,31 Victoria Road,Durham,TS23 4XX,37443178046,orthopedics,R0002784
David,Nguyen,,6987526750,129 Victoria Road,Newcastle,TS11 4XX,19234269851,ortho surgery,R0000880
S.,Jones, Dr,7567229163,229 High St,Newcastle,TS25 2XX,77592083194,gp,R0002384
Elena,Wilson,,5439474551,265 Station Road,Durham,TS29 6XX,69683888378,paediatrics,R0005111
Elena,Davies,,9186766700,240 High Street,Newcastle,TS13 8XX,93084274339,orthopedics,R0002988
Rajesh,Ahmed,,0594290454,149 Victoria Road,York,TS29 1XX,75227660590,orthopaedics,R0000115
Wei,Nguyen,,9958000546,189 Station Road,Leeds,TS10 6XX,39262457927,ortho surgery,R0005234
Wei,Brown,,2114550817,213 Park Ave,York,TS1 1XX,(3815) 5922641,orthopedics,R0003400
Aisha,Williams, MD,2694700565,215 Church Ln,Durham,TS12 5XX,(4743) 0359179,orthopaedics,R0007466
F.,Smith, Jr,4255530778,198 Park Avenue,Leeds,TS20 8XX,(0569) 5877057,cardiovascular medicine,R0003119
Wei,Williams,,9309094221,234 Victoria Rd,Newcastle,TS22 2XX,5706 278 3240,cardiovascular medicine,R0004590
David,Wilson, MD,1476177486,10 Victoria Rd,Durham,TS29 7XX,31659902563,paediatrics,R0004486
Mohammed,Ahmed,,0298619437,23 Park Avenue,Middlesbrough,TS19 8XX,67632421636,pediatrics,R0005386
Amaar,Roberts, Dr,,23 park ave,York,TS12 6XX,(9822) 4667580,orthopaedics,R0002819
Omar,Wislon,,3713863444,201 Station Road,Durham,TS3 7XX,54794544350,general practice,R0003822
Mohammed,Wilson, Jr,,272 station rd,Middlesbrough,TS11 5XX,60557976840,cardiology,R0004102
Priya,Evans,,,2 high street,York,TS22 7XX,14960964762,paediatrics,R0001710
O.,Jones,,,164 Church Lane,Newcastle,TS15 4XX,31961289508,pediatrics,R0006248
David,Davies,,3665623775,144 Station Road,Middlesbrough,TS2 7XX,64756417477,family medicine,R0006169
Elena,Davies,,1676308381,28 High Street,Durham,TS28 7XX,72961182712,pediatrics,R0000081
Omar,Davies,,5430674700,195 Station Rd,Leeds,TS16 1XX,(1777) 3628060,cardiovascular medicine,R0003802
Grace,Thomas, MD,3944193189,168 Station Rd,York,TS27 6XX,(4519) 5034983,ortho surgery,R0003021
Aisha,Evans,,,42 Church Lane,Middlesbrough,TS5 6XX,31992528649,cardiology,R0001972
John,Nguyen,,3944323132,45 High Street,Leeds,TS2 2XX,70360700180,pediatrics,R0001714
Rajesh,Patel,,1725744994,269 Station Road,Middlesbrough,TS6 5XX,95970350038,paediatrics,R0003536
Wei,Wilsno, Jr,8391970809,111 Park Ave,Leeds,TS27 3XX,1289 951 9580,cardiology,R0003825
Omar,Ahmed,,6392587503,129 Church Lane,Newcastle,TS25 4XX,31411953438,orthopaedics,R0004814
Rajesh,Sharma,,2707199085,180 High Street,Leeds,TS18 2XX,53411998597,orthopaedics,R0005646
Jamse,Sharma, Dr,2905925149,67 Park Avenue,York,TS29 7XX,(2664) 1813270,ortho surgery,R0004787
James,Nguyen,,8419918983,233 Park Avenue,Newcastle,TS18 8XX,13908314493,gp,R0006012
Fatima,Patel,,8618372044,271 Victoria Road,Middlesbrough,TS27 2XX,97393601322,pediatrics,R0001946
Chen,Sharma,,9475607426,81 Park Avenue,Durham,TS27 3XX,15336044068,ortho surgery,R0004629
Priya,Khan,,1775005875,224 Church Lane,Durham,TS7 1XX,31284472755,cardiology,R0004395
Rajesh,Khan,,8450303747,32 Victoria Road,Durham,TS14 3XX,3433 493 1436,orthopedics,R0005267
Elena,Brown, MD,4483650285,206 church ln,York,TS21 5XX,3551 420 9382,pediatrics,R0007285
Rajesh,Ahmde, Dr,9810907783,84 station rd,Leeds,TS5 2XX,29456194522,orthopedics,R0003488
M.,Roberts, Jr,6960577318,216 Victoria Rd,Newcastle,TS20 7XX,47471224817,orthopaedics,R0001610
Mohammed,Ahmed,,2306546405,195 Church Lane,Durham,TS7 3XX,25000863279,paediatrics,R0007007
M.,Jones,,,262 Victoria Road,Durham,TS22 8XX,9503 611 3939,family medicine,R0001251
Amraa,Evans, Jr,6767889540,166 Park Avenue,Durham,TS9 1XX,8179 926 9720,orthopedics,R0003833
J.,Wilson,,8432329939,147 church ln,Middlesbrough,TS11 5XX,(1214) 2254263,orthopaedics,R0000694
John,Patel,,7431142850,227 Victoria Road,Leeds,TS18 7XX,64025901379,cardiology,R0003070
Fatima,Roberts,,4787422044,122 Station Road,Durham,TS10 4XX,73024801209,pediatrics,R0005602
James,Roberts,,0895092493,286 High Street,Newcastle,TS26 3XX,39932754050,ortho surgery,R0007327
Priya,Daives,,,20 Victoria Rd,Leeds,TS5 3XX,(4204) 4382805,family medicine,R0002867
Mohammed,Brown,,0229426289,267 High Street,York,TS8 7XX,14341126996,cardiology,R0005784
Omar,Nguyen,,5404030353,212 station rd,Durham,TS29 3XX,10340464046,paediatrics,R0005825
Rajesh,Patel, MD,0853215494,26 church lane,Newcastle,TS28 4XX,2324 140 9089,paediatrics,R0003375
James,Smith,,0794878715,57 Church Lane,Durham,TS24 1XX,68148018179,orthopaedics,R0000665
Priya,Brown,,8998943311,282 Victoria Road,Middlesbrough,TS18 2XX,64137822740,general practice,R0002194
Aisha,Ahmed,,6462111841,7 Station Road,Durham,TS11 7XX,00770625709,paediatrics,R0007120
Priya,Evans,,0090643931,6 Station Road,Leeds,TS23 6XX,08843453439,cardiology,R0006129
Amara,Brown,,0744531258,132 Church Lane,Leeds,TS8 4XX,94249678012,paediatrics,R0006388
Grace,Jones, MD,,108 Church Lane,Newcastle,TS9 4XX,5951 763 7181,family medicine,R0005925
James,Williams,,4675137655,103 Church Lane,Newcastle,TS18 5XX,34787670226,cardiovascular medicine,R0001017
Priya,Thomas,,7282916014,54 High Street,York,TS7 1XX,99913334542,ortho surgery,R0000557
G.,Ali, Jr,5828163474,84 victoria rd,York,TS15 3XX,(6274) 5507971,paediatrics,R0004945
Lucy,Roberts,,9833596678,6 Church Lane,Durham,TS17 6XX,77585323894,cardiology,R0004685
S.,Wilson, Jr,,82 Victoria Road,Durham,TS5 7XX,(9255) 7703932,orthopedics,R0001207
Amara,Smith,,2681478448,123 Victoria Road,Durham,TS20 6XX,65187350748,pediatrics,R0004333
Grace,Ahmed,,3125250357,82 Victoria Road,Middlesbrough,TS9 6XX,05257147732,family medicine,R0004536
Grace,Ali,,,127 Church Lane,Durham,TS7 3XX,(2045) 7733091,cardiovascular medicine,R0005832
Fatima,Smith,,1615871173,63 Church Lane,York,TS17 4XX,00028940083,cardiovascular medicine,R0001510
Chen,Sharma,,4811699946,49 Victoria Road,Middlesbrough,TS26 7XX,04474944284,pediatrics,R0004871
Wei,Roberts,,2282633907,195 High Street,Newcastle,TS22 5XX,60375172662,orthopedics,R0003829
Jmaes,Brown,,4367533473,60 park ave,Leeds,TS16 3XX,0474 700 9536,cardiovascular medicine,R0003732
Rajesh,Khan,,2465300498,16 Church Lane,Leeds,TS11 4XX,65469408850,ortho surgery,R0004886
Elena,Thomas, Dr,4883744204,55 park ave,Newcastle,TS12 2XX,42969340133,gp,R0003211
Elena,Williams,,7223424821,112 Park Avenue,Leeds,TS21 8XX,55610148683,gp,R0003630
E.,Wilson,,,169 victoria road,Newcastle,TS2 3XX,5371 822 3922,cardiovascular medicine,R0005117
Omar,Brown,,2247067264,112 High Street,Durham,TS21 6XX,04164680259,cardiology,R0005119
Grace,Patel,,0646805845,23 Church Lane,Newcastle,TS2 8XX,88453285717,paediatrics,R0000266
Aisha,Thomas,,6365239547,150 Station Road,Leeds,TS29 7XX,49360612824,ortho surgery,R0001140
Grace,Evans,,8600054002,38 Church Lane,Newcastle,TS24 4XX,27934118213,pediatrics,R0003162
Elena,Smith, Dr,8605271561,15 High Street,Newcastle,TS4 8XX,(2769) 4844880,pediatrics,R0005321
Rajesh,Patel,,9996721639,71 Park Avenue,Leeds,TS6 2XX,88662284698,orthopaedics,R0006897
Amara,Roberts, Dr,4863519396,93 Station Road,York,TS4 5XX,06112089972,cardiology,R0001909
Lucy,Davies,,5625895322,295 Station Road,York,TS13 8XX,69902068962,orthopaedics,R0007113
E.,Evans, Jr,,51 Church Lane,Leeds,TS17 5XX,84604361115,orthopedics,R0006405
David,Smith,,0531187680,150 Park Avenue,Durham,TS6 5XX,76267055300,cardiovascular medicine,R0000656
Jhon,Ali, MD,0202115150,231 Park Ave,Durham,TS24 3XX,3488 592 5106,gp,R0005303
Priya,Wilson,,7852969731,66 Park Avenue,Middlesbrough,TS24 1XX,24923319437,orthopedics,R0006193
Priya,Jones,,2948559622,149 Park Ave,Middlesbrough,TS5 1XX,74076718155,orthopedics,R0000998
Rajesh,Taylor,,3974162369,289 Station Road,Middlesbrough,TS13 6XX,69277892343,cardiology,R0002834
L.,Davies, MD,2884693102,77 high st,Durham,TS27 5XX,9695 387 3403,gp,R0006381
Elena,Davies,,7634073542,39 High Street,Newcastle,TS4 8XX,10998741557,cardiology,R0001237
Priya,Thomas,,6048256727,76 High Street,Durham,TS1 1XX,07869698655,paediatrics,R0006251
Priya,Evans,,6599470542,40 Station Road,Middlesbrough,TS15 5XX,14348462943,cardiology,R0004863
Rajesh,Khan,,5821400783,232 High Street,Newcastle,TS27 4XX,96672811127,ortho surgery,R0005728
Lucy,Wilson,,3455352958,193 Station Road,Leeds,TS9 5XX,65858037375,family medicine,R0002186
Priya,Smith, Jr,9227659092,289 park ave,Leeds,TS9 3XX,(5816) 8790345,cardiovascular medicine,R0001134
Mohammed,Davies,,8896461851,111 Church Lane,Leeds,TS11 1XX,03392398000,family medicine,R0001303
James,Ahmed,,7244811218,135 Station Road,Leeds,TS8 7XX,64706331068,ortho surgery,R0001627
A.,Khan, Jr,2507293796,252 Park Avenue,Durham,TS11 4XX,64184772897,paediatrics,R0004828
Sarah,Evans,,5932079638,209 Station Road,Durham,TS18 7XX,93017318617,paediatrics,R0001522
R.,Ahmed,,1006487113,144 Victoria Rd,Middlesbrough,TS6 1XX,4964 135 2792,paediatrics,R0000358
Mohammed,Ali,,5223526461,34 Park Avenue,Newcastle,TS4 3XX,66656607404,pediatrics,R0000138
Mohammed,Khan,,6886746155,24 High Street,York,TS21 3XX,52213896664,family medicine,R0000299
Grace,Khan, MD,9883712103,154 Victoria Rd,Newcastle,TS22 2XX,0255 112 4240,orthopedics,R0001556
Priya,Davies,,4177023708,42 Station Road,Middlesbrough,TS26 1XX,19546660528,orthopaedics,R0000382
O.,Roberts,,4444911334,136 Victoria Road,York,TS8 3XX,10278692679,orthopedics,R0005180
Mohammed,Taylor,,5219376462,234 Station Rd,Durham,TS23 6XX,(6830) 2652791,paediatrics,R0004288
James,Ali, MD,0785530664,230 Park Avenue,Leeds,TS13 3XX,87257034529,general practice,R0005970
Wei,Nguyen,,4188939638,260 Church Lane,Leeds,TS22 2XX,2456 855 6593,gp,R0005669
Priya,Taylor,,7000313273,248 Victoria Road,Middlesbrough,TS6 7XX,13682204222,ortho surgery,R0004392
Wei,Patel,,9113896570,30 Church Lane,Middlesbrough,TS22 4XX,96703486461,cardiovascular medicine,R0006067
Chen,Davies, Jr,8048028931,91 High St,Middlesbrough,TS11 5XX,8501 818 7155,paediatrics,R0005163
Wei,Taylor,,2580158669,18 Church Lane,Leeds,TS16 7XX,59367419156,cardiology,R0006992
Sarah,Khan,,,65 Station Road,Newcastle,TS5 7XX,63397057366,pediatrics,R0002721
Lucy,Ali,,8582883061,195 High Street,Newcastle,TS17 6XX,89913702531,gp,R0001932
John,Jones,,4118231307,236 Station Road,Newcastle,TS22 7XX,39511986361,paediatrics,R0004556
Chen,Jones, Jr,5433674022,86 Station Rd,Durham,TS19 8XX,6299 717 5740,cardiovascular medicine,R0006749
Grace,Sharma, MD,4542527910,263 High St,York,TS5 5XX,3974 550 5810,cardiology,R0006786
Aisha,Williams,,6222871577,205 Victoria Road,Durham,TS27 7XX,51940402779,pediatrics,R0006116
Aisha,Sharma,,5528185327,103 Church Lane,York,TS11 3XX,29811832282,gp,R0003807
Amara,Thomas,,4297668916,217 Victoria Road,Middlesbrough,TS25 5XX,06399283284,cardiovascular medicine,R0006415
James,Nguyen, Dr,2717044666,155 Victoria Road,Newcastle,TS6 4XX,(0770) 5893438,orthopedics,R0006518
Grace,Williams,,3133292153,11 Church Lane,Durham,TS3 5XX,00013991965,gp,R0000796
Lucy,Davies,,0420912346,239 Station Road,Durham,TS5 8XX,8507 762 4463,orthopedics,R0002416
Rajesh,Patel,,9626351511,32 Church Lane,York,TS9 1XX,49709450373,general practice,R0000785
David,Khan,,9124347547,280 Park Avenue,Durham,TS14 5XX,24108824950,family medicine,R0003158
Rajesh,Williams,,0494627767,289 Church Lane,Leeds,TS22 7XX,82605539802,general practice,R0000123
Rajesh,Brown,,6011500672,251 Park Avenue,Middlesbrough,TS12 3XX,38062427003,cardiovascular medicine,R0002172
Amara,Patel,,0703200127,145 High Street,Newcastle,TS3 2XX,69164787032,gp,R0005411
Lcuy,Khan, Jr,,109 Victoria Road,Durham,TS4 8XX,1579 594 0190,ortho surgery,R0005364
Wei,Williams,,9808018131,244 Church Ln,Middlesbrough,TS9 3XX,64144353372,gp,R0000910
Priya,Patel,,4643467500,125 Station Road,Leeds,TS16 6XX,24243063761,cardiovascular medicine,R0002309
James,Brown,,,249 Park Ave,Middlesbrough,TS23 5XX,(1512) 0836085,paediatrics,R0007026
M.,Sharma, Dr,,243 Station Rd,Middlesbrough,TS27 7XX,2047 675 9189,general practice,R0003634
J.,Taylor,,8941769509,128 park ave,Newcastle,TS4 4XX,42810291513,gp,R0001257
Wei,Williams,,6368395802,288 church lane,Newcastle,TS22 2XX,(7372) 9744027,orthopedics,R0001178
John,Wilson,,8292892682,243 Church Lane,Newcastle,TS19 7XX,25824587496,orthopaedics,R0003650
Amara,Evans,,,225 Station Road,York,TS3 3XX,(5496) 4467255,orthopaedics,R0000442
John,Ali, Jr,,291 Victoria Rd,Durham,TS21 3XX,(9678) 9692646,pediatrics,R0005752
Priya,Davies,,8085606437,210 Station Road,Middlesbrough,TS15 6XX,19694115577,ortho surgery,R0001399
Grace,Wilson,,6677644246,66 Park Avenue,Durham,TS11 6XX,43126202911,orthopaedics,R0001457
James,Sharma,,9531854796,207 Church Lane,Durham,TS25 3XX,65225123133,cardiology,R0004615
John,Williams,,2316133990,113 High Street,Durham,TS9 6XX,91902585127,cardiovascular medicine,R0001054
David,Wilson,,6199051386,54 Station Road,Middlesbrough,TS25 3XX,62737069446,ortho surgery,R0003275
Sarah,Sharma,,5551046024,245 High Street,Newcastle,TS28 5XX,28451395040,family medicine,R0006223
Mhoammed,Wilson,,7815478375,121 station rd,Middlesbrough,TS13 2XX,43533841721,family medicine,R0003699
Fatima,Jones,,9323337752,158 Station Road,Durham,TS22 4XX,24508728758,orthopedics,R0003759
Elena,Davies,,4960813429,151 Victoria Road,Middlesbrough,TS10 3XX,65605227104,paediatrics,R0000929
Chen,Smith,,5191153827,219 Station Road,York,TS29 5XX,19943750302,orthopedics,R0005304
Wei,Roberts,,9221736652,266 Station Road,York,TS3 4XX,74385709786,cardiovascular medicine,R0001829
David,Taylor,,6320928274,144 Station Road,York,TS20 2XX,86247270717,pediatrics,R0006362
David,Davies,,5698230566,57 High Street,Durham,TS7 7XX,27123555790,orthopaedics,R0006882
Wei,Sharma,,6118952719,41 High Street,York,TS11 7XX,97120120282,gp,R0006041
J.,Roberts, MD,,148 church lane,Durham,TS29 1XX,81941087498,paediatrics,R0004977
Fatima,Taylor,,2296110270,40 Station Road,Middlesbrough,TS19 7XX,59673860082,family medicine,R0002011
John,Jones,,4146903398,163 Victoria Road,Newcastle,TS5 2XX,36387725267,cardiology,R0005686
James,Thomas,,2981546516,81 Church Lane,Leeds,TS14 8XX,93771544797,pediatrics,R0006112
Amara,Jones,,4201724665,171 Station Road,Leeds,TS13 8XX,36326032141,cardiology,R0007200
Wei,Roberts,,3457191629,204 Church Lane,Newcastle,TS28 3XX,21701964188,orthopedics,R0002606
Sarah,Nguyen,,9011172520,183 High Street,Newcastle,TS17 6XX,14676563627,family medicine,R0003264
Wei,Nguyen,,4188939638,260 Church Lane,Leeds,TS22 2XX,24568556593,general practice,R0005668
Chen,Nguyen,,1252154220,74 Victoria Road,Leeds,TS22 4XX,90174221866,cardiovascular medicine,R0006787
Grace,Wliliams, Jr,7545501244,141 park ave,Durham,TS14 7XX,5075 655 0573,orthopaedics,R0000006
Amara,Khan,,5065845082,266 Park Avenue,Leeds,TS11 3XX,87737472590,paediatrics,R0002980
Sarah,Thomas,,1301644218,118 Park Avenue,York,TS1 8XX,41190352160,gp,R0003361
Rajesh,Ahmed, Dr,9649776097,123 High Street,Leeds,TS10 3XX,6526 219 3277,cardiology,R0001943
Wei,Davies, Jr,9643314443,293 Victoria Road,Leeds,TS24 7XX,7297 016 4565,gp,R0007236
Aisha,Tohmas, MD,5189796445,158 High St,Durham,TS2 7XX,(7837) 2832041,orthopaedics,R0006907
Priya,Smith,,9550973975,172 High Street,Middlesbrough,TS9 3XX,61205686161,orthopedics,R0006348
Grace,Sharma,,9989554555,86 Station Road,Durham,TS10 1XX,92561246999,ortho surgery,R0005761
David,Ngueyn, Dr,,204 Church Ln,Leeds,TS5 7XX,35050589857,cardiovascular medicine,R0004800
Elena,Brown,,6084619619,128 Church Lane,Durham,TS23 4XX,34860949070,pediatrics,R0006903
A.,Patel,,3594957072,206 church ln,Leeds,TS16 5XX,3064 863 0577,paediatrics,R0003134
Chen,Roberts,,4554125202,280 Victoria Road,Newcastle,TS2 3XX,84266637239,general practice,R0004764
Sarah,Jones,,6746175483,14 Church Lane,Newcastle,TS5 5XX,57931317573,cardiovascular medicine,R0002242
Mohammed,Sharma, MD,5446970308,178 Park Ave,Leeds,TS17 8XX,25331777117,orthopaedics,R0001474
John,Patel, Dr,,184 Park Avenue,Newcastle,TS5 5XX,(4792) 7908017,general practice,R0005561
M.,Williams, Dr,,121 Park Ave,Newcastle,TS18 5XX,46300764742,ortho surgery,R0001889
Amraa,Roberts, Jr,1279852482,152 Victoria Road,Leeds,TS15 5XX,(2130) 6243293,cardiovascular medicine,R0003435
David,Taylor,,1142321915,32 Victoria Road,Leeds,TS10 5XX,06176331090,orthopedics,R0004661
Aisha,Davies,,3807370916,125 Station Road,Newcastle,TS25 7XX,31026309842,pediatrics,R0003705
Lucy,Roberts,,8693705294,277 Station Road,York,TS3 2XX,46506080058,ortho surgery,R0002021
Lucy,Khan, Jr,,59 High St,Newcastle,TS15 3XX,18456730529,general practice,R0004020
Lucy,Evans,,0771236420,3 Victoria Road,Leeds,TS23 3XX,98217254410,general practice,R0005904
Aisha,Khan,,3898358486,186 High Street,Leeds,TS17 5XX,82797495471,gp,R0005345
Amara,Roberts,,6722880043,284 Victoria Road,York,TS4 4XX,17653622516,paediatrics,R0005773
Mohammed,Taylor, MD,4361627948,150 station rd,Newcastle,TS16 5XX,16751668922,paediatrics,R0002658
Rajesh,Khan,,2324879830,276 High Street,Durham,TS10 6XX,48592751231,cardiovascular medicine,R0001130
Grcae,Patel,,3455156333,79 Station Road,Durham,TS11 2XX,05485407319,orthopaedics,R0006816
Grace,Wilson,,5256439473,1 Church Lane,York,TS10 8XX,04611311198,cardiovascular medicine,R0006794
Mohammed,Ali,,6199248485,14 Park Avenue,Newcastle,TS21 1XX,70309638027,cardiovascular medicine,R0004595
Omar,Jones,,0565205109,27 Church Lane,Newcastle,TS24 1XX,71552476512,cardiology,R0006953
Chne,Roberts,,2513228783,239 Station Road,Newcastle,TS2 6XX,6392 333 3494,gp,R0004144
Chen,Nguyen,,4129607134,278 church lane,Durham,TS10 8XX,07689836142,orthopedics,R0001236
L.,Ahmed,,8795588910,59 High Street,Durham,TS23 7XX,37716239277,gp,R0007503
Omar,Smith,,,264 victoria road,York,TS27 6XX,9328 969 8273,orthopaedics,R0006743
Aisha,Ngyuen, MD,5065825866,27 victoria road,York,TS6 8XX,(1577) 7410396,paediatrics,R0002282
G.,Thomas,,,49 church ln,Durham,TS15 7XX,02520718358,pediatrics,R0006072
Omar,Roberts,,8626628740,123 Park Avenue,Leeds,TS22 4XX,78006461821,orthopaedics,R0004093
Grace,Taylor,,3472076163,212 Victoria Road,Durham,TS14 8XX,72668092501,gp,R0004747
Priya,Thomas,,4161887596,82 High Street,Middlesbrough,TS20 6XX,36341962652,orthopedics,R0006385
John,Sharma,,3835195763,172 Station Rd,Durham,TS25 2XX,(8811) 6836932,cardiovascular medicine,R0000386
James,Ahmed,,,135 Station Road,Leeds,TS8 7XX,(6470) 6331068,ortho surgery,R0001628
Priya,Roberts,,7728618241,264 Station Road,Durham,TS27 4XX,61250304224,orthopedics,R0003585
Wei,Williams,,0520182544,63 Victoria Road,Durham,TS16 2XX,80569120290,gp,R0002714
Sarah,Evans,,9367638782,105 High St,Durham,TS1 2XX,2198 566 8374,ortho surgery,R0004414
Priya,Jones, MD,0420355683,219 Victoria Rd,Leeds,TS16 8XX,(0057) 1605219,orthopedics,R0005333
James,Wililams, Dr,2405257949,24 Park Avenue,Durham,TS22 3XX,(2552) 0308307,paediatrics,R0006569
Aisha,Nguyen,,1904969565,219 Victoria Road,Middlesbrough,TS12 6XX,49516340848,pediatrics,R0003189
Wei,Williams,,9808018131,244 Church Lane,Middlesbrough,TS9 3XX,64144353372,general practice,R0000909
John,Smith,,4611632823,32 Park Avenue,Middlesbrough,TS14 6XX,01973439720,pediatrics,R0005665
Sarah,Taylor,,2444052508,33 Park Avenue,Leeds,TS11 3XX,97460853604,cardiovascular medicine,R0001866
John,Roberts,,3305489721,39 Church Lane,Durham,TS1 4XX,0230 269 7394,ortho surgery,R0001842
Grace,Jones,,7955635604,105 Church Lane,Leeds,TS14 4XX,52866802163,paediatrics,R0002497
Fatima,Jones, MD,4570927298,65 High St,Leeds,TS13 6XX,98379127388,paediatrics,R0006141
D.,Davies,,,37 station rd,Durham,TS8 6XX,5295 769 8146,ortho surgery,R0007030
Priya,Ahmed,,3919332309,111 Station Road,Newcastle,TS23 6XX,36378748078,family medicine,R0004741
Chen,Nguyen,,1422916708,260 Station Road,York,TS16 7XX,92464075169,cardiovascular medicine,R0004006
Aisha,Sharma,,0779566750,7 High Street,Newcastle,TS2 1XX,89415035816,cardiology,R0002702
Rajesh,Sahrma, Jr,8699986347,179 Church Lane,Middlesbrough,TS22 6XX,22789670451,paediatrics,R0006419
E.,Taylor, Dr,4998619110,210 Victoria Rd,York,TS7 1XX,47956892959,pediatrics,R0000331
Ftaima,Brown,,7738945461,49 Church Lane,York,TS28 7XX,(5570) 5487708,general practice,R0005318
Fatima,Sharma,,2370942295,201 Church Lane,York,TS13 2XX,11067463782,family medicine,R0005149
Sarah,Ahmed,,2390037822,18 Church Lane,Newcastle,TS6 8XX,82660420475,pediatrics,R0002459
A.,Jones,,,50 park avenue,Newcastle,TS3 1XX,29078955767,pediatrics,R0001774
O.,Patel, Dr,8325952236,172 Park Ave,Leeds,TS17 8XX,(8854) 8341504,orthopaedics,R0006147
James,Evans,,6957923502,190 Church Lane,Leeds,TS2 6XX,20624735773,family medicine,R0004901
Omar,Taylor,,2166789143,171 Victoria Road,Middlesbrough,TS20 3XX,05363111421,cardiology,R0002686
Mohammed,Jones,,4080195881,6 Park Avenue,Middlesbrough,TS12 8XX,08821755873,orthopedics,R0007390
Priya,Williams,,4512774951,119 High Street,Leeds,TS9 2XX,79558353986,cardiovascular medicine,R0006091
Fatima,Brown,,,219 victoria rd,Newcastle,TS9 3XX,(3760) 0653279,pediatrics,R0005224
David,Wilson,,4936962072,54 High Street,Newcastle,TS2 3XX,69863256696,cardiology,R0005509
Sarah,Ahmed,,3509958701,207 Victoria Road,Middlesbrough,TS21 8XX,89802920306,paediatrics,R0005775
Lucy,Jones,,6042037054,226 Station Road,York,TS19 7XX,44372685254,cardiology,R0006800
James,Smith, MD,0697953826,54 high st,Durham,TS8 2XX,(7964) 7974545,orthopedics,R0006412
D.,Ahmed,,3346602246,145 Victoria Road,Durham,TS3 6XX,(2703) 5254034,paediatrics,R0005641
Chen,Nguyen,,0815969333,231 Station Rd,Durham,TS14 6XX,43158824760,family medicine,R0000173
Priya,Smith,,4569520966,223 Park Ave,Newcastle,TS25 7XX,(1201) 9465417,paediatrics,R0003321
Amara,Brown,,,79 Park Ave,Middlesbrough,TS18 3XX,(7293) 2719723,cardiology,R0004352
E.,Roberts,,1575980577,85 park avenue,Middlesbrough,TS10 7XX,(5552) 5801042,orthopedics,R0003372
Aisha,Ali,,0441291446,184 Church Lane,Middlesbrough,TS14 3XX,19599928058,paediatrics,R0003311
Omar,Davies,,8440676362,195 High Street,Durham,TS15 7XX,68778157429,general practice,R0006803
Amara,Patel,,3821727015,105 Victoria Road,Durham,TS5 5XX,00189039434,family medicine,R0006341
Amara,Jones,,0701643662,184 Park Avenue,Newcastle,TS10 7XX,55469192653,ortho surgery,R0005882
Sarah,Khan, MD,2409678575,209 park avenue,Middlesbrough,TS24 4XX,(4344) 3957963,orthopaedics,R0003403
Priya,Brown,,9314563952,278 Victoria Road,Newcastle,TS15 1XX,55168171740,ortho surgery,R0000018
John,Robrets, Dr,,219 Station Rd,Middlesbrough,TS7 7XX,(6393) 6192455,pediatrics,R0003691
David,Jones,,0866567058,114 Station Road,York,TS13 7XX,87394721022,paediatrics,R0005660
Priya,Wilson,,8681835268,99 Victoria Road,Leeds,TS12 8XX,38559890115,orthopaedics,R0004096
Amara,Roberts,,7303457821,253 Park Avenue,Durham,TS18 5XX,74271003451,cardiology,R0003628
Mohammed,Talyor,,7945303168,213 church lane,Newcastle,TS11 6XX,1736 167 9145,paediatrics,R0005939
Rajesh,Sharma, Dr,6011771470,7 High St,Durham,TS17 6XX,49116807958,gp,R0002174
Aisha,Thomas,,7406423081,58 Victoria Road,Newcastle,TS2 5XX,08507794965,family medicine,R0001356
Omar,Brown,,3856771963,133 Park Avenue,Middlesbrough,TS25 4XX,09467039559,cardiology,R0005389
John,Ahmed,,5190451555,33 Station Road,Newcastle,TS6 6XX,33261340838,cardiovascular medicine,R0003112
G.,Patel,,2239321115,121 Church Ln,York,TS25 5XX,1338 317 4062,cardiology,R0000182
Lcuy,Khan,,8217913774,197 Church Ln,Newcastle,TS9 6XX,29084324893,orthopaedics,R0005860
Wei,Ali, Dr,8200563755,218 High St,Leeds,TS8 4XX,2312 859 0478,cardiology,R0005933
Eelna,Brown,,6721049955,145 Church Ln,Leeds,TS13 8XX,(6207) 9138213,pediatrics,R0001812
Mohammed,Nguyen, Jr,7092926686,51 high street,Newcastle,TS12 8XX,09297917797,cardiovascular medicine,R0004834
Sarah,Roberts,,2048896870,2 Church Lane,York,TS14 7XX,95031420141,general practice,R0001800
Priya,Wilson,,2304145923,26 Victoria Road,Newcastle,TS12 3XX,77761203827,pediatrics,R0002429
Amara,Thomas,,4064123981,139 Station Road,Middlesbrough,TS7 2XX,50536999555,ortho surgery,R0004608
Chne,Patel, MD,4544833138,51 station road,Middlesbrough,TS3 8XX,1288 525 8374,cardiology,R0006480
Fatima,Ali,,7604652529,256 High Street,Leeds,TS1 2XX,39614115418,gp,R0005216
D.,Wilson, Dr,,109 Station Rd,York,TS6 2XX,5236 676 9945,cardiovascular medicine,R0005160
Chen,Patel,,6335959877,279 Park Avenue,Leeds,TS29 8XX,67810957550,general practice,R0001159
John,Davies,,9545336377,194 Victoria Road,Middlesbrough,TS11 7XX,4678 224 5902,general practice,R0001213
Grace,Davies,,2752130700,174 High Street,Leeds,TS1 6XX,18504195831,cardiology,R0001325
A.,Thomas,,,139 Station Rd,Middlesbrough,TS7 2XX,(5053) 6999555,orthopaedics,R0004609
John,Roberts, MD,,293 high st,Newcastle,TS11 8XX,(0177) 0130767,general practice,R0001455
Luyc,Khan, Dr,3125756316,109 Victoria Rd,Durham,TS4 8XX,1579 594 0190,orthopedics,R0005365
Omar,Ahmed,,6122763161,67 Victoria Road,Leeds,TS11 5XX,29561673706,gp,R0005736
David,Ahmed,,6206980554,138 Park Avenue,York,TS27 8XX,64593850725,paediatrics,R0001644
Omar,Davies,,5348188023,282 Victoria Road,York,TS23 5XX,06689581651,paediatrics,R0002140
Lucy,Sharma,,9088994036,243 Church Lane,Durham,TS25 7XX,6618 574 3712,general practice,R0006058
Aisha,Evans,,2065097422,10 Church Lane,Middlesbrough,TS11 2XX,11333651974,general practice,R0000729
Elena,Taylor,,7519260258,103 Church Lane,Middlesbrough,TS28 3XX,31642615686,orthopaedics,R0001936
Grace,Smith,,0728849590,234 Church Lane,Newcastle,TS8 7XX,87609853590,family medicine,R0003793
Grace,Ahmed, Dr,0041575672,281 Church Lane,Durham,TS17 2XX,3513 474 6882,pediatrics,R0007000
John,Jones,,8062206253,98 Station Road,Middlesbrough,TS3 7XX,86780370663,paediatrics,R0006473
Amara,Nguyen, Jr,2548224798,296 High St,Newcastle,TS8 6XX,7820 837 7641,orthopaedics,R0007202
Fatima,Evans,,,98 High St,Middlesbrough,TS13 7XX,78708984291,family medicine,R0001110
Chen,Smith, Dr,2345723102,283 Park Ave,Leeds,TS7 3XX,99599670107,gp,R0006094
Amara,Williams,,8808433459,204 high street,Durham,TS2 1XX,3733 927 8699,paediatrics,R0002998
Aisha,Jones,,0992464728,4 Church Lane,Middlesbrough,TS18 1XX,89153060082,cardiovascular medicine,R0002394
Priya,Khan,,7294924185,12 high st,Durham,TS26 6XX,8248 667 6127,orthopedics,R0001185
Omar,Ahmed,,4064017747,80 Park Ave,Durham,TS7 4XX,83685514015,gp,R0002007
Fatima,Khan,,2078835952,120 station rd,Durham,TS13 7XX,(8073) 5233071,ortho surgery,R0000193
Aisha,Smith, MD,,13 Station Rd,Durham,TS2 5XX,65597610055,family medicine,R0006216
Priya,Brown, Dr,,227 Park Avenue,Middlesbrough,TS23 2XX,19193791358,cardiology,R0000578
Aisha,Nguyen,,2619048784,280 High Street,Middlesbrough,TS5 1XX,40147609533,ortho surgery,R0000771
Aisha,Jones, MD,2992464728,4 Church Lane,Middlesbrough,TS18 1XX,8915 306 0082,cardiology,R0002395
P.,Williams,,0390480821,55 Station Road,Leeds,TS11 6XX,60791585850,paediatrics,R0007431
Sarah,Sharma,,7017075263,287 Victoria Road,York,TS22 3XX,82589766465,cardiovascular medicine,R0001846
Omar,Williams,,4497201107,8 Park Avenue,York,TS16 3XX,20343837384,gp,R0006277
Mohammed,Davies, MD,4759699233,190 Park Ave,York,TS14 1XX,4198 146 4179,orthopaedics,R0004274
David,Brown,,7559320904,250 Church Lane,Newcastle,TS15 1XX,25707111168,pediatrics,R0003740
Omar,Nguyen,,8140256203,126 Church Lane,Leeds,TS28 6XX,60969465873,paediatrics,R0005193
F.,Smith, MD,6505503754,251 church ln,York,TS3 1XX,(6371) 8787011,cardiovascular medicine,R0006581
Daivd,Brown, MD,,150 Station Road,Durham,TS4 3XX,66233851102,pediatrics,R0002073
Mohammed,Davies,,6310430699,158 High Street,Middlesbrough,TS13 8XX,54969895307,cardiology,R0001896
Chen,Wislon, Dr,3441225450,231 Victoria Rd,Newcastle,TS23 6XX,4113 235 4916,ortho surgery,R0005515
Omar,Thomas,,5810208544,107 High Street,Durham,TS29 2XX,27720728398,general practice,R0003659
Grace,Roberts,,6395627188,173 Park Avenue,Newcastle,TS27 1XX,21351066375,cardiology,R0002379
A.,Evans,,7683050275,111 Park Avenue,York,TS16 3XX,2279 054 5202,general practice,R0001447
Aisha,Sharma, Jr,0840860209,194 high street,Durham,TS15 5XX,8810 165 0257,paediatrics,R0000342
John,Brown,,7802860984,83 Church Lane,Newcastle,TS29 6XX,59226631590,orthopaedics,R0006618
Omar,Sharma,,1237540122,243 church ln,Newcastle,TS13 3XX,5070 394 7283,family medicine,R0002527
Jhon,Ali, MD,0374740448,115 High St,Middlesbrough,TS5 5XX,9688 662 9789,pediatrics,R0000727
Lucy,Sharma,,5355645645,83 High Street,Newcastle,TS4 7XX,79020497780,paediatrics,R0000976
James,Smith,,5027733953,188 Church Lane,York,TS21 4XX,82170511692,general practice,R0007165
Lucy,Wilson,,0896707855,214 Victoria Road,Durham,TS1 2XX,56216366271,family medicine,R0003516
Elnea,Evans,,,176 Park Avenue,York,TS28 8XX,99314216101,cardiology,R0004997
Aisha,Jones,,8417825064,88 Victoria Road,York,TS8 6XX,34632193827,general practice,R0007203
Aisha,Sharma,,5335982347,220 Station Road,Middlesbrough,TS5 4XX,86257276611,pediatrics,R0003940
John,Evans,,6504037826,299 Station Road,Leeds,TS28 5XX,11041546211,general practice,R0001299
Priya,Smith,,0553021022,158 High Street,Durham,TS28 4XX,26487828315,gp,R0007318
Grace,Thomas,,4860290139,136 Park Avenue,Middlesbrough,TS12 8XX,25477814646,family medicine,R0000660
Priya,Patel,,1889894042,269 Station Road,Durham,TS5 3XX,30775074298,cardiology,R0001492
Priya,Davies,,5997560277,105 High Street,York,TS10 6XX,63943593252,cardiology,R0005584
John,Jones,,3872460713,119 Station Road,Middlesbrough,TS19 3XX,63690037696,cardiovascular medicine,R0005480
Mohammed,Patel,,6281033629,209 Church Lane,Durham,TS23 8XX,52546259691,cardiovascular medicine,R0002315
Mohammed,Ahmed,,8511438886,198 Church Lane,Newcastle,TS15 6XX,25385567918,orthopedics,R0006967
Rajesh,Wlison,,,261 High Street,Middlesbrough,TS15 6XX,95503283708,cardiovascular medicine,R0007337
G.,Sharma,,,292 Park Ave,Newcastle,TS21 5XX,3085 491 2829,pediatrics,R0001085
James,Khan,,3460800722,229 Park Avenue,Durham,TS11 3XX,68342508521,orthopedics,R0007078
Mohammed,Khan,,7770832588,225 High Street,Newcastle,TS23 8XX,95006061821,pediatrics,R0003198
Chen,Taylor,,3808370768,31 High Street,Middlesbrough,TS22 6XX,97586142014,pediatrics,R0005678
Amraa,Patel,,3604628866,223 station rd,Newcastle,TS15 1XX,(3755) 6328476,cardiovascular medicine,R0005082
Chen,Davies, MD,3164139216,231 high street,Newcastle,TS25 8XX,92234876863,gp,R0000067
M.,Thomas,,,272 Victoria Road,Newcastle,TS2 3XX,08092039398,pediatrics,R0007154
D.,Roberts,,6182657727,30 Church Lane,Leeds,TS4 5XX,(4467) 1295496,gp,R0002269
David,Evans,,8703971442,64 Victoria Road,Durham,TS3 2XX,57795100561,family medicine,R0005285
Priya,Thomas,,8158652382,95 High Street,Leeds,TS11 1XX,55922841545,ortho surgery,R0007370
Mohammed,Williams,,4543848998,71 High Street,York,TS11 6XX,11538909687,paediatrics,R0005910
Grace,Brown,,5030279367,74 Park Avenue,Middlesbrough,TS9 6XX,26884235798,general practice,R0003447
James,Roberts, Dr,5424619780,74 Victoria Road,Newcastle,TS11 5XX,5829 503 1844,paediatrics,R0002367
Sarah,Smith,,9360865148,51 Park Avenue,Leeds,TS4 7XX,90119756318,cardiovascular medicine,R0006904
Lucy,Wilson,,6812771052,234 High Street,York,TS8 8XX,80921134936,cardiology,R0005002
Aisha,Smith,,8944965292,165 Station Rd,Newcastle,TS15 7XX,96175119149,cardiovascular medicine,R0002512
Priya,Evans,,2115546887,229 Church Lane,Leeds,TS22 6XX,(8715) 7938239,general practice,R0002723
M.,Williams, Jr,7787140978,168 Park Ave,Middlesbrough,TS20 7XX,(6853) 4420425,pediatrics,R0006392
Wei,Sharma,,7799229864,58 Station Road,Middlesbrough,TS27 5XX,03739385846,family medicine,R0005542
Aisha,Smith,,8200755800,267 Victoria Road,Durham,TS23 5XX,15911346191,pediatrics,R0001143
Chen,Evans,,1808741002,264 Church Lane,Leeds,TS18 1XX,71409431220,family medicine,R0005057
David,Evans,,9865975430,55 Park Avenue,Durham,TS2 4XX,39804861402,pediatrics,R0006438
Elena,Davies,,9575493075,199 High Street,Leeds,TS23 6XX,57922736590,paediatrics,R0004639
Chen,Roberts,,6757020157,292 Victoria Road,Middlesbrough,TS19 6XX,03613410805,family medicine,R0003789
Omar,Smith, Jr,8617165031,222 Victoria Road,Newcastle,TS29 4XX,39341810888,paediatrics,R0002220
Amara,Williams,,7514405989,33 Victoria Rd,Newcastle,TS3 4XX,5837 752 0416,cardiovascular medicine,R0002331
Priya,Khan, Dr,4106921199,23 station rd,York,TS17 4XX,(7584) 7256252,ortho surgery,R0005146
Sarah,Davies,,7412063657,134 Church Lane,Leeds,TS19 8XX,61297672919,orthopedics,R0004947
Fatima,Khan,,8411911866,208 high street,Leeds,TS23 5XX,0600 235 5833,paediatrics,R0006590
Wei,Williams, MD,4404218170,183 high st,Newcastle,TS7 1XX,4265 502 0908,paediatrics,R0004088
David,Ahmed, Jr,1810740629,70 High St,York,TS4 5XX,(5140) 6500788,pediatrics,R0001967
Fatima,Roberts,,8987389786,179 High Street,Newcastle,TS10 5XX,68002451988,orthopaedics,R0005948
Grace,Wilson,,9093256473,81 High Street,York,TS15 4XX,78424757190,paediatrics,R0006930
Wei,Davies,,4287227228,38 Victoria Road,Newcastle,TS13 6XX,19086961674,paediatrics,R0004365
Omar,Nguyen,,4849243708,43 High Street,Leeds,TS18 2XX,49805506562,pediatrics,R0000423
Grace,Roberts,,7061074871,214 Station Road,Newcastle,TS16 2XX,76858724425,cardiovascular medicine,R0006501
W.,Jones,,4923075042,26 Church Ln,Leeds,TS23 1XX,5709 724 6578,family medicine,R0001904
Amara,Khan,,7306073084,239 High Street,York,TS9 6XX,73431259707,pediatrics,R0006807
Elena,Taylor,,5629611499,133 Station Road,York,TS10 7XX,74394804500,cardiovascular medicine,R0003917
Grace,Roberts,,0499572805,91 Church Lane,Middlesbrough,TS17 8XX,61575134142,general practice,R0003618
Amara,Williams,,8347986116,219 Church Lane,Middlesbrough,TS21 8XX,08337219316,orthopedics,R0000839
Sarah,Sharma,,7810618133,101 Church Lane,Newcastle,TS17 3XX,65998121581,ortho surgery,R0004601
Sarah,Khan,,0506437577,128 High Street,Leeds,TS17 8XX,11991461336,cardiology,R0000141
Omar,Thomas,,6210866550,103 Station Road,York,TS12 5XX,33108979684,cardiovascular medicine,R0006195
Aihsa,Davies, Jr,,159 High Street,York,TS10 4XX,22701283056,cardiovascular medicine,R0001377
Grace,Evans,,6063662114,207 Church Lane,Middlesbrough,TS22 2XX,86726685749,gp,R0003674
Grace,Ali,,2664870208,298 church lane,York,TS6 8XX,74277773880,cardiology,R0005831
David,Khan,,,258 High Street,Leeds,TS2 3XX,(0510) 8039446,cardiovascular medicine,R0007353
Aisha,Sharma, Dr,5528185327,27 High St,Durham,TS9 2XX,(2706) 5223234,gp,R0003808
Wei,Ali,,6649411672,180 Park Avenue,Newcastle,TS16 8XX,14531432348,orthopaedics,R0001138
Lucy,Williams,,7559131888,124 Station Road,Leeds,TS12 7XX,79792651918,pediatrics,R0002257
Aisha,Khan, MD,,261 High St,York,TS3 7XX,9887 982 6380,orthopaedics,R0001787
Sarah,Roberts,,9275778959,106 Church Lane,Middlesbrough,TS11 6XX,08828739545,gp,R0003938
G.,Evans, MD,,249 Station Rd,Middlesbrough,TS13 1XX,(8767) 0528608,family medicine,R0004851
Lucy,Ali, MD,1418520788,298 Victoria Rd,Newcastle,TS23 7XX,94781631118,family medicine,R0000459
Amara,Smith,,2878638447,224 Victoria Road,Durham,TS13 6XX,33992213587,family medicine,R0006860
Rajesh,Brown,,6754999088,121 Victoria Road,Durham,TS11 6XX,58377818290,general practice,R0000948
Amara,Evans,,0185851151,249 Victoria Road,Leeds,TS21 3XX,72528552170,pediatrics,R0003700
Sarah,Wilson, Jr,5337646245,277 Park Ave,Middlesbrough,TS20 8XX,4516 959 3951,orthopedics,R0001336
David,Sharam,,5786503558,88 High St,Newcastle,TS16 4XX,(5754) 8256546,cardiology,R0005972
Chen,Nguyen, Dr,3538436032,265 station rd,York,TS2 7XX,4319 843 4926,ortho surgery,R0001602
G.,Khan, MD,4657274439,56 victoria road,York,TS22 8XX,23720525142,paediatrics,R0002238
Oamr,Smith,,7452848153,240 Victoria Rd,York,TS21 1XX,(6132) 0525717,gp,R0000639
James,Williams,,3062338046,298 Victoria Road,York,TS5 3XX,28626071075,family medicine,R0007245
Rajesh,Nguyen,,2578541558,59 Church Lane,Durham,TS13 4XX,04239615472,paediatrics,R0003830
John,Davies,,2386623265,250 Church Lane,Durham,TS25 8XX,34497925544,paediatrics,R0004900
Priya,Nguyen,,1985080472,240 High Street,Newcastle,TS25 1XX,15094222715,family medicine,R0006471
J.,Wilson, Dr,2145068059,295 Victoria Rd,York,TS21 3XX,6174 784 2738,family medicine,R0007049
Omar,Jones,,1230814220,43 Victoria Road,Newcastle,TS4 2XX,84014561325,cardiology,R0001070
E.,Ali,,1327459570,7 station rd,Newcastle,TS25 6XX,3187 256 4912,ortho surgery,R0000155
Omar,Ahmed,,8547266220,144 High Street,Middlesbrough,TS18 1XX,51762726647,ortho surgery,R0002295
John,Brown, Dr,8749297136,106 Church Lane,Leeds,TS5 3XX,91591144429,paediatrics,R0004772
Wei,Khan,,0371391957,63 Station Road,Leeds,TS12 2XX,38056115291,cardiology,R0001089
Grace,Khan,,1539335966,170 Victoria Road,Newcastle,TS16 3XX,15634458454,cardiology,R0002940
Grace,Wilson,,1525360581,202 Church Lane,Newcastle,TS9 5XX,75518660877,general practice,R0006346
James,Thomas,,5088302603,51 Station Road,Durham,TS6 7XX,31297523493,ortho surgery,R0004384
Elena,Davies, MD,4960813429,151 Victoria Road,Middlesbrough,TS10 3XX,6560 522 7104,pediatrics,R0000930
Wei,Ahmed,,4285562586,88 Victoria Rd,Middlesbrough,TS21 6XX,89149815375,orthopaedics,R0002909
Omar,Thomas, Dr,6120416497,253 station rd,Leeds,TS13 1XX,70844067429,ortho surgery,R0004817
Lucy,Brown, Jr,,225 Park Ave,Leeds,TS6 8XX,22518854403,paediatrics,R0006884
Rajesh,Ahmed,,8337900945,98 Victoria Road,Leeds,TS14 7XX,76378968875,pediatrics,R0003247
Grace,Patel,,3455156333,79 Station Road,Durham,TS11 2XX,05485407319,orthopedics,R0006815
James,Williams,,2913660592,29 Victoria Road,Newcastle,TS10 4XX,95448160017,cardiovascular medicine,R0005562
Omar,Williams,,3653369878,283 High Street,Newcastle,TS12 3XX,(8703) 6113337,cardiology,R0006646
Amara,Williams,,0096802314,242 Victoria Road,Durham,TS8 7XX,24787324834,family medicine,R0006481
Chen,Evans,,1512737424,274 Park Avenue,Newcastle,TS27 8XX,83243799448,cardiovascular medicine,R0006991
David,Roberts,,7006979081,26 Victoria Road,Newcastle,TS15 5XX,45822985298,orthopedics,R0001698
David,Khan,,1802247519,57 Park Avenue,Durham,TS22 8XX,82586242493,cardiology,R0007059
J.,Sharma,,7996989320,36 Victoria Road,Middlesbrough,TS25 5XX,45049334902,family medicine,R0007461
Elena,Nguyen,,0715845095,18 Church Lane,Middlesbrough,TS4 7XX,98496054663,cardiology,R0006660
Rajesh,Nguyen, Dr,2578541558,59 Church Lane,Durham,TS13 4XX,04239615472,pediatrics,R0003831
Mohammed,Sharma, Jr,3718180920,100 Victoria Rd,Middlesbrough,TS18 6XX,38805618659,cardiovascular medicine,R0006837
Jonh,Smith, Dr,0520818939,91 High Street,Durham,TS27 8XX,2464 441 0935,orthopaedics,R0006827
Omar,Wilson,,3264490299,139 Station Road,Newcastle,TS7 1XX,35017669283,cardiovascular medicine,R0000985
Amara,Khan,,,10 park ave,Durham,TS17 1XX,(0648) 0179700,ortho surgery,R0001821
Amara,Nguyen,,,235 Station Rd,York,TS20 2XX,(0099) 4443536,pediatrics,R0000587
Chen,Davies,,6650055784,112 High Street,Durham,TS5 4XX,88950814369,paediatrics,R0007157
Chen,Patel,,4544833138,51 Station Road,Middlesbrough,TS3 8XX,12885258374,cardiovascular medicine,R0006479
Elena,Jones,,1100480827,51 Victoria Road,York,TS2 1XX,65353051340,cardiovascular medicine,R0006832
Priya,Sharma,,1724638676,36 Victoria Road,Middlesbrough,TS25 5XX,45049334902,general practice,R0007456
John,Taylor,,,222 Church Ln,Durham,TS8 2XX,(1374) 3670917,cardiovascular medicine,R0007085
Priya,Evans,,0599312330,247 Church Lane,York,TS4 1XX,02419572304,gp,R0005952
Lucy,Roberts,,9623917541,88 victoria rd,Leeds,TS18 5XX,3116 727 6233,orthopedics,R0003557
Fatima,Evans,,2655033888,31 Church Lane,Leeds,TS15 7XX,66468648978,orthopedics,R0001395
Elena,Davies, MD,3134085088,208 High Street,Middlesbrough,TS11 5XX,74606954290,orthopedics,R0000264
S.,Brown,,4941400626,140 high st,Leeds,TS17 5XX,55334471573,gp,R0003547
Amara,Smith,,9165425534,78 Victoria Road,York,TS17 4XX,85924908842,paediatrics,R0007149
Mohammed,Ahmed,,7657195206,193 Church Lane,Durham,TS1 2XX,69579249722,cardiology,R0006849
Fatima,Williams,,6395147554,40 Park Avenue,Durham,TS6 7XX,20900693772,paediatrics,R0006321
Grace,Khan,,9495165882,135 Park Avenue,York,TS14 4XX,66882498402,ortho surgery,R0003864
L.,Nguyen, Jr,7775346658,224 High St,Durham,TS16 5XX,51838868125,ortho surgery,R0006227
David,Patel, MD,5491266398,26 Park Ave,Durham,TS16 4XX,5801 451 6024,cardiology,R0002400
James,Thomas,,2703054260,285 Park Avenue,Middlesbrough,TS4 3XX,58736847447,paediatrics,R0005413
Wei,Nguyen,,7223564872,215 Station Road,Newcastle,TS22 8XX,00527740323,cardiovascular medicine,R0003711
James,Brown,,0351490028,233 Church Lane,Durham,TS1 6XX,07182130153,cardiology,R0000246
Elena,Patel,,6991738678,263 Victoria Road,Middlesbrough,TS21 2XX,96128628702,cardiovascular medicine,R0001594
Priya,Williams, MD,4089539126,221 Church Lane,Middlesbrough,TS24 4XX,42291388151,paediatrics,R0007293
Wei,Khan,,6052008965,3 Station Road,Newcastle,TS15 6XX,74348763350,cardiology,R0005062
David,Wilson,,9197647239,258 Station Road,Durham,TS27 5XX,28851441416,cardiology,R0000923
Rajehs,Nguyen, Jr,0307340620,149 Victoria Road,York,TS7 3XX,7462 102 9000,orthopedics,R0006423
Rajesh,Taylor, Dr,4062763712,249 Park Ave,Durham,TS26 1XX,7231 325 1573,orthopedics,R0007091
Rajesh,Williams, MD,2842655271,2 church lane,York,TS20 5XX,77898745616,gp,R0000669
Rajesh,Sharma,,2112459987,215 High St,Durham,TS27 5XX,(5389) 7088327,family medicine,R0003604
Aisha,Wilson,,2649254816,201 Victoria Road,Leeds,TS15 3XX,49325470978,cardiology,R0001910
Chen,Patel,,5115252427,61 victoria rd,Middlesbrough,TS13 8XX,9909 024 8475,orthopaedics,R0005221
James,Ahmed,,5454253484,44 Victoria Road,Middlesbrough,TS19 6XX,05708362131,orthopedics,R0003958
James,Ahmed, MD,7332465802,246 Station Road,Leeds,TS22 1XX,(2059) 9015226,gp,R0002696
David,Roberts, MD,,160 Church Ln,Leeds,TS21 3XX,01831007185,ortho surgery,R0002591
Fatima,Patel, MD,2980981218,132 Victoria Rd,Durham,TS8 8XX,8837 615 5536,paediatrics,R0001781
David,Evans,,8099531271,162 Victoria Road,Middlesbrough,TS22 7XX,24570213644,cardiology,R0003013
Chen,Davies,,8960943406,111 High Street,Durham,TS25 4XX,36804300575,general practice,R0002307
David,Patel,,5792200723,278 Church Lane,Middlesbrough,TS23 5XX,42575741170,pediatrics,R0004482
John,Roberts,,5061169336,219 Station Road,Middlesbrough,TS7 7XX,63936192455,paediatrics,R0003690
Elena,Ali,,4664920762,90 Victoria Road,Middlesbrough,TS8 2XX,17768061967,cardiovascular medicine,R0000687
John,Eavns,,9416477434,271 Park Ave,Durham,TS15 5XX,9217 964 3405,paediatrics,R0000612
Mhoammed,Khan,,7770832586,89 park ave,Newcastle,TS28 5XX,0600 630 4369,pediatrics,R0003200
Sarah,Simth, MD,,105 Station Rd,Leeds,TS16 2XX,68359748052,pediatrics,R0002267
Sarah,Evans, Jr,8522671327,168 Station Rd,Durham,TS28 3XX,(2363) 3815543,cardiology,R0007195
David,Jones,,4443182043,94 Park Avenue,Leeds,TS26 3XX,20133230406,orthopedics,R0005696
David,Taylor,,9812193805,9 High Street,York,TS1 2XX,17651239700,family medicine,R0001898
G.,Brown, MD,7133444330,294 High St,Leeds,TS22 7XX,0224 159 0874,cardiology,R0004922
Elena,Ali, MD,,43 High Street,Newcastle,TS19 1XX,(6140) 0144367,orthopedics,R0000258
Priya,Brown,,6724882236,195 Park Avenue,Durham,TS17 8XX,15258894640,pediatrics,R0002924
Grcae,Ahmed, MD,1846703646,102 Station Road,Leeds,TS24 7XX,1594 903 9728,pediatrics,R0002822
Lucy,Davies, MD,2278986141,230 Church Lane,Durham,TS20 2XX,6369 219 4224,ortho surgery,R0003339
Aisha,Wilson,,3867258372,224 High St,Durham,TS13 2XX,1143 049 9559,paediatrics,R0003525
Priya,Sharma,,3635950484,266 Victoria Road,Newcastle,TS8 4XX,(1134) 3714872,paediatrics,R0002285
David,Davies,,1584020531,142 Park Avenue,Middlesbrough,TS10 8XX,02352909501,pediatrics,R0000484
Aisha,Nguyen,,3995271358,226 Victoria Road,Newcastle,TS15 1XX,78458185616,orthopedics,R0002211
Eelna,Davies,,9575493075,289 Victoria Road,York,TS27 7XX,38071826100,paediatrics,R0004640
Grace,Nguyen,,7266181779,162 Park Avenue,Middlesbrough,TS29 4XX,48267577507,ortho surgery,R0002555
Rajesh,Thomas,,9644483130,167 High Street,Middlesbrough,TS23 6XX,64719591464,cardiology,R0000007
Rajesh,Brown,,2890988446,196 Park Avenue,Newcastle,TS8 8XX,36860805627,family medicine,R0003657
Sarah,Evans, Dr,7124575060,290 High Street,Durham,TS14 3XX,7373 421 2546,orthopaedics,R0006814
Chen,Brown,,3369930440,216 Victoria Road,Middlesbrough,TS17 3XX,76902383579,pediatrics,R0004402
Elnea,Nguyen,,,174 High St,Durham,TS20 8XX,2363 319 4765,gp,R0002426
Elena,Brown,,6721049955,145 Church Ln,Leeds,TS13 8XX,6207 913 8213,pediatrics,R0001814
F.,Smith,,4885201257,60 church ln,Newcastle,TS5 4XX,6099 772 1215,orthopaedics,R0002274
Priya,Patel,,1467021176,43 Station Road,Leeds,TS27 5XX,(2912) 6508263,paediatrics,R0001011
John,Taylor, Dr,6751582053,217 Victoria Road,Durham,TS23 4XX,2672 694 2445,pediatrics,R0005559
Sarah,Khan,,4131640045,1 High Street,Leeds,TS18 4XX,13198321792,orthopaedics,R0001067
Fatima,Wlison,,,146 High St,Durham,TS2 5XX,80178026552,family medicine,R0001991
O.,Ali,,,19 station rd,York,TS4 4XX,96383020430,paediatrics,R0003970
Mohammed,Ahmed,,1379207731,229 Station Road,York,TS4 4XX,31017333028,cardiology,R0005324
Lucy,Sharma,,2497268399,237 Station Road,Durham,TS7 6XX,06355905164,orthopedics,R0003867
Grace,Wilson,,4116992559,22 Victoria Road,Middlesbrough,TS20 7XX,23930980470,orthopaedics,R0007192
Fatima,Sharma,,6966230507,173 Victoria Road,Newcastle,TS5 6XX,4078 490 8665,general practice,R0003048
Amara,Sharma,,7734366603,12 Victoria Road,Leeds,TS6 2XX,07053087899,ortho surgery,R0000781
Priay,Thomas, MD,7633078365,50 Station Road,York,TS6 3XX,(3073) 5443891,paediatrics,R0007283
Elena,Eavns, MD,,241 church ln,Durham,TS5 4XX,(7925) 9625045,cardiology,R0001749
Mohammed,Thomas, MD,1314387845,62 Victoria Road,Durham,TS28 8XX,02700106291,gp,R0002791
Elena,Ahmed, MD,2000823506,199 Church Ln,Durham,TS4 1XX,7305 499 5172,general practice,R0001091
Lucy,Wilson,,2774983422,47 Station Rd,Middlesbrough,TS22 1XX,24376047214,gp,R0006987
Wei,Davies,,9643314443,293 Victoria Road,Leeds,TS24 7XX,72970164565,gp,R0007233
Sarah,Thomas,,3240432233,128 Victoria Road,Middlesbrough,TS28 4XX,21572344947,paediatrics,R0007471
Priya,Khan,,5369723107,213 Park Avenue,Middlesbrough,TS21 4XX,87242958551,ortho surgery,R0002608
E.,Sharma, Jr,6516095892,188 Victoria Road,York,TS21 1XX,2222 490 7883,cardiology,R0006149
C.,Thomas, Dr,2045045911,51 Church Ln,Leeds,TS27 7XX,(2368) 2268246,cardiology,R0002290
J.,Williams,,2824285119,148 Victoria Road,Durham,TS3 6XX,6944 617 4182,general practice,R0001727
John,Evans,,9416477434,271 Park Avenue,Durham,TS15 5XX,92179643405,pediatrics,R0000610
Chen,Jones,,6895364677,148 Station Road,Durham,TS16 8XX,68997513475,cardiology,R0000343
P.,Smith, Dr,,158 church lane,Durham,TS25 7XX,1017 279 6142,orthopaedics,R0005849
Priya,Williams,,4473571427,190 High Street,Leeds,TS18 5XX,09040536690,paediatrics,R0003750
D.,Brown, Jr,7282583009,292 Park Avenue,Leeds,TS23 4XX,2751 693 7105,pediatrics,R0006550
Omar,Smith,,3032862681,147 Church Lane,York,TS27 3XX,65338824148,ortho surgery,R0003215
Fatima,Brown,,1189718651,138 Victoria Road,York,TS2 2XX,40349059891,cardiovascular medicine,R0000097
James,Williams,,6543740136,297 High Street,Newcastle,TS28 1XX,43157586788,orthopaedics,R0004705
J.,Ali, Dr,0681756043,110 High Street,Leeds,TS27 2XX,02209078617,orthopaedics,R0001537
Amara,Brown,,7602944775,146 Victoria Rd,York,TS26 4XX,2158 475 8763,general practice,R0003588
Fatima,Ali,,7708663852,59 Station Road,Leeds,TS28 7XX,57832930722,gp,R0003648
James,Ali,,0785530664,230 Park Avenue,Leeds,TS13 3XX,87257034529,general practice,R0005969
Sarah,Sharma,,0338216797,272 Station Road,Durham,TS27 7XX,52135947747,paediatrics,R0004633
Lucy,Ahmed,,9479098971,266 Station Road,Middlesbrough,TS18 4XX,47809375421,paediatrics,R0001517
Luyc,Thomas,,1021091521,66 station road,Leeds,TS14 5XX,97013525709,ortho surgery,R0006605
G.,Taylor,,,35 church lane,Leeds,TS19 7XX,8890 187 7246,pediatrics,R0004272
Rajesh,Evans, MD,8157309877,132 station rd,Durham,TS29 3XX,48260900472,cardiovascular medicine,R0003669
Omar,Thomas,,8545052910,89 Victoria Road,Middlesbrough,TS16 4XX,24716826996,gp,R0002090
Mohammed,Evans, Jr,,265 Victoria Road,Durham,TS29 4XX,6500 813 6559,general practice,R0000572
Rjaesh,Jones,,8547055894,296 Victoria Rd,York,TS12 5XX,45299728564,general practice,R0006822
Rjaesh,Nguyen, Jr,0307340620,149 victoria road,York,TS7 3XX,74621029000,ortho surgery,R0006425
Amaar,Khan, Dr,7788431189,158 Station Road,Newcastle,TS19 3XX,81923066914,ortho surgery,R0003062
John,Davies, Jr,,185 Victoria Road,Newcastle,TS5 1XX,9699 007 1884,pediatrics,R0004746
David,Jones,,1068287725,162 Church Lane,York,TS22 5XX,57266173662,cardiovascular medicine,R0005422
Lucy,Khan,,3125756316,109 Victoria Road,Durham,TS4 8XX,15795940190,ortho surgery,R0005363
David,Eavns, Dr,3138576961,222 High St,Middlesbrough,TS5 6XX,(4384) 7613273,pediatrics,R0005013
Wei,Patel,,9249217327,101 Station Road,Middlesbrough,TS24 8XX,91486233667,orthopedics,R0004479
Aisha,Smith,,3737793302,283 Station Road,York,TS13 7XX,77047247784,orthopaedics,R0000370
Rajesh,Evans, MD,,161 High Street,Newcastle,TS12 2XX,9037 483 6444,orthopaedics,R0001938
Wei,Brown,,9997273392,4 Victoria Road,Newcastle,TS12 3XX,89928366435,orthopedics,R0006124
Grace,Ahmed,,2819446871,151 Park Avenue,Durham,TS19 4XX,10785809232,family medicine,R0006478
Rjaesh,Evans,,8157309877,132 Station Road,Durham,TS29 3XX,48260900472,cardiovascular medicine,R0003670
Aisha,Williams, Jr,7518577851,5 Church Ln,Durham,TS25 5XX,(0965) 4466231,cardiology,R0003652
Lucy,Taylor,,6051991557,256 Church Lane,Newcastle,TS11 3XX,75062884897,paediatrics,R0002361
James,Williams,,6922619953,182 Church Lane,York,TS25 6XX,46513259765,pediatrics,R0004260
James,Evans,,8343888090,11 Station Road,Leeds,TS20 3XX,58184541103,orthopedics,R0004666
John,Patel,,5578004522,152 High Street,Newcastle,TS16 7XX,42403739025,pediatrics,R0006763
Grace,Ahmed,,6066561471,78 High Street,Durham,TS16 2XX,38338243428,cardiology,R0003737
J.,Williams, MD,9029760151,8 Park Avenue,Leeds,TS15 6XX,09822868569,cardiovascular medicine,R0007380
Chen,Davies, Jr,8048028931,73 Victoria Rd,Middlesbrough,TS11 1XX,44185094814,pediatrics,R0005164
Mohmamed,Wilson,,7995600925,84 Station Road,Middlesbrough,TS24 4XX,13447468926,pediatrics,R0005196
L.,Nguyen, Dr,,283 Church Ln,York,TS28 3XX,08547918658,cardiovascular medicine,R0001171
Amara,Williams,,9864845735,37 Station Road,Middlesbrough,TS24 8XX,40386291441,cardiology,R0004877
Priya,Ali,,5740662726,145 Park Avenue,Middlesbrough,TS9 2XX,72640872878,pediatrics,R0001422
R.,Taylor,,7032064229,280 Church Ln,Middlesbrough,TS8 3XX,8347 091 9649,ortho surgery,R0006734
Omar,Wilson,,9800997756,236 Station Road,Durham,TS5 5XX,02364477222,pediatrics,R0006606
Fatima,Davies,,3512984367,265 High Street,Durham,TS2 1XX,46394654243,orthopedics,R0004920
Aisha,Taylor,,5449296968,278 Church Lane,York,TS8 2XX,03996357098,gp,R0000874
Grace,Roberts,,0175209042,150 Station Road,Durham,TS15 1XX,09247822437,paediatrics,R0002297
Grace,Davies,,4174240553,256 Park Avenue,York,TS11 6XX,15160804642,orthopedics,R0002643
Grace,Roberts, Jr,7061074871,214 Station Road,Newcastle,TS16 2XX,76858724425,cardiology,R0006502
Amara,Williams, Dr,,219 church ln,Middlesbrough,TS21 8XX,08337219316,ortho surgery,R0000840
Amara,Brown,,9987531934,12 High Street,Leeds,TS19 4XX,52084326539,ortho surgery,R0000581
Chen,Nguyen,,8543702142,91 High Street,Leeds,TS25 5XX,89938993259,gp,R0000204
David,Jones,,,101 Station Road,Durham,TS1 5XX,46655090997,orthopedics,R0001641
James,Sharma,,1282885536,135 Victoria Road,Newcastle,TS6 6XX,14058875607,cardiovascular medicine,R0002014
Rajesh,Sharma,,6237279731,121 Church Lane,York,TS8 3XX,91239322933,pediatrics,R0003253
Wei,Brown,,3944646449,44 Park Avenue,Middlesbrough,TS1 4XX,35583692993,paediatrics,R0004624
Priya,Evans,,4048999699,102 Park Avenue,York,TS29 4XX,11501254559,cardiology,R0000905
Elena,Ali,,9116448997,48 Victoria Road,Durham,TS26 5XX,08934566388,ortho surgery,R0000631
Elena,Evans,,8344707240,156 Victoria Road,Middlesbrough,TS7 6XX,32503153610,pediatrics,R0005312
Rajesh,Ahmed,,0286836170,247 Victoria Road,Newcastle,TS19 5XX,70141252397,paediatrics,R0006630
A.,Patel, MD,4681890990,27 High Street,Durham,TS13 3XX,43920888907,paediatrics,R0001974
Fatima,Jones,,7641563253,118 Church Lane,Leeds,TS9 6XX,44631805220,gp,R0000162
Fatima,Evans,,1758556513,110 Victoria Road,Leeds,TS13 2XX,47719667686,gp,R0005114
Omar,Smith,,6414153888,246 Park Avenue,York,TS19 6XX,52802030273,orthopedics,R0006742
Chen,Roberts, Dr,4554185202,280 Victoria Road,Newcastle,TS2 3XX,8426 663 7239,general practice,R0004765
Aisha,Talyor, Jr,5449296968,278 church ln,York,TS8 2XX,03996357098,gp,R0000875
Rajesh,Patel,,2785977902,16 Church Lane,Durham,TS29 1XX,22699774615,general practice,R0001431
Sarah,Smith,,0082789941,80 Victoria Road,Durham,TS14 8XX,43394473186,orthopedics,R0006319
Priya,Jones,,5813204636,243 Station Road,York,TS28 2XX,01859393858,cardiovascular medicine,R0004677
Mohammed,Williams,,,31 park ave,Middlesbrough,TS18 2XX,49845771249,paediatrics,R0004762
Amara,Jones,,1565600285,279 station rd,Durham,TS13 2XX,56931831509,pediatrics,R0002856
Faitma,Sharma, MD,0912515187,290 High St,York,TS7 5XX,(5915) 9127129,general practice,R0001861
Mohammed,Talyor, MD,4361627948,150 station rd,Newcastle,TS16 5XX,1675 166 8922,pediatrics,R0002659
James,Jones,,9809704176,92 Station Road,Durham,TS9 4XX,19188111806,gp,R0003384
Rajesh,Williams,,6896522174,62 Station Road,York,TS26 3XX,43240037540,orthopedics,R0006889
Rajesh,Ali, MD,5052253316,11 park ave,Newcastle,TS13 1XX,(2975) 8206810,orthopedics,R0004956
John,Khan,,0259601201,273 High Street,Durham,TS20 7XX,19311303690,cardiovascular medicine,R0003331
Fatima,Patel,,2432628809,248 Church Lane,York,TS16 7XX,11077083056,general practice,R0006135
Eelna,Evans,,0643448896,51 Church Ln,Leeds,TS17 5XX,84604361115,orthopaedics,R0006404
Priya,Nguyen,,2638246137,254 Victoria Road,Newcastle,TS29 7XX,72191414348,cardiology,R0006979
Rajesh,Williams,,9127472650,244 Station Road,Leeds,TS18 4XX,41976262423,cardiovascular medicine,R0002096
Elena,Ali,,8550208912,96 Station Road,Newcastle,TS12 1XX,51680960218,ortho surgery,R0002003
Amara,Brown, MD,0879798572,196 Park Avenue,Durham,TS13 6XX,26439072211,paediatrics,R0000546
Wei,Ali,,3057222898,149 Station Road,Newcastle,TS9 7XX,97916063947,pediatrics,R0001449
David,Smith, Jr,7792467226,217 Station Rd,Newcastle,TS9 1XX,67928952568,cardiovascular medicine,R0005190
Priya,Davies, MD,7572232202,70 Church Ln,Leeds,TS13 8XX,0805 148 0544,paediatrics,R0002610
D.,Taylor, Dr,9812193805,245 Church Lane,Leeds,TS17 5XX,(0237) 6854531,gp,R0001900
Mohammed,Brown,,2909515782,149 Church Lane,Durham,TS23 3XX,04248823299,pediatrics,R0005909
Rjaesh,Thomas,,1737608237,298 Victoria Rd,Newcastle,TS14 3XX,8262 258 2706,cardiovascular medicine,R0002757
David,Ahmed, Jr,5448208073,83 Victoria Road,Middlesbrough,TS5 4XX,4769 620 2977,general practice,R0001885
Elena,Taylor,,3951054659,214 Park Avenue,Leeds,TS25 2XX,74473305917,paediatrics,R0007254
R.,Williams,,9127472650,244 station rd,Leeds,TS18 4XX,4197 626 2423,cardiology,R0002097
Elena,Nguyen,,8637497550,282 Park Avenue,Newcastle,TS14 4XX,35589215826,general practice,R0006707
Rajesh,Ahmed, Dr,2733570377,37 Park Avenue,Newcastle,TS6 1XX,12399011804,paediatrics,R0006741
Mohammed,Nguyen,,6112029269,243 Station Road,Durham,TS14 3XX,96489783326,ortho surgery,R0000836
Elena,Jones,,2502208455,107 Station Road,Leeds,TS3 7XX,76780698252,cardiology,R0003471
James,Sharma,,0603780331,85 Station Road,York,TS24 3XX,33817277271,pediatrics,R0006365
Chen,Brown,,0923493559,234 Victoria Road,Durham,TS4 3XX,68746364688,ortho surgery,R0002171
Elena,Roberts, MD,5016053255,203 Church Lane,Middlesbrough,TS20 1XX,44568577426,pediatrics,R0006450
Chen,Smith,,1898439601,2 Victoria Road,Durham,TS3 8XX,59960483326,general practice,R0006389
J.,Sharma, Jr,6744375501,97 High St,Newcastle,TS25 1XX,0753 621 3871,orthopaedics,R0000398
Sarah,Thomas,,5797886333,157 Park Avenue,Newcastle,TS11 5XX,46843244198,cardiology,R0002010
Lucy,Patel,,6835446236,275 High Street,York,TS22 1XX,28568732632,orthopedics,R0007209
Chen,Smith,,4953035054,53 Station Road,Newcastle,TS26 6XX,54030346327,cardiology,R0001283
P.,Thomas,,2563449917,17 Park Ave,Newcastle,TS18 4XX,7647 093 3213,cardiovascular medicine,R0005278
Lucy,Jones,,9857396697,145 Park Avenue,Newcastle,TS3 2XX,40151864724,gp,R0005962
J.,Thomas, Dr,8106582788,194 Victoria Road,Durham,TS17 4XX,6521 868 3958,general practice,R0004256
R.,Evans, Jr,2576667136,299 High St,Durham,TS25 5XX,40798502201,gp,R0001836
Lucy,Williams,,5706408282,284 Church Lane,Leeds,TS26 8XX,78729531726,orthopedics,R0001019
Grace,Daives,,2752138700,174 High Street,Leeds,TS1 6XX,18504195831,cardiovascular medicine,R0001326
Omar,Khan,,9272129555,67 Church Lane,Durham,TS9 1XX,83868721129,cardiology,R0004641
Amara,Nguyen,,,289 station road,Newcastle,TS15 4XX,01555150146,ortho surgery,R0000475
Fatima,Wilson,,2611805874,25 Station Road,Middlesbrough,TS4 5XX,53201293151,cardiology,R0002810
O.,Jones,,0846344522,103 Station Road,Durham,TS16 8XX,72112762620,paediatrics,R0005627
Oamr,Taylor, Dr,,107 High Street,Leeds,TS29 2XX,1610 697 9569,gp,R0001651
Lucy,Wilson,,0010500274,199 High Street,York,TS14 2XX,84057181172,cardiovascular medicine,R0006963
Omar,Taylor, Jr,8736143532,270 Station Rd,Durham,TS2 5XX,(5823) 0174747,family medicine,R0006414
Grace,Ali,,9830088374,298 High Street,Durham,TS3 2XX,40375029995,orthopaedics,R0002528
Sarah,Wilson,,6062073465,168 Park Avenue,Newcastle,TS19 1XX,24431119393,orthopedics,R0001206
Omar,Brown,,1289159014,82 High St,York,TS20 3XX,98751295472,cardiovascular medicine,R0004868
Fatima,Jones,,5765272479,209 High Street,Newcastle,TS21 2XX,0113 213 8984,paediatrics,R0005767
Rajesh,Williams,,7530873297,167 High Street,Middlesbrough,TS16 7XX,00615387104,ortho surgery,R0004722
S.,Taylor,,,152 Station Road,Durham,TS4 6XX,(8614) 5347833,general practice,R0000867
Lucy,Paetl,,,41 Church Lane,Leeds,TS11 3XX,8246 056 5646,general practice,R0002974
Wei,Sharma,,2670620452,217 Station Road,Newcastle,TS11 8XX,83574431037,cardiology,R0000541
Priya,Smith,,9227659092,289 Park Avenue,Leeds,TS9 3XX,58168790345,cardiology,R0001132
Aisah,Jones, MD,,296 High Street,Durham,TS29 2XX,(0382) 4492880,cardiology,R0007271
Lucy,Davies,,1049909030,165 Church Lane,Durham,TS3 8XX,28025098139,gp,R0005914
Omar,Taylor,,0647711493,201 Church Lane,Durham,TS24 7XX,98147517139,gp,R0003390
Omar,Wilson,,6268545406,83 Church Lane,Middlesbrough,TS26 3XX,76538014021,ortho surgery,R0005385
Elena,Roberts,,6805626719,245 Victoria Road,Leeds,TS6 2XX,00366561913,paediatrics,R0002962
Priya,Thomas,,3543340665,151 Victoria Road,York,TS12 5XX,7756 967 6993,pediatrics,R0004155
Grace,Sharma,,1038371803,257 High St,Durham,TS6 1XX,30329546111,pediatrics,R0003259
Amara,Roberts,,5438074347,172 Station Road,Leeds,TS29 4XX,83943782938,orthopaedics,R0004862
G.,Jones,,8094500995,285 Station Road,Leeds,TS21 5XX,46591296829,orthopaedics,R0007410
Rajesh,Jones,,2329072539,147 Victoria Road,Leeds,TS1 2XX,78004870922,family medicine,R0002583
Wei,Jones,,0694697273,154 Victoria Road,Newcastle,TS2 8XX,24710455927,general practice,R0002813
Aisha,Roberts,,4027787702,82 Station Road,Durham,TS14 2XX,83087993972,paediatrics,R0005817
Grace,Roberts, Jr,,264 church ln,Newcastle,TS9 5XX,96580977236,cardiology,R0006503
Grace,Brown, Dr,6612799286,275 Church Lane,Middlesbrough,TS20 1XX,5303 872 7349,paediatrics,R0005155
Priya,Rboerts,,7728618241,264 station road,Durham,TS27 4XX,6125 030 4224,ortho surgery,R0003586
Rajesh,Patel,,5265798957,49 Victoria Road,Leeds,TS25 8XX,39460072740,cardiology,R0006447
Aisha,Roberts,,2532196729,282 station rd,Middlesbrough,TS18 8XX,79524492244,cardiovascular medicine,R0004903
Priya,Thomas, Jr,4161887596,82 High Street,Middlesbrough,TS20 6XX,36341962652,ortho surgery,R0006386
Lucy,Ali, MD,2595779319,47 Victoria Rd,Middlesbrough,TS12 6XX,8814 064 9641,orthopaedics,R0002630
Omar,Sharma,,5876122695,189 Church Lane,Newcastle,TS15 6XX,6853 702 1980,orthopedics,R0006008
Aisha,Evans,,2736163532,277 Station Road,Newcastle,TS12 6XX,66905994033,cardiology,R0004773
John,Ali,,7341123981,87 Station Road,Middlesbrough,TS2 3XX,91635888409,gp,R0001080
Sarah,Khan,,3990031810,215 Station Road,York,TS5 3XX,59822026530,gp,R0004283
Mohammed,Roberts,,5853372598,20 Station Road,Leeds,TS19 5XX,70509872746,general practice,R0002085
John,Wilson,,8799654604,122 Station Road,York,TS27 4XX,54362812704,family medicine,R0002452
Lucy,Roberts,,,277 Station Road,York,TS3 2XX,4650 608 0058,orthopaedics,R0002023
J.,Nguyen,,1665613654,89 Station Rd,Durham,TS1 6XX,88541873362,gp,R0005901
Chen,Ali,,5666597039,44 Church Lane,Leeds,TS26 5XX,54134931494,cardiology,R0000226
Omar,Ali,,1091481634,8 Victoria Road,Durham,TS10 8XX,50326807996,orthopedics,R0001013
John,Roberts,,3185110529,285 Victoria Rd,Middlesbrough,TS25 1XX,26201622288,pediatrics,R0001929
Rajesh,Thomas,,7492998504,163 church ln,Leeds,TS2 8XX,60186121607,cardiovascular medicine,R0005282
J.,Smith, Dr,,85 High Street,Leeds,TS24 5XX,60907648809,orthopaedics,R0001404
John,Williams,,4612245046,58 Victoria Road,York,TS19 7XX,75597247546,cardiology,R0002179
Fatima,Evans,,4667807755,257 Park Avenue,York,TS13 7XX,72831822241,orthopedics,R0000697
Rajesh,Jones,,1316892454,230 Church Lane,Leeds,TS4 4XX,00585086328,family medicine,R0001124
Mohammed,Davies,,9581383997,177 Victoria Road,Durham,TS15 1XX,(5281) 0701388,cardiology,R0003895
Elena,Wilson,,1928080634,22 High Street,Durham,TS19 3XX,45650534332,pediatrics,R0001778
Elena,Patel,,2335161651,208 Church Lane,Newcastle,TS27 7XX,57430478467,cardiology,R0004778
Wei,Ahmed,,,62 Park Avenue,Newcastle,TS22 8XX,46241645804,ortho surgery,R0002634
Elena,Thomas,,6207848879,86 Victoria Road,Leeds,TS27 5XX,32682489488,pediatrics,R0003489
E.,Brown, Jr,,70 Church Ln,Newcastle,TS13 7XX,5452 437 6384,pediatrics,R0001037
James,Williams,,3663683313,128 Station Road,Durham,TS4 5XX,72065581145,paediatrics,R0002256
Elena,Khan,,2947281186,247 Victoria Road,York,TS22 5XX,03994823700,orthopedics,R0005015
J.,Jones, MD,9043233818,260 Church Lane,York,TS4 1XX,00534776486,orthopedics,R0007418
Aisha,Nguyen,,9547083022,141 High Street,Durham,TS3 7XX,47311672398,pediatrics,R0000313
W.,Taylor, Dr,3408994606,77 Park Avenue,Durham,TS23 1XX,(4445) 7526516,pediatrics,R0002649
Aisha,Nguyen,,5065825866,27 Victoria Road,York,TS6 8XX,15777410396,pediatrics,R0002281
Grace,Evans,,5786411117,72 Park Avenue,Durham,TS15 5XX,20869734302,cardiology,R0005367
Rajesh,Ali,,4937167696,66 Church Lane,Durham,TS11 2XX,99972235270,gp,R0002547
Jonh,Thomas,,3805739496,22 Station Rd,Newcastle,TS1 2XX,(7936) 6790195,family medicine,R0002159
Omar,Roberts, MD,,258 Park Avenue,Durham,TS20 7XX,(6556) 8432167,orthopedics,R0003137
Rajesh,Thomsa, MD,6186324094,248 station road,York,TS2 8XX,3364 041 3403,orthopedics,R0006236
S.,Patel,,0473756943,13 church ln,Newcastle,TS4 7XX,90462137483,orthopedics,R0003967
Wei,Taylor, MD,9991117148,232 Church Ln,Newcastle,TS15 4XX,95167801676,cardiovascular medicine,R0001428
Priya,Smith,,8108693945,19 High Street,Middlesbrough,TS5 6XX,57334303975,orthopaedics,R0005867
Lucy,Smith, Jr,4123285324,8 Station Rd,Newcastle,TS7 6XX,4241 575 0503,orthopedics,R0002520
Grace,Thomas,,2448944030,194 Church Lane,Leeds,TS8 8XX,76632847508,general practice,R0004812
Omar,Brown,,7540367217,67 Station Road,Leeds,TS13 5XX,34984335355,pediatrics,R0005538
Aisha,Evans,,9258366896,63 Church Lane,Newcastle,TS20 3XX,65256951952,cardiovascular medicine,R0000448
Aisha,Ahmed,,9208848831,246 Park Avenue,Newcastle,TS17 4XX,22735633767,cardiovascular medicine,R0005007
Chen,Smith, MD,,53 Station Road,Newcastle,TS26 6XX,54030346327,cardiovascular medicine,R0001284
Jaems,Jones,,,297 Church Ln,Durham,TS20 8XX,3076 639 4057,ortho surgery,R0003727
Rajesh,Evans,,3037699202,231 Victoria Road,Newcastle,TS3 2XX,56972065955,pediatrics,R0000361
Wei,Khan,,3779553268,134 Victoria Road,Leeds,TS15 7XX,28288729786,gp,R0006043
Rajseh,Williams,,5176944364,18 Victoria Road,Middlesbrough,TS4 8XX,93665991468,cardiology,R0005978
S.,Ahmed, Dr,2390037822,18 Church Lane,Newcastle,TS6 8XX,82660420475,paediatrics,R0002460
Rajesh,Davies,,8383957878,177 Church Lane,Middlesbrough,TS15 2XX,82226594200,family medicine,R0000022
Priya,Patel,,3297787500,279 Victoria Road,York,TS28 1XX,62364197361,family medicine,R0002066
Wei,Williams, Dr,7991295801,269 Station Road,Middlesbrough,TS26 7XX,30127859970,gp,R0001653
James,Smith,,7299898393,235 Church Lane,Middlesbrough,TS28 5XX,93358572778,orthopedics,R0000702
Rajesh,Nguyen,,9666030149,279 Victoria Road,Leeds,TS11 8XX,95035796455,family medicine,R0005753
Grace,Thomas,,0776581328,90 High Street,Middlesbrough,TS27 4XX,72797268822,pediatrics,R0002743
Aisha,Davies,,6159027029,159 High Street,York,TS10 4XX,22701283056,cardiology,R0001376
Grace,Wilson,,1895500209,288 Church Lane,Newcastle,TS10 8XX,54022228724,cardiovascular medicine,R0006097
Priya,Sharma,,5485538776,205 Park Avenue,Durham,TS7 5XX,13225448317,pediatrics,R0002468
Sarah,Ali,,8344303522,172 Church Lane,Middlesbrough,TS22 6XX,91717281860,general practice,R0003754
Amara,Khan,,9816300589,267 Park Avenue,Newcastle,TS7 2XX,11714791101,cardiology,R0002325
Fatima,Ahmed,,3787783037,169 Victoria Road,York,TS23 1XX,66574567234,orthopedics,R0000460
J.,Davies,,,37 Victoria Road,Durham,TS15 4XX,(3735) 8665000,orthopaedics,R0004183
Aisha,Brown, Jr,3777603686,6 Station Road,Newcastle,TS16 2XX,(3845) 0630948,family medicine,R0004082
Chen,Wilson, MD,,274 Church Ln,Durham,TS3 3XX,50673058288,pediatrics,R0001486
Sarah,Brown,,9943225982,166 Victoria Rd,York,TS20 3XX,84729465529,orthopaedics,R0003678
Omar,Smith,,3284020495,134 Victoria Road,Durham,TS26 3XX,92462210592,family medicine,R0000282
Jonh,Jones,,4118231307,88 Church Ln,Newcastle,TS4 8XX,(1945) 0775454,paediatrics,R0004558
Rajesh,Thomas,,1002192662,51 High Street,Middlesbrough,TS26 4XX,06411730719,family medicine,R0004308
Raejsh,Patel, MD,1725744994,269 Station Road,Middlesbrough,TS6 5XX,(9597) 0350038,paediatrics,R0003537
L.,Roberts, MD,7136819110,208 Park Avenue,Durham,TS26 6XX,0238 798 8467,paediatrics,R0005263
James,Taylor,,4201755151,292 Station Road,Newcastle,TS13 1XX,5106 627 1551,cardiovascular medicine,R0002581
David,Sharma,,0880551583,218 Park Avenue,Newcastle,TS14 1XX,21362592836,pediatrics,R0001368
Wei,Williams, Jr,,109 High Street,Newcastle,TS29 1XX,0688 549 3855,paediatrics,R0006767
John,Jones,,1614020240,210 High Street,Durham,TS9 4XX,80037932459,orthopedics,R0006004
Mohammed,Thomas,,,299 Church Lane,Durham,TS14 1XX,0557 513 4956,gp,R0000597
A.,Brown,,2060809538,209 Park Ave,Newcastle,TS16 1XX,99000694820,cardiology,R0004351
Chen,Smith,,2345723102,283 Park Avenue,Leeds,TS7 3XX,99599670107,gp,R0006093
G.,Wilson,,1715594538,62 Station Road,Middlesbrough,TS15 8XX,99141620054,paediatrics,R0007449
A.,Sharma,,6507402554,239 Church Ln,Durham,TS22 5XX,68135295010,cardiology,R0007068
D.,Patel,,3929030094,189 Park Avenue,Middlesbrough,TS6 5XX,57645868898,cardiovascular medicine,R0005148
Priya,Roberts,,8815635292,13 Station Road,Durham,TS7 8XX,69598818380,general practice,R0003468
Chen,Patel,,8760744616,65 Church Lane,York,TS28 3XX,38599211086,orthopedics,R0006329
Mohammed,Taylor,,6011300514,212 Station Road,Newcastle,TS4 4XX,47193075693,ortho surgery,R0002990
Wei,Jones, Dr,9760919594,257 Station Rd,Middlesbrough,TS15 5XX,2341 439 2677,cardiology,R0006675
Lucy,Nguyen,,4442587036,94 Church Lane,Durham,TS22 3XX,41743798185,cardiology,R0002544
Sarah,Patel,,1475153986,169 Park Avenue,York,TS19 6XX,97892187103,pediatrics,R0006243
Mohammed,Wilson,,9283605769,229 Victoria Road,York,TS13 1XX,71872234722,cardiology,R0006789
C.,Williams, Jr,7455463134,192 Victoria Road,Durham,TS13 7XX,06965511193,family medicine,R0004066
Fatima,Taylor, MD,6159725583,83 Victoria Rd,Middlesbrough,TS20 5XX,6757 725 3618,gp,R0003988
John,Khan,,7975759145,50 Park Avenue,Leeds,TS7 3XX,96860789534,ortho surgery,R0007250
John,Roberts,,7429883429,105 victoria road,Middlesbrough,TS8 5XX,44368948617,pediatrics,R0000685
E.,Evans,,8822917021,19 Church Ln,Middlesbrough,TS18 4XX,6755 369 1076,cardiovascular medicine,R0004776
Elena,Jones,,3625308525,7 Victoria Road,Middlesbrough,TS25 1XX,83271149353,ortho surgery,R0003243
Grace,Khan,,1294286299,80 Park Avenue,Leeds,TS11 3XX,90216071318,orthopaedics,R0005803
James,Ali,,1692550698,227 Victoria Road,York,TS21 2XX,29278609291,family medicine,R0004083
Amara,Shrama,,3718223701,12 Park Ave,Durham,TS9 7XX,79796128298,pediatrics,R0002837
Amara,Williams,,0840319483,232 Station Road,Newcastle,TS29 8XX,9684 080 6537,cardiology,R0003697
Fatima,Smith, Dr,6505503754,251 Church Ln,York,TS3 1XX,63718787011,cardiology,R0006580
Mohammed,Smith, MD,4863999565,266 Church Ln,York,TS2 2XX,54496098183,cardiology,R0004040
Lucy,Nguyen,,1903105654,115 Park Avenue,York,TS16 4XX,26834824234,paediatrics,R0002230
Elena,Wilson,,5995974568,184 High Street,Durham,TS28 8XX,05435906267,ortho surgery,R0006653
M.,Davies,,5530649803,250 Church Lane,Leeds,TS21 3XX,13742704168,cardiology,R0002320
Aisha,Williams,,3187016812,35 Church Lane,Middlesbrough,TS9 1XX,47424511197,pediatrics,R0000521
A.,Williams,,3187016812,35 Church Lane,Middlesbrough,TS9 1XX,4742 451 1197,pediatrics,R0000522
Grace,Brown,,0220299626,273 Station Road,Middlesbrough,TS8 7XX,85830671146,cardiology,R0007244
A.,Jones, MD,,274 high street,Leeds,TS16 2XX,56445332665,cardiovascular medicine,R0006037
James,Smith,,,151 Station Road,Durham,TS18 2XX,0186 658 3481,cardiology,R0006034
Elena,Nguyen, MD,2658222321,256 church ln,Leeds,TS5 2XX,11909723060,family medicine,R0005655
James,Roberts,,0512680129,87 High Street,Middlesbrough,TS12 3XX,05616072218,cardiovascular medicine,R0000780
Wei,Patel,,6441168251,212 Victoria Road,York,TS8 1XX,18867221353,general practice,R0005866
Rajesh,Sharma,,5123508286,136 Station Road,York,TS9 4XX,89404656154,orthopedics,R0005074
Sarah,Khan,,3897625151,270 High Street,Newcastle,TS26 6XX,62575238297,paediatrics,R0000651
Priya,Wilson, Jr,7941475869,260 park avenue,Middlesbrough,TS2 5XX,9406 606 4105,cardiology,R0005587
Amara,Evans,,0445944833,49 Victoria Rd,York,TS26 4XX,82415697666,cardiovascular medicine,R0002196
James,Smith, Dr,4403259691,38 station rd,Durham,TS9 7XX,4285 841 6164,cardiology,R0000369
A.,Ahmed, Dr,7689863339,33 Church Lane,Middlesbrough,TS3 5XX,06065653051,pediatrics,R0004913
Chen,Bronw, Jr,,222 victoria rd,Middlesbrough,TS19 4XX,7522 621 5676,paediatrics,R0004214
Priya,Taylor,,4407276536,236 Victoria Road,Newcastle,TS27 2XX,53998137731,general practice,R0000377
Fatima,Khan,,8411911866,208 High Street,Leeds,TS23 5XX,06002355833,pediatrics,R0006589
Lucy,Evans, Dr,,105 Victoria Rd,Middlesbrough,TS10 1XX,13031187452,gp,R0002216
Amara,Evans, Jr,3199213349,142 Church Ln,Durham,TS2 2XX,4052 114 3331,pediatrics,R0005706
Amara,Taylor,,4139071122,76 Station Rd,Newcastle,TS10 7XX,(1123) 1151180,ortho surgery,R0001613
Rajesh,Taylor, MD,7032064229,280 Church Ln,Middlesbrough,TS8 3XX,8347 091 9649,orthopedics,R0006735
Mohammed,Sharma,,4403803636,243 Station Road,Middlesbrough,TS27 7XX,20476759189,gp,R0003632
Grace,Brown,,6736557355,26 High Street,Leeds,TS3 2XX,49975237993,cardiology,R0000962
Fatima,Tohmas, MD,6142000247,233 station road,York,TS14 6XX,51455498601,ortho surgery,R0006754
David,Taylor,,7397039749,287 Victoria Road,York,TS20 6XX,81131209226,family medicine,R0007039
Amraa,Roberts,,,239 Church Ln,Middlesbrough,TS27 6XX,26025625110,cardiovascular medicine,R0005712
Rajesh,Evans,,3037699202,231 Victoria Road,Newcastle,TS3 2XX,56972065955,pediatrics,R0000359
Chen,Roberts,,8807959059,290 Church Lane,York,TS9 7XX,93446479325,cardiovascular medicine,R0003839
David,Evasn, MD,3138576661,258 High St,Middlesbrough,TS15 1XX,(3331) 4275574,paediatrics,R0005012
Cehn,Williams,,3824235720,63 park avenue,York,TS20 4XX,(7677) 4356553,cardiology,R0001246
M.,Ahmed,,8511438886,198 Church Lane,Newcastle,TS15 6XX,2538 556 7918,orthopedics,R0006968
Amara,Williams,,0840319483,38 Victoria Road,Newcastle,TS20 4XX,95105275422,cardiology,R0003694
Rajesh,Nguyen, Dr,1419676998,131 Station Road,Newcastle,TS8 3XX,0893 785 4604,cardiovascular medicine,R0006336
Rajesh,Jones,,7448425802,50 Church Lane,Leeds,TS22 1XX,25832952807,ortho surgery,R0002567
John,Thomas,,2469023878,225 Park Avenue,York,TS12 5XX,11013499725,orthopaedics,R0003423
Oamr,Roberts, MD,8105198287,101 Church Lane,Durham,TS4 4XX,20017050213,ortho surgery,R0002037
A.,Nguyen,,2619038784,280 high st,Middlesbrough,TS5 1XX,40147609533,orthopedics,R0000772
Elena,Roberts,,6043800367,32 Victoria Road,Newcastle,TS6 4XX,95773449116,family medicine,R0006896
F.,Ali, Jr,7620711438,49 Station Rd,Durham,TS14 2XX,97742692684,family medicine,R0003562
James,Thomas,,7528926708,119 High Street,Leeds,TS14 3XX,39175838524,ortho surgery,R0007432
Grace,Thomas,,5151677571,146 High Street,Middlesbrough,TS14 8XX,65023014337,pediatrics,R0006858
Rajesh,Jones, Dr,6374202668,217 Station Rd,Newcastle,TS22 3XX,25741740155,family medicine,R0004958
Sraah,Ali, Jr,8245262394,38 Victoria Road,Durham,TS10 1XX,13774370416,cardiology,R0004531
Chen,Davies,,7056173164,234 Church Lane,York,TS19 4XX,88412727641,cardiovascular medicine,R0001674
Chen,Paetl, MD,6188284970,128 Station Rd,York,TS7 2XX,98421930346,orthopaedics,R0000365
L.,Patel,,4937780800,232 high st,Durham,TS5 6XX,(2663) 9206025,general practice,R0004919
Jhon,Taylor, Dr,1561362215,163 High St,Newcastle,TS6 1XX,93151464976,pediatrics,R0004845
Chen,Roberts,,8284179801,292 High Street,Newcastle,TS16 7XX,15356508951,gp,R0004327
Elena,Patel,,1268260009,292 Church Lane,Newcastle,TS1 1XX,81156246430,cardiology,R0000147
Lucy,Taylor, Dr,0885096913,179 Station Rd,Durham,TS10 8XX,4367 309 4167,family medicine,R0006596
Chen,Borwn,,8342015089,203 Station Road,Leeds,TS6 4XX,9373 449 4689,cardiology,R0003088
Grace,Davies,,6982661227,247 Church Lane,York,TS17 2XX,43808979417,pediatrics,R0005916
John,Khan, MD,0946210304,16 Station Rd,York,TS18 3XX,40399495184,paediatrics,R0000407
Elena,Davies,,0399471933,167 High Street,Leeds,TS13 8XX,38986569901,paediatrics,R0006928
John,Wilson,,5910307310,94 Victoria Road,Leeds,TS14 2XX,77383994581,orthopaedics,R0003456
John,Davies,,2527246090,37 Victoria Road,Durham,TS15 4XX,37358665000,orthopedics,R0004182
Amara,Williams,,7020818415,213 Station Rd,York,TS29 6XX,(0076) 4722479,orthopaedics,R0003576
Wei,Brown,,7311203080,38 High Street,Middlesbrough,TS9 7XX,59649113985,ortho surgery,R0003271
D.,Khan,,5285298312,117 station rd,York,TS24 8XX,(7811) 9627178,pediatrics,R0001031
Grace,Brown,,6342362739,247 High Street,Leeds,TS9 5XX,50555577168,pediatrics,R0004907
Priya,Evans, Jr,,11 Victoria Road,Middlesbrough,TS25 1XX,(7742) 1367105,orthopaedics,R0000855
L.,Brown,,2349311970,12 Church Ln,Leeds,TS16 5XX,(5467) 1654259,orthopaedics,R0003926
Omar,Khan,,4176431963,138 Church Lane,Durham,TS21 4XX,36650469535,general practice,R0000078
Wei,Jones, Dr,8658055945,290 Victoria Road,Leeds,TS3 4XX,(6472) 0786334,pediatrics,R0002247
Lucy,Nguyen, MD,3564885698,46 Station Road,Newcastle,TS15 8XX,(5917) 4165016,gp,R0005548
Elena,Ahmed,,5098071441,245 Park Avenue,Durham,TS16 5XX,(8480) 2879192,cardiovascular medicine,R0006852
R.,Patel,,,71 Park Ave,Leeds,TS6 2XX,8866 228 4698,orthopedics,R0006899
John,Thomas, Jr,3032346271,282 church lane,Newcastle,TS21 4XX,(3648) 1709409,cardiology,R0005152
Elena,Ahmed,,9856974639,269 High Street,Leeds,TS11 2XX,57856507059,ortho surgery,R0000788
Aisha,Thomas,,3409432072,55 High Street,Newcastle,TS16 1XX,25298859357,paediatrics,R0002279
R.,Patel,,,249 Victoria Road,Middlesbrough,TS8 1XX,82078820217,orthopaedics,R0004095
James,Ahmed,,6206373662,22 park ave,Newcastle,TS24 3XX,(2218) 9809800,cardiology,R0003897
E.,Brown,,6734701118,95 Station Road,Newcastle,TS26 4XX,02648316957,family medicine,R0004880
Mohammed,Jones,,4020202860,31 Park Avenue,Newcastle,TS17 3XX,99744288244,ortho surgery,R0006232
Elena,Willimas, Dr,,112 Park Ave,Leeds,TS21 8XX,5561 014 8683,gp,R0003631
Grace,Williams,,5526006552,98 High Street,Durham,TS9 3XX,89339351813,paediatrics,R0005610
Omar,Nguyen,,,43 High Street,Leeds,TS18 2XX,4980 550 6562,pediatrics,R0000424
Amara,Wilson,,2223003035,20 High Street,Durham,TS19 5XX,68013689544,cardiology,R0000392
Amara,Wislon, MD,7064991286,99 High St,Middlesbrough,TS8 6XX,2483 555 8985,cardiology,R0005593
Mohammed,Davies,,9018799081,246 Victoria Road,Durham,TS29 8XX,25975717841,pediatrics,R0007081
Aisha,Jones, Dr,6796289346,233 Victoria Rd,York,TS22 7XX,23852520409,orthopedics,R0004200
Wei,Taylor, MD,2737032624,72 Station Rd,Durham,TS11 6XX,0761 139 2442,paediatrics,R0002672
F.,Khan,,8218395751,210 High Street,Durham,TS21 8XX,42936557036,orthopaedics,R0007398
Wei,Khan,,8988780080,159 Station Road,York,TS16 3XX,83770926609,general practice,R0005061
Priya,Smith,,1594247069,182 Victoria Road,Middlesbrough,TS29 1XX,43676795552,pediatrics,R0003493
Mohammed,Jones, Jr,3277132814,125 Station Rd,Leeds,TS28 5XX,38714443890,general practice,R0001459
A.,Williams,,,132 Station Road,Middlesbrough,TS1 2XX,1997 950 7516,orthopedics,R0005405
Lucy,Thomas,,6843441244,20 Station Road,Middlesbrough,TS9 4XX,24339874811,cardiovascular medicine,R0005058
David,Jones,,7315921442,270 Park Avenue,Middlesbrough,TS13 2XX,85666686134,gp,R0004967
Rajesh,Sharma,,0725148641,214 Station Road,Newcastle,TS28 3XX,67423434131,cardiology,R0003835
Mohammed,Wilson,,5584430337,51 Park Avenue,Leeds,TS6 6XX,62046259780,paediatrics,R0006558
Grace,Khan,,,80 Park Avenue,Leeds,TS11 3XX,9021 607 1318,orthopedics,R0005804
A.,Davies, Dr,6862887159,277 Station Road,Newcastle,TS14 5XX,9298 700 3039,cardiology,R0007141
Chen,Williams, Dr,4136623557,298 church ln,Durham,TS8 2XX,9282 130 7959,cardiology,R0004724
Elena,Roberts,,7760479725,239 Park Avenue,Newcastle,TS4 8XX,48754252422,cardiovascular medicine,R0005820
Mohammed,Nguyen,,4087389992,241 Church Lane,Middlesbrough,TS20 4XX,8933 053 9845,pediatrics,R0002355
Mohammed,Jones,,6023708339,278 Victoria Road,Leeds,TS26 7XX,09201953627,pediatrics,R0007414
Amara,Nguyen,,7956496151,247 Park Avenue,Durham,TS24 2XX,43495495458,orthopaedics,R0002442
Mohammed,Wilson,,0226748924,198 High Street,Leeds,TS22 7XX,74258974074,general practice,R0005417
James,Sharma,,1681331519,292 Station Road,Leeds,TS20 8XX,12902897511,general practice,R0006885
Grace,Wilson,,0296355796,132 High Street,Newcastle,TS4 4XX,25960326339,paediatrics,R0005833
Jhon,Wilson, MD,1418798271,81 Victoria Rd,Durham,TS20 8XX,88109240688,orthopaedics,R0000464
Fatima,Taylor,,5192673128,12 Victoria Road,Newcastle,TS7 5XX,17476943511,orthopaedics,R0000163
David,Taylor,,3511367621,251 Park Avenue,Durham,TS14 4XX,96339401012,family medicine,R0006495
D.,Evans,,3710031657,203 Station Road,Newcastle,TS25 7XX,8601 929 6563,orthopaedics,R0006721
Amara,Ahmed,,8378798399,72 High Street,Newcastle,TS29 7XX,98102068805,cardiovascular medicine,R0007191
J.,Jones,,1495569666,174 High Street,Durham,TS20 5XX,10441402422,ortho surgery,R0007440
Grace,Davies, Jr,1292838502,162 Victoria Road,Leeds,TS7 2XX,(6898) 8958610,pediatrics,R0002009
Elena,Brown,,3446852169,133 Station Road,Middlesbrough,TS3 3XX,97739449726,pediatrics,R0003084
Luyc,Taylor,,,71 Park Ave,Middlesbrough,TS20 4XX,70728304027,pediatrics,R0000900
Omar,Khan,,4251502110,210 High Street,Durham,TS21 8XX,42936557036,orthopaedics,R0007399
Aisha,Jones,,9565878497,190 Station Road,Leeds,TS24 1XX,87592917263,pediatrics,R0004837
Lucy,Wilson,,5897980059,243 Station Road,Newcastle,TS25 2XX,42062564003,general practice,R0002293
P.,Smith, Dr,7053931199,234 high street,Leeds,TS1 7XX,8753 275 4379,orthopedics,R0004481
Priya,Jones,,2098305413,245 victoria road,Middlesbrough,TS26 1XX,40646987375,family medicine,R0004605
Wei,Taylor,,0412184099,61 High Street,Middlesbrough,TS5 3XX,47989096197,paediatrics,R0003716
Lucy,Nguyen,,7775346658,195 High Street,Durham,TS16 1XX,00798086326,orthopedics,R0006226
Chen,Wilson,,2288035277,83 Victoria Road,Durham,TS25 3XX,23863722092,paediatrics,R0001764
Priya,Evans,,9424916034,115 Station Road,Middlesbrough,TS23 6XX,44062386625,cardiology,R0001549
Wei,Sharma,,0388834871,103 Victoria Road,Middlesbrough,TS8 5XX,67723798964,paediatrics,R0003029
Elnea,Ali, Jr,6829279936,180 park avenue,York,TS15 1XX,0903 708 7430,paediatrics,R0005659
Rajesh,Davies,,2988660114,225 Church Lane,Middlesbrough,TS22 5XX,59507805412,ortho surgery,R0002044
Elena,Williams,,9469779627,5 Station Road,Leeds,TS19 3XX,09568667287,cardiology,R0000767
Elena,Brown,,5239896521,98 Church Lane,York,TS23 1XX,81339708607,cardiology,R0001508
A.,Roberts,,4397294645,225 Church Lane,Middlesbrough,TS17 2XX,02817058313,orthopaedics,R0007290
Sarah,Davies,,8618942699,245 High Street,Middlesbrough,TS16 7XX,06228219895,general practice,R0004517
Lucy,Williams,,5975623790,289 Church Lane,Durham,TS14 7XX,63734294951,paediatrics,R0004219
J.,Thomas,,7528926708,119 High Street,Leeds,TS14 3XX,39175838524,ortho surgery,R0007434
Rajesh,Taylor,,5101161311,179 Park Avenue,Leeds,TS24 6XX,20916585018,orthopaedics,R0005485
Rajesh,Thomas,,7908872742,168 Station Road,York,TS22 2XX,23492905832,paediatrics,R0003292
M.,Ahmed, Jr,7527628862,70 Station Rd,York,TS6 3XX,11714408966,family medicine,R0000819
John,Smith,,9527902107,85 High Street,Leeds,TS24 5XX,60907648809,orthopedics,R0001403
Fatima,Patel, MD,0821644418,57 High St,York,TS8 6XX,5352 196 6995,cardiology,R0001382
Amara,Patel,,4242624967,279 Park Avenue,Newcastle,TS26 7XX,36851526875,family medicine,R0002148
Wei,Wilson,,6639248044,216 High St,York,TS16 6XX,91218590701,paediatrics,R0001638
G.,Khan, Jr,1815978399,49 Station Road,Newcastle,TS3 8XX,(3727) 7507939,gp,R0007216
Lucy,Ali,,1698284457,243 High Street,York,TS24 5XX,20575965051,cardiovascular medicine,R0000399
David,Nguyen,,6987521750,129 Victoria Road,Newcastle,TS11 4XX,(1923) 4269851,orthopedics,R0000882
Mohammed,Davies,,6097226284,200 High Street,Durham,TS28 3XX,97735268681,orthopaedics,R0003565
James,Jones,,3543475474,287 Park Avenue,Durham,TS22 3XX,52401397682,paediatrics,R0006704
Grace,Roberts,,5104480804,173 Church Lane,York,TS2 7XX,17589844667,orthopaedics,R0001179
S.,Nguyen,,7000249899,181 high st,Newcastle,TS27 6XX,94772741178,pediatrics,R0004244
Aisha,Nguyen,,9732625621,250 High Street,Durham,TS4 7XX,07622558750,ortho surgery,R0005113
S.,Khan,,7895116897,42 victoria road,York,TS6 4XX,0633 094 7564,paediatrics,R0002130
Amara,Ali, MD,,47 High Street,Durham,TS26 7XX,38365001994,pediatrics,R0000456
Mohammed,Patel,,2828061397,90 church lane,Durham,TS20 7XX,(5509) 5216788,general practice,R0001950
Lucy,Williams,,6924882535,15 Station Road,Middlesbrough,TS27 6XX,41046273051,pediatrics,R0000689
Aisha,Wilson,,9778805119,271 Park Avenue,Durham,TS28 6XX,53323002413,ortho surgery,R0005926
Omar,Evans,,8716599599,140 Station Road,Leeds,TS25 6XX,49069838208,paediatrics,R0007248
Wei,Ali,,7081886688,202 Park Avenue,Middlesbrough,TS20 2XX,01490001580,paediatrics,R0001953
Amara,Evans, MD,1637378003,242 Church Ln,Newcastle,TS13 7XX,77936792729,ortho surgery,R0002710
D.,Ali,,2436580133,160 Church Lane,Newcastle,TS28 4XX,5655 946 3491,gp,R0006357
Amara,Brown,,2060809548,126 Church Lane,Middlesbrough,TS15 4XX,95033210733,cardiology,R0004349
James,Nguyen,,2717044966,155 Victoria Road,Newcastle,TS6 4XX,07705893438,orthopedics,R0006515
David,Ahmed,,5448208073,83 Victoria Road,Middlesbrough,TS5 4XX,47696202977,general practice,R0001884
Fatima,Smith,,7675273295,224 Victoria Road,Leeds,TS27 8XX,63555377061,gp,R0005643
Fatima,Nguyen,,8015974220,278 Park Avenue,Durham,TS15 7XX,77018512964,family medicine,R0006633
R.,Evans, Jr,8574948983,180 station rd,Durham,TS27 5XX,7484 658 7812,pediatrics,R0002494
C.,Roberts, Dr,,108 Station Road,Middlesbrough,TS15 8XX,6516 361 5479,orthopaedics,R0003036
Rajesh,Sharma,,2112459927,215 High Street,Durham,TS27 5XX,53897088327,family medicine,R0003603
Fatima,Ali,,4380482340,140 High Street,Leeds,TS27 2XX,74738378461,pediatrics,R0000845
Sarah,Patel,,3289300345,65 Station Road,Leeds,TS9 5XX,60466556353,orthopaedics,R0000542
Chen,Davies,,3690016564,72 Victoria Road,York,TS14 4XX,29004647326,pediatrics,R0003724
J.,Davies, Dr,0680777973,65 High St,Newcastle,TS22 4XX,(5502) 2644581,cardiology,R0004187
Priya,Sharma,,2231407611,19 High Street,Middlesbrough,TS18 1XX,05942888309,gp,R0003679
Lucy,Taylor, MD,0885096913,179 Station Road,Durham,TS10 8XX,43673094167,gp,R0006595
Chen,Taylor,,6263416144,96 Station Road,Leeds,TS4 6XX,92112321703,cardiovascular medicine,R0006136
Amara,Patel, Dr,3798259425,202 Church Ln,Leeds,TS10 8XX,98482316768,cardiovascular medicine,R0005144
Chen,Khan,,9788416682,35 Victoria Road,Newcastle,TS22 3XX,21843141834,paediatrics,R0002964
Fatima,Khan,,8003542641,268 Victoria Road,Leeds,TS21 3XX,72208766048,pediatrics,R0002529
James,Smith,,0623811020,211 Park Avenue,Durham,TS6 5XX,30462790128,pediatrics,R0001048
Grace,Roberts,,2041454551,35 Park Avenue,Durham,TS5 4XX,23759507039,gp,R0001960
Lucy,Evans,,0808048200,206 Station Road,Leeds,TS7 4XX,35238773837,cardiovascular medicine,R0002530
Chen,Wilson,,3441225450,231 Victoria Road,Newcastle,TS23 6XX,(4113) 2354916,orthopedics,R0005516
John,Nguyen,,3296744372,173 Victoria Road,Middlesbrough,TS14 3XX,66972284086,cardiology,R0000237
John,Taylor,,8330798039,24 church lane,Leeds,TS6 8XX,69784943933,ortho surgery,R0004917
Priya,Smtih, Jr,9227659092,289 Park Ave,Leeds,TS9 3XX,58168790345,cardiovascular medicine,R0001133
Omar,Jones,,6586953590,183 High Street,Middlesbrough,TS8 5XX,45909351524,general practice,R0006206
Sarah,Jones,,6881416267,18 Park Ave,Middlesbrough,TS29 4XX,66598663407,cardiovascular medicine,R0004259
Mohammed,Davies,,0440247700,253 High Street,Leeds,TS20 3XX,87012866226,pediatrics,R0006868
Mohammed,Sharma,,0355486579,73 Station Road,Newcastle,TS11 8XX,46734329800,gp,R0005631
Omar,Nguyen,,3508168786,248 Victoria Road,Durham,TS19 1XX,60344760308,general practice,R0005781
David,Ahmed,,6130968704,172 Victoria Road,York,TS18 8XX,77739805258,ortho surgery,R0002978
David,Khan, Jr,0161047058,138 victoria road,Newcastle,TS27 6XX,(7579) 1356872,orthopedics,R0005937
Mohammed,Brown, Dr,1278805489,91 Station Road,Newcastle,TS10 3XX,(5698) 8295794,pediatrics,R0006350
James,Nguyen, MD,,162 Station Rd,Middlesbrough,TS4 8XX,3917 752 2261,gp,R0007344
Mohammed,Evans,,8419805851,261 Victoria Road,Leeds,TS1 1XX,44610200631,general practice,R0003919
O.,Roberts, Dr,,258 Park Avenue,Durham,TS20 7XX,6556 843 2167,orthopaedics,R0003138
Sarah,Brown,,0539217461,225 Victoria Road,Middlesbrough,TS12 2XX,72452729690,paediatrics,R0006695
Elena,Tayolr, Dr,9682960818,107 Station Road,Durham,TS22 1XX,9842 570 1629,cardiology,R0004073
Elena,Roberts,,5016053255,203 Church Lane,Middlesbrough,TS20 1XX,44568577426,pediatrics,R0006449
Grace,Khan,,1675463223,103 Station Road,Middlesbrough,TS16 4XX,19510042947,pediatrics,R0003229
James,Taylor,,9993022075,129 Park Avenue,Middlesbrough,TS21 1XX,78234551356,family medicine,R0001826
Mohammed,Wilson,,3198338433,234 Church Lane,York,TS2 4XX,42343955290,paediatrics,R0000593
Mohammed,Taylor,,0750403864,178 Church Lane,York,TS3 2XX,89190582994,paediatrics,R0002725
John,Jones,,2409272817,146 Park Avenue,Durham,TS2 2XX,83886130084,cardiovascular medicine,R0004137
E.,Ali, Dr,4010338819,160 church lane,Leeds,TS12 4XX,18002103318,pediatrics,R0000560
Sarah,Williams,,5448847648,254 Park Avenue,Middlesbrough,TS11 3XX,96036467086,pediatrics,R0005876
Mohammed,Thomas,,3706827021,45 high street,York,TS26 1XX,3056 121 0332,paediatrics,R0005271
Chen,Jones,,4475793819,95 High St,Newcastle,TS12 8XX,14902033621,orthopedics,R0000243
Mohammed,Williams,,2000161340,85 Church Lane,Newcastle,TS1 3XX,02853898535,paediatrics,R0004437
Priya,Taylor,,,88 Station Road,Leeds,TS27 5XX,(2966) 0236029,orthopedics,R0005192
Lucy,Ali,,5502082387,108 Park Avenue,Middlesbrough,TS17 5XX,37923380874,family medicine,R0000405
Lucy,Taylor, Jr,,24 Victoria Road,Leeds,TS6 6XX,67219589428,general practice,R0001442
Elena,Khan,,3355882951,135 Station Road,Durham,TS24 3XX,11165468715,cardiovascular medicine,R0000261
Daivd,Thomas,,6223352986,167 Park Avenue,Leeds,TS17 1XX,1509 768 4808,gp,R0005022
John,Thomas,,1996176370,91 Station Road,Middlesbrough,TS20 6XX,94921918320,cardiology,R0006844
Chen,Sharma,,3182830454,10 Victoria Road,York,TS23 3XX,14547900250,orthopedics,R0001689
J.,Taylor,,,38 Victoria Road,Durham,TS19 2XX,7165 477 2341,pediatrics,R0001725
Rajesh,Nguyen,,4565048216,1 Park Avenue,Durham,TS21 3XX,5816 629 1851,cardiovascular medicine,R0004930
Rajesh,Patel,,7848385549,9 Park Avenue,York,TS24 4XX,84825654092,general practice,R0002496
Priya,Wilson,,7147918350,50 Church Lane,Leeds,TS7 7XX,12275413849,general practice,R0005036
Fatima,Taylor,,9870873589,133 Church Lane,Middlesbrough,TS18 6XX,08285300738,cardiology,R0000340
Sarah,Evans,,3319159691,116 Church Lane,Newcastle,TS2 8XX,16828560003,general practice,R0005227
Chen,Nguyen, Dr,3538436032,265 station rd,York,TS2 7XX,(4319) 8434926,orthopaedics,R0001601
Mohammed,Sharma,,0455238157,10 Victoria Road,York,TS12 6XX,47232747078,orthopedics,R0004576
James,Jones,,8071404913,69 Station Road,Durham,TS24 3XX,18185786336,orthopaedics,R0003725
Priya,Williams, MD,,55 Station Road,Leeds,TS11 6XX,60791585850,pediatrics,R0007430
Pirya,Ahmed, Jr,7445386904,31 Victoria Road,Durham,TS23 4XX,3744 317 8046,orthopaedics,R0002785
Sarah,Evans, MD,5932079638,209 Station Rd,Durham,TS18 7XX,(9301) 7318617,paediatrics,R0001523
Priya,Nguyen,,8074831780,50 Victoria Road,Leeds,TS25 5XX,09319354723,gp,R0005697
E.,Nguyen,,0715845095,18 Church Lane,Middlesbrough,TS4 7XX,9849 605 4663,cardiology,R0006661
Wei,Roberts,,4737340235,274 Station Road,Durham,TS21 4XX,13118716558,general practice,R0006951
Moahmmed,Jones, Dr,6321859304,145 Station Rd,York,TS15 5XX,71905573704,cardiology,R0006062
Omar,Khan,,1911529159,131 Park Avenue,Middlesbrough,TS6 2XX,92032149296,cardiology,R0001766
James,Patel, MD,,127 Victoria Road,Newcastle,TS19 3XX,17154606144,family medicine,R0007403
Rajesh,Davies,,2808680828,89 Station Road,Durham,TS29 7XX,02193552340,paediatrics,R0004037
A.,Wilson,,9778805119,271 park ave,Durham,TS28 6XX,5332 300 2413,orthopaedics,R0005927
John,Taylor, MD,,220 Park Ave,Leeds,TS18 1XX,83035698229,cardiology,R0006079
Aisha,Khan, MD,2218884321,148 Station Road,Durham,TS3 8XX,(3753) 5428516,general practice,R0007016
Chen,Patel, Jr,,128 Station Rd,York,TS7 2XX,9842 193 0346,orthopedics,R0000363
L.,Taylor,,9547765683,237 Church Lane,Durham,TS21 7XX,70170675513,pediatrics,R0007422
Chen,Jones,,5433674022,86 Station Road,Durham,TS19 8XX,(6299) 7175740,cardiovascular medicine,R0006751
Rajesh,Smith,,1278653028,249 Park Avenue,Durham,TS27 3XX,67789687309,paediatrics,R0004725
Amara,Thomas,,3811778098,236 Church Lane,York,TS5 6XX,76251589733,ortho surgery,R0004443
Rajesh,Williams, Jr,5176944364,18 Victoria Rd,Middlesbrough,TS4 8XX,9366 599 1468,cardiovascular medicine,R0005979
E.,Davies, MD,0399471933,167 high st,Leeds,TS13 8XX,3898 656 9901,paediatrics,R0006929
David,Taylor, Dr,9405316632,22 church ln,Newcastle,TS2 3XX,(7730) 1548436,gp,R0002562
G.,Patel,,6991938544,194 Church Lane,Newcastle,TS8 1XX,6770 805 9895,orthopedics,R0005239
David,Williams,,7666027208,235 Park Avenue,Leeds,TS28 1XX,66420784337,pediatrics,R0006879
Aisha,Davies,,4912169192,40 Victoria Road,Middlesbrough,TS2 5XX,80847901155,cardiology,R0006965
John,Brown,,2985333506,179 Church Lane,Middlesbrough,TS8 3XX,99769733644,gp,R0003083
John,Smith,,5562509923,215 Victoria Road,Leeds,TS20 8XX,96786309602,pediatrics,R0006913
O.,Evans, MD,0914822034,258 Church Ln,Middlesbrough,TS6 1XX,26015585975,orthopedics,R0002102
E.,Ali, MD,5116448997,48 victoria rd,Durham,TS26 5XX,08934566388,ortho surgery,R0000632
Rajesh,Evans,,8574948983,180 Station Road,Durham,TS27 5XX,74846587812,paediatrics,R0002493
Aisha,Sharma,,3851574671,286 Victoria Road,Middlesbrough,TS4 3XX,06539285692,orthopedics,R0002665
R.,Davies,,3903094097,18 church lane,York,TS23 3XX,28268020610,cardiovascular medicine,R0005428
Lucy,Khan,,2983410000,180 Station Road,Durham,TS19 6XX,66334758366,orthopaedics,R0004406
A.,Jones,,,167 Church Lane,Newcastle,TS6 5XX,74230854502,orthopaedics,R0005810
Fatima,Brown,,7738945461,49 Church Lane,York,TS28 7XX,55705487708,gp,R0005317
Grace,Wilson,,4612148042,11 Victoria Road,Durham,TS7 3XX,5006 871 8282,orthopaedics,R0002334
David,Ahmed,,1336718908,214 Victoria Road,Durham,TS29 8XX,39127827748,cardiovascular medicine,R0005749
Grace,Roberts,,0490572805,113 Station Rd,Leeds,TS19 4XX,03042835148,family medicine,R0003619
Amara,Taylor,,2645545435,149 Park Avenue,Newcastle,TS3 2XX,10822386189,gp,R0003883
G.,Nguyen, Jr,7481107321,211 Park Ave,York,TS28 6XX,5183 807 7070,ortho surgery,R0005086
Mohammed,Ali,,5837565972,288 Park Avenue,Leeds,TS21 4XX,22448671100,orthopedics,R0004211
Priay,Patel,,1889894042,7 High Street,Durham,TS19 3XX,44242221550,cardiology,R0001494
Sarah,Davies,,8328194737,216 Victoria Road,York,TS7 1XX,99608423975,paediatrics,R0002401
Lucy,Thomas,,7036534789,31 Park Avenue,Leeds,TS27 5XX,73557052175,cardiology,R0003874
A.,Ali, MD,,200 station road,Newcastle,TS22 8XX,67436384461,cardiology,R0001232
F.,Sharma,,,279 Park Ave,York,TS16 4XX,3593 413 7784,cardiology,R0002661
Amara,Roberts,,3654540447,23 Park Avenue,York,TS12 6XX,98224667580,orthopedics,R0002817
Mohammed,Smith,,1857306441,96 Station Road,York,TS13 5XX,75544634687,cardiovascular medicine,R0006855
James,Ahmde,,,69 church ln,York,TS28 7XX,1119 685 5047,cardiology,R0005955
Wei,Taylor,,0210483617,90 Park Avenue,York,TS8 5XX,67138887022,general practice,R0004153
Chen,Wilson,,2666163451,160 Station Road,Newcastle,TS27 1XX,(6069) 5428936,pediatrics,R0005583
Amara,Khan,,7788431189,250 Park Avenue,Newcastle,TS9 7XX,33614447216,ortho surgery,R0003061
Rajesh,Sharma,,8699986347,179 Church Lane,Middlesbrough,TS22 6XX,22789670451,pediatrics,R0006417
Amara,Taylor,,5842691625,237 Church Lane,Durham,TS21 7XX,70170675513,paediatrics,R0007423
Lucy,Khan,,9654477592,295 Church Lane,York,TS5 4XX,86711430577,general practice,R0001735
Chen,Roberts,,1699775102,60 Station Road,Newcastle,TS25 3XX,37687678329,orthopedics,R0002823
Wei,Thomas,,0023875182,231 Park Avenue,Newcastle,TS8 5XX,75326058215,family medicine,R0005718
Priya,Patel,,3708698777,154 High Street,Durham,TS6 2XX,99909091107,cardiovascular medicine,R0005140
John,Smith,,8257265127,239 High Street,Leeds,TS15 4XX,49097969077,paediatrics,R0002475
D.,Taylor, MD,9405316632,68 Church Lane,York,TS29 1XX,1796 328 6441,family medicine,R0002564
Aisha,Evans,,2746205914,100 Park Avenue,Newcastle,TS6 7XX,91539709365,family medicine,R0007009
A.,Evans, Jr,3607028651,48 Park Ave,York,TS19 7XX,95684875939,pediatrics,R0007127
Wei,Evans,,5356128099,77 Station Road,Leeds,TS6 5XX,2739 845 0054,cardiology,R0000707
Fatima,Sharma,,6966230507,173 Victoria Road,Newcastle,TS5 6XX,40784908665,general practice,R0003046
E.,Evans,,0643448896,94 high st,York,TS8 3XX,6788 973 2278,ortho surgery,R0006406
James,Brown,,1335961138,209 Church Ln,Leeds,TS8 2XX,(4148) 1017000,cardiology,R0005724
Rajesh,Khan,,0241183557,163 Park Avenue,Leeds,TS25 3XX,84170702694,general practice,R0000072
Aisha,Evans,,8742852219,54 Park Avenue,Leeds,TS7 7XX,77094716042,orthopaedics,R0004448
A.,Jones,,9565878497,190 Station Rd,Leeds,TS24 1XX,(8759) 2917263,pediatrics,R0004839
Mohammed,Taylor,,8712132103,299 Station Road,Leeds,TS9 3XX,19287143436,gp,R0007019
John,Roberts,,4069500580,60 Park Avenue,Durham,TS2 2XX,05190671270,cardiology,R0001190
Amara,Taylor,,4990836944,217 Park Avenue,Leeds,TS8 5XX,26201213425,pediatrics,R0002601
Elena,Ahmed,,3649830539,120 Church Lane,Leeds,TS10 7XX,19285527644,family medicine,R0001125
Mohammed,Roberts,,9826755435,201 Victoria Road,Leeds,TS2 1XX,52490124611,cardiology,R0001241
Omar,Taylor,,2446734199,81 High Street,Middlesbrough,TS9 1XX,45519686350,orthopaedics,R0006724
Amara,Nguyen, Jr,9986162828,118 Victoria Rd,York,TS10 7XX,6133 035 6173,ortho surgery,R0006189
Priya,Roberts,,1608066549,166 Church Lane,Middlesbrough,TS10 5XX,43126812832,cardiovascular medicine,R0005623
Aisha,Roberts,,5093642354,213 High Street,Leeds,TS13 6XX,41583642891,family medicine,R0003351
Omar,Evans,,7910297431,215 Station Road,Newcastle,TS28 8XX,75157475916,pediatrics,R0004008
Mohamemd,Patel, Jr,3478919516,178 High Street,York,TS25 8XX,21519312378,ortho surgery,R0001577
John,Smith,,6771579877,280 Station Road,York,TS2 1XX,29238010579,gp,R0003906
Sarah,Evans,,5869061345,44 Station Road,Middlesbrough,TS5 2XX,68388213198,cardiology,R0003729
James,Ahmed,,1350946274,147 Church Lane,Leeds,TS6 4XX,35531223727,pediatrics,R0004358
Mohammed,Khan, MD,6231713407,244 Park Ave,York,TS6 1XX,(0677) 8302775,pediatrics,R0001343
John,Khan,,1678865422,181 Park Avenue,York,TS8 4XX,39997376728,cardiovascular medicine,R0007483
Fatima,Brown,,3699549112,180 Victoria Road,Leeds,TS13 2XX,44801713065,cardiovascular medicine,R0005701
Chen,Williams, Jr,9033612628,136 Victoria Rd,Leeds,TS17 3XX,36212923612,cardiology,R0000440
Chen,Evans,,3675797548,211 Victoria Road,Leeds,TS1 7XX,29096308107,ortho surgery,R0001100
Chen,Roberts,,7076818771,170 Victoria Road,Middlesbrough,TS7 2XX,26991917183,cardiovascular medicine,R0002637
James,Patel,,1862794772,108 Victoria Road,Newcastle,TS21 8XX,47653304154,pediatrics,R0005284
Omar,Sharma, MD,3122232637,131 Park Avenue,Durham,TS17 8XX,2921 880 5525,cardiovascular medicine,R0000649
Priya,Roberts,,8766369231,119 Victoria Road,York,TS18 3XX,08837561612,family medicine,R0001546
David,Roberts, Jr,8324266685,38 park ave,York,TS7 4XX,6041 273 6534,general practice,R0005746
J.,Brown,,1335961138,209 Church Lane,Leeds,TS8 2XX,41481017000,cardiology,R0005723
Aisha,Tyalor,,4061687563,103 Park Avenue,Durham,TS6 3XX,(7429) 8745958,cardiovascular medicine,R0002852
Fatima,Williams,,6965600549,292 Church Lane,Newcastle,TS20 3XX,80647022599,orthopaedics,R0003503
Priya,Taylor,,7038009155,93 Park Avenue,Durham,TS19 8XX,61503692014,orthopedics,R0005397
Amara,Patel, MD,7743091856,272 station road,Newcastle,TS23 6XX,45107983337,cardiology,R0000630
Lucy,Brown,,2883056694,279 Victoria Road,Newcastle,TS2 5XX,10078496036,gp,R0004768
O.,Williams, Dr,6593293288,125 high street,Newcastle,TS19 3XX,5211 158 4047,ortho surgery,R0001249
Sarah,Wilson,,,43 Church Lane,Middlesbrough,TS2 8XX,(3042) 2666847,cardiology,R0005128
Lucy,Patel,,,33 Victoria Rd,York,TS15 1XX,28307600106,general practice,R0000482
Elena,Sharma, MD,3693275494,66 Station Road,Leeds,TS27 6XX,09960088845,general practice,R0001584
Grace,Thomas,,5545808063,83 High Street,Middlesbrough,TS8 1XX,13247033252,pediatrics,R0004676
Omar,Smith,,3294264131,289 Park Avenue,Newcastle,TS24 4XX,40307916547,gp,R0001462
Elena,Khan,,9018433530,255 Victoria Road,Newcastle,TS6 5XX,40361323647,cardiovascular medicine,R0003040
Sarah,Patel,,,80 Victoria Rd,Middlesbrough,TS16 3XX,0656 284 2221,pediatrics,R0005010
Amara,Patel, Dr,3582726117,49 Station Road,Newcastle,TS9 2XX,13424630706,cardiovascular medicine,R0005769
John,Roberts,,6082930348,201 Church Lane,Middlesbrough,TS2 5XX,05886351710,family medicine,R0003273
Elena,Ali,,2349076285,277 Church Lane,Leeds,TS13 7XX,98369607540,cardiology,R0003683
Fatima,Smith,,8363948904,203 Park Avenue,Newcastle,TS21 6XX,31908038222,gp,R0004145
Rajesh,Thomas, Jr,7492998504,163 Church Ln,Leeds,TS2 8XX,6018 612 1607,cardiovascular medicine,R0005283
Rajesh,Ali,,5052253316,11 Park Avenue,Newcastle,TS13 1XX,29758206810,ortho surgery,R0004954
Sarah,Thomas,,2947074812,113 Victoria Road,York,TS17 5XX,39502947002,cardiovascular medicine,R0003225
Grace,Smith,,9124250436,218 Church Lane,Durham,TS5 8XX,33518291836,paediatrics,R0001072
Omar,Ahmed,,6392587503,129 Church Ln,Newcastle,TS25 4XX,3141 195 3438,orthopedics,R0004815
Wei,Smith,,3031602254,228 Park Avenue,Durham,TS12 1XX,93596538143,general practice,R0002631
Amara,Nguyen,,,165 Church Ln,York,TS10 6XX,6676 019 2439,cardiovascular medicine,R0001660
Elena,Nguyen,,2523918833,174 High Street,Durham,TS20 8XX,23633194765,general practice,R0002425
Amara,Patel,,3604628866,223 Station Road,Newcastle,TS15 1XX,37556328476,cardiovascular medicine,R0005079
Amara,Brown, Dr,0225609062,213 Victoria Rd,York,TS18 2XX,(3980) 6864479,cardiovascular medicine,R0006529
P.,Nguyen,,8074831780,50 Victoria Rd,Leeds,TS25 5XX,09319354723,gp,R0005698
Omar,Nguyen,,7238266100,275 Park Avenue,Leeds,TS7 8XX,50344780260,orthopaedics,R0003097
James,Jones,,7246344992,27 Station Road,York,TS6 5XX,54481757576,paediatrics,R0003976
Sarah,Thomas,,7667156626,62 Church Lane,Durham,TS8 8XX,30223603143,pediatrics,R0006718
Aihsa,Ahmed, MD,6462111841,7 Station Road,Durham,TS11 7XX,0077 062 5709,paediatrics,R0007121
Grace,Patel,,6213808913,52 Park Avenue,York,TS7 5XX,20196891532,cardiology,R0005328
Oamr,Evans,,5379926561,20 Park Avenue,York,TS15 3XX,98669743278,gp,R0005945
Sarah,Wilson,,1673272139,153 Church Lane,Leeds,TS15 3XX,(6454) 4439287,general practice,R0001408
Fatima,Ahmed,,5040809063,45 High Street,Leeds,TS2 6XX,83414958710,family medicine,R0001845
Amara,Davies,,4983197744,94 High Street,York,TS16 2XX,66802482990,pediatrics,R0001798
A.,Nguyen, MD,9717335369,156 station rd,Leeds,TS29 1XX,83971520668,family medicine,R0003957
Aisha,Ahmed,,2538737095,23 Park Avenue,Durham,TS10 6XX,36019712504,orthopedics,R0001475
Fatima,Ahmed,,0060028474,225 High Street,Leeds,TS3 7XX,13954572685,pediatrics,R0000035
Amara,Evans,,3199213349,142 Church Lane,Durham,TS2 2XX,40521143331,pediatrics,R0005705
A.,Nguyen, MD,,269 Station Rd,Durham,TS18 1XX,47729646821,family medicine,R0000444
Sarah,Roberts, Dr,7626967981,157 victoria rd,Durham,TS21 2XX,49914602561,general practice,R0002359
Sarah,Patel,,7933612871,252 Park Avenue,Newcastle,TS7 2XX,99542051499,cardiology,R0003654
E.,Davies,,1284400632,264 Park Avenue,Durham,TS10 1XX,(3332) 9804384,ortho surgery,R0003179
Lucy,Sharma,,6164970872,259 Station Road,Middlesbrough,TS9 8XX,95339179878,orthopedics,R0001286
Elena,Thomas,,1007318308,255 Park Avenue,Durham,TS2 2XX,77982544582,paediatrics,R0005556
David,Patel,,4993063800,60 Park Avenue,Durham,TS19 5XX,86185176218,paediatrics,R0004445
Omra,Ahmed,,9697570279,92 Church Lane,York,TS1 6XX,(9691) 5738180,orthopedics,R0003416
Aisha,Thomas,,4653957411,245 Church Ln,Durham,TS13 3XX,13363255419,ortho surgery,R0002137
Priya,Sharma,,0681350220,236 Park Avenue,Durham,TS3 2XX,09550099510,paediatrics,R0002636
Lucy,Williams,,7312303910,168 Station Road,Newcastle,TS20 5XX,70287422081,paediatrics,R0004016
O.,Evans, Dr,8716599599,140 Station Road,Leeds,TS25 6XX,(4906) 9838208,pediatrics,R0007249
Wei,Nguyen,,6149048939,45 Park Avenue,York,TS23 7XX,20707376006,orthopaedics,R0001681
L.,Nguyen, MD,8717579427,170 station road,York,TS21 8XX,77538326943,pediatrics,R0005453
Rajesh,Roberts, Jr,1485116049,152 Victoria Rd,Middlesbrough,TS27 3XX,15434021945,pediatrics,R0001692
John,Evans,,8734531584,99 Park Avenue,Durham,TS27 5XX,69115894173,pediatrics,R0005531
Mhoammed,Smith,,1692704739,62 High St,Middlesbrough,TS15 4XX,02704308132,orthopedics,R0005974
Mohammed,Sharma,,4403803636,243 Station Rd,Middlesbrough,TS27 7XX,2047 675 9189,family medicine,R0003635
Wei,Roberts,,2805441034,78 Park Avenue,York,TS8 3XX,64945018345,general practice,R0000372
Mohammed,Williams,,3929958023,264 Station Road,Middlesbrough,TS1 4XX,29271990085,ortho surgery,R0005763
Elena,Brown, Dr,6734701118,95 Station Rd,Newcastle,TS26 4XX,(0264) 8316957,general practice,R0004882
Omar,Patel,,0347536676,264 high st,Newcastle,TS10 7XX,(6637) 4201643,pediatrics,R0007107
Amara,Roberts,,7728845079,99 Church Ln,York,TS15 1XX,67994956697,cardiovascular medicine,R0000140
David,Ali,,8133468508,263 Station Road,Leeds,TS25 7XX,8911 493 3995,orthopaedics,R0004884
E.,Williams,,2649806607,159 Church Lane,Newcastle,TS15 4XX,6774 598 3613,family medicine,R0004419
Rajesh,Nguyen,,9381341023,262 Church Lane,York,TS3 6XX,28855305083,orthopaedics,R0006988
Mohammed,Jones, Jr,1730382803,268 church ln,Middlesbrough,TS20 8XX,78146487978,gp,R0006165
John,Taylor,,7326765066,290 Church Lane,Leeds,TS29 4XX,27456311954,cardiology,R0000714
Mohammed,Ahmed, MD,4006580336,113 Church Lane,York,TS27 1XX,8205 277 4713,general practice,R0003188
Wei,Smith,,7394311325,143 High St,Newcastle,TS14 3XX,0016 091 9347,orthopaedics,R0006629
Rajesh,Smith,,0354011082,78 Park Avenue,York,TS29 8XX,69431565232,gp,R0004431
Wei,Sharma,,2022136967,74 Church Lane,Durham,TS26 8XX,(0569) 5279334,family medicine,R0005250
John,Khan,,0946210304,16 Station Road,York,TS18 3XX,40399495184,paediatrics,R0000406
Amara,Jones,,3576987624,239 High Street,Leeds,TS27 4XX,16982452229,gp,R0000020
Wei,Patel,,6274603404,74 Church Lane,York,TS15 7XX,7069 837 8386,cardiovascular medicine,R0001004
Aisha,Smith,,4728641503,203 Station Road,Middlesbrough,TS3 8XX,40358414616,orthopaedics,R0004986
Grace,Nguyen,,6920966236,256 Church Lane,Middlesbrough,TS9 4XX,83451528234,cardiology,R0002411
David,Evans,,8081000386,185 Church Lane,Newcastle,TS15 1XX,05233390127,general practice,R0002545
Rajseh,Nguyen,,0460012816,17 Station Road,York,TS27 7XX,00387681799,orthopaedics,R0002390
Priya,Roberts, Dr,6577207723,69 park ave,Middlesbrough,TS20 2XX,81949761526,paediatrics,R0006027
Priya,Evans,,,94 Station Rd,Durham,TS20 1XX,5359 094 7437,orthopedics,R0000042
Aisha,Ali, Jr,9092263941,13 Station Road,Durham,TS17 3XX,26205837496,pediatrics,R0002830
Elena,Roberts,,1575980577,22 Church Lane,York,TS10 3XX,08721589245,orthopaedics,R0003371
Priya,Williams,,1550874119,60 Station Road,Newcastle,TS20 5XX,88291736840,ortho surgery,R0003022
Wei,Davies,,4049041946,136 Victoria Road,Middlesbrough,TS15 1XX,75421901339,general practice,R0003364
Aisha,Ahmed,,4840176815,94 Station Road,Newcastle,TS24 2XX,77342316569,pediatrics,R0004399
Amara,Jones,,3616115712,54 Victoria Road,Newcastle,TS17 4XX,36520194447,cardiology,R0000011
J.,Roberts, MD,7425560076,207 Park Avenue,York,TS24 3XX,(5990) 1956006,orthopaedics,R0004760
Wei,Williams,,6368395802,58 Victoria Road,Newcastle,TS17 1XX,04838515326,orthopedics,R0001177
Lucy,Jones,,8117714475,254 Park Avenue,Middlesbrough,TS29 5XX,64262253863,pediatrics,R0001947
Amara,Davies,,8737356500,115 High Street,Middlesbrough,TS22 2XX,23180120213,pediatrics,R0002501
Lucy,Thomas, Dr,,249 High Street,Newcastle,TS1 2XX,30215823669,cardiology,R0002863
Grace,Khan, Dr,,176 Park Avenue,York,TS3 5XX,29238695121,orthopedics,R0003865
Lucy,Wilson,,4215174302,187 High Street,Durham,TS15 7XX,59711827672,cardiology,R0001026
Amara,Jones,,6181825894,190 Station Road,Durham,TS29 3XX,38253555430,gp,R0003848
Fatima,Khan,,1449890896,34 Victoria Road,Newcastle,TS20 4XX,33254215030,pediatrics,R0002989
Rajesh,Wilson,,1464711338,292 Victoria Road,York,TS15 3XX,57795306859,general practice,R0000961
David,Thomas,,3644755473,145 High Street,York,TS10 8XX,92442096414,cardiology,R0002889
Grace,Sharma,,1311492759,86 Church Lane,Middlesbrough,TS12 1XX,25963620786,orthopaedics,R0003015
Lucy,Davies,,2278986141,230 Church Lane,Durham,TS20 2XX,63692194224,orthopaedics,R0003338
O.,Patel, MD,8509888806,104 Church Lane,Newcastle,TS9 5XX,2416 156 6134,general practice,R0006054
David,Nguyen,,0677579712,80 Station Road,Leeds,TS11 2XX,61769028450,paediatrics,R0000735
Aisha,Ahmed, MD,4840176815,94 Station Rd,Newcastle,TS24 2XX,77342316569,paediatrics,R0004400
Lucy,Taylor,,5888179088,24 Victoria Road,Leeds,TS6 6XX,67219589428,gp,R0001440
Grace,Taylor,,6681610737,146 Victoria Road,Middlesbrough,TS14 1XX,89893286320,orthopedics,R0002875
Priya,Williams,,1009121011,156 High Street,York,TS11 2XX,24418335269,cardiovascular medicine,R0003986
James,Patel,,8601464866,175 Station Road,Durham,TS26 1XX,78473183733,cardiovascular medicine,R0000916
Omar,Sharma,,5667025183,37 Victoria Road,York,TS21 8XX,62911003763,cardiovascular medicine,R0006262
Priya,Jones,,,268 High Street,Middlesbrough,TS14 4XX,83296962371,orthopedics,R0005852
Wei,Williams, Jr,4404218170,183 high st,Newcastle,TS7 1XX,(4265) 5020908,paediatrics,R0004089
Grace,Wilson,,,81 High Street,York,TS15 4XX,78424757190,pediatrics,R0006931
Wei,Brown,,6412030766,69 Victoria Road,York,TS16 5XX,24242230619,family medicine,R0005861
Rjaesh,Nguyen, MD,2405352895,92 Park Ave,York,TS9 4XX,47636948411,paediatrics,R0002772
Fatima,Williams,,0965279623,72 Victoria Road,Middlesbrough,TS7 1XX,64195296180,cardiovascular medicine,R0001624
Grace,Williams,,2303455857,229 Church Lane,Leeds,TS21 8XX,55270749144,paediatrics,R0006284
M.,Smith, Jr,7588380464,56 park avenue,Newcastle,TS13 3XX,5898 225 4695,cardiovascular medicine,R0000821
Chen,Evans,,5172175156,215 Church Lane,Durham,TS15 3XX,22837356479,paediatrics,R0001367
Lucy,Thomas,,7423944431,233 Station Road,Leeds,TS6 1XX,90159616572,orthopaedics,R0003712
James,Taylor,,6013170340,132 Station Road,Middlesbrough,TS2 5XX,23790721202,gp,R0006744
Rajesh,Wilson,,9416627038,272 Park Ave,Durham,TS19 2XX,92792606406,orthopedics,R0000850
Mohammed,Evans,,6425243871,96 Victoria Road,Durham,TS11 5XX,10473399406,gp,R0001000
Elena,Smith, Dr,,146 Victoria Rd,Newcastle,TS6 2XX,4738 271 6718,cardiology,R0005572
Grace,Williams,,6751934520,193 victoria rd,Durham,TS6 5XX,7990 816 5954,family medicine,R0004114
Wei,Wilson,,6639248044,177 Park Avenue,Durham,TS24 3XX,40834670734,pediatrics,R0001637
Lucy,Williams,,6885396768,174 Church Lane,York,TS24 5XX,27313089297,paediatrics,R0001667
Wei,Williams,,9309094221,234 Victoria Road,Newcastle,TS22 2XX,57062783240,cardiology,R0004589
Fatima,Patel,,6407851355,224 Church Lane,Leeds,TS24 1XX,94806994386,paediatrics,R0003173
Omar,Patel,,8196846317,43 High Street,York,TS3 5XX,8173 292 5019,cardiovascular medicine,R0005708
Aisha,Nguyen,,9467245344,132 High Street,Durham,TS27 7XX,94028150311,cardiology,R0001347
Lucy,Wilsno,,9582291786,74 Church Lane,Newcastle,TS13 4XX,1304 246 9540,general practice,R0005858
Grace,Kahn,,1675463223,103 station road,Middlesbrough,TS16 4XX,19510042947,pediatrics,R0003230
J.,Roberts,,8399718319,285 Church Lane,York,TS27 1XX,97333229512,orthopaedics,R0007386
O.,Jones, MD,2746303552,164 Church Lane,Newcastle,TS15 4XX,31961289508,pediatrics,R0006246
Elena,Smith,,2674871350,218 Station Road,Durham,TS25 2XX,54889972286,ortho surgery,R0004783
Fatima,Jones,,3494420793,244 Station Road,Durham,TS29 4XX,92920412466,orthopaedics,R0005863
Grace,Williams,,6112654612,182 Park Avenue,Newcastle,TS1 3XX,88205623652,gp,R0003232
James,Williams,,8331420505,183 High Street,Leeds,TS3 2XX,33904598669,cardiology,R0006137
James,Smith,,7299898393,235 Church Lane,Middlesbrough,TS28 5XX,93358572778,orthopaedics,R0000703
Omar,Taylor, MD,5318556687,77 Park Avenue,Middlesbrough,TS12 5XX,11663354825,paediatrics,R0005105
Chen,Ahmed, Dr,0122234029,55 Station Road,Middlesbrough,TS26 1XX,(6026) 3633301,cardiovascular medicine,R0007137
Mohammed,Williams,,4185658843,101 Victoria Road,York,TS23 2XX,32459198428,general practice,R0003291
Mohammed,Nguyen,,0957702863,42 Church Lane,York,TS3 8XX,28264865381,cardiovascular medicine,R0003673
Fatima,Evans, Jr,4209131203,169 Victoria Rd,Leeds,TS28 6XX,86958090172,paediatrics,R0002408
D.,Brown,,5822104161,80 Victoria Road,Leeds,TS10 8XX,47857021980,paediatrics,R0006922
Omar,Williams,,6728748067,289 High Street,York,TS15 2XX,86241079226,paediatrics,R0001327
Aisha,Williams,,8171197067,288 Station Road,Newcastle,TS23 3XX,43787379391,paediatrics,R0006983
Eelna,Sharma,,6516095892,188 Victoria Road,York,TS21 1XX,22224907883,cardiology,R0006150
W.,Sharma,,8949229653,136 Park Ave,Newcastle,TS8 7XX,33382484190,family medicine,R0004909
Lucy,Evans,,1309532613,265 High St,Durham,TS23 6XX,9468 748 7843,family medicine,R0004440
Fatima,Jones,,2368271193,233 Victoria Road,Leeds,TS16 1XX,09475639175,paediatrics,R0006270
Rajesh,Jones,,2871714061,163 Station Road,Middlesbrough,TS6 1XX,58375207040,cardiovascular medicine,R0000986
Aisha,Sharma,,6459398096,41 Station Road,York,TS4 8XX,99780929769,general practice,R0005957
Amaar,Evans,,,10 Victoria Rd,Middlesbrough,TS10 4XX,91754454575,general practice,R0006809
J.,Evans,,8764476047,228 Park Ave,Middlesbrough,TS13 7XX,7191 785 0110,general practice,R0006994
Aisha,Smith,,4096519049,13 Station Road,Durham,TS2 5XX,65597610055,family medicine,R0006213
P.,Jones,,,136 High St,Middlesbrough,TS4 1XX,(3822) 9405548,gp,R0004049
Rajesh,Ahmed,,9810907783,84 Station Road,Leeds,TS5 2XX,29456194522,orthopedics,R0003485
Chen,Patel, MD,5672868680,279 station rd,York,TS9 2XX,(7956) 6468121,orthopaedics,R0002474
Grace,Patel, MD,,98 High St,Durham,TS12 3XX,53078880615,orthopedics,R0005238
Mohammed,Brown,,4854613561,174 Station Road,York,TS1 5XX,89627600984,orthopedics,R0003873
Lucy,Roberts,,1078706398,65 Park Avenue,York,TS10 7XX,11050518406,pediatrics,R0001198
Rajesh,Nguyne,,8123989406,5 Victoria Road,Leeds,TS7 5XX,2848 644 7248,cardiovascular medicine,R0004181
David,Sharma,,3545228498,252 Park Avenue,York,TS25 1XX,47110454048,cardiology,R0001518
Sarah,Roberts,,2643854075,69 Victoria Road,Newcastle,TS25 7XX,87761219226,general practice,R0006224
A.,Davies, MD,4983197744,94 High Street,York,TS16 2XX,(6680) 2482990,pediatrics,R0001799
Omar,Ali, Dr,1091481634,8 Victoria Rd,Durham,TS10 8XX,(5032) 6807996,ortho surgery,R0001014
David,Thomas,,1239642802,192 Church Lane,Middlesbrough,TS25 7XX,53065761171,pediatrics,R0000128
James,Evans,,9676352256,56 Victoria Road,Leeds,TS9 2XX,97397435019,general practice,R0001364
Amara,Jones,,5380083522,121 Church Lane,Middlesbrough,TS18 2XX,73044022772,ortho surgery,R0005770
Mohammed,Evans,,4326099998,198 Victoria Road,York,TS6 1XX,0711 811 4206,orthopedics,R0004470
J.,Roberts,,,96 high st,Newcastle,TS23 8XX,22251293729,orthopaedics,R0000891
Rajesh,Brown,,,289 Station Rd,York,TS3 6XX,17846974902,family medicine,R0002793
Sarah,Smith,,9268312043,298 Church Lane,Durham,TS25 4XX,32619583964,cardiovascular medicine,R0006302
C.,Brown, Dr,3369930440,216 Victoria Road,Middlesbrough,TS17 3XX,76902383579,pediatrics,R0004403
Fatima,Taylor,,8206236320,50 High Street,Middlesbrough,TS28 3XX,93411279723,orthopedics,R0007144
O.,Wilson, Jr,1898120729,197 Park Ave,Leeds,TS14 3XX,01591917902,orthopedics,R0006441
Fatima,Khan,,7397499156,100 Station Road,Newcastle,TS20 7XX,19994902671,orthopedics,R0003249
Sarah,Wilson,,6062073465,168 Park Avenue,Newcastle,TS19 1XX,24431119393,orthopedics,R0001208
L.,Sharma,,,237 Station Rd,Durham,TS7 6XX,0635 590 5164,orthopedics,R0003868
James,Ali,,7067204116,248 Park Avenue,Newcastle,TS4 1XX,76344787543,cardiovascular medicine,R0006738
Chen,Williams,,7455463134,184 Victoria Road,Durham,TS11 2XX,29457510922,family medicine,R0004065
R.,Nguyen,,0307340620,269 High St,York,TS29 5XX,(8686) 1080716,orthopaedics,R0006424
Elena,Nguyen,,7677663458,290 Park Avenue,Newcastle,TS20 4XX,56822206960,orthopaedics,R0001239
C.,Thomas, Dr,,51 church ln,Leeds,TS27 7XX,23682268246,cardiology,R0002289
Aisha,Nguyen,,8820842484,117 Park Avenue,York,TS14 8XX,94871878795,general practice,R0002740
Fatima,Evans,,4486642596,9 Park Avenue,Middlesbrough,TS29 2XX,94987968105,ortho surgery,R0000275
Priya,Nguyen, Jr,3371432134,2 Park Ave,Middlesbrough,TS23 2XX,6386 508 9159,paediatrics,R0004585
E.,Brown, MD,8652307973,70 Church Ln,Newcastle,TS13 7XX,(5452) 4376384,pediatrics,R0001035
J.,Patel, Dr,6502325611,249 Park Avenue,York,TS8 3XX,0885 323 9083,cardiology,R0001229
John,Thomas,,3136120411,40 High Street,Durham,TS15 8XX,32295365171,cardiology,R0001008
Sarah,Brown,,4967083026,92 High St,Durham,TS5 7XX,1871 400 3277,pediatrics,R0005178
Rajesh,Jones,,1325417040,152 High St,Leeds,TS7 2XX,50061307964,paediatrics,R0003828
Rajehs,Davies,,3768057425,115 church lane,York,TS29 4XX,20152132509,gp,R0002532
Fatima,Khan,,7934953613,279 Victoria Road,Middlesbrough,TS17 6XX,53988095635,cardiovascular medicine,R0004293
Elena,Davies, Jr,1825361058,51 Park Avenue,Durham,TS13 2XX,49773566862,paediatrics,R0001058
Aisha,Taylor,,8354945255,99 Victoria Road,York,TS12 5XX,72838363217,cardiology,R0005564
Amara,Wilson, Dr,8231791238,5 Church Lane,Leeds,TS10 5XX,(3184) 2771007,pediatrics,R0000281
Rajesh,Sharma,,,248 high street,Middlesbrough,TS20 2XX,(5723) 9071940,family medicine,R0001043
Rajesh,Nguyen,,1807000856,78 High Street,Newcastle,TS24 4XX,81201846873,family medicine,R0001316
Sarah,Roberts,,1574470867,240 Church Lane,Leeds,TS17 6XX,98019350147,cardiovascular medicine,R0000968
Lucy,Ahmed,,7574284034,107 Station Road,Newcastle,TS15 3XX,66499470444,paediatrics,R0002381
Rajesh,Jones,,8547055894,296 Victoria Road,York,TS12 5XX,45299728564,gp,R0006821
Sarah,Ahmed,,5789467962,127 Station Road,Leeds,TS6 3XX,47211144334,orthopaedics,R0001939
G.,Evans, Jr,0411749193,233 Park Ave,Newcastle,TS5 3XX,3890 747 7682,general practice,R0005382
John,Williams,,8197259084,26 Victoria Road,Leeds,TS21 8XX,31356495699,family medicine,R0001274
Mohammed,Davies,,2462087132,224 Victoria Road,Newcastle,TS21 4XX,02070693684,pediatrics,R0000619
Mohammed,Taylor,,2516019134,276 Church Lane,Durham,TS3 3XX,40078699971,gp,R0005446
Grace,Roberts,,8939258965,3 Church Lane,Newcastle,TS26 2XX,18804506927,orthopedics,R0001742
Aisha,Davies,,0523987559,229 Park Avenue,York,TS3 8XX,83299427695,cardiovascular medicine,R0001390
Lucy,Jones,,6250835322,268 Church Lane,Durham,TS25 3XX,01468453377,paediatrics,R0006109
John,Williams, MD,7576608135,66 Victoria Rd,Durham,TS6 3XX,1577 779 9230,pediatrics,R0001579
Fatima,Ali,,9967027996,20 High Street,Newcastle,TS10 1XX,71369911830,cardiovascular medicine,R0001655
Sarah,Wilson,,8607819105,253 Park Avenue,Middlesbrough,TS5 6XX,08287372498,cardiovascular medicine,R0003568
Mohammed,Nguyen,,4087389992,241 Church Lane,Middlesbrough,TS20 4XX,89330539845,paediatrics,R0002352
Aihsa,Nguyen, MD,3995271358,226 Victoria Road,Newcastle,TS15 1XX,78458185616,ortho surgery,R0002212
James,Sharma,,7996989320,36 Victoria Road,Middlesbrough,TS25 5XX,45049334902,family medicine,R0007459
Elena,Davies,,1284400632,53 High Street,Durham,TS28 3XX,27577715486,ortho surgery,R0003178
Grace,Khan,,5420340863,164 High Street,Durham,TS1 4XX,22732317423,ortho surgery,R0003192
John,Davies,,4714977866,96 Church Lane,Newcastle,TS21 5XX,18331210027,gp,R0001307
James,Taylor,,7918018796,246 Park Avenue,York,TS15 5XX,28366560343,ortho surgery,R0000575
Sraah,Roberts,,,157 Victoria Rd,Durham,TS21 2XX,49914602561,general practice,R0002360
Grace,Wilson,,4993847578,167 Church Lane,Durham,TS15 7XX,17543730941,pediatrics,R0001280
S.,Sharma,,4208798896,125 Victoria Rd,Newcastle,TS16 7XX,5312 789 8126,orthopedics,R0006103
Rajesh,Jones,,6374202668,217 Station Road,Newcastle,TS22 3XX,25741740155,general practice,R0004957
James,Khan,,6952541357,31 Park Avenue,Middlesbrough,TS1 8XX,43621594646,paediatrics,R0006209
James,Patel, Jr,1040859008,105 Station Road,Durham,TS6 1XX,(4510) 2199043,ortho surgery,R0001993
Sarah,Ali,,8946175084,34 Victoria Road,Newcastle,TS13 1XX,12239617006,orthopedics,R0002639
Raejsh,Smith,,,153 High St,Newcastle,TS9 7XX,4326 143 1356,orthopedics,R0000269
A.,Patel,,,269 Park Avenue,Newcastle,TS1 8XX,09280459106,cardiovascular medicine,R0000629
Priya,Ahmed,,0531240462,255 Station Road,York,TS16 5XX,87382723082,general practice,R0005555
James,Sharma,,3536866185,298 High Street,Durham,TS15 8XX,69922226948,gp,R0003081
Rajesh,Patel,,8202533073,85 Victoria Road,York,TS21 3XX,06697608176,paediatrics,R0003466
J.,Khan,,1356618721,129 station rd,Newcastle,TS29 4XX,0349 965 5502,orthopaedics,R0006556
Priya,Khan, Dr,1771005875,224 Church Ln,Durham,TS7 1XX,3128 447 2755,cardiology,R0004396
Aisha,Roberts,,8970247781,298 Church Lane,Durham,TS12 3XX,68440209872,orthopaedics,R0004023
Wei,Wilson,,6298009147,278 Station Road,Newcastle,TS20 7XX,91219512857,orthopaedics,R0007109
Lucy,Wilson,,0978733240,70 Park Avenue,Durham,TS29 5XX,92477740836,pediatrics,R0002046
O.,Wilson,,,57 Victoria Rd,Newcastle,TS29 1XX,68499180119,cardiology,R0004356
Aisha,Patel,,5955736295,110 Church Lane,Newcastle,TS15 4XX,29678791413,cardiovascular medicine,R0007367
Amara,Thomas,,5460383959,31 Park Avenue,York,TS27 3XX,37819431056,general practice,R0002113
Priya,Wilson,,7505971991,191 Victoria Road,York,TS18 4XX,79799027500,orthopaedics,R0000027
Wei,Thomas,,4535305069,22 Park Avenue,York,TS28 2XX,72025020271,general practice,R0002040
James,Wilson, MD,3355949665,260 Station Rd,York,TS16 1XX,98661591932,ortho surgery,R0003928
Grace,Sharma,,4542527910,263 High Street,York,TS5 5XX,39745505810,cardiology,R0006784
O.,Smith, MD,6032862681,147 Church Ln,York,TS27 3XX,65338824148,orthopedics,R0003216
Sarah,Williams,,4553614951,168 Park Avenue,Newcastle,TS10 2XX,27662004093,cardiovascular medicine,R0006989
Fatima,Taylor,,3598238194,32 Church Lane,Newcastle,TS6 2XX,87415702325,cardiovascular medicine,R0003814
Mohammed,Ahmed,,6555838799,72 Park Avenue,Leeds,TS23 6XX,26257137490,paediatrics,R0000129
John,Taylor,,6751582053,217 Victoria Road,Durham,TS23 4XX,26726942445,paediatrics,R0005558
Sarah,Ahmed,,4995960870,157 High Street,Newcastle,TS10 3XX,58550813585,paediatrics,R0007365
Wei,Brown,,3951769493,230 Church Lane,Leeds,TS10 5XX,59364892530,ortho surgery,R0004599
Amara,Williams,,0380851353,255 High Street,Durham,TS20 1XX,22677973169,ortho surgery,R0000013
Mohammed,Ahmed,,3068497902,292 Station Road,York,TS28 4XX,24437032008,pediatrics,R0006442
Mohammed,Thomas,,9927142288,75 High Street,Leeds,TS1 7XX,25513118346,paediatrics,R0004476
Sarah,Evans,,,209 Station Rd,Durham,TS18 7XX,93017318617,paediatrics,R0001525
Mohammed,Williasm,,5823344914,254 Station Rd,York,TS23 8XX,42901985399,cardiology,R0002365
Rajesh,Brown,,4535763910,105 Station Road,York,TS24 5XX,53036812173,gp,R0004648
David,Ali,,3271035405,273 Park Avenue,Leeds,TS17 3XX,07491078993,ortho surgery,R0003052
Wei,Sharma,,3213556111,123 Park Avenue,Durham,TS15 5XX,63792433323,orthopedics,R0004005
W.,Thomas, MD,3856843782,24 victoria road,Newcastle,TS6 7XX,(0888) 3950893,family medicine,R0002340
A.,Khan, Jr,,126 Victoria Rd,Leeds,TS8 1XX,6741 349 1362,orthopaedics,R0000374
D.,Taylor, Jr,0209412666,251 Victoria Rd,Newcastle,TS13 6XX,10234944509,cardiology,R0005465
Elena,Brown,,6928981274,261 Church Lane,Middlesbrough,TS5 4XX,79069382528,general practice,R0006453
Rjaesh,Wilson, Dr,2340706446,164 Church Lane,Durham,TS4 2XX,48832951288,cardiology,R0000939
M.,Roberts,,3432507017,8 High St,Leeds,TS22 3XX,(3953) 6592743,pediatrics,R0007182
A.,Roberts, MD,0186126770,120 Station Rd,York,TS17 8XX,(7210) 5156753,pediatrics,R0004573
Elena,Sharma,,4392140788,261 Victoria Road,York,TS21 4XX,81193363747,general practice,R0002147
Fatima,Williams,,4388134827,29 High Street,Newcastle,TS10 3XX,76594541361,ortho surgery,R0003591
Aisha,Davies,,0437777247,60 Station Road,York,TS24 6XX,33617077624,family medicine,R0005929
Sarah,Evans,,7124575060,290 High Street,Durham,TS14 3XX,73734212546,ortho surgery,R0006813
Priya,Ali,,2743043280,119 Station Road,Middlesbrough,TS18 5XX,90786990019,cardiology,R0006311
Elena,Taylor,,6069193042,234 Church Lane,Middlesbrough,TS20 3XX,72037980930,orthopedics,R0003623
Priya,Sharma,,4844145564,18 High Street,Middlesbrough,TS5 5XX,88306063867,pediatrics,R0000529
Mohammed,Taylor,,7449777074,74 Park Avenue,Durham,TS2 6XX,85607934510,cardiology,R0003714
A.,Ali, MD,2501446337,89 Victoria Rd,Durham,TS7 4XX,5218 111 0216,gp,R0004732
John,Williams, Dr,9203830811,167 victoria rd,Leeds,TS1 4XX,77026663808,orthopedics,R0001269
Mohammed,Ali,,9852688079,24 High Street,Durham,TS19 5XX,79605527517,general practice,R0004281
Priya,Patel,,2846901956,78 Station Road,Newcastle,TS19 3XX,60227709842,pediatrics,R0001394
Grace,Evans,,6468007041,249 Station Road,Middlesbrough,TS13 1XX,87670528608,family medicine,R0004850
Omar,Eavns,,,215 Station Road,Newcastle,TS28 8XX,75157475916,paediatrics,R0004009
Omra,Khan, Dr,5657333105,213 Victoria Rd,Middlesbrough,TS8 1XX,(2192) 9633098,ortho surgery,R0004390
Rajesh,Williams,,1746325297,294 Victoria Road,Leeds,TS1 1XX,88652756056,gp,R0001797
D.,Ahmed, Dr,6130968704,172 Victoria Rd,York,TS18 8XX,7773 980 5258,orthopaedics,R0002979
Lcuy,Taylor,,,24 Victoria Road,Leeds,TS6 6XX,(6721) 9589428,gp,R0001441
Chen,Patel,,7508019385,150 Church Lane,Leeds,TS4 1XX,00928354881,pediatrics,R0005609
James,Khan,,1646452084,129 Victoria Road,Leeds,TS9 4XX,61111317104,orthopedics,R0007307
Jamse,Khan, Dr,5296297602,96 park ave,York,TS25 6XX,08977176115,orthopaedics,R0003811
Elena,Wilson,,6669632845,226 victoria road,Leeds,TS7 1XX,0652 260 7944,cardiology,R0001273
Grace,Ali,,2882242177,140 Park Ave,Durham,TS6 5XX,5981 597 4604,orthopedics,R0004703
Chen,Ahmed,,9019255937,15 Park Avenue,Durham,TS16 1XX,25416475311,orthopaedics,R0001712
Mohammed,Kahn,,,74 Park Avenue,Newcastle,TS27 4XX,3049 287 6570,gp,R0000955
Fatima,Smith,,0751596889,278 Church Lane,Newcastle,TS14 3XX,58342318890,orthopedics,R0005553
Lucy,Khan,,2917721182,107 Victoria Road,York,TS17 6XX,49867702414,paediatrics,R0005995
Amara,Jones,,2511232030,155 Park Avenue,Leeds,TS1 5XX,34641551766,paediatrics,R0006638
Grace,Williams,,6541801455,280 Victoria Road,Newcastle,TS21 8XX,58050764494,gp,R0006891
Grace,Roberts, MD,1454430890,89 victoria road,York,TS18 6XX,82481825568,cardiovascular medicine,R0000403
Fatima,Ali,,4978914004,31 Park Avenue,Newcastle,TS4 1XX,19641310454,paediatrics,R0002071
Lucy,Khan,,3912768725,62 High Street,Middlesbrough,TS23 3XX,49655931908,paediatrics,R0007128
Grace,Williams,,8551682502,154 High Street,Durham,TS29 1XX,75759012701,cardiovascular medicine,R0001977
Priya,Patel,,7893096279,221 Station Road,Durham,TS23 5XX,62999703495,family medicine,R0000158
Amraa,Williams,,,80 park ave,Newcastle,TS2 7XX,8600 075 3543,paediatrics,R0003888
Sarah,Brown,,8370264560,38 Park Avenue,Newcastle,TS23 3XX,39799412282,orthopaedics,R0000902
Sarah,Ali,,6181513699,98 Victoria Road,Leeds,TS3 8XX,92060094163,family medicine,R0000352
Grace,Wilson,,2019685159,119 Park Avenue,Leeds,TS19 6XX,24958615569,pediatrics,R0005326
Rajesh,Nguyen, Jr,6990113331,16 High St,York,TS17 3XX,(3411) 0303326,pediatrics,R0004540
John,Evans,,6334799310,36 Victoria Rd,Newcastle,TS16 1XX,47777069452,cardiovascular medicine,R0004130
James,Thomas,,0932975876,47 Station Road,Newcastle,TS21 8XX,95399166792,ortho surgery,R0000754
Sarah,Brwon,,,168 victoria road,Durham,TS19 3XX,(9726) 3164086,cardiology,R0002971
A.,Williams,,2694700565,75 High Street,Durham,TS13 8XX,76395479817,ortho surgery,R0007467
John,Patel,,3497952455,38 Victoria Road,Newcastle,TS3 7XX,25984099315,ortho surgery,R0002920
Amara,Davies,,1140169519,127 Church Lane,Durham,TS6 5XX,06290616496,family medicine,R0000311
James,Nguyen,,7801637041,257 Park Avenue,Durham,TS17 5XX,02629033192,gp,R0004644
Grcae,Thomas,,4860290139,136 Park Ave,Middlesbrough,TS12 8XX,(2547) 7814646,general practice,R0000661
G.,Ahmed, Dr,4397870243,238 Victoria Rd,York,TS7 5XX,31997382881,ortho surgery,R0001989
John,Brown,,7590570830,281 Station Road,Newcastle,TS28 2XX,38055339367,cardiology,R0003665
Luyc,Nguyen, Dr,4251864575,254 Victoria Road,Newcastle,TS28 5XX,(7304) 8151417,cardiology,R0000306
Wei,Nguyen,,5316567067,46 Station Road,Leeds,TS18 4XX,90186801888,cardiovascular medicine,R0002335
Omar,Nguyen,,3923928898,267 Victoria Road,Leeds,TS17 5XX,23800478681,general practice,R0004790
Omar,Williams,,1554466163,129 Victoria Road,York,TS7 2XX,97251888414,paediatrics,R0002356
David,Jones,,9899257819,267 Park Avenue,York,TS22 3XX,31335423578,orthopedics,R0003702
Lucy,Sharma,,4840125438,171 Church Lane,York,TS8 4XX,69800820697,orthopedics,R0003804
John,Roberts,,3180110529,285 Victoria Road,Middlesbrough,TS25 1XX,26201622288,paediatrics,R0001927
James,Jones,,8535378590,133 Victoria Road,York,TS28 5XX,06492064959,cardiovascular medicine,R0007260
S.,Thomas,,1177290125,140 church lane,Leeds,TS7 5XX,(4808) 8467850,cardiology,R0003427
Sraah,Khan, Dr,7263588079,38 Park Ave,Middlesbrough,TS20 6XX,64564773674,orthopaedics,R0000749
Priya,Roberts,,6794849620,16 Victoria Road,Leeds,TS26 2XX,41154233272,orthopaedics,R0003638
Rajesh,Sharma,,1687364954,197 Victoria Road,Middlesbrough,TS8 2XX,66790232021,ortho surgery,R0005456
David,Roberts,,2385636494,294 High Street,Durham,TS28 8XX,19386936617,cardiology,R0001266
Mohammed,Taylor,,7945303168,213 Church Lane,Newcastle,TS11 6XX,17361679145,paediatrics,R0005938
Wei,Nguyen,,2199133193,284 Victoria Road,Middlesbrough,TS12 5XX,15433320569,orthopedics,R0006636
James,Khan,,3787836118,13 Church Lane,Durham,TS28 5XX,16824671060,pediatrics,R0003595
Omar,Brown,,4527476695,10 Station Road,Durham,TS21 4XX,39206078729,general practice,R0002134
Rajesh,Sharma,,5506219601,78 High Street,York,TS20 6XX,02181728335,paediatrics,R0005066
Grace,Smith,,9523500494,243 Victoria Road,Durham,TS25 2XX,98802566902,cardiology,R0004109
Omar,Patel,,4267329883,43 High Street,Durham,TS7 2XX,71823666563,orthopaedics,R0004969
John,Patel,,8121014021,278 Park Avenue,Durham,TS7 7XX,01492926353,pediatrics,R0004904
John,Wilson,,8577017127,14 Station Road,Middlesbrough,TS1 4XX,67967233092,family medicine,R0000514
Sarah,Wilson, Dr,,284 church ln,York,TS27 2XX,58219730473,cardiology,R0006711
James,Evans, MD,1802160059,283 church lane,York,TS20 5XX,35026301830,pediatrics,R0000409
Chne,Thomas,,9472498524,6 Church Lane,Durham,TS27 1XX,53626083053,paediatrics,R0005595
S.,Thomas,,3240432233,128 Victoria Road,Middlesbrough,TS28 4XX,21572344947,paediatrics,R0007473
J.,Jones,,9043233818,278 Victoria Road,Leeds,TS26 7XX,09201953627,orthopaedics,R0007419
James,Brown,,0722351339,25 High Street,Middlesbrough,TS26 6XX,30769095573,paediatrics,R0006505
Grace,Ahmed,,1424622831,189 Park Avenue,Durham,TS24 7XX,(9528) 2288379,orthopaedics,R0000207
Sarah,Williams,,3727582414,81 Park Avenue,York,TS6 6XX,55037302621,paediatrics,R0006104
Lucy,Ali,,1418520788,298 Victoria Road,Newcastle,TS23 7XX,94781631118,gp,R0000458
Jhon,Taylor,,5938230356,108 Church Lane,Leeds,TS7 8XX,33968347974,pediatrics,R0002054
P.,Wilson,,2304145923,26 Victoria Rd,Newcastle,TS12 3XX,(7776) 1203827,pediatrics,R0002430
Grace,Smith, Dr,0569728481,110 high street,Middlesbrough,TS29 1XX,9718 115 2216,orthopaedics,R0000250
James,Smith,,0697953826,54 High Street,Durham,TS8 2XX,79647974545,ortho surgery,R0006411
Amara,Davies,,7025530967,299 Church Lane,York,TS13 4XX,69760593531,paediatrics,R0001107
D.,Khan, Dr,1975161730,291 Victoria Rd,Newcastle,TS21 7XX,48149565100,ortho surgery,R0006086
Omar,Brown,,7121808897,295 Church Lane,Newcastle,TS29 8XX,77684582715,orthopedics,R0001713
James,Ali,,1338699715,43 Station Road,Leeds,TS15 5XX,(4121) 5075220,cardiology,R0003911
Elena,Smith,,8702973731,78 Church Lane,Leeds,TS29 5XX,28879536198,pediatrics,R0006040
John,Taylor, Jr,,290 church lane,Leeds,TS29 4XX,2745 631 1954,cardiology,R0000715
Rajesh,Roberts,,0788177076,88 Victoria Road,Middlesbrough,TS29 5XX,23793961580,pediatrics,R0000552
Grace,Nguyen,,6532584140,29 Victoria Road,York,TS7 5XX,55598229605,pediatrics,R0001439
Omar,Nguyen,,4387237596,222 Victoria Road,Leeds,TS23 2XX,74581254540,gp,R0002270
Elena,Ali,,0206004792,2 Church Lane,Newcastle,TS22 8XX,00637749830,ortho surgery,R0003144
James,Thomas,,1098408989,23 High Street,Newcastle,TS14 3XX,69739218714,orthopedics,R0007162
Luyc,Taylor, Jr,9555895500,67 Park Avenue,Leeds,TS13 6XX,23075151722,orthopaedics,R0001925
Chen,Ali,,6662800688,134 Park Avenue,Leeds,TS11 4XX,24139712226,gp,R0000634
Rajesh,Smith,,,279 Station Rd,Durham,TS26 2XX,(9143) 4977294,cardiovascular medicine,R0000316
Fatima,Roberts,,1198222477,41 Victoria Road,Newcastle,TS3 6XX,58788806940,cardiology,R0007046
David,Jnoes,,1068287725,162 Church Lane,York,TS22 5XX,57266173662,cardiovascular medicine,R0005424
Lucy,Nguyen,,2176351772,151 Church Lane,Leeds,TS1 2XX,94103939477,cardiology,R0000427
James,Jones,,8066123452,233 Station Road,Durham,TS26 6XX,95039628330,general practice,R0006583
Priya,Smith,,9554465166,262 High Street,Leeds,TS23 5XX,10549592415,orthopedics,R0000105
Elena,Khan, Dr,,297 Park Avenue,Newcastle,TS6 1XX,0641 340 5060,cardiology,R0003041
Rajesh,Davise,,1844752418,84 Station Rd,Leeds,TS6 3XX,1063 725 2295,orthopedics,R0004238
David,Roberts,,6221054158,246 Victoria Road,York,TS3 7XX,(5702) 2767331,cardiology,R0002169
Priya,Evans,,3163952962,2 High Street,York,TS22 7XX,14960964762,paediatrics,R0001709
Sarah,Davise,,4178511455,265 Station Road,York,TS9 6XX,(7609) 0905106,general practice,R0000089
John,Taylor,,4718636933,257 Victoria Road,Leeds,TS25 8XX,50020764815,family medicine,R0002241
Fatima,Patel, MD,6407851355,224 Church Ln,Leeds,TS24 1XX,94806994386,pediatrics,R0003174
Sarah,Ahmed,,4148177714,83 Victoria Road,Leeds,TS15 7XX,53154239670,ortho surgery,R0005598
Mohammed,Patel,,2828061397,90 Church Lane,Durham,TS20 7XX,55095216788,gp,R0001949
Wei,Wilson,,0354868532,110 Park Avenue,Newcastle,TS29 2XX,46937813489,general practice,R0004044
Aisha,Taylor,,0676507931,27 Station Road,Durham,TS19 8XX,48256238566,gp,R0002848
Chen,Patel,,8826177309,166 Church Lane,Newcastle,TS20 7XX,71344051769,cardiovascular medicine,R0000001
Grace,Ali, Jr,4975186719,237 Station Road,York,TS7 2XX,15645669190,cardiology,R0004337
Lucy,Ali,,1838913235,260 Church Lane,Durham,TS20 2XX,07116213589,cardiovascular medicine,R0000935
Rajesh,Taylor, Jr,3516128749,258 church ln,Middlesbrough,TS28 3XX,(3121) 4552029,paediatrics,R0006430
Sarah,Khan,,0500384316,65 Station Road,Newcastle,TS5 7XX,63397057366,pediatrics,R0002720
Mohammed,Jones,,0153297196,78 Church Lane,Leeds,TS24 4XX,74670172730,pediatrics,R0005205
J.,Davies,,7066195746,201 Victoria Road,Middlesbrough,TS21 7XX,5838 351 0735,cardiology,R0006842
Omar,Davies,,3354345263,196 Station Road,York,TS3 5XX,79255768813,orthopaedics,R0000591
R.,Jones,,7303779955,220 park avenue,York,TS21 7XX,(3717) 8238651,general practice,R0005629
Chen,Ali,,2804476313,264 Station Road,Durham,TS3 4XX,66725049864,ortho surgery,R0002936
Grace,Smith,,7274735985,55 Victoria Road,Middlesbrough,TS21 6XX,23466769850,orthopaedics,R0002448
Mohammed,Patel,,3478919516,178 High Street,York,TS25 8XX,(2151) 9312378,ortho surgery,R0001576
John,Patel, Jr,,172 Station Rd,York,TS23 4XX,(7723) 8751088,cardiovascular medicine,R0006325
Rajesh,Ahemd,,1233475817,240 Station Road,Newcastle,TS10 2XX,(5830) 2495722,cardiology,R0006266
David,Ahmed,,8807215035,48 Station Road,York,TS14 7XX,10527059038,paediatrics,R0000213
Chen,Taylor,,0079294059,152 Station Road,Newcastle,TS19 4XX,64083570735,cardiology,R0000778
L.,Jones,,1041753241,241 Church Lane,Durham,TS14 4XX,8315 181 7448,pediatrics,R0003496
A.,Thomas,,3248258068,214 Station Rd,Middlesbrough,TS23 3XX,7453 408 3209,paediatrics,R0005887
John,Jones,,4323031500,113 Church Lane,Leeds,TS26 3XX,32871211284,orthopaedics,R0002043
Chen,Smith,,9842099982,61 Park Avenue,Newcastle,TS23 3XX,53690536442,paediatrics,R0006805
Chen,Davies,,9079895942,225 Victoria Road,Durham,TS20 4XX,93643611641,cardiovascular medicine,R0005420
Amara,Wilson, MD,,170 High St,Middlesbrough,TS18 5XX,(8176) 6650831,pediatrics,R0001567
Elena,Williams,,8032219343,72 Victoria Road,Leeds,TS10 3XX,30602227593,paediatrics,R0000165
Grace,Ali,,2882242177,140 Park Avenue,Durham,TS6 5XX,59815974604,ortho surgery,R0004702
Elena,Ahmed,,7582346859,115 Church Lane,York,TS21 2XX,13043695966,gp,R0003566
Grace,Ali,,3532704741,123 High Street,Leeds,TS24 3XX,38594567549,general practice,R0007074
Chen,Davies,,6593443606,261 Victoria Road,Leeds,TS7 7XX,28694891242,orthopedics,R0007133
Rajesh,Taylor,,4600432321,67 Station Road,Newcastle,TS4 8XX,61724007549,gp,R0005439
Fatima,Thomas,,5507334043,148 Station Road,Leeds,TS1 8XX,28848218669,cardiology,R0002013
Lucy,Nguyen,,5561726377,25 Station Road,Durham,TS15 3XX,59098563158,orthopedics,R0000273
Wei,Sharma,,6480317226,4 High Street,Newcastle,TS1 3XX,50095033052,paediatrics,R0003860
Priya,Nguyen,,,104 Church Lane,Newcastle,TS18 3XX,7154 570 8325,orthopaedics,R0004167
Wei,Evans,,3007442284,60 Victoria Road,York,TS4 4XX,80253687380,paediatrics,R0005987
David,Taylor,,9036215140,232 High Street,Durham,TS6 1XX,05556678208,general practice,R0003788
Chen,Taylor,,2629865100,247 High Street,York,TS9 3XX,17907845862,pediatrics,R0005183
O.,Williams, Dr,9197263712,230 Station Rd,Middlesbrough,TS10 5XX,(6512) 9214038,family medicine,R0000394
Grace,Ahmed,,0374523100,94 Park Avenue,Middlesbrough,TS17 8XX,65148387210,general practice,R0000583
Sarah,Patel,,3812141883,87 High Street,York,TS1 1XX,40463961992,orthopedics,R0007381
A.,Taylor,,4564294996,5 Station Road,Newcastle,TS20 7XX,96858690239,family medicine,R0007479
James,Jones, MD,,164 Victoria Road,Durham,TS21 3XX,40296249482,pediatrics,R0006956
D.,Khan,,,2 Victoria Road,York,TS12 4XX,8204 405 4630,orthopaedics,R0006192
Aisha,Smith,,7593923433,219 High St,Leeds,TS7 3XX,(1910) 1037668,pediatrics,R0007175
Aihsa,Smith, Dr,,124 church ln,Durham,TS8 5XX,(0098) 8356276,pediatrics,R0000520
Fatima,Ali,,7495424019,139 High Street,York,TS3 5XX,94107138588,family medicine,R0001763
Elena,Smith,,4769355007,293 Station Road,Durham,TS28 2XX,72713440808,cardiology,R0001875
Rajesh,Smith,,4959729707,50 Church Lane,Newcastle,TS20 2XX,47500225324,pediatrics,R0005355
Chen,Ali, MD,9289568779,256 Victoria Road,Newcastle,TS27 5XX,5536 628 3486,pediatrics,R0003965
Aisha,Brown, Jr,,240 Station Road,Middlesbrough,TS28 6XX,2740 277 4950,cardiology,R0003344
S.,Brown, Dr,6100139959,280 High Street,York,TS13 1XX,5474 424 0532,general practice,R0002253
Priya,Evans,,,97 High St,Middlesbrough,TS22 7XX,(7971) 7276896,pediatrics,R0003224
Amara,Brown,,6601349860,153 High Street,York,TS18 6XX,18450852330,ortho surgery,R0000526
James,Ali,,1247768617,198 Station Road,York,TS18 4XX,32293472120,orthopaedics,R0002946
Aisha,Wilson,,6152867760,161 Station Road,Newcastle,TS21 8XX,01600369947,pediatrics,R0004473
Elena,Davies,,6066150413,267 Victoria Road,Newcastle,TS28 8XX,58921361634,cardiology,R0003899
J.,Wilson,,8432329939,147 Victoria Road,Middlesbrough,TS15 6XX,44462528000,ortho surgery,R0000692
R.,Taylor,,4062763712,249 Park Avenue,Durham,TS26 1XX,72313251573,ortho surgery,R0007090
A.,Thomas, MD,3811778098,241 Station Rd,York,TS25 2XX,0490 171 5003,orthopedics,R0004444
Mohammed,Sharma, Jr,4403803636,243 Station Road,Middlesbrough,TS27 7XX,20476759189,general practice,R0003633
Aisha,Evans,,1036385984,71 Victoria Road,York,TS1 3XX,49810557284,pediatrics,R0001050
Grace,Taylor,,,85 Victoria Road,Newcastle,TS28 7XX,5677 618 0449,cardiovascular medicine,R0000590
Aisha,Smith,,9389667213,124 Church Lane,Durham,TS8 5XX,00988356276,pediatrics,R0000519
Amara,Roberts,,9235704126,66 High Street,Newcastle,TS3 7XX,45436300220,cardiology,R0003380
Elena,Ali,,6836339830,295 Church Lane,Newcastle,TS28 4XX,58121583852,gp,R0003676
David,Davies,,2968971124,285 Station Road,Middlesbrough,TS4 5XX,09232362558,gp,R0006182
Omar,Roberts,,4444911334,136 Victoria Road,York,TS8 3XX,10278692679,orthopedics,R0005179
Lucy,Davies, Jr,0403767605,144 Church Lane,York,TS7 6XX,6400 359 7421,paediatrics,R0001607
Grcae,Wilson, MD,7115937900,157 Park Ave,Newcastle,TS20 8XX,05760193111,orthopaedics,R0003610
Aisha,Sharma,,6362932077,108 Church Lane,Middlesbrough,TS15 5XX,70299344573,general practice,R0007163
Lucy,Ahmed,,8795588910,59 High Street,Durham,TS23 7XX,37716239277,gp,R0007501
L.,Brown,,,203 Church Lane,Newcastle,TS8 2XX,(1707) 8616401,pediatrics,R0001809
Grace,Davies,,,291 church ln,York,TS3 2XX,28121202773,cardiovascular medicine,R0000791
Grace,Davies, Jr,6027457076,291 Church Lane,York,TS3 2XX,(2812) 1202773,cardiology,R0000792
Omar,Williams,,4182731015,84 High Street,Middlesbrough,TS28 5XX,01522749638,pediatrics,R0007095
John,Evans,,,52 Station Road,Durham,TS24 8XX,46198337470,cardiology,R0001855
P.,Khan,,1080289131,282 High Street,Newcastle,TS10 5XX,12359264734,family medicine,R0001980
Grace,Williams, MD,,182 Park Ave,Newcastle,TS1 3XX,88205623652,family medicine,R0003233
Rajesh,Nguyen,,3314641451,290 Church Lane,Leeds,TS18 1XX,83414305230,orthopaedics,R0003598
Fatima,Joens, Dr,1353333485,42 Church Ln,Durham,TS16 8XX,(5257) 2258356,orthopaedics,R0000933
Amara,Thomas,,,18 Victoria Road,Leeds,TS24 2XX,9369 544 2057,paediatrics,R0003963
John,Williams, Jr,4424618675,258 station road,Durham,TS27 2XX,(3988) 1198334,gp,R0005574
Rajesh,Wilson, MD,0578445646,171 Park Ave,Durham,TS19 8XX,(7926) 6354030,cardiology,R0005506
Fatima,Thomas,,8478551514,267 Station Road,Durham,TS18 8XX,68275877589,general practice,R0006973
Wei,Jones,,6183346761,75 Victoria Road,York,TS25 6XX,0587 785 2096,cardiovascular medicine,R0004179
Aisha,Roberts, Dr,8970247781,220 High Street,Durham,TS27 1XX,63666595846,ortho surgery,R0004026
Wei,Patel,,3903580777,129 Park Avenue,Middlesbrough,TS1 7XX,84388316831,gp,R0006647
Rajesh,Wilson, Dr,,247 victoria road,Leeds,TS18 7XX,39115368373,paediatrics,R0004116
Rajesh,Brown,,3125775753,169 Station Rd,York,TS9 7XX,10401302538,family medicine,R0000988
Mohammde,Brown, Dr,,267 High Street,York,TS8 7XX,14341126996,cardiology,R0005785
Elena,Nguyen,,1743363602,144 Church Lane,Leeds,TS4 2XX,59695017684,gp,R0003453
Priya,Robrets,,,172 Station Road,Leeds,TS13 1XX,5123 400 9950,cardiology,R0006854
Elena,Khan, Dr,2995494401,101 Church Lane,Leeds,TS2 6XX,6092 318 9909,cardiovascular medicine,R0003778
Aisha,Thomas,,7406053513,18 Station Road,Leeds,TS19 4XX,31267027279,cardiovascular medicine,R0006298
Rajesh,Paetl, MD,,99 Victoria Rd,Middlesbrough,TS15 5XX,32720603052,cardiology,R0003093
Omar,Jones,,9511558533,266 Church Lane,Leeds,TS22 2XX,82193639140,family medicine,R0003155
Rajesh,Ali,,6260574292,194 Victoria Road,Middlesbrough,TS14 5XX,(7226) 9670087,cardiovascular medicine,R0005069
Mohammed,Khan, MD,,225 high street,Newcastle,TS23 8XX,95006061821,pediatrics,R0003201
Omar,Patel,,8509888806,150 Victoria Rd,Leeds,TS13 4XX,94414089575,gp,R0006055
David,Williams,,9575028577,70 Church Lane,York,TS7 2XX,12694686226,orthopedics,R0001098
M.,Jones, Jr,4020202860,31 park ave,Newcastle,TS17 3XX,(9974) 4288244,ortho surgery,R0006234
Omar,Nguyen,,1800388608,263 Station Rd,Durham,TS9 5XX,09099163332,cardiology,R0002844
Lucy,Patel, Jr,8502671696,95 Park Ave,Middlesbrough,TS19 6XX,1389 175 5584,family medicine,R0000886
J.,Patel,,6245302460,127 Victoria Road,Newcastle,TS19 3XX,17154606144,family medicine,R0007404
Aisha,Roberts, MD,4027787702,82 Station Road,Durham,TS14 2XX,(8308) 7993972,paediatrics,R0005818
Priya,Sharma,,1913200520,66 Station Road,Leeds,TS13 8XX,37705451419,paediatrics,R0000515
Asiha,Smith,,8966970740,52 station road,York,TS3 8XX,(2727) 9692137,ortho surgery,R0006925
Mohammed,Nguyen,,7092926686,51 High Street,Newcastle,TS12 8XX,09297917797,cardiology,R0004833
James,Nguyen,,3089940200,212 High Street,York,TS23 5XX,26248182621,family medicine,R0001453
Priya,Ahmed,,3661662840,218 Park Ave,York,TS11 4XX,93685842412,cardiology,R0003553
G.,Wilson, MD,7115937900,159 Church Lane,Newcastle,TS10 6XX,(9475) 7425307,ortho surgery,R0003609
Elena,Thomas,,4270998894,267 High Street,York,TS13 7XX,88884626507,ortho surgery,R0004665
David,Smith,,,66 Church Ln,Leeds,TS6 1XX,0176 077 9905,ortho surgery,R0002506
Wei,Ali,,2746790313,34 Station Rd,Newcastle,TS21 1XX,4778 289 2668,cardiology,R0002994
Amara,Wilson,,4605859434,44 Station Road,Leeds,TS14 3XX,02098283359,paediatrics,R0003999
Aisha,Davies,,5387045399,182 Station Road,Middlesbrough,TS15 6XX,26700558144,family medicine,R0007111
Pirya,Evans,,,102 Park Avenue,York,TS29 4XX,11501254559,cardiovascular medicine,R0000906
Fatima,Smith,,5446577975,39 Church Lane,Leeds,TS18 2XX,98171704674,ortho surgery,R0000028
Priya,Joens,,,111 Church Ln,Newcastle,TS6 4XX,(2543) 7224241,pediatrics,R0006444
Elena,Smith,,0751268828,45 Church Lane,Leeds,TS17 1XX,44510395565,cardiology,R0002507
Lucy,Evans,,2389847092,41 Victoria Road,Middlesbrough,TS27 5XX,56491620661,paediatrics,R0002428
Mohammed,Wilson, MD,5026337784,292 Church Ln,Durham,TS18 3XX,(3983) 0902071,cardiovascular medicine,R0005043
Wei,Roberts,,0441989811,183 Victoria Road,Leeds,TS19 2XX,78193399603,cardiology,R0005346
Aisha,Ahmed,,4268300661,196 High Street,Durham,TS12 4XX,27700561164,pediatrics,R0000762
James,Patel,,4657825017,297 Victoria Road,York,TS22 8XX,07693684291,paediatrics,R0003747
Fatima,Davies,,2514332094,82 Park Avenue,Newcastle,TS2 4XX,36965247563,family medicine,R0004811
Amara,Khan,,8463578269,218 Park Avenue,Middlesbrough,TS6 2XX,17955744530,orthopaedics,R0000284
Sarah,Taylor,,5496055038,42 Station Road,York,TS7 1XX,37968664048,family medicine,R0000686
John,Evans,,0458477480,165 High Street,Durham,TS8 3XX,65939996801,general practice,R0006936
Mhoammed,Nguyen,,4087359992,241 church lane,Middlesbrough,TS20 4XX,8933 053 9845,pediatrics,R0002353
Amara,Jones,,1555321011,274 High Street,Leeds,TS16 2XX,56445332665,cardiovascular medicine,R0006036
Aisha,Khan,,8739020474,237 Station Road,Middlesbrough,TS10 1XX,57784256761,general practice,R0006452
A.,Jones,,,264 high st,Middlesbrough,TS14 5XX,3118 339 1995,general practice,R0000021
Wei,Brown,,2119168740,284 Church Lane,Leeds,TS26 8XX,21889743089,paediatrics,R0002752
Lucy,Patel,,8502671696,95 Park Avenue,Middlesbrough,TS19 6XX,13891755584,family medicine,R0000885
Priya,Williams,,0307198677,4 Victoria Road,York,TS19 4XX,63196727509,gp,R0000917
Grace,Roberts,,1016068175,234 Victoria Road,Leeds,TS7 1XX,78047797999,cardiology,R0001040
Wei,Williams,,6907297060,126 Station Road,Durham,TS25 5XX,87151086088,cardiovascular medicine,R0006289
Grace,Brown,,9032814899,36 Park Avenue,Middlesbrough,TS3 4XX,45063193249,pediatrics,R0001265
Aisha,Sharma,,2488744958,296 Victoria Road,Durham,TS26 6XX,42019842122,gp,R0004579
Fatima,Thomas,,8476447280,23 Station Road,Newcastle,TS19 3XX,04850742577,orthopedics,R0006499
Grace,Davies,,9527406303,258 Park Avenue,Newcastle,TS27 3XX,83094887308,orthopedics,R0006978
Lucy,Ali,,4409004016,114 Park Avenue,Leeds,TS24 5XX,27581233875,cardiovascular medicine,R0000277
Priya,Dvaies, MD,0981345909,97 Park Avenue,York,TS10 7XX,(0188) 4933122,general practice,R0005084
Omar,Jones,,3828665085,243 high st,Newcastle,TS9 3XX,6203 647 0220,general practice,R0002084
Chen,Williams,,,63 Park Ave,York,TS20 4XX,(7677) 4356553,cardiovascular medicine,R0001245
Lucy,Ahmed, MD,,107 Station Road,Newcastle,TS15 3XX,6649 947 0444,paediatrics,R0002382
Mohammed,Evans,,7603338059,265 Victoria Road,Durham,TS29 4XX,65008136559,gp,R0000571
Luyc,Williams, Jr,,9 High Street,Leeds,TS27 2XX,(2016) 8528335,family medicine,R0001435
John,Patel,,8498541964,50 High Street,Newcastle,TS2 6XX,26084491656,orthopaedics,R0003902
Omar,Khan, Jr,9183442816,237 Station Road,Newcastle,TS15 8XX,47637316377,pediatrics,R0005089
Wei,Thomas,,6276883903,167 Park Avenue,York,TS7 2XX,78657291539,orthopedics,R0001247
Omar,Jones,,0846344522,103 Station Road,Durham,TS16 8XX,72112762620,pediatrics,R0005626
J.,Davies,,,291 Park Ave,Durham,TS14 7XX,3600 243 3040,pediatrics,R0004681
John,Khan,,0926374404,45 Park Avenue,Durham,TS26 5XX,96712554940,orthopaedics,R0003526
Aisha,Evans,,3975895142,96 Park Avenue,Middlesbrough,TS14 4XX,3652 841 6367,gp,R0002514
J.,Thomas,,6900246864,239 high street,Leeds,TS12 7XX,8093 663 1286,orthopaedics,R0005445
Mohammed,Amhed, Dr,9677747353,285 Church Ln,Durham,TS20 6XX,0777 504 6555,gp,R0001007
Aisha,Brown,,1223259175,212 High Street,Durham,TS13 6XX,91215965034,pediatrics,R0004770
Rajesh,Roberts,,8289535840,273 High Street,Durham,TS19 2XX,63420959134,general practice,R0004543
Rajesh,Shamra, Dr,2707199085,180 high st,Leeds,TS18 2XX,(5341) 1998597,orthopedics,R0005649
John,Khan,,4417252402,54 High Street,Durham,TS18 2XX,03405424994,paediatrics,R0006504
James,Williams,,7393609673,177 Station Road,York,TS8 1XX,67655957403,cardiovascular medicine,R0002064
Elena,Ahmed,,5480028179,77 Station Road,Newcastle,TS12 4XX,42410314450,ortho surgery,R0005352
G.,Ahmed, Jr,,78 Park Ave,Newcastle,TS19 3XX,(6085) 5003048,family medicine,R0005923
Chen,Sharma,,,10 Victoria Rd,York,TS23 3XX,14547900250,ortho surgery,R0001690
Amara,Williams,,0096802314,242 Victoria Rd,Durham,TS8 7XX,2478 732 4834,family medicine,R0006482
Sarah,Ahmed,,9818952342,19 Park Avenue,Durham,TS5 1XX,13254337032,cardiovascular medicine,R0005343
Lucy,Taylor,,6215558734,74 High Street,Durham,TS4 1XX,59311864916,orthopaedics,R0001985
Mohammed,Roberts,,8735280757,61 Church Lane,Middlesbrough,TS22 6XX,43342220921,orthopedics,R0000294
Wei,Roberts,,3954145920,271 Station Road,Leeds,TS28 2XX,91840678165,cardiology,R0001547
Fatmia,Taylor,,2296110270,40 Station Rd,Middlesbrough,TS19 7XX,(5967) 3860082,general practice,R0002012
Grace,Wilson,,9552872770,287 High Street,York,TS19 6XX,38421874201,cardiology,R0000588
David,Patel,,3650303979,151 High Street,Durham,TS9 4XX,98694091298,pediatrics,R0003329
Sarah,Williams,,3953837639,97 Park Avenue,Newcastle,TS1 3XX,36811636050,ortho surgery,R0002403
Sarha,Khan, Jr,,42 Victoria Road,York,TS6 4XX,0633 094 7564,paediatrics,R0002129
J.,Sharma,,,283 victoria road,York,TS13 2XX,(8195) 2672801,cardiovascular medicine,R0003998
Rajesh,Ahmed, Jr,4787843059,17 victoria road,Middlesbrough,TS6 8XX,35544859014,orthopaedics,R0006575
David,Brown, Jr,7559320904,250 church ln,Newcastle,TS15 1XX,2570 711 1168,paediatrics,R0003741
Wei,Evans,,7751211744,25 High Street,Durham,TS25 1XX,91978150410,cardiovascular medicine,R0003508
Sarah,Patel,,1395134580,296 High Street,Durham,TS4 6XX,33171051126,gp,R0002719
David,Ahmed, Jr,4143534947,259 Victoria Rd,Durham,TS27 7XX,02163077519,orthopaedics,R0004521
F.,Sharma, Dr,2370942295,201 Church Lane,York,TS13 2XX,11067463782,gp,R0005150
Mohammed,Sahrma,,3718180920,100 Victoria Rd,Middlesbrough,TS18 6XX,38805618659,cardiology,R0006836
James,Khan,,5812016011,134 Victoria Road,Newcastle,TS24 2XX,88665362568,cardiovascular medicine,R0006843
G.,Evans,,,119 Church Ln,York,TS29 5XX,9839 451 2525,cardiovascular medicine,R0000556
Priya,Smtih,,0671037469,221 Church Ln,Leeds,TS1 7XX,73626420080,ortho surgery,R0004795
Omar,Smith,,1761021288,92 Station Road,Leeds,TS24 4XX,27488795501,cardiology,R0002469
Grace,Ahmed, MD,,78 high st,Durham,TS16 2XX,(3833) 8243428,cardiovascular medicine,R0003738
Priya,Davies,,5812481919,64 Park Avenue,Middlesbrough,TS29 1XX,37332154855,pediatrics,R0004286
Wei,Ngueyn,,7529968781,186 High Street,Leeds,TS6 6XX,86477060807,paediatrics,R0006409
Grace,Taylor,,7692735436,177 Victoria Road,York,TS6 4XX,15649206903,cardiovascular medicine,R0005289
John,Williams,,1119686529,19 Victoria Road,York,TS4 7XX,32786069626,cardiology,R0001716
Chen,Taylor,,0376033038,195 High Street,York,TS20 6XX,35768219745,cardiovascular medicine,R0002604
Amara,Nguyen,,9986162828,214 Victoria Road,York,TS29 4XX,49611565010,ortho surgery,R0006188
Fatima,Nguyen, Jr,5951590308,181 Church Ln,Durham,TS29 7XX,49499276715,pediatrics,R0001704
A.,Thomas, MD,,186 Victoria Rd,York,TS15 1XX,7253 218 0038,orthopaedics,R0002139
James,Williams,,4033841280,45 High Street,Middlesbrough,TS2 8XX,97067776408,ortho surgery,R0003239
Sarah,Jones,,7567229163,229 High Street,Newcastle,TS25 2XX,77592083194,gp,R0002383
A.,Ahmed,,5280128825,30 Church Ln,York,TS1 4XX,4063 278 2905,paediatrics,R0004311
James,Jones,,0989185269,124 Church Lane,Middlesbrough,TS25 2XX,16778813737,pediatrics,R0001285
Priya,Thomas,,1789600741,257 Station Road,Durham,TS3 7XX,76514158893,cardiovascular medicine,R0006393
Chen,Ali,,6306442043,178 Church Lane,Middlesbrough,TS23 5XX,50431999310,cardiovascular medicine,R0006706
David,Roberts,,3625019754,250 Church Lane,Durham,TS10 3XX,75448508202,pediatrics,R0003930
David,Jones,,6163778881,285 Station Road,Leeds,TS21 5XX,46591296829,orthopaedics,R0007411
D.,Thomas,,7645541540,131 Victoria Road,Durham,TS4 2XX,58481588260,orthopedics,R0001591
Fatima,Sharma,,3231317739,287 Victoria Road,Durham,TS6 4XX,00169064649,pediatrics,R0007047
W.,Patel, Jr,3903580777,129 Park Ave,Middlesbrough,TS1 7XX,8438 831 6831,family medicine,R0006650
Fatima,Khna, MD,1546617939,289 Victoria Road,York,TS24 8XX,8365 469 0938,orthopedics,R0002162
Grace,Evans,,3416621365,117 High Street,York,TS21 2XX,48309002762,pediatrics,R0002396
John,Sharma,,8853088457,118 Park Avenue,Middlesbrough,TS20 8XX,74526232330,cardiovascular medicine,R0000317
Garce,Ali, MD,,153 Park Ave,York,TS15 7XX,70764628524,pediatrics,R0006737
Rajesh,Sharma,,3384196373,258 Church Lane,Middlesbrough,TS8 3XX,7774 352 5693,cardiology,R0003111
Wei,Ahmed, Dr,,150 Church Ln,Leeds,TS14 6XX,24122088520,gp,R0005233
Priya,Patel,,5470952769,220 Church Lane,Durham,TS26 7XX,63102461780,gp,R0005993
Priya,Thomas,,7633078365,50 Station Road,York,TS6 3XX,30735443891,pediatrics,R0007282
Omar,Smith,,3184957886,50 Park Avenue,Newcastle,TS20 5XX,52588447907,orthopaedics,R0004036
John,Sharma,,5332436341,244 Station Road,Leeds,TS28 4XX,03711334072,ortho surgery,R0000795
Grace,Thomas,,3944193189,168 Station Road,York,TS27 6XX,45195034983,orthopedics,R0003020
Chen,Ahmed,,9019256937,15 Park Avenue,Durham,TS16 1XX,25416475311,orthopaedics,R0001711
Amara,Sharma,,1635902579,298 victoria road,York,TS17 4XX,1787 382 4249,pediatrics,R0003387
Fatima,Ahmed,,,225 High Street,Leeds,TS3 7XX,13954572685,pediatrics,R0000036
Omar,Taylor,,6137934291,106 Victoria Road,Durham,TS28 2XX,11223272282,family medicine,R0004549
P.,Smith, Dr,8150927676,60 church lane,Durham,TS24 4XX,9979 156 9180,cardiology,R0000913
Omar,Ahmed,,8523156048,289 Park Avenue,Durham,TS9 6XX,26827065950,gp,R0005295
Priya,Roberts, Dr,6177153280,159 Church Ln,Leeds,TS10 4XX,5357 145 3586,gp,R0003972
David,Roberts,,8105833746,141 Victoria Road,Middlesbrough,TS2 2XX,57160193423,family medicine,R0005370
Wei,Ahmed,,4823362462,294 Station Road,Middlesbrough,TS5 8XX,81518773385,family medicine,R0004133
Rajesh,Khan,,7076052407,102 Church Lane,Leeds,TS26 6XX,61579616039,ortho surgery,R0000974
John,Williams,,2636131024,168 High Street,Middlesbrough,TS26 5XX,77168489516,ortho surgery,R0000983
Elena,Khan,,7059317694,61 Station Road,Leeds,TS5 5XX,96772704616,pediatrics,R0006127
Wei,Thomas,,6652923901,176 Park Avenue,Leeds,TS17 5XX,86457314911,gp,R0001418
E.,Brown, Dr,,65 High Street,Leeds,TS27 3XX,5430 499 3529,cardiovascular medicine,R0001560
David,Thomas,,3031747759,264 Church Lane,Durham,TS19 6XX,44890995545,orthopedics,R0004135
Chen,Wilson,,2666168451,160 Station Road,Newcastle,TS27 1XX,60695428936,pediatrics,R0005582
L.,Brown, Dr,,81 Church Lane,Leeds,TS5 6XX,7920 374 2018,family medicine,R0005982
R.,Thomas,,8600772964,36 park ave,Middlesbrough,TS22 2XX,0600 199 4346,gp,R0004265
Amara,Nguyen,,7673487507,52 station rd,Leeds,TS20 4XX,50159749284,cardiovascular medicine,R0001355
Jamse,Brown,,,249 park ave,Middlesbrough,TS23 5XX,(1512) 0836085,paediatrics,R0007025
Lucy,Davies,,5625895322,184 Church Ln,York,TS4 4XX,6605 077 5865,orthopaedics,R0007114
Rajesh,Brown,,3125775753,169 Station Road,York,TS9 7XX,10401302538,general practice,R0000987
Rajesh,Thomas,,9004088495,162 Church Lane,Durham,TS16 6XX,25891050648,cardiology,R0002682
Fatima,Khan,,7269734338,193 Park Avenue,York,TS8 5XX,67085375399,cardiovascular medicine,R0005047
David,Jones,,3429880473,101 Station Road,Durham,TS1 5XX,46655090997,ortho surgery,R0001640
Jamse,Evans,,4480973155,276 Park Ave,Durham,TS22 8XX,(4112) 6099175,ortho surgery,R0001290
Pryia,Sharma,,2231407611,19 High Street,Middlesbrough,TS18 1XX,(0594) 2888309,general practice,R0003681
James,Jones,,7997172851,289 victoria road,Newcastle,TS15 7XX,(0212) 3435238,paediatrics,R0001380
Lucy,Ali,,8582883061,195 high st,Newcastle,TS17 6XX,89913702531,gp,R0001933
John,Nguyen,,1938541799,54 Station Road,Durham,TS23 8XX,96214626857,pediatrics,R0004675
James,Roberts,,4025688513,204 Park Avenue,Leeds,TS14 1XX,68960941020,cardiovascular medicine,R0006315
David,Khan,,9124347547,280 Park Ave,Durham,TS14 5XX,2410 882 4950,gp,R0003160
Amara,Khan,,4054346830,271 Church Lane,Newcastle,TS12 1XX,94327163328,orthopaedics,R0002030
Sarah,Evans,,7820089285,103 High Street,Leeds,TS8 7XX,11732895885,cardiovascular medicine,R0000892
S.,Williams,,7189133007,149 Church Ln,Leeds,TS15 2XX,51182274170,cardiology,R0004876
M.,Nguyen,,,284 victoria road,Newcastle,TS11 2XX,0669 520 5276,cardiovascular medicine,R0004069
James,Thomas,,8106582788,146 High Street,Durham,TS11 5XX,69431736286,family medicine,R0004255
Cehn,Patel,,,166 church ln,Newcastle,TS20 7XX,(7134) 4051769,cardiovascular medicine,R0000002
Fatima,Ali, Dr,3841440417,65 Church Lane,Leeds,TS1 5XX,74917432406,general practice,R0002109
Rajseh,Wilson, Dr,9416627038,272 Park Avenue,Durham,TS19 2XX,92792606406,orthopedics,R0000849
D.,Jones, MD,7541126009,156 Station Road,Middlesbrough,TS28 4XX,04039743567,ortho surgery,R0002737
Amara,Khan, Dr,,28 Victoria Rd,York,TS16 2XX,(8715) 1563471,pediatrics,R0002466
Grace,Davies,,3257870920,257 Church Lane,York,TS4 2XX,(2476) 0168031,gp,R0001914
Rajseh,Ali,,,269 Victoria Road,Middlesbrough,TS20 4XX,66445674307,ortho surgery,R0001596
Grcae,Davies, Jr,,257 Church Lane,York,TS4 2XX,2476 016 8031,family medicine,R0001913
Aisha,Sharma,,1259160586,80 Victoria Road,Newcastle,TS21 1XX,41719698805,paediatrics,R0005139
Omar,Ahmed,,8861182755,25 Park Avenue,Leeds,TS14 6XX,79118080495,orthopaedics,R0007065
David,Ahmed,,3346602246,145 Victoria Road,Durham,TS3 6XX,27035254034,paediatrics,R0005640
David,Jones,,7541126009,156 Station Road,Middlesbrough,TS28 4XX,04039743567,orthopaedics,R0002736
John,Ali,,0374740448,115 High Street,Middlesbrough,TS5 5XX,96886629789,pediatrics,R0000726
Rajesh,Smith,,3496834489,61 Victoria Road,Durham,TS15 5XX,92383253893,family medicine,R0000053
Wei,Davies, Dr,4442936199,71 High Street,Durham,TS18 2XX,77867775706,paediatrics,R0001796
Pirya,Jones, MD,9915256099,96 Victoria Road,York,TS21 8XX,1183 126 3399,ortho surgery,R0003845
Amara,Evans,,,220 park avenue,Leeds,TS29 4XX,(8437) 7107144,cardiovascular medicine,R0002553
Mohammed,Khan,,5540171283,291 Station Road,Newcastle,TS24 6XX,12585733651,pediatrics,R0002800
Lucy,Ali, Jr,,260 Church Lane,Durham,TS20 2XX,(0711) 6213589,cardiology,R0000936
Rajesh,Roberts,,6083131229,187 Station Rd,York,TS5 1XX,83926078576,cardiology,R0006186
John,Nguyen,,0327474970,181 Victoria Road,Newcastle,TS2 4XX,98450563384,orthopedics,R0000824
Omar,Khan,,6877793301,159 Church Lane,Middlesbrough,TS22 3XX,39055949635,pediatrics,R0004321
W.,Brown,,,213 Park Ave,York,TS1 1XX,(3815) 5922641,orthopedics,R0003401
Grace,Shrama,,4171816392,174 Victoria Rd,Newcastle,TS14 4XX,(3441) 3890726,general practice,R0001389
C.,Thomas, MD,3935281988,248 Church Lane,Middlesbrough,TS4 8XX,6135 405 1366,paediatrics,R0003564
Luyc,Brown, Dr,4439712026,69 Victoria Rd,York,TS3 1XX,4251 252 3203,gp,R0000884
Amara,Nguyen,,0758382411,293 Park Avenue,Leeds,TS25 8XX,18764602488,family medicine,R0005429
Sarah,Smith,,9390159470,270 Station Road,York,TS7 2XX,62027580598,paediatrics,R0005703
James,Khan,,6482203095,208 Park Avenue,Durham,TS1 5XX,48142370073,orthopedics,R0005690
Omar,Brown, Dr,1289159014,141 Station Road,York,TS14 8XX,3240 209 7131,cardiovascular medicine,R0004867
Rajesh,Sharma, Jr,,204 Victoria Rd,Middlesbrough,TS21 3XX,5377 631 6390,ortho surgery,R0001868
Priya,Thomas,,9675325983,203 High Street,Newcastle,TS1 2XX,58029020737,cardiology,R0005181
Amara,Williams, MD,7927277472,210 High Street,Middlesbrough,TS13 8XX,1472 738 5514,gp,R0000010
Omar,Ahmed,,9697578279,92 Church Lane,York,TS1 6XX,96915738180,orthopedics,R0003415
C.,Davies, MD,,225 Victoria Road,Durham,TS20 4XX,9364 361 1641,cardiovascular medicine,R0005421
O.,Smith,,3294264131,289 Park Ave,Newcastle,TS24 4XX,40307916547,family medicine,R0001463
Elena,Sharma,,4283484004,108 Park Avenue,Newcastle,TS4 5XX,24430052300,general practice,R0000806
Mohammed,Khan,,6426577180,29 High Street,Middlesbrough,TS22 1XX,87732372831,orthopaedics,R0006118
Aisha,Davies,,8953577413,111 Church Lane,Durham,TS18 8XX,63743076034,general practice,R0006613
Mohammed,Nguyen,,6945035314,284 Victoria Road,Newcastle,TS11 2XX,06695205276,cardiovascular medicine,R0004068
F.,Ali, Dr,3841440417,65 Church Ln,Leeds,TS1 5XX,74917432406,gp,R0002108
John,Khan,,9773095419,189 Church Lane,Leeds,TS9 3XX,58486480130,ortho surgery,R0006830
Jaems,Jones, MD,1495569666,174 High Street,Durham,TS20 5XX,10441402422,ortho surgery,R0007439
Lucy,Nguyen,,9420612223,237 Station Road,York,TS28 6XX,61118197831,general practice,R0002234
Grace,Jones,,7371324516,14 Victoria Road,Middlesbrough,TS3 8XX,69771538005,ortho surgery,R0000963
Mohammed,Thomas,,8645331432,106 Station Road,Durham,TS23 7XX,89384897336,gp,R0004494
Grace,Roberts,,0464041070,227 Station Road,Newcastle,TS28 1XX,43660429206,cardiovascular medicine,R0002632
Aisha,Smith,,0655055833,217 High Street,York,TS19 3XX,79156013131,cardiovascular medicine,R0000704
P.,Khan,,,47 station rd,Newcastle,TS12 3XX,75640005578,paediatrics,R0000431
Omar,Khan,,5657333105,213 Victoria Road,Middlesbrough,TS8 1XX,21929633098,ortho surgery,R0004388
Mohammed,Sharma, MD,2626579091,217 Church Ln,Leeds,TS19 6XX,(8493) 2356823,cardiovascular medicine,R0000145
Mohammed,Evans,,5719211340,86 Park Avenue,Durham,TS23 1XX,02452355567,paediatrics,R0002033
Aisha,Thmoas, MD,7406053513,18 Station Road,Leeds,TS19 4XX,3126 702 7279,cardiology,R0006299
Elena,Ali,,2483033675,190 Church Lane,York,TS5 2XX,68509378911,cardiovascular medicine,R0001165
Fatima,Evans,,,269 High St,Middlesbrough,TS23 7XX,7476 371 4814,orthopaedics,R0003500
Amara,Brown,,0856556410,120 Church Lane,Middlesbrough,TS14 5XX,51693156357,orthopaedics,R0002050
Lucy,Brown,,4933031257,256 Victoria Road,Leeds,TS15 1XX,23983115953,gp,R0003760
Omar,Nguyen,,,212 church ln,Middlesbrough,TS5 3XX,(3744) 0098049,pediatrics,R0002624
Sarah,Wislon, Jr,1461472023,229 High St,Newcastle,TS21 5XX,4766 300 7800,cardiovascular medicine,R0004484
Wei,Sharma,,5681160825,106 High Street,Middlesbrough,TS26 6XX,98917621384,general practice,R0004435
Oamr,Taylor,,2446734199,81 High St,Middlesbrough,TS9 1XX,(4551) 9686350,orthopaedics,R0006725
Lucy,Davies,,1458562070,245 Church Lane,York,TS19 5XX,60430920177,cardiology,R0005814
F.,Davies, MD,6543178932,69 park avenue,Durham,TS11 3XX,(4467) 5613271,orthopaedics,R0004361
Aisha,Thomas,,7756593704,3 High Street,Middlesbrough,TS28 3XX,77859477531,cardiology,R0002424
E.,Nguyen,,9904744346,220 High Street,Durham,TS22 2XX,75345266346,ortho surgery,R0001262
Amraa,Khan, Dr,6616258923,180 High St,Newcastle,TS10 7XX,94645281698,orthopedics,R0001771
Fatima,Thomas,,5419034844,182 Victoria Road,Leeds,TS22 1XX,57279011929,family medicine,R0003511
Omar,Williams,,4473032770,24 Park Avenue,Middlesbrough,TS18 4XX,34379845475,pediatrics,R0000271
Wei,Nguyen,,7183892310,164 Church Lane,Durham,TS17 8XX,12823425784,cardiovascular medicine,R0004792
J.,Thomas,,1349518701,128 Victoria Road,Middlesbrough,TS28 4XX,21572344947,orthopedics,R0007470
C.,Jones, Dr,4475793819,95 High St,Newcastle,TS12 8XX,1490 203 3621,ortho surgery,R0000244
Fatima,Jones,,1611551452,25 Station Road,Newcastle,TS6 8XX,70833535451,gp,R0007275
Aisha,Roberts,,0186126770,120 Station Road,York,TS17 8XX,72105156753,paediatrics,R0004572
Lucy,Ahmed,,0406138735,154 Church Lane,Leeds,TS22 2XX,42668320837,pediatrics,R0002032
Grace,Patel, Dr,9241642552,229 church ln,Durham,TS25 8XX,6827 768 7555,gp,R0006917
Aisha,Wilson, Jr,9778805119,271 park ave,Durham,TS28 6XX,53323002413,ortho surgery,R0005928
Chen,Brown,,0469608768,107 Park Avenue,Leeds,TS13 5XX,46715054292,cardiology,R0000813
James,Khan,,5296297602,96 Park Avenue,York,TS25 6XX,08977176115,orthopaedics,R0003810
R.,Williams,,5583858404,297 Station Rd,Middlesbrough,TS16 1XX,58689986638,cardiovascular medicine,R0007267
Oamr,Wilson, Jr,7373791713,62 Station Road,Middlesbrough,TS15 8XX,99141620054,cardiovascular medicine,R0007445
Priya,Williams,,4512774951,119 High St,Leeds,TS9 2XX,7955 835 3986,cardiovascular medicine,R0006092
Chen,Smith,,4414243175,76 Victoria Road,Newcastle,TS8 3XX,93059263341,pediatrics,R0001804
Priya,Williams,,1324923839,63 Park Avenue,Newcastle,TS24 6XX,77801436291,orthopedics,R0006378
Fatima,Thomas,,2137651016,291 Victoria Road,Newcastle,TS23 4XX,70329597710,general practice,R0004346
Grace,Wilson,,0926518099,177 Church Lane,Newcastle,TS25 8XX,79781449447,family medicine,R0002461
Amara,Brown, Dr,0879798472,259 Park Avenue,Durham,TS16 8XX,43757683046,paediatrics,R0000545
Grace,Nguyen,,1842981686,286 Church Lane,Middlesbrough,TS15 5XX,82298546125,pediatrics,R0003241
Chen,Thomas,,3812352923,211 Park Avenue,York,TS12 8XX,41772831172,orthopedics,R0000738
David,Sharma,,9697710052,35 Victoria Road,Middlesbrough,TS28 6XX,10333511692,paediatrics,R0000310
David,Davies,,2619176106,234 church ln,Durham,TS26 5XX,3106 184 8431,cardiovascular medicine,R0003521
Rajesh,Khan, Jr,2324879830,276 High Street,Durham,TS10 6XX,4859 275 1231,cardiovascular medicine,R0001131
Elena,Jones,,9462390453,104 Church Lane,Newcastle,TS11 3XX,24846814932,orthopedics,R0005545
Omar,Roberts, MD,0915530712,285 Church Ln,York,TS27 1XX,(9733) 3229512,orthopaedics,R0007388
Amara,Sharma,,2694940836,203 Church Lane,Durham,TS23 8XX,92062375586,ortho surgery,R0004111
Chen,Simth, MD,8060131067,86 Station Rd,Durham,TS10 2XX,85063023072,ortho surgery,R0002769
G.,Nguyen, Jr,,4 Station Rd,Newcastle,TS1 4XX,(9254) 3757594,pediatrics,R0000920
Rajesh,Nguyen,,0307340620,149 Victoria Road,York,TS7 3XX,74621029000,ortho surgery,R0006422
Amara,Brown,,7602944775,146 Victoria Road,York,TS26 4XX,21584758763,family medicine,R0003587
James,Ahmed, Jr,5454253484,44 Victoria Road,Middlesbrough,TS19 6XX,(0570) 8362131,orthopaedics,R0003959
David,Davies,,9414829563,183 Victoria Road,Middlesbrough,TS9 4XX,44120535575,paediatrics,R0000038
Mohammed,Khan,,5462542281,157 Park Avenue,Leeds,TS25 7XX,92738278544,pediatrics,R0004459
W.,Evans, Dr,,152 high street,Middlesbrough,TS26 1XX,(7973) 5649098,cardiovascular medicine,R0004278
John,Wilson,,5798383217,199 Church Lane,Newcastle,TS25 5XX,21930380649,orthopaedics,R0002983
Grace,Taylor, MD,7692735436,177 Victoria Rd,York,TS6 4XX,(1564) 9206903,cardiology,R0005290
Amara,Evans,,7857889184,251 Church Lane,Newcastle,TS1 2XX,12277026998,paediatrics,R0007486
Fatiam,Ali,,7604652529,256 High Street,Leeds,TS1 2XX,39614115418,family medicine,R0005217
Mohammed,Wilson,,9124170034,168 Park Avenue,Middlesbrough,TS23 2XX,95707450699,gp,R0002667
Priya,Evans, Jr,0623101423,97 High St,Middlesbrough,TS22 7XX,(7971) 7276896,pediatrics,R0003223
David,Taylor, MD,5719252380,30 Church Ln,York,TS17 4XX,(3924) 3788003,cardiovascular medicine,R0001182
Omar,Taylor,,1277224016,138 Station Road,Durham,TS17 3XX,84552350105,cardiology,R0006810
Aisha,Khan,,0595960475,173 High Street,Middlesbrough,TS20 4XX,53360437742,cardiology,R0000614
Sarah,Jones,,3679663758,186 High Street,Durham,TS8 3XX,06294742686,ortho surgery,R0007366
Aisha,Sharma,,3585800420,184 Station Road,Leeds,TS27 7XX,39824943964,ortho surgery,R0001466
James,Brown, Dr,,242 Church Ln,Leeds,TS1 6XX,5321 709 5182,gp,R0004497
Mohammed,Williams,,7405710680,120 Park Avenue,Durham,TS5 3XX,56518455523,orthopedics,R0003042
Ftaima,Jones,,1353333485,42 Church Lane,Durham,TS16 8XX,(5257) 2258356,ortho surgery,R0000934
O.,Smith,,4989906547,199 Victoria Rd,York,TS19 4XX,6982 855 1430,gp,R0002419
Grace,Nguyen,,7481107321,211 Park Avenue,York,TS28 6XX,51838077070,orthopaedics,R0005085
Elena,Jones, MD,5195867080,56 High St,Durham,TS19 5XX,(6648) 2421330,cardiology,R0006772
Grace,Davies,,9837892345,210 Church Lane,Newcastle,TS21 4XX,20399860500,pediatrics,R0006080
Lucy,Wilson,,4310326415,65 Park Avenue,York,TS19 8XX,53686416756,orthopedics,R0004822
David,Roberts,,5581765072,213 Victoria Road,Durham,TS11 4XX,04096280510,pediatrics,R0000826
Aisha,Williams, Jr,,203 Station Road,Middlesbrough,TS23 2XX,18319262567,general practice,R0001521
Mohammed,Davies,,9985673548,246 Church Lane,York,TS16 2XX,28169667119,cardiology,R0002930
D.,Evans,,,221 High St,Durham,TS22 8XX,5965 510 0816,cardiology,R0004232
Amaar,Patel,,7743091856,269 Park Ave,Newcastle,TS1 8XX,0928 045 9106,cardiology,R0000628
Daivd,Wilson,,,132 Park Ave,Newcastle,TS4 6XX,35884842939,orthopaedics,R0004430
John,Nguyen,,5737580928,200 Station Road,Durham,TS10 7XX,73199132217,paediatrics,R0003853
Chen,Davies, Dr,4138264373,172 Station Rd,York,TS22 7XX,66722466173,family medicine,R0000390
A.,Brown, Jr,0902469584,237 Victoria Road,Middlesbrough,TS12 2XX,2876 099 6404,pediatrics,R0004345
Sarah,Ngueyn, Dr,6396212916,24 Victoria Road,Durham,TS24 4XX,3205 581 2043,cardiovascular medicine,R0007309
Fatmia,Taylor, MD,,63 Station Rd,York,TS5 7XX,38467766309,gp,R0003990
Wei,Jones,,9259603322,130 Church Lane,Leeds,TS9 4XX,32495596234,cardiology,R0000400
Sarah,Jones,,8607785993,157 High Street,Newcastle,TS19 8XX,03037138354,cardiology,R0004806
Amara,Nguyen,,8276681850,226 Station Road,Middlesbrough,TS10 2XX,60084079335,general practice,R0005135
Mohammed,Jones,,6321859314,145 Station Road,York,TS15 5XX,71905573704,cardiology,R0006061
Sarah,Nguyen,,4261859808,182 High Street,Durham,TS11 3XX,82901328945,family medicine,R0003359
Elena,Jones,,2069644315,102 Church Lane,Middlesbrough,TS13 3XX,17567986849,cardiovascular medicine,R0000046
E.,Ali,,6829279936,180 park avenue,York,TS15 1XX,0903 708 7430,pediatrics,R0005657
Rajesh,Thomas,,6005842927,131 High Street,Durham,TS14 8XX,52574889543,family medicine,R0007196
James,Jones,,0822557848,6 Park Avenue,Middlesbrough,TS12 8XX,08821755873,paediatrics,R0007393
John,Ahmed,,4017803304,143 Victoria Road,Durham,TS27 4XX,79571995133,paediatrics,R0003642
Jamse,Jones, Dr,8071404913,69 Station Road,Durham,TS24 3XX,18185786336,orthopaedics,R0003726
M.,Davies, MD,0340247700,253 high st,Leeds,TS20 3XX,87012866226,paediatrics,R0006869
Sarah,Taylor,,8193717869,169 High Street,Newcastle,TS17 2XX,64777832528,ortho surgery,R0005208
James,Nguyen,,2845821181,153 Park Avenue,York,TS3 2XX,84535097699,orthopaedics,R0005319
Chen,Patel,,2897054819,100 Victoria Road,Newcastle,TS29 6XX,11880594928,pediatrics,R0007279
John,Sharam, Jr,0574865528,169 High St,Middlesbrough,TS23 1XX,5161 253 2001,paediatrics,R0002421
David,Williams,,5233908922,97 Station Road,Newcastle,TS5 1XX,12654179352,paediatrics,R0005604
Sarah,Evans,,4170803224,245 Park Avenue,Leeds,TS15 8XX,47302190811,paediatrics,R0001750
Aisha,Brown,,0578431265,148 Station Road,Newcastle,TS29 6XX,57429820997,family medicine,R0007252
Aisha,Taylor,,0377184735,98 Park Ave,Durham,TS20 8XX,7530 228 3094,gp,R0006144
Rajesh,Wilson,,8658937270,296 Station Road,Durham,TS24 4XX,74080880966,pediatrics,R0004062
Priya,Jones,,0755844241,78 Church Lane,Newcastle,TS16 3XX,68427193370,orthopedics,R0000338
Grace,Ahmed,,8105847985,11 Park Avenue,York,TS20 5XX,54679615300,cardiovascular medicine,R0000215
James,Khan,,4637620292,189 Park Avenue,Durham,TS29 8XX,83446186200,orthopaedics,R0003663
Aihsa,Nguyen,,6399035575,224 High St,Middlesbrough,TS23 6XX,6423 651 3858,ortho surgery,R0001341
Lucy,Roberts,,6722973105,268 Station Road,York,TS24 4XX,78680676661,family medicine,R0006862
James,Joens,,8535378590,133 Victoria Road,York,TS28 5XX,(0649) 2064959,cardiovascular medicine,R0007261
Mohammed,Davies,,9581383997,142 Park Avenue,Leeds,TS25 8XX,83190727519,cardiology,R0003894
Omar,Taylor,,3745826888,55 Station Road,Durham,TS17 1XX,52566754932,gp,R0003640
Elena,Taylor,,4998619110,210 Victoria Road,York,TS7 1XX,47956892959,pediatrics,R0000329
J.,Nguyen,,,89 Station Road,Durham,TS1 6XX,8854 187 3362,general practice,R0005902
Rajesh,Ali,,,220 station road,Leeds,TS6 2XX,(7905) 2251084,gp,R0003004
A.,Sharma,,6362932077,108 Church Ln,Middlesbrough,TS15 5XX,(7029) 9344573,gp,R0007164
James,Brown,,5442199471,115 High Street,York,TS21 6XX,38634210409,gp,R0003115
James,Brown,,5189067672,76 High Street,Leeds,TS23 2XX,60042426046,gp,R0007255
Grace,Smith,,9998341871,87 Victoria Road,Middlesbrough,TS23 2XX,78911081343,cardiology,R0002322
Fatima,Brown,,2165672468,132 High Street,Leeds,TS6 3XX,91777101807,pediatrics,R0004197
Mohammed,Wilson, MD,,218 Church Lane,York,TS14 8XX,83535487109,gp,R0003549
Mohammed,Jones,,3277142814,125 Station Road,Leeds,TS28 5XX,38714443890,gp,R0001458
F.,Brown, MD,7203518005,106 Church Ln,Leeds,TS8 1XX,(6313) 9282123,pediatrics,R0000171
Mohammed,Thomas,,4222601836,239 Station Road,Middlesbrough,TS13 2XX,78860881498,cardiology,R0004203
Garce,Williams,,2303455857,229 Church Lane,Leeds,TS21 8XX,(5527) 0749144,pediatrics,R0006285
Omar,Nguyen,,1373295776,268 Park Avenue,Newcastle,TS15 7XX,00343801601,cardiovascular medicine,R0003569
Aisha,Taylor,,0910466941,91 Church Lane,Newcastle,TS1 3XX,62411770543,paediatrics,R0004226
James,Wilson, Dr,1795960339,235 Victoria Road,Durham,TS17 1XX,7428 163 8619,orthopaedics,R0005158
Fatima,Khan,,5928657631,63 Station Road,Durham,TS28 8XX,87052482701,orthopaedics,R0006121
Elena,Nguyen,,,6 Park Avenue,Leeds,TS6 3XX,5961 188 3208,cardiology,R0007102
Rajesh,Wilson,,2340706496,164 Church Lane,Durham,TS4 2XX,48832951288,cardiovascular medicine,R0000938
L.,Khan,,0152403445,99 Church Lane,Newcastle,TS14 7XX,(7116) 0310900,cardiovascular medicine,R0000060
Elena,Nguyen, Jr,7677663458,290 Park Avenue,Newcastle,TS20 4XX,(5682) 2206960,orthopaedics,R0001240
James,Khan,,,150 church lane,Durham,TS18 4XX,87089745164,cardiology,R0005760
A.,Nguyen,,8276681850,226 Station Rd,Middlesbrough,TS10 2XX,6008 407 9335,gp,R0005136
Lucy,Nguyen,,3423830971,234 Church Lane,Durham,TS3 2XX,67307752860,paediatrics,R0006271
David,Thmoas,,1849771578,285 Station Rd,York,TS6 4XX,4096 186 6943,family medicine,R0002120
S.,Evans, Dr,5932079638,209 Station Rd,Durham,TS18 7XX,(9301) 7318617,paediatrics,R0001524
E.,Ali, Dr,1327459570,7 Station Road,Newcastle,TS25 6XX,3187 256 4912,ortho surgery,R0000153
L.,Patel, MD,1101560906,33 Victoria Road,York,TS15 1XX,2830 760 0106,gp,R0000481
Wei,Sharma,,6093462599,154 Station Road,Newcastle,TS4 8XX,43060705494,orthopedics,R0004460
Mohammed,Evans, Dr,8419805851,261 Victoria Rd,Leeds,TS1 1XX,44610200631,gp,R0003920
Lucy,Williams, MD,,288 Station Rd,Newcastle,TS2 6XX,3244 698 8451,general practice,R0001762
Amara,Evans,,6549004035,121 Church Lane,Leeds,TS9 5XX,97512426382,pediatrics,R0000750
Elena,Ptael,,8104528296,266 High Street,York,TS3 7XX,6466 533 2744,gp,R0001785
James,Sharma,,9837436350,80 Victoria Road,Newcastle,TS27 4XX,25432397028,general practice,R0006240
W.,Smith,,5011649112,109 Station Road,York,TS3 4XX,3183 076 3313,gp,R0004501
Elena,Wilson,,,292 Station Road,Durham,TS13 3XX,(2039) 5787744,cardiology,R0004853
John,Khan,,5558920614,265 Victoria Road,Durham,TS28 1XX,73039491642,orthopaedics,R0002711
Mohammed,Jones,,,145 Station Rd,York,TS15 5XX,7190 557 3704,cardiology,R0006063
Wei,Williams, Dr,4947407353,286 Park Ave,Newcastle,TS29 8XX,8213 579 4489,orthopedics,R0004193
Sarah,Khan,,6732168546,94 Victoria Road,Newcastle,TS6 4XX,86891652614,family medicine,R0001333
Chen,Davies,,8005939879,23 Park Avenue,Durham,TS29 3XX,15719849284,paediatrics,R0006680
E.,Smith, Jr,7785913472,81 Station Road,Middlesbrough,TS28 4XX,02545088230,pediatrics,R0002854
Fatima,Jones,,9923151356,92 Church Lane,Leeds,TS23 6XX,74838225572,gp,R0000186
Chen,Thomas,,9808464789,14 Church Lane,Leeds,TS18 4XX,27046969828,orthopaedics,R0001136
Lucy,Patel,,7001746217,4 Victoria Road,Newcastle,TS2 8XX,51156042963,orthopaedics,R0002058
Wei,Khan,,2059778567,63 High Street,Leeds,TS7 5XX,51181888782,pediatrics,R0006995
Grace,Ahmed,,6480179526,230 Station Rd,Leeds,TS13 1XX,(9510) 6087957,cardiology,R0007178
Elena,Patel, Jr,,241 Church Ln,Newcastle,TS6 5XX,(9356) 1828617,cardiology,R0000148
Wei,Davies,,1571447575,271 Station Road,York,TS27 4XX,76005144473,cardiology,R0004124
Aisha,Smith, MD,,201 Church Ln,Middlesbrough,TS3 4XX,(7239) 9858493,cardiology,R0004889
Mohammed,Thomas,,6371780762,98 Station Road,Leeds,TS8 3XX,72855904389,cardiovascular medicine,R0006075
Aisha,Jones,,8825793484,6 Park Avenue,Middlesbrough,TS20 3XX,39755862560,orthopedics,R0003363
Jaems,Sharma,,2905925149,45 park ave,Durham,TS28 7XX,(7856) 5400429,orthopedics,R0004788
Priya,Davies,,4919079149,20 Victoria Road,Leeds,TS5 3XX,42044382805,gp,R0002866
F.,Patel, Jr,,104 church lane,Durham,TS11 3XX,51726675100,paediatrics,R0003776
Fatima,Jones,,2536997970,19 Victoria Road,York,TS1 5XX,25604012740,cardiovascular medicine,R0001386
Amara,Evans,,0893915949,191 Station Rd,Leeds,TS19 1XX,(2713) 5750543,cardiology,R0007087
O.,Jones, Jr,,183 High St,Middlesbrough,TS8 5XX,45909351524,family medicine,R0006207
Chne,Thomas, Jr,,295 station rd,Middlesbrough,TS6 7XX,(2218) 4914727,orthopedics,R0005695
Amara,Roberts, MD,7303457821,253 Park Ave,Durham,TS18 5XX,7427 100 3451,cardiovascular medicine,R0003629
Fatima,Thomas,,6142000247,233 Station Road,York,TS14 6XX,51455498601,orthopedics,R0006753
Grace,Ahmed,,6932494971,33 Park Ave,Newcastle,TS21 2XX,(8606) 8988102,cardiology,R0004797
Amara,Roberts,,6517329339,61 Station Rd,Durham,TS25 6XX,(7344) 1539681,orthopaedics,R0003028
Wei,Wilson,,4822514564,153 High Street,Leeds,TS3 8XX,53304072110,cardiology,R0002969
Rajesh,Ahmde, Dr,,116 Park Ave,York,TS16 7XX,00741725027,family medicine,R0007243
Amara,Khan, Dr,0069007771,124 victoria rd,Durham,TS5 1XX,67755613086,cardiovascular medicine,R0001708
Mohammed,Taylor,,7128236205,99 High Street,Leeds,TS20 6XX,98040807019,pediatrics,R0002953
Amara,Ali,,9696091327,47 High Street,Durham,TS26 7XX,38365001994,paediatrics,R0000454
Chen,Nguyen, MD,,109 station rd,Leeds,TS18 3XX,05908880272,cardiology,R0006275
John,Khan, Dr,9430195990,76 station road,Leeds,TS12 8XX,(3976) 8824590,general practice,R0000609
David,Nguyen,,7586642296,134 High Street,Leeds,TS28 2XX,53784030231,general practice,R0004263
James,Nguyen, Jr,,160 park avenue,York,TS4 3XX,(6772) 6120835,orthopedics,R0004826
Wei,Sharma, Jr,9524098911,29 High Street,Newcastle,TS18 5XX,5797 249 4779,ortho surgery,R0006364
David,Brown,,,159 Station Rd,York,TS10 7XX,(2941) 1798182,pediatrics,R0002074
John,Brown,,6700695622,64 Station Road,Newcastle,TS23 3XX,08227125199,cardiovascular medicine,R0004052
G.,Wilson, MD,1895500209,94 Victoria Road,Newcastle,TS2 7XX,89689270774,cardiovascular medicine,R0006099
Fatima,Roberts, Jr,3100392466,85 Station Road,Middlesbrough,TS5 2XX,04669268070,general practice,R0001622
Chne,Williams,,3626857716,282 station road,Newcastle,TS22 1XX,2035 934 2537,orthopedics,R0004683
Elena,Brown, MD,6288734975,3 Park Ave,Newcastle,TS15 3XX,38437868869,gp,R0005497
Mohammed,Brown,,5263816311,158 Park Avenue,Newcastle,TS1 2XX,77504478094,cardiovascular medicine,R0005796
S.,Jones,,3744259894,141 Park Ave,Leeds,TS26 6XX,1850 909 7786,family medicine,R0006578
Rajesh,Nguyen,,1985752723,221 Church Lane,Newcastle,TS12 4XX,01008880025,pediatrics,R0000040
A.,Wilson,,0221601962,240 station rd,Middlesbrough,TS25 3XX,69579445672,paediatrics,R0005475
Grace,Jones,,4518710021,97 High Street,York,TS16 1XX,54217127690,cardiology,R0002089
Lucy,Brown,,2349311970,12 Church Lane,Leeds,TS16 5XX,54671654259,orthopaedics,R0003924
Amara,Ali,,3216571313,165 Victoria Road,Newcastle,TS15 1XX,91149734026,pediatrics,R0002175
Rajesh,Khan,,0241183557,163 Park Ave,Leeds,TS25 3XX,(8417) 0702694,family medicine,R0000074
Omar,Sharma,,5876122695,189 Church Lane,Newcastle,TS15 6XX,68537021980,orthopedics,R0006005
James,Patel,,6245302460,127 Victoria Road,Newcastle,TS19 3XX,17154606144,family medicine,R0007402
Mohammed,Taylor,,4361627948,150 Station Road,Newcastle,TS16 5XX,16751668922,paediatrics,R0002657
Elena,Davies,,5689474159,52 Church Lane,York,TS22 7XX,00419765407,family medicine,R0003180
Chen,Ali,,,171 park avenue,Newcastle,TS7 5XX,52490569230,gp,R0002076
Amara,Evans,,5353977749,225 Station Road,York,TS3 3XX,54964467255,orthopedics,R0000441
Mohammed,Ali,,6479054733,167 Park Avenue,Newcastle,TS5 5XX,71698193426,pediatrics,R0002051
Wei,Patel,,6236233371,236 Victoria Road,Durham,TS1 5XX,11725236608,orthopaedics,R0002541
Mohammed,Nguyen,,7787938138,182 High St,York,TS10 1XX,2566 131 0363,pediatrics,R0001301
Rajesh,Ptael,,,71 Park Avenue,Leeds,TS6 2XX,88662284698,orthopedics,R0006900
David,Smith,,2290419539,105 Park Avenue,Middlesbrough,TS21 6XX,50731441266,general practice,R0003430
Mhoammed,Davies, MD,8896461851,111 Church Ln,Leeds,TS11 1XX,03392398000,gp,R0001304
Fatima,Khan,,3413288066,34 Station Road,York,TS23 4XX,03232191776,gp,R0000236
Amara,Ahmed,,5751308595,297 Victoria Road,Newcastle,TS9 5XX,23941937012,ortho surgery,R0006255
David,Brown,,0899514611,116 Victoria Road,Middlesbrough,TS18 2XX,06178519371,orthopedics,R0002599
James,Sharma,,9531854796,207 Church Ln,Durham,TS25 3XX,(6522) 5123133,cardiology,R0004616
S.,Wilson,,,11 Park Avenue,York,TS14 3XX,7149 682 0857,cardiovascular medicine,R0002573
Fatima,Smith,,7771780006,120 Church Lane,Durham,TS17 7XX,(6873) 8386208,pediatrics,R0003280
David,Smith,,3713248835,129 Victoria Road,Newcastle,TS18 2XX,32620817984,paediatrics,R0003186
Priya,Smith,,3838918654,98 Victoria Road,Middlesbrough,TS1 1XX,86501887877,ortho surgery,R0003953
Chen,Smith,,8060131067,86 Station Road,Durham,TS10 2XX,85063023072,orthopedics,R0002768
Wei,Williams,,5598895875,231 Victoria Road,Middlesbrough,TS12 3XX,53497833546,cardiology,R0004831
M.,Brown,,9597253258,47 park avenue,Leeds,TS8 7XX,6480 744 6280,orthopaedics,R0004223
Luyc,Nguyen, Dr,0386364854,241 Park Avenue,Middlesbrough,TS23 2XX,(0001) 0391688,orthopedics,R0002106
Mohammed,Williams,,7745580509,160 Station Road,Middlesbrough,TS24 6XX,93269936876,cardiology,R0002679
Aisha,Patel,,,177 Church Lane,Middlesbrough,TS10 2XX,49334186732,cardiovascular medicine,R0002761
Daivd,Nguyen, MD,0070561119,290 Station Rd,Durham,TS25 7XX,2939 215 9708,pediatrics,R0004688
Priay,Taylor,,,93 Park Ave,Durham,TS19 8XX,6150 369 2014,ortho surgery,R0005399
Fatmia,Jones, Dr,,19 Victoria Road,York,TS1 5XX,(2560) 4012740,cardiology,R0001387
Wei,Thomas, Jr,1153995455,119 High Street,Leeds,TS14 3XX,39175838524,paediatrics,R0007436
Mohammed,Wilson,,9283605769,229 Victoria Road,York,TS13 1XX,71872234722,cardiovascular medicine,R0006790
Sarha,Davies, Jr,2460189522,204 Victoria Rd,Durham,TS13 4XX,74672749238,general practice,R0006032
Priya,Nguyen,,3117222319,205 Church Lane,Middlesbrough,TS20 8XX,(8354) 0538537,general practice,R0006461
Grace,Smith,,,267 Park Avenue,Leeds,TS21 3XX,4676 658 7007,orthopedics,R0007239
Sarah,Thomas,,0575121969,45 High Street,Leeds,TS11 7XX,08493884836,gp,R0005000
Elena,Davies,,0353226520,260 Station Road,Durham,TS25 7XX,92718946262,cardiovascular medicine,R0005853
Wei,Nugyen,,3891731258,149 Park Avenue,Leeds,TS9 3XX,75000954710,cardiovascular medicine,R0001279
Fatima,Roberts,,8502059620,104 High Street,Leeds,TS28 1XX,33869816060,orthopaedics,R0006697
P.,Taylor,,2485146812,240 Station Road,Middlesbrough,TS12 6XX,6734 964 4283,paediatrics,R0007350
Grace,Khan,,9883712103,25 Church Lane,Newcastle,TS2 4XX,72755118845,orthopaedics,R0001555
Garce,Sharma, Dr,4542527910,263 high st,York,TS5 5XX,39745505810,cardiology,R0006785
Aisha,Nguyen, Jr,1964969565,219 Victoria Road,Middlesbrough,TS12 6XX,(4951) 6340848,paediatrics,R0003190
Rajesh,Smith,,1947836848,4 High Street,Newcastle,TS12 5XX,28201166112,pediatrics,R0004566
David,Nguyen, Jr,6348358188,204 church ln,Leeds,TS5 7XX,(3505) 0589857,cardiovascular medicine,R0004802
Chen,Jones, Jr,9079837677,205 station rd,Leeds,TS13 6XX,2173 397 7310,gp,R0007036
Sarah,Brown,,7836411800,227 Station Road,Newcastle,TS21 5XX,61153563881,pediatrics,R0004841
C.,Thomas, Dr,1594534519,124 Victoria Road,Middlesbrough,TS5 6XX,(4607) 0173286,cardiovascular medicine,R0003594
Jaems,Ali, Dr,,194 Park Avenue,Leeds,TS18 5XX,5313 840 3456,cardiology,R0001920
Aihsa,Evans,,8920640293,2 Station Road,Durham,TS20 3XX,8513 800 6424,orthopaedics,R0000513
Omar,Patel,,7352914830,16 Station Road,Leeds,TS3 8XX,8853 887 1866,ortho surgery,R0004177
J.,Davies,,4714977866,96 Church Lane,Newcastle,TS21 5XX,18331210027,family medicine,R0001308
John,Smith, MD,4611632823,32 Park Avenue,Middlesbrough,TS14 6XX,0197 343 9720,paediatrics,R0005667
Rajesh,Davies,,5434227883,76 Station Road,Middlesbrough,TS8 5XX,27042404782,pediatrics,R0000914
Grace,Patel,,9543691201,266 high st,Leeds,TS14 7XX,5208 172 6890,orthopedics,R0003452
A.,Williams, MD,0840319483,38 victoria rd,Newcastle,TS20 4XX,95105275422,cardiology,R0003695
Sarah,Nguyen,,7000249899,181 High Street,Newcastle,TS27 6XX,94772741178,paediatrics,R0004242
Omar,Jones, Dr,,266 church lane,Leeds,TS22 2XX,(8219) 3639140,family medicine,R0003156
Amara,Eavns,,,237 Church Ln,Durham,TS26 6XX,31103731042,cardiology,R0002198
Omra,Wilson,,9674658540,127 Victoria Road,York,TS24 6XX,0642 260 6800,cardiovascular medicine,R0000774
Mohammed,Jones,,6126395166,167 Church Lane,Newcastle,TS18 7XX,62866070359,cardiology,R0004425
Aisha,Evans,,3413614247,201 Victoria Road,York,TS24 6XX,97563676157,cardiology,R0000943
Aisha,Jones,,7083315391,161 Church Lane,Newcastle,TS24 7XX,58285325072,orthopaedics,R0000822
Priya,Brown,,7458189293,170 Park Avenue,Durham,TS28 1XX,58000457491,pediatrics,R0005005
Wei,Evans,,9234019957,152 High Street,Middlesbrough,TS26 1XX,79735649098,cardiology,R0004277
Fatima,Taylor,,,12 Victoria Road,Newcastle,TS7 5XX,1747 694 3511,orthopedics,R0000164
Elena,Ali,,4628542739,247 High Street,Newcastle,TS9 1XX,33796612664,gp,R0005619
Chen,Jones,,5920306762,46 High Street,Leeds,TS27 3XX,99722134703,pediatrics,R0004547
Grace,Thomas,,5982788577,96 Victoria Road,Leeds,TS5 7XX,69004686735,general practice,R0003983
Aisha,Brown,,7469868179,187 Victoria Rd,Leeds,TS13 6XX,06286306560,gp,R0002538
M.,Thomas, Jr,5124985776,185 park avenue,Durham,TS7 4XX,(3479) 9638512,paediatrics,R0007153
James,Wilson,,3771679739,40 Station Road,Newcastle,TS11 8XX,75219858738,cardiovascular medicine,R0001311
Fatima,Smith,,7029129025,99 Station Road,York,TS26 4XX,43350174782,cardiology,R0005207
Sarah,Thomas,,8976825913,238 Park Avenue,Middlesbrough,TS24 4XX,69962673775,orthopedics,R0006823
Omar,Evans,,6544882572,76 High Street,Middlesbrough,TS5 5XX,47864887652,orthopedics,R0005383
Fatima,Williams, MD,4345783804,204 Park Ave,Newcastle,TS21 4XX,5407 943 8371,family medicine,R0006257
Amara,Smith,,4704737566,147 Station Road,Newcastle,TS18 1XX,96010088390,general practice,R0006961
Fatima,Sharma,,6181380842,82 Victoria Road,Newcastle,TS25 5XX,17787346732,paediatrics,R0003300
Rajesh,Evans, MD,9569173106,8 Church Ln,Middlesbrough,TS26 6XX,(6512) 6903113,cardiovascular medicine,R0003310
Rajesh,Taylor, MD,,115 Victoria Road,Leeds,TS15 5XX,34447500490,cardiology,R0000327
A.,Thomas, MD,3248258068,214 Station Rd,Middlesbrough,TS23 3XX,7453 408 3209,pediatrics,R0005886
J.,Patel,,,51 High St,York,TS13 2XX,2080 508 3903,pediatrics,R0002490
J.,Ahmed, MD,2988485692,69 Church Ln,York,TS28 7XX,(1119) 6855047,cardiovascular medicine,R0005954
David,Davies,,7059437165,37 Station Road,Durham,TS8 6XX,52957698146,orthopedics,R0007029
Amara,Patle, Dr,8884600049,257 high st,York,TS22 4XX,09848868671,orthopedics,R0004408
Rajesh,Nguyen,,9403530936,273 Victoria Road,York,TS21 1XX,68902092546,cardiovascular medicine,R0000832
Grace,Williams,,8758345109,150 High Street,Middlesbrough,TS3 5XX,22898309591,gp,R0003079
Priya,Brown,,6862282065,165 Park Avenue,York,TS18 3XX,41653527566,paediatrics,R0003462
Aisha,Roberts,,1088236647,96 Station Road,Leeds,TS14 2XX,87535326166,general practice,R0005297
Fatima,Smith,,6505503754,251 Church Lane,York,TS3 1XX,63718787011,cardiology,R0006579
Rajesh,Smith,,3496834489,61 Victoria Rd,Durham,TS15 5XX,9238 325 3893,general practice,R0000054
Chen,Williams,,7455463134,192 Victoria Road,Durham,TS13 7XX,06965511193,gp,R0004064
Grace,Patel,,9543691201,266 High Street,Leeds,TS14 7XX,52081726890,orthopaedics,R0003451
D.,Taylor, Dr,,9 high street,York,TS1 2XX,17651239700,family medicine,R0001901
Elena,Sharma,,3948240200,119 High Street,Middlesbrough,TS10 6XX,16349422186,cardiology,R0001481
David,Ahmed,,8063353565,247 Church Lane,Leeds,TS2 3XX,53055895074,paediatrics,R0004873
Sarah,Ali,,5048597886,294 Station Road,Durham,TS8 6XX,67329368231,orthopedics,R0004895
Wei,Simth, Jr,6564381713,205 High St,Middlesbrough,TS19 5XX,98762755622,paediatrics,R0004150
Elena,Khan,,1690005388,247 Church Lane,Middlesbrough,TS17 3XX,87933485393,ortho surgery,R0003335
Lucy,Taylro, Jr,1538520450,146 Church Lane,Durham,TS25 6XX,12051046116,cardiology,R0006016
Wei,Nguyen,,9749723917,27 High Street,Durham,TS10 1XX,01992315857,ortho surgery,R0004926
James,Ali, MD,,273 Park Avenue,Durham,TS9 8XX,46192600192,cardiovascular medicine,R0000946
Chen,Khan,,6499098959,69 Station Road,Middlesbrough,TS14 2XX,96401607032,pediatrics,R0005797
Rajesh,Smith,,2756790426,144 Station Road,Middlesbrough,TS26 5XX,12749006387,cardiology,R0003293
F.,Khan, Jr,1546617939,289 Victoria Road,York,TS24 8XX,83654690938,orthopedics,R0002161
John,Nguyen,,1312950979,67 Church Lane,York,TS1 1XX,31036827094,family medicine,R0007263
Priya,Davies,,0981345909,97 Park Avenue,York,TS10 7XX,01884933122,general practice,R0005083
David,Ali, MD,,160 Church Lane,Newcastle,TS28 4XX,5655 946 3491,general practice,R0006356
John,Thmoas,,3808558082,92 Victoria Rd,Durham,TS10 1XX,11068779604,cardiology,R0003057
Wei,Jones,,4076250249,26 park ave,York,TS29 8XX,5336 738 9522,cardiology,R0005490
E.,Williams, MD,,44 Victoria Road,Leeds,TS26 7XX,(4540) 5220408,cardiovascular medicine,R0000768
David,Evans,,0254230868,99 Station Road,Newcastle,TS9 3XX,93164878616,paediatrics,R0007052
Lucy,Jones,,1041753241,241 Church Lane,Durham,TS14 4XX,83151817448,paediatrics,R0003495
Omar,Ahmed,,5627018614,79 High Street,Durham,TS22 3XX,32322487292,paediatrics,R0000285
Moahmmed,Jones,,6023708339,278 Victoria Road,Leeds,TS26 7XX,(0920) 1953627,paediatrics,R0007415
Fatima,Khan,,8271429152,255 Park Avenue,York,TS15 7XX,66320562205,cardiovascular medicine,R0004524
Wei,Jones,,9760919594,257 Station Road,Middlesbrough,TS15 5XX,23414392677,cardiology,R0006674
A.,Williams,,7514405989,33 Victoria Road,Newcastle,TS3 4XX,5837 752 0416,cardiovascular medicine,R0002332
Sarah,Sharma,,4235117831,107 Church Lane,Middlesbrough,TS26 1XX,53472994328,ortho surgery,R0002717
R.,Jones,,,144 Church Ln,Middlesbrough,TS23 8XX,(5245) 9767631,orthopaedics,R0002079
A.,Sharma, Jr,1635902579,298 Victoria Road,York,TS17 4XX,(1787) 3824249,pediatrics,R0003389
A.,Ali,,6340350957,123 Station Rd,Newcastle,TS11 8XX,56291048985,cardiovascular medicine,R0000722
Amara,Evans,,2688040638,84 High Street,Newcastle,TS10 8XX,12397857668,paediatrics,R0000951
Mohammed,Wilson, Jr,,51 park ave,Leeds,TS6 6XX,6204 625 9780,paediatrics,R0006559
L.,Sharma, Dr,7695360960,90 High St,Middlesbrough,TS20 6XX,(1544) 6891951,pediatrics,R0002262
Aisha,Davies,,6586077999,62 High Street,Durham,TS28 8XX,59808651924,pediatrics,R0000989
E.,Thomas,,,55 Park Ave,Newcastle,TS12 2XX,4296 934 0133,gp,R0003212
Lucy,Williams,,1434731161,249 Station Road,Newcastle,TS3 6XX,09786497055,general practice,R0001759
F.,Brown, MD,9113886188,251 victoria rd,Durham,TS4 8XX,(3853) 8331910,general practice,R0006159
Jaems,Smith, MD,6789073924,257 Station Rd,Durham,TS27 5XX,3366 239 9370,cardiovascular medicine,R0004422
Fatima,Davies,,4763229107,124 Station Road,Durham,TS2 7XX,50300064961,paediatrics,R0005479
James,Taylor,,3668440925,38 Victoria Road,Durham,TS19 2XX,71654772341,pediatrics,R0001724
Sarah,Roberts,,5718957428,4 High Street,Leeds,TS2 3XX,87885956427,cardiovascular medicine,R0005182
Aisha,Sharma,,0840860209,194 High Street,Durham,TS15 5XX,88101650257,pediatrics,R0000341
Amara,Evasn,,0185851151,249 Victoria Rd,Leeds,TS21 3XX,7252 855 2170,paediatrics,R0003701
Sarah,Nguyen,,7000249899,181 High St,Newcastle,TS27 6XX,94772741178,paediatrics,R0004243
Elena,Ali,,4664920762,90 victoria road,Middlesbrough,TS8 2XX,17768061967,cardiovascular medicine,R0000688
Elena,Davies,,6662387780,124 High Street,Middlesbrough,TS15 6XX,96791662404,cardiovascular medicine,R0003432
Mohammed,Taylor,,4554767309,13 Victoria Road,Leeds,TS21 3XX,71356264381,ortho surgery,R0005203
Grace,Ali,,5828163474,84 Victoria Road,York,TS15 3XX,62745507971,paediatrics,R0004944
Chen,Kahn,,7167110761,259 victoria road,Middlesbrough,TS13 8XX,44616960601,orthopaedics,R0000966
David,Taylor,,4628878726,299 Church Lane,Durham,TS28 1XX,19243821038,cardiovascular medicine,R0007082
J.,Patel,,1512631935,72 park avenue,Middlesbrough,TS8 7XX,12822983969,cardiology,R0006783
Elena,Davies,,9872558001,188 Park Ave,Leeds,TS24 8XX,(2365) 6300944,general practice,R0002203
O.,Khan, Dr,2921565412,90 High St,Newcastle,TS8 6XX,26003232641,orthopaedics,R0002713
G.,Evans,,5759047061,34 Park Ave,Newcastle,TS8 2XX,6371 787 3734,orthopedics,R0004757
O.,Roberts,,,147 Station Rd,York,TS18 6XX,2324 623 3280,pediatrics,R0005098
Amara,Khan,,3263009284,218 Park Avenue,York,TS13 6XX,13155807658,cardiovascular medicine,R0006611
Grace,Khan, MD,4568904986,123 Station Road,Durham,TS10 6XX,(1175) 7113913,family medicine,R0006864
Rajesh,Thomas,,7492998504,163 Church Lane,Leeds,TS2 8XX,60186121607,cardiology,R0005280
Mohammed,Sharma,,1313414791,159 Park Avenue,Durham,TS3 2XX,02938501854,cardiology,R0005975
Aisha,Davies, Dr,,121 Church Lane,York,TS12 5XX,22046628488,gp,R0003572
Lucy,Sharma,,8237271174,298 Victoria Road,Middlesbrough,TS21 2XX,44833493506,pediatrics,R0004805
John,Thomas,,7987569463,63 Victoria Road,Newcastle,TS3 2XX,86618738685,orthopaedics,R0005299
Fatima,Wilson,,0994517523,146 High Street,Durham,TS2 5XX,80178026552,family medicine,R0001990
Elena,Thomas,,5298628711,132 Station Road,Durham,TS26 2XX,06404098489,cardiology,R0004120
John,Roberts,,7425560076,207 Park Avenue,York,TS24 3XX,59901956006,orthopedics,R0004759
Rajesh,Smith,,8345212007,36 Victoria Road,York,TS10 4XX,82924246306,gp,R0006153
Aisha,Robrets,,,96 station road,Leeds,TS14 2XX,87535326166,gp,R0005298
C.,Sharma,,3615743122,145 Victoria Rd,Middlesbrough,TS25 3XX,57491645485,cardiovascular medicine,R0006561
Fatima,Thomas,,3230513907,67 Station Road,Middlesbrough,TS16 3XX,68776249556,paediatrics,R0004971
Mohammed,Wilson,,7478338276,22 Station Road,Middlesbrough,TS18 6XX,26504241907,cardiology,R0007108
P.,Ahmed,,,164 Victoria Rd,York,TS19 8XX,0136 832 1305,pediatrics,R0005034
Grace,Evans,,6225149683,97 Park Avenue,Durham,TS6 2XX,46791691981,orthopedics,R0003600
A.,Williams,,5336252076,188 Church Lane,York,TS23 6XX,(7861) 4643420,general practice,R0006848
John,Thomas,,1349518701,128 Victoria Road,Middlesbrough,TS28 4XX,21572344947,orthopedics,R0007468
Davdi,Davies,,2968971124,285 station rd,Middlesbrough,TS4 5XX,09232362558,general practice,R0006183
John,Sharma,,3835195763,172 Station Road,Durham,TS25 2XX,88116836932,cardiovascular medicine,R0000385
Chen,Sharma,,7827342317,149 High Street,Durham,TS21 8XX,51272876052,ortho surgery,R0006551
Aisha,Patel,,8938669337,34 Church Lane,York,TS25 8XX,10707308967,cardiology,R0006850
Chne,Jones, Dr,9025599663,124 Victoria Road,Durham,TS1 7XX,34482303058,general practice,R0000536
W.,Khan, MD,2059778567,233 Victoria Rd,Leeds,TS11 2XX,54145386054,pediatrics,R0006998
A.,Khan, Dr,0496452041,264 Victoria Rd,Leeds,TS7 4XX,3609 268 0450,pediatrics,R0005032
M.,Ali, MD,5837565972,288 park ave,Leeds,TS21 4XX,2244 867 1100,orthopaedics,R0004212
P.,Sharma,,9900695564,23 Park Ave,Middlesbrough,TS2 1XX,(2525) 0412607,gp,R0003507
Rajesh,Davies,,7483516268,197 Victoria Road,Newcastle,TS4 2XX,93028307130,paediatrics,R0000201
Sarah,Khan,,6732168546,94 Victoria Road,Newcastle,TS6 4XX,86891652614,family medicine,R0001332
Omar,Roberts,,2405719899,56 High Street,York,TS13 1XX,90635424752,cardiology,R0003502
Omar,Jones,,4770005907,165 park ave,Newcastle,TS8 1XX,42735481083,family medicine,R0002708
Rajesh,Thomas,,1898436944,22 Victoria Road,Newcastle,TS15 8XX,96387306135,paediatrics,R0006030
Amara,Khan,,0496452041,264 Victoria Road,Leeds,TS7 4XX,36092680450,paediatrics,R0005031
David,Taylor,,1142321915,32 Victoria Road,Leeds,TS10 5XX,0617 633 1090,orthopedics,R0004662
Omar,Taylor,,8765023171,296 Station Road,Durham,TS16 5XX,84661551124,cardiology,R0004021
John,Evans,,9933773008,52 Station Road,Durham,TS24 8XX,46198337470,cardiology,R0001854
David,Thomas,,1100410660,78 Church Lane,Leeds,TS28 6XX,96249702745,pediatrics,R0006708
Grace,Taylor, Jr,3099039365,175 park avenue,Newcastle,TS12 7XX,4207 682 7015,cardiovascular medicine,R0002872
W.,Sharma,,0388834871,103 Victoria Road,Middlesbrough,TS8 5XX,6772 379 8964,paediatrics,R0003030
C.,Ali,,6950850079,110 park avenue,York,TS9 4XX,32152127545,pediatrics,R0001205
Elena,Smith,,9131685898,257 High Street,Leeds,TS9 6XX,83615731479,paediatrics,R0001645
Grace,Roberts,,7392260737,256 Park Avenue,Middlesbrough,TS10 8XX,95467030518,orthopaedics,R0003417
Mohammed,Ahmed,,2758825649,99 High Street,Newcastle,TS29 3XX,20128783285,pediatrics,R0003476
Mohammed,Brown,,1278805489,91 Station Rd,Newcastle,TS10 3XX,56988295794,paediatrics,R0006351
W.,Ahmed, Dr,7107418413,172 Church Lane,Leeds,TS28 6XX,03310162419,cardiology,R0002861
J.,Patel, Dr,,164 Victoria Road,Durham,TS16 4XX,54649843762,family medicine,R0001792
Chen,Davies, MD,,31 High Street,York,TS3 7XX,7917 004 9138,cardiology,R0005526
Priya,Khan,,6997570971,71 Station Road,Newcastle,TS16 8XX,35098873036,paediatrics,R0003797
Amara,Patel,,6486804812,125 Park Avenue,Middlesbrough,TS28 8XX,97992184040,orthopaedics,R0003368
Grace,Davies,,7749017425,242 High Street,Middlesbrough,TS2 8XX,39530156815,pediatrics,R0003367
Aisha,Williams,,1822875827,33 Park Avenue,York,TS11 1XX,58018854095,cardiology,R0003533
James,Ali,,6474354587,243 Park Ave,Middlesbrough,TS15 1XX,(7623) 9654580,pediatrics,R0006586
Pirya,Khan,,3794556605,45 Station Rd,Newcastle,TS27 3XX,(5201) 8312641,pediatrics,R0005109
Rajesh,Ahmed,,8432023976,27 High Street,Durham,TS3 6XX,44370724611,general practice,R0006024
James,Ali,,3151899361,104 High St,York,TS22 1XX,94608546800,cardiovascular medicine,R0003449
Aisha,Ahmed,,9607083126,277 Victoria Road,York,TS5 8XX,74593016976,cardiology,R0000603
John,Thomas,,3808558082,92 Victoria Road,Durham,TS10 1XX,11068779604,cardiovascular medicine,R0003056
John,Ahmed,,4668528915,14 station road,Durham,TS7 6XX,4942 887 4620,orthopaedics,R0006534
Sarah,Williams,,1729586262,139 High Street,Leeds,TS8 2XX,09549248632,general practice,R0000126
Chen,Ali, MD,3614048034,244 park ave,Durham,TS18 8XX,17817581957,general practice,R0007359
Priya,Davies,,8978370986,96 victoria road,York,TS10 5XX,0950 659 7204,pediatrics,R0003876
Lucy,Wilson,,1769657616,243 Station Road,Middlesbrough,TS9 7XX,60365760859,pediatrics,R0002935
Rajesh,Patel,,4973583643,290 high st,Newcastle,TS16 5XX,(0628) 6431709,cardiovascular medicine,R0005443
Aisha,Wilson,,,299 park ave,York,TS20 2XX,36533327160,general practice,R0004451
Wei,Taylor, Jr,6137237328,170 Church Lane,Middlesbrough,TS3 2XX,06897710334,cardiovascular medicine,R0003531
John,Jones,,8972198445,267 Victoria Rd,Leeds,TS20 8XX,2217 205 5075,orthopedics,R0002730
David,Roberts,,5581765072,213 victoria road,Durham,TS11 4XX,04096280510,pediatrics,R0000827
Grace,Ahmed,,1649909994,234 Station Road,Durham,TS26 4XX,92808976481,orthopedics,R0001639
J.,Williams,,2636131024,168 High Street,Middlesbrough,TS26 5XX,77168489516,orthopedics,R0000984
Faitma,Smith, Jr,,275 Station Rd,Newcastle,TS28 1XX,77018019792,paediatrics,R0003281
P.,Sharma,,1724638676,36 Victoria Road,Middlesbrough,TS25 5XX,45049334902,general practice,R0007458
L.,Wilson,,3455352958,193 Station Road,Leeds,TS9 5XX,65858037375,family medicine,R0002188
Sarah,Khan,,0084093863,238 Victoria Road,Leeds,TS28 1XX,29007353497,general practice,R0006912
Amara,Evans,,2916207569,21 Church Lane,Newcastle,TS15 3XX,33859271209,orthopedics,R0002443
Chen,Patel,,6188284970,128 Station Road,York,TS7 2XX,98421930346,orthopaedics,R0000362
Elena,Nguyen,,3452651105,124 Victoria Road,Newcastle,TS20 8XX,96386829483,gp,R0002349
Sarah,Evans,,8209573222,219 Church Lane,Middlesbrough,TS25 5XX,95351871552,orthopedics,R0000345
David,Roberts,,0051725065,148 High Street,Leeds,TS2 1XX,64827668777,family medicine,R0000814
Elena,Khan,,0744225257,287 Station Road,York,TS28 7XX,13253255547,pediatrics,R0006166
Sarah,Jones,,8607785993,157 High St,Newcastle,TS19 8XX,03037138354,cardiology,R0004807
D.,Roberts,,9956776937,274 Victoria Rd,Leeds,TS1 8XX,0772 158 0869,cardiovascular medicine,R0003205
Wei,Sharma,,5034891998,159 Park Avenue,Leeds,TS4 2XX,99785174568,cardiovascular medicine,R0006339
Elena,Wilson,,4913785769,265 Victoria Rd,Leeds,TS11 8XX,2697 612 2098,cardiology,R0007190
J.,Smith,,2494852426,4 Church Ln,Middlesbrough,TS20 5XX,0704 666 6543,cardiovascular medicine,R0005961
Omar,Patel,,6431615870,89 Victoria Road,Durham,TS25 1XX,97898489969,family medicine,R0003325
M.,Williams,,,234 High St,Leeds,TS4 4XX,71882177615,pediatrics,R0004106
Lucy,Khan, MD,1388922280,288 Church Lane,Middlesbrough,TS24 3XX,6427 686 7717,pediatrics,R0006715
Lcuy,Davies,,5127785258,160 High Street,Newcastle,TS29 7XX,64817454096,family medicine,R0002116
Rajesh,Evans,,2576067136,299 High Street,Durham,TS25 5XX,40798502201,family medicine,R0001834
Sarah,Evans,,2104132474,143 Church Lane,Middlesbrough,TS4 8XX,60500366711,orthopaedics,R0000793
Amraa,Taylor,,5842691625,237 Church Lane,Durham,TS21 7XX,7017 067 5513,pediatrics,R0007424
David,Jones,,1187856835,285 Station Road,York,TS7 2XX,39265617713,paediatrics,R0002674
James,Nguyen,,6346224271,159 Victoria Road,Leeds,TS17 2XX,37215134566,cardiovascular medicine,R0000094
M.,Brown, MD,9597253258,47 Park Ave,Leeds,TS8 7XX,(6480) 7446280,ortho surgery,R0004225
Rajesh,Davies,,8552908322,175 Park Avenue,Leeds,TS4 4XX,98364301899,paediatrics,R0003756
Chen,Evans,,1238638397,117 Park Avenue,Middlesbrough,TS5 8XX,72833347193,paediatrics,R0002891
Amara,Williams,,3254649464,127 Park Avenue,York,TS3 6XX,74508795229,general practice,R0002371
Omar,Wilson,,0697469511,92 Station Road,Newcastle,TS14 6XX,96195414236,orthopedics,R0006475
Aisha,Smith,,4096519049,13 Station Rd,Durham,TS2 5XX,(6559) 7610055,gp,R0006214
Sarah,Williams,,1574627792,237 Station Road,York,TS3 7XX,46235568760,family medicine,R0006651
Jmaes,Evans, MD,1402957208,152 Station Road,Middlesbrough,TS15 4XX,1549 047 4293,ortho surgery,R0003228
Fatima,Brown,,9113886188,251 Victoria Road,Durham,TS4 8XX,38538331910,general practice,R0006158
L.,Khan, Jr,2917721182,107 Victoria Road,York,TS17 6XX,(4986) 7702414,pediatrics,R0005996
Omar,Smith,,5472338227,262 High Street,Leeds,TS12 8XX,37229011151,cardiovascular medicine,R0006689
David,Evans,,2353036441,291 Park Avenue,York,TS1 6XX,30355594768,gp,R0006028
Elena,Smith,,7785913472,81 Station Road,Middlesbrough,TS28 4XX,02545088230,pediatrics,R0002853
John,Roberts,,1955151492,6 High Street,Middlesbrough,TS14 6XX,91614235188,pediatrics,R0007123
Lucy,Brown,,0412566380,82 Station Road,Leeds,TS2 5XX,06876265441,gp,R0002912
Elena,Patel, MD,,288 Station Road,Newcastle,TS12 1XX,86954503428,gp,R0001865
Rajesh,Ngyuen, Jr,,279 Victoria Rd,Leeds,TS11 8XX,9503 579 6455,gp,R0005754
David,Khan,,7986999090,60 Station Road,Leeds,TS25 1XX,94090327260,orthopedics,R0004612
Amara,Davies,,1453828045,243 Station Road,York,TS27 4XX,59907898078,family medicine,R0001857
Jamse,Brown, MD,,88 Victoria Road,Leeds,TS16 4XX,91719524740,ortho surgery,R0002645
Sarha,Jones, Dr,,268 Victoria Rd,Middlesbrough,TS26 8XX,68412869870,cardiology,R0002243
Omar,Thomas,,6244294856,44 Victoria Road,Middlesbrough,TS17 4XX,12166786366,cardiology,R0005373
Rajesh,Smith,,7815796393,299 Park Avenue,Newcastle,TS16 6XX,86464600417,general practice,R0002336
Priya,Smith,,2411355790,238 Park Avenue,Middlesbrough,TS11 3XX,72838951743,cardiology,R0000950
Grace,Smith,,2310235883,177 church ln,Middlesbrough,TS25 2XX,06344685687,ortho surgery,R0003068
M.,Khan,,8331558775,235 Victoria Rd,Newcastle,TS24 3XX,(2097) 9741073,paediatrics,R0001120
G.,Jones, MD,9086684756,95 Church Lane,Newcastle,TS10 6XX,1072 066 6480,orthopaedics,R0002597
David,Brown,,2429693923,206 Station Road,York,TS18 1XX,59466964083,gp,R0002204
Luyc,Patel,,,79 Station Road,Durham,TS2 8XX,5291 923 4929,gp,R0000419
Rajesh,Taylor,,3167689860,73 Station Road,York,TS21 7XX,63767563322,family medicine,R0000922
J.,Khan, MD,9192425015,156 Park Ave,Newcastle,TS25 8XX,77399510465,cardiology,R0001254
Amara,Williams,,1209938491,15 Station Road,Durham,TS7 7XX,44470778975,family medicine,R0000477
Omar,Roberts,,8185198287,204 Church Lane,Middlesbrough,TS22 8XX,10223996220,ortho surgery,R0002035
Aisha,Thomas,,5189796445,158 High Street,Durham,TS2 7XX,78372832041,ortho surgery,R0006906
Grace,Khan,,0213219204,130 Park Avenue,Newcastle,TS11 6XX,10750230350,pediatrics,R0005788
A.,Ahmed,,5476460227,48 Church Ln,Middlesbrough,TS18 6XX,86924141363,orthopaedics,R0005742
Wei,Ahmed,,,173 Station Rd,Newcastle,TS12 7XX,(5246) 7461377,ortho surgery,R0005567
Elena,Roberts,,9891325965,239 Station Road,Durham,TS16 5XX,93376338813,cardiology,R0001202
Mohammed,Brown, Dr,,196 park ave,York,TS18 8XX,(8814) 7163598,orthopedics,R0002626
Lucy,Roberts,,7483995972,110 Church Lane,Leeds,TS26 8XX,60822009056,cardiovascular medicine,R0005765
Chen,Brown,,4222172620,41 Church Lane,Newcastle,TS5 5XX,56461018369,orthopedics,R0007222
G.,Sharma,,3842867379,101 High St,Middlesbrough,TS17 6XX,(0519) 7927314,gp,R0001970
Rajesh,Sharma,,3384196373,258 Church Lane,Middlesbrough,TS8 3XX,77743525693,cardiology,R0003110
P.,Smith,,,155 Victoria Rd,Leeds,TS4 5XX,2519 412 6717,family medicine,R0004018
Amara,Evans,,7916373087,76 Station Road,Newcastle,TS12 4XX,24905110277,ortho surgery,R0002151
James,Smith,,0824097582,286 Church Lane,Newcastle,TS15 3XX,69094095210,orthopaedics,R0003687
John,Taylor,,8330798039,286 Victoria Road,Leeds,TS12 5XX,13771527665,orthopaedics,R0004916
Chen,Ali,,3738946812,204 Park Avenue,Middlesbrough,TS24 3XX,38576558905,gp,R0001997
Elena,Davies, Dr,0657941425,116 Station Road,Middlesbrough,TS17 3XX,10986365094,orthopedics,R0004033
D.,Khan,,,258 High St,Leeds,TS2 3XX,05108039446,cardiovascular medicine,R0007354
David,Ali,,,273 Park Ave,Leeds,TS17 3XX,(0749) 1078993,orthopaedics,R0003054
Omar,Williams,,6593293288,125 High Street,Newcastle,TS19 3XX,52111584047,ortho surgery,R0001248
Elena,Davies, Dr,5868918904,257 station rd,Newcastle,TS11 2XX,07035019438,gp,R0002192
Omar,Khan,,2921565412,90 High Street,Newcastle,TS8 6XX,26003232641,ortho surgery,R0002712
O.,Roberts, Jr,3644721481,124 station road,Durham,TS14 5XX,58844248564,pediatrics,R0000992
W.,Khan,,,61 High Street,York,TS1 7XX,48457935308,cardiology,R0002190
James,Sharma,,0176526177,94 High Street,Durham,TS28 5XX,98090284629,cardiology,R0004670
Amara,Wilson, Dr,8444249629,260 Park Avenue,Newcastle,TS23 1XX,00441077763,cardiovascular medicine,R0005142
Sarah,Williams,,3377327052,87 Church Lane,York,TS3 3XX,57906603113,orthopedics,R0005984
David,Smith,,5151211774,160 Victoria Road,Newcastle,TS4 2XX,75355550715,paediatrics,R0003762
James,Khan,,3787836118,13 church lane,Durham,TS28 5XX,16824671060,paediatrics,R0003597
Mohammed,Ali, MD,4384596877,73 Park Ave,Middlesbrough,TS6 5XX,77860579651,pediatrics,R0004711
Rajesh,Ngueyn,,1807000856,78 High Street,Newcastle,TS24 4XX,81201846873,family medicine,R0001318
David,Davies,,6532237810,275 Church Lane,Durham,TS17 7XX,77501737306,paediatrics,R0001863
A.,Wilson, MD,3707265245,202 Park Ave,York,TS2 1XX,6840 197 0276,pediatrics,R0002343
Grace,Smtih,,,55 Victoria Rd,Middlesbrough,TS21 6XX,23466769850,orthopaedics,R0002449
Aisha,Thomas,,4653957411,186 Victoria Road,York,TS15 1XX,72532180038,ortho surgery,R0002136
John,Wilson,,6608560763,3 Victoria Road,Durham,TS27 7XX,29717481234,family medicine,R0001065
P.,Smith,,,131 Park Ave,York,TS13 7XX,50222417736,orthopedics,R0005868
E.,Jones,,5239702660,174 High Street,Durham,TS20 5XX,10441402422,family medicine,R0007443
Rajesh,Khan,,6024045937,67 Station Road,Newcastle,TS28 7XX,29324133947,paediatrics,R0004227
Chen,Evans, Dr,7981079786,37 church ln,Middlesbrough,TS20 3XX,2864 774 9044,cardiovascular medicine,R0002621
John,Sharma,,5093076607,276 Park Avenue,Durham,TS24 2XX,29542670592,pediatrics,R0000077
Omar,Nguyen,,6482134667,87 Station Road,Durham,TS2 8XX,49811941696,cardiology,R0002898
Elena,Sharma,,6516095892,188 Victoria Road,York,TS21 1XX,22224907883,cardiology,R0006148
Sarah,Roberts, Jr,8283245626,31 High St,Middlesbrough,TS8 8XX,(7008) 5732155,paediatrics,R0004820
Wei,Williams,,7549792828,297 Church Lane,York,TS4 8XX,25193775126,paediatrics,R0001314
Omar,Evans,,,20 Park Avenue,York,TS15 3XX,9866 974 3278,gp,R0005947
John,Khan,,1356618721,129 Station Road,Newcastle,TS29 4XX,03499655502,orthopaedics,R0006554
Priya,Smith,,2586174372,241 Park Avenue,Middlesbrough,TS12 5XX,69288312676,paediatrics,R0000872
Grace,Khan,,7846876412,251 Church Lane,Durham,TS10 4XX,23606097934,pediatrics,R0003850
James,Jones,,4677051580,185 Victoria Road,Newcastle,TS28 1XX,62001420343,cardiovascular medicine,R0005468
Jonh,Nguyen,,4716406205,152 Park Ave,Middlesbrough,TS28 2XX,2021 497 9401,pediatrics,R0005951
Aisha,Smith,,7593923433,219 High Street,Leeds,TS7 3XX,19101037668,pediatrics,R0007174
Grace,Roberts,,9271150098,85 Park Avenue,Leeds,TS3 2XX,48589702357,cardiovascular medicine,R0002965
Omar,Taylor,,0647711493,201 Church Lane,Durham,TS24 7XX,98147517139,gp,R0003391
J.,Thomas,,,273 Station Road,Newcastle,TS1 6XX,6608 966 5393,cardiovascular medicine,R0005415
Wei,Roberts,,7918352060,246 Church Lane,Middlesbrough,TS27 4XX,19613579804,pediatrics,R0002560
Aisha,Khan,,5399625516,275 High Street,Middlesbrough,TS19 7XX,06992941154,orthopedics,R0007345
Wei,Thomas,,3890268812,131 High Street,Leeds,TS18 4XX,73552027713,gp,R0002635
Jonh,Ahmed, Dr,2388456910,100 Park Avenue,Durham,TS2 5XX,4007 755 0083,family medicine,R0005256
W.,Taylor,,6137237328,72 victoria road,Newcastle,TS13 1XX,47901211425,cardiovascular medicine,R0003530
Mohammed,Ahmed,,0205456389,110 High Street,Newcastle,TS6 2XX,50314892544,paediatrics,R0000375
Amara,Roberts,,4863519396,93 Station Road,York,TS4 5XX,06112089972,cardiovascular medicine,R0001908
David,Wilson,,7277792703,132 Park Ave,Newcastle,TS4 6XX,35884842939,orthopaedics,R0004429
James,Taylor,,0001290948,230 Church Lane,Durham,TS23 6XX,89029754672,gp,R0006494
Aisha,Nguyen,,5123935782,264 Church Lane,Newcastle,TS28 5XX,75697780865,ortho surgery,R0006564
Fatima,Ali,,3543393143,246 Victoria Road,Durham,TS15 7XX,42662103783,paediatrics,R0004027
Mohammed,Ahmed,,0851890873,218 High St,Durham,TS23 4XX,(3383) 3300407,general practice,R0001604
Mohammed,Khan,,8331558775,235 Victoria Road,Newcastle,TS24 3XX,20979741073,pediatrics,R0001118
Sarah,Brown,,9943225982,166 Victoria Road,York,TS20 3XX,84729465529,orthopedics,R0003677
James,Sharma,,1225757562,186 Station Road,Middlesbrough,TS16 2XX,67849479595,cardiology,R0003490
Pryia,Williams, Jr,4089539126,221 church ln,Middlesbrough,TS24 4XX,(4229) 1388151,paediatrics,R0007292
S.,Davies, MD,,90 Station Road,Middlesbrough,TS18 5XX,49757969583,general practice,R0006039
D.,Khan, Dr,5591720494,106 High Street,Leeds,TS21 3XX,2206 333 6875,orthopedics,R0002958
Jmaes,Patel,,1040859008,105 station rd,Durham,TS6 1XX,4510 219 9043,orthopaedics,R0001994
James,Jones,,1495569666,174 High Street,Durham,TS20 5XX,10441402422,ortho surgery,R0007438
Sarah,Roberts,,4076739465,137 church ln,Leeds,TS14 2XX,27785216852,cardiology,R0006526
Mohammed,Ahmed, Jr,4208958395,239 Victoria Rd,Durham,TS27 5XX,8973 046 8765,family medicine,R0002376
Grace,Smith,,2359108597,232 Station Road,Leeds,TS3 6XX,30198795267,general practice,R0006870
Mohammed,Khan,,6231713407,244 Park Avenue,York,TS6 1XX,06778302775,pediatrics,R0001342
John,Williams,,7689817346,236 Park Avenue,York,TS29 2XX,00844645019,cardiology,R0000320
Wei,Patel, Dr,5657389042,245 Park Avenue,York,TS9 3XX,31169591957,general practice,R0001619
Lucy,Thomas, MD,,233 Station Rd,Leeds,TS6 1XX,90159616572,ortho surgery,R0003713
Amara,Ahmed,,1310509117,183 Church Ln,Middlesbrough,TS11 7XX,6573 243 7479,ortho surgery,R0006867
Mohammed,Williams,,5782880309,118 Church Lane,Leeds,TS26 6XX,98922035567,paediatrics,R0002060
Omar,Smith,,8617165031,222 Victoria Road,Newcastle,TS29 4XX,39341810888,paediatrics,R0002219
Lucy,Sharma,,2246197137,255 Church Lane,York,TS2 4XX,67452767698,gp,R0001673
Sarah,Davies,,6183665390,90 Station Road,Middlesbrough,TS18 5XX,49757969583,family medicine,R0006038
Elena,Tyalor, Jr,2890730902,20 High Street,York,TS3 7XX,33094771856,pediatrics,R0000260
Elena,Williams, Dr,5253605542,298 Park Ave,Leeds,TS9 2XX,44433696956,paediatrics,R0006626
Priay,Williams,,9256769683,1 Church Ln,Durham,TS26 1XX,48135093744,cardiology,R0002039
E.,Smith, Dr,2674871350,218 Station Road,Durham,TS25 2XX,54889972286,ortho surgery,R0004785
Lcuy,Taylor,,,71 park ave,Middlesbrough,TS20 4XX,(7072) 8304027,paediatrics,R0000901
Priya,Thomas,,8908784646,137 Park Avenue,Leeds,TS10 8XX,80077290155,cardiology,R0003744
Grace,Brown,,9450934687,22 Park Avenue,Middlesbrough,TS3 7XX,96933176290,ortho surgery,R0002026
Mohammed,Roberts,,0822792970,19 Church Lane,Leeds,TS3 8XX,88676018637,family medicine,R0004234
Amara,Nguyen, Jr,9121387236,34 church lane,York,TS13 8XX,(5793) 7822167,orthopaedics,R0001917
Omar,Patel,,4458533626,145 Station Road,Middlesbrough,TS16 3XX,33129374089,cardiology,R0001828
Priya,Ahmed,,3838987540,124 High Street,Leeds,TS20 1XX,99008111711,family medicine,R0001573
S.,Evans,,9377638782,105 high street,Durham,TS1 2XX,21985668374,orthopedics,R0004415
Omar,Jones,,1729635324,249 Church Lane,Durham,TS11 2XX,11526680894,paediatrics,R0004749
M.,Jones,,4020202860,31 Park Avenue,Newcastle,TS17 3XX,99744288244,ortho surgery,R0006233
Rajesh,Williams,,9408834708,60 High Street,Middlesbrough,TS10 6XX,71373346898,pediatrics,R0006587
Priya,Roberts,,0759516622,2 Church Lane,York,TS8 6XX,81741291075,orthopedics,R0004654
J.,Williams, Dr,7553058736,161 High Street,Durham,TS11 5XX,0407 394 0943,general practice,R0006283
Priya,Patel,,3949199006,33 Station Road,Durham,TS20 1XX,88495726976,family medicine,R0004208
David,Davies,,6688980478,296 Station Road,Newcastle,TS21 5XX,35525581602,cardiovascular medicine,R0004627
Mohammed,Nguyen,,2076840042,167 Victoria Road,Middlesbrough,TS26 2XX,12143550111,orthopedics,R0000224
Priya,Sharma,,6616175138,65 Church Lane,Durham,TS22 1XX,93745381828,orthopedics,R0000723
James,Wilson,,,273 high st,Leeds,TS21 7XX,76162830342,paediatrics,R0006732
Fatima,Sharma,,7966515967,86 Victoria Road,Leeds,TS10 8XX,47613317991,pediatrics,R0001141
Chen,Ahmed,,5422440802,177 Station Road,Newcastle,TS21 2XX,74046479251,family medicine,R0005529
Mohammed,Williams,,3929958023,264 Station Rd,Middlesbrough,TS1 4XX,2927 199 0085,orthopaedics,R0005764
Amara,Wilson,,3202318136,235 High Street,Durham,TS20 6XX,79599987941,orthopaedics,R0006691
Grace,Brown,,7730495109,145 High Street,Middlesbrough,TS21 1XX,51912233646,paediatrics,R0005554
Priya,Daives, Jr,3987096784,218 Station Rd,Leeds,TS10 1XX,34940133349,paediatrics,R0007116
Aisha,Sharma,,7047840574,113 Victoria Road,Leeds,TS24 7XX,40378427913,cardiovascular medicine,R0002762
Fatima,Ali,,,140 high st,Leeds,TS27 2XX,74738378461,paediatrics,R0000846
Fatima,Taylor,,7643024493,257 Church Lane,Middlesbrough,TS3 4XX,36801503706,cardiology,R0004289
John,Patel,,5692675281,184 Park Avenue,Newcastle,TS5 5XX,47927908017,gp,R0005560
Mohammed,Wilson,,5026337784,292 Church Lane,Durham,TS18 3XX,39830902071,cardiology,R0005042
Aisha,Williams,,6222871577,205 Victoria Rd,Durham,TS27 7XX,(5194) 0402779,paediatrics,R0006117
Rjaesh,Patel, MD,3649794059,116 High St,Newcastle,TS1 5XX,(9228) 3616557,paediatrics,R0002551
Amara,Thomas,,5089583278,292 Station Road,Leeds,TS7 5XX,67107745153,cardiovascular medicine,R0005725
Mohammed,Roberts,,8622857384,4 Park Avenue,Newcastle,TS11 7XX,64847089986,paediatrics,R0002928
David,Williams,,3518771781,60 Park Avenue,Leeds,TS23 4XX,81322331758,gp,R0000117
Chen,Thomas,,1714707264,68 High Street,Durham,TS8 8XX,81636526299,general practice,R0000645
Fatima,Ahmed,,7829300332,122 Church Lane,York,TS7 2XX,03660879324,cardiovascular medicine,R0005966
Chen,Patel, Dr,8826177309,166 Church Lane,Newcastle,TS20 7XX,71344051769,cardiovascular medicine,R0000003
Priya,Evans,,6776821311,294 High Street,York,TS24 1XX,69416214037,pediatrics,R0004170
Priya,Jones,,1477668747,268 High Street,Middlesbrough,TS14 4XX,83296962371,orthopedics,R0005851
O.,Evans,,9343032417,148 victoria road,Newcastle,TS3 1XX,9853 558 5067,gp,R0000467
Grace,Williams,,7545501214,141 Park Avenue,Durham,TS14 7XX,50756550573,orthopaedics,R0000005
David,Wilson,,,87 High Street,Newcastle,TS12 5XX,98079132238,cardiology,R0005342
Grace,Ngueyn,,1607091468,4 Station Road,Newcastle,TS1 4XX,9254 375 7594,pediatrics,R0000919
Grace,Jones,,9086684756,95 Church Lane,Newcastle,TS10 6XX,10720666480,orthopedics,R0002595
Aisha,Wilson, MD,3099276952,222 station road,Durham,TS6 6XX,8152 413 1363,family medicine,R0004324
Omar,Wilson,,9261519429,22 High Street,Durham,TS15 6XX,28444231443,cardiovascular medicine,R0001063
David,Roberts,,8389071768,160 Church Lane,Leeds,TS21 3XX,01831007185,orthopedics,R0002590
Chen,Jones, Dr,4475793819,95 High Street,Newcastle,TS12 8XX,(1490) 2033621,ortho surgery,R0000242
John,Ahmed,,4668528915,26 Church Lane,Durham,TS2 2XX,(1866) 3105739,ortho surgery,R0006535
Mohammed,Evans,,0047856667,240 High Street,York,TS25 4XX,16355696907,cardiology,R0001160
Fatima,Sharma,,3304052632,186 High Street,Leeds,TS3 2XX,46417469099,paediatrics,R0002870
Sarah,Davies,,4924612776,265 High Street,Leeds,TS27 8XX,45060058945,cardiovascular medicine,R0003735
Amara,Smith,,2878638447,224 victoria road,Durham,TS13 6XX,(3399) 2213587,general practice,R0006861
Sarah,Sharma,,3146469172,142 High Street,Leeds,TS12 8XX,37931944735,paediatrics,R0002397
Lucy,Wilosn, MD,0896707855,214 Victoria Road,Durham,TS1 2XX,(5621) 6366271,gp,R0003517
G.,Williams,,8722132321,252 Park Ave,Leeds,TS3 6XX,2482 170 5841,cardiology,R0003421
David,Taylor, Jr,9405316632,101 Victoria Rd,Middlesbrough,TS28 7XX,29727442629,general practice,R0002563
David,Thomas,,4996577196,272 Park Avenue,Middlesbrough,TS21 2XX,18227395467,paediatrics,R0005622
Priya,Davies,,0475899668,288 Station Road,Leeds,TS10 6XX,31775879213,paediatrics,R0001605
Wei,Davies,,,293 victoria road,Leeds,TS24 7XX,(7297) 0164565,gp,R0007235
Amara,Khan,,9816300589,267 Park Avenue,Newcastle,TS7 2XX,11714791101,cardiology,R0002324
Amara,Evans,,1637378003,242 Church Lane,Newcastle,TS13 7XX,77936792729,orthopaedics,R0002709
Lucy,Taylor,,0885096913,179 Station Road,Durham,TS10 8XX,43673094167,family medicine,R0006594
James,Wilson,,3771679739,40 Station Road,Newcastle,TS11 8XX,7521 985 8738,cardiology,R0001312
James,Ali,,3151899361,104 High Street,York,TS22 1XX,94608546800,cardiovascular medicine,R0003448
J.,Khan,,5296297602,96 Park Avenue,York,TS25 6XX,08977176115,orthopaedics,R0003812
David,Khan,,1975161730,291 Victoria Road,Newcastle,TS21 7XX,48149565100,orthopedics,R0006085
David,Brown, Jr,8966497381,162 High St,Durham,TS20 7XX,14617056818,orthopedics,R0006976
Lcuy,Taylor,,6051991557,180 Church Lane,Newcastle,TS11 2XX,79520710123,paediatrics,R0002362
Omar,Roberts,,4485327751,177 High Street,Leeds,TS1 4XX,43928168852,cardiology,R0001975
Wei,Jones,,6748335369,151 church lane,Newcastle,TS10 3XX,(7350) 7573449,paediatrics,R0003514
Lucy,Williams,,1434731161,249 Station Road,Newcastle,TS3 6XX,(0978) 6497055,general practice,R0001761
Omar,Williams,,4576447083,169 Church Lane,Middlesbrough,TS11 4XX,78991477089,cardiovascular medicine,R0005401
David,Ahmed,,3673036358,34 Park Avenue,Durham,TS3 6XX,34687343479,family medicine,R0002739
Mohammed,Roberts,,9082543928,239 Victoria Road,Durham,TS22 7XX,6135 479 2819,cardiology,R0005637
Aisha,Ali,,0878560522,177 High Street,York,TS22 1XX,79967076481,ortho surgery,R0006985
John,Brown,,6698513329,178 Church Lane,Newcastle,TS4 6XX,57353616470,general practice,R0002472
Cehn,Nguyen,,1422916708,147 Station Rd,Durham,TS15 6XX,(8569) 9794756,cardiovascular medicine,R0004007
J.,Taylor,,9838916059,268 Victoria Rd,York,TS18 7XX,(0637) 1477793,ortho surgery,R0004718
Fatima,Wislon, MD,7711135640,80 Station Rd,York,TS24 5XX,(0320) 4347526,cardiology,R0006177
Pirya,Patel,,1889894042,269 Station Rd,Durham,TS5 3XX,30775074298,cardiology,R0001493
Wei,Khan,,6537176198,71 Park Avenue,Durham,TS5 8XX,18460307231,orthopedics,R0004206
Lucy,Thomas,,4370667939,117 Park Ave,Leeds,TS18 2XX,13187820649,orthopaedics,R0006371
John,Thomas,,3805739496,22 Station Road,Newcastle,TS1 2XX,79366790195,family medicine,R0002158
Lucy,Nguyen,,1021461353,283 Church Lane,York,TS28 3XX,08547918658,cardiology,R0001169
Chen,Taylor,,5219644392,33 Victoria Road,Middlesbrough,TS4 2XX,34139201492,orthopaedics,R0006777
Fatima,Ali,,1241621299,48 Church Lane,York,TS24 2XX,66727681682,gp,R0000232
Chen,Davies,,3164139216,231 High Street,Newcastle,TS25 8XX,92234876863,family medicine,R0000066
Mohammed,Ahmed,,0851890873,291 Park Avenue,Durham,TS14 6XX,09924232868,gp,R0001603
Elena,Kahn, Dr,,287 Station Road,York,TS28 7XX,1325 325 5547,paediatrics,R0006168
Amaar,Roberts, Dr,2638247610,160 Victoria Road,Middlesbrough,TS18 1XX,39850603476,paediatrics,R0003283
James,Khan,,,13 Church Lane,Durham,TS28 5XX,16824671060,pediatrics,R0003596
Grace,Evans,,9781861174,261 Station Road,Middlesbrough,TS12 3XX,29166007534,cardiology,R0006288
James,Kahn,,3028474517,113 Station Rd,Leeds,TS8 6XX,65308659029,cardiology,R0004632
David,Taylor,,7856761914,123 Park Avenue,York,TS8 8XX,02970790441,orthopedics,R0000125
Jhon,Roberts,,3361642860,102 Victoria Rd,York,TS1 5XX,38628132268,orthopedics,R0006229
Chen,Nguyen,,7961576414,180 Station Road,Durham,TS11 8XX,98231043379,pediatrics,R0005350
Aisha,Nguyen,,6610394833,45 Victoria Road,York,TS22 6XX,76843530355,cardiology,R0001296
O.,Roberts, Jr,,177 High St,Leeds,TS1 4XX,43928168852,cardiovascular medicine,R0001976
C.,Taylor, Jr,5219644392,136 Victoria Road,York,TS8 4XX,8929 362 3688,orthopaedics,R0006778
Aisha,Brown,,5626208700,238 High Street,Newcastle,TS23 8XX,98480160239,cardiology,R0006726
Chen,Ali,,8509699746,171 Park Avenue,Newcastle,TS7 5XX,52490569230,family medicine,R0002075
Wei,Wilson,,4061229221,215 Victoria Road,Newcastle,TS28 8XX,51457403596,cardiology,R0004580
David,Amhed, MD,1336718908,214 Victoria Road,Durham,TS29 8XX,39127827748,cardiology,R0005750
David,Taylor, Dr,4628878726,16 Station Road,Durham,TS11 6XX,(1516) 6644299,cardiology,R0007083
Rajesh,Khan,,0991454852,233 Park Avenue,Newcastle,TS3 7XX,79904009209,family medicine,R0003086
Sarah,Patel,,3224206675,225 Church Lane,Middlesbrough,TS1 1XX,54896288072,cardiology,R0006512
Lucy,Williams,,0579101519,247 Station Road,Newcastle,TS10 2XX,02776035921,ortho surgery,R0003345
Amara,Davies,,1151984721,30 Church Lane,Durham,TS10 2XX,94427240296,orthopedics,R0006701
Rajesh,Smith,,2187898212,45 Victoria Road,Leeds,TS21 3XX,56849640979,gp,R0005870
Wei,Brown,,7856826786,202 High Street,Middlesbrough,TS18 3XX,34735406527,orthopedics,R0002797
Grace,Nguyen,,1607091468,4 Station Road,Newcastle,TS1 4XX,92543757594,paediatrics,R0000918
Elena,Smith, Dr,9131685898,257 High Street,Leeds,TS9 6XX,83615731479,paediatrics,R0001646
David,Ahmed,,0572508774,103 Church Lane,Durham,TS11 4XX,33692203730,orthopedics,R0005122
Lucy,Khan, MD,8233118683,224 victoria rd,Middlesbrough,TS23 2XX,5907 539 7898,pediatrics,R0005126
Mohammed,Davies,,1612724425,221 Station Road,York,TS24 7XX,26757405945,cardiovascular medicine,R0004978
Fatima,Davies,,0822294676,198 Park Avenue,York,TS19 2XX,40555948500,cardiology,R0005431
Jonh,Brown,,0114290431,59 Park Avenue,Durham,TS2 5XX,40235447108,ortho surgery,R0004621
Chne,Patel,,,128 Station Rd,York,TS7 2XX,9842 193 0346,ortho surgery,R0000364
Chen,Khan,,0633090690,273 Park Avenue,Newcastle,TS12 3XX,79506292664,paediatrics,R0003287
John,Thomas,,2901903120,86 Station Road,Leeds,TS5 6XX,04363481457,family medicine,R0002125
Lucy,Ahmed,,6343952086,154 Church Lane,Leeds,TS9 5XX,55691674357,orthopaedics,R0004123
Omar,Davies,,3402463011,244 Park Avenue,Newcastle,TS24 4XX,19473357049,orthopaedics,R0004569
Omar,Ali,,5724437831,180 Victoria Road,Newcastle,TS28 3XX,77789401880,cardiology,R0000525
Chen,Smith,,9726073277,256 Station Road,Middlesbrough,TS22 8XX,84513773927,cardiovascular medicine,R0004821
James,Ahmed,,2757648499,85 Church Lane,Durham,TS8 7XX,69274115314,cardiovascular medicine,R0000055
Omar,Smith,,7452848153,240 Victoria Road,York,TS21 1XX,61320525717,general practice,R0000638
Rajesh,Davies,,0609853767,193 church ln,Leeds,TS3 3XX,54529383462,pediatrics,R0000302
Priya,Patel,,4751767683,188 High Street,York,TS29 1XX,97053673400,paediatrics,R0002766
John,Patel,,2980581985,235 Park Avenue,Middlesbrough,TS9 1XX,58330144211,paediatrics,R0005811
Amara,Jones,,9587734467,236 High Street,Leeds,TS2 5XX,62708667397,pediatrics,R0001276
Rajesh,Khan,,4598982040,106 Park Avenue,Durham,TS22 1XX,04467384640,pediatrics,R0007027
Chen,Davies,,0819094121,122 Church Lane,Leeds,TS24 8XX,20067915104,pediatrics,R0004720
Rajesh,Patel,,5732517940,205 Station Road,Middlesbrough,TS14 3XX,78494193879,paediatrics,R0002055
Wei,Ali, Jr,6440917696,74 Victoria Rd,York,TS16 5XX,(9697) 5262704,paediatrics,R0005376
Priya,Khan,,4106921199,23 Station Road,York,TS17 4XX,75847256252,ortho surgery,R0005145
Mohammed,Nguyen,,5335381349,128 Station Road,Leeds,TS12 6XX,90653166165,family medicine,R0004432
Moahmmed,Patel,,9877961700,45 Park Ave,York,TS24 4XX,67482245333,pediatrics,R0003644
Chen,Roberts,,2513228783,239 Station Road,Newcastle,TS2 6XX,63923333494,family medicine,R0004143
R.,Jones,,1082124981,264 church ln,Newcastle,TS23 4XX,2742 788 9672,family medicine,R0002878
Wei,Wilson, MD,,123 Station Road,Durham,TS1 4XX,67862307019,general practice,R0004202
Wei,Sharma, Jr,4114368218,46 Victoria Road,Middlesbrough,TS24 7XX,(2941) 8113851,orthopedics,R0005175
Lucy,Brown,,1414206715,125 Church Lane,Middlesbrough,TS18 3XX,86151724685,pediatrics,R0002286
Lucy,Sharma,,7695360960,90 High Street,Middlesbrough,TS20 6XX,15446891951,paediatrics,R0002261
David,Nguyen,,2390812142,200 Station Road,Middlesbrough,TS29 6XX,70671919924,orthopedics,R0005240
Chen,Smith,,3731164271,206 Park Avenue,Newcastle,TS3 4XX,37376777982,general practice,R0006676
O.,Ahmed, Dr,8547666220,124 Victoria Rd,Middlesbrough,TS14 8XX,90115305387,orthopaedics,R0002296
Wei,Ali,,8200563755,218 High Street,Leeds,TS8 4XX,23128590478,cardiovascular medicine,R0005932
Aisha,Jones,,3520628744,65 Victoria Road,Middlesbrough,TS11 1XX,19197671137,orthopedics,R0001753
Fatima,Roberts,,2187430176,241 Victoria Road,Middlesbrough,TS25 5XX,19337475825,pediatrics,R0005197
Grace,Sharma,,3842867379,101 High Street,Middlesbrough,TS17 6XX,05197927314,family medicine,R0001968
Lucy,Roberts,,3869426441,19 Church Lane,York,TS23 7XX,92030956719,paediatrics,R0006521
Fatima,Roberts,,9060089189,39 Church Lane,Middlesbrough,TS22 5XX,38624352640,pediatrics,R0003117
Grace,Wilson,,0047159855,242 High Street,Middlesbrough,TS10 7XX,07200605953,paediatrics,R0002393
Sarah,Nguyen,,9655323666,4 Park Avenue,Middlesbrough,TS19 8XX,65274241973,ortho surgery,R0000523
Rajesh,Sharma, Dr,4990011664,228 Park Avenue,Leeds,TS8 7XX,(5738) 6178861,gp,R0006376
Priya,Ali,,5199857949,19 Victoria Rd,Durham,TS27 4XX,(2946) 8186829,general practice,R0005524
E.,Davies, Dr,,267 Victoria Rd,Newcastle,TS28 8XX,5892 136 1634,cardiovascular medicine,R0003900
Sarah,Williams, Jr,4553614951,168 Park Ave,Newcastle,TS10 2XX,27662004093,cardiovascular medicine,R0006990
Fatima,Brown,,5172920512,184 Church Lane,Middlesbrough,TS7 7XX,22439427064,cardiology,R0004699
Grace,Taylor,,2023167515,54 Park Avenue,Durham,TS11 1XX,42746224788,pediatrics,R0005585
James,Smith,,0998012764,66 Park Avenue,Newcastle,TS3 3XX,53402187992,family medicine,R0006622
Mohammed,Brown,,4916995312,190 Park Avenue,Middlesbrough,TS21 8XX,48975521759,ortho surgery,R0003122
Aisha,Wilson,,3953370716,125 Park Avenue,York,TS6 5XX,82918372664,paediatrics,R0004156
Grace,Sharma,,3842867379,101 high st,Middlesbrough,TS17 6XX,0519 792 7314,gp,R0001969
Lucy,Khan,,3002208566,277 Victoria Road,Middlesbrough,TS10 3XX,55752595510,pediatrics,R0000671
Fatima,Roberts,,2422992201,222 Victoria Road,Middlesbrough,TS1 7XX,77106514890,pediatrics,R0004188
James,Smith,,,57 Church Ln,Durham,TS24 1XX,(6814) 8018179,orthopedics,R0000666
Fatima,Thomas,,8476447280,23 Station Rd,Newcastle,TS19 3XX,04850742577,orthopedics,R0006500
Mohammed,Williams, Dr,6981127075,121 Park Ave,Newcastle,TS18 5XX,46300764742,orthopaedics,R0001887
Amara,Sharma,,1869196516,2 Church Lane,Durham,TS5 6XX,00417422457,orthopaedics,R0003266
Amara,Wilson,,8231791238,5 Church Lane,Leeds,TS10 5XX,31842771007,paediatrics,R0000280
Jhon,Khan,,0941819342,128 High St,York,TS11 4XX,46038953473,orthopaedics,R0001719
James,Ali,,,198 Station Road,York,TS18 4XX,3229 347 2120,orthopaedics,R0002947
Wei,Smith,,3002468279,76 Park Avenue,Leeds,TS10 5XX,86416651489,orthopaedics,R0004455
Lucy,Taylor,,5295540732,71 Park Avenue,Middlesbrough,TS20 4XX,70728304027,paediatrics,R0000899
Sarah,Davies,,2460189522,204 Victoria Road,Durham,TS13 4XX,74672749238,family medicine,R0006031
Jhon,Thomas,,3765563140,8 Station Rd,York,TS1 7XX,33973283044,orthopedics,R0007269
Aisha,Ahmed, Dr,,152 park avenue,Middlesbrough,TS12 7XX,7483 328 9366,ortho surgery,R0006090
Rajesh,Ahmed, MD,4787843049,17 victoria rd,Middlesbrough,TS6 8XX,35544859014,ortho surgery,R0006576
Mohammed,Taylor,,4505022686,286 Church Lane,York,TS15 2XX,99211601610,pediatrics,R0000760
Amara,Roebrts,,8378174995,271 Park Ave,Durham,TS9 3XX,73113560291,orthopaedics,R0006254
Fatima,Ahmed,,5672972643,267 Victoria Road,Leeds,TS25 6XX,87619632131,cardiovascular medicine,R0001906
L.,Wilson, MD,1022917332,90 park ave,Durham,TS15 8XX,87556516270,cardiovascular medicine,R0004042
Omar,Wilson,,3713863444,201 station road,Durham,TS3 7XX,5479 454 4350,family medicine,R0003823
David,Smith,,2112678358,158 Church Lane,Middlesbrough,TS15 1XX,32976993550,orthopedics,R0004138
Elena,Khan,,0442886756,252 Station Road,Middlesbrough,TS18 1XX,15335802320,general practice,R0003818
Aisah,Wilson,,8762226315,173 High St,York,TS21 3XX,(5217) 2864444,general practice,R0006269
Wei,Ali,,0539291044,92 Park Avenue,York,TS16 3XX,85304408726,cardiology,R0004300
S.,Brown,,8962068362,211 church lane,Middlesbrough,TS24 7XX,70547709503,cardiovascular medicine,R0005569
Omar,Thomas, MD,6210866550,103 Station Road,York,TS12 5XX,3310 897 9684,cardiovascular medicine,R0006196
J.,Khan, MD,3415479948,235 High Street,Newcastle,TS12 7XX,69185775485,orthopaedics,R0002593
Elena,Taylor,,5314356759,218 Victoria Road,Durham,TS28 8XX,81612756383,cardiovascular medicine,R0004164
W.,Sharma, Jr,0388834871,103 Victoria Rd,Middlesbrough,TS8 5XX,6772 379 8964,paediatrics,R0003031
David,Sharma,,5686503558,88 High Street,Newcastle,TS16 4XX,57548256546,cardiovascular medicine,R0005971
Wei,Evans,,5813688431,275 Church Lane,Newcastle,TS7 8XX,21747915242,pediatrics,R0003579
John,Ahmed,,5163789972,243 Station Road,Newcastle,TS28 3XX,69893559958,cardiology,R0002832
W.,Patel, MD,7707664408,39 Park Avenue,Durham,TS28 7XX,23231616912,orthopaedics,R0005449
Elena,Jones,,2502208455,107 Station Rd,Leeds,TS3 7XX,(7678) 0698252,cardiology,R0003472
Chen,Brown,,0022069326,114 Church Lane,Durham,TS26 8XX,24053746456,gp,R0006327
J.,Brown,,8364597447,12 Station Road,Middlesbrough,TS14 1XX,1477 241 7278,paediatrics,R0000137
Amara,Wilson,,1304125408,2 Church Lane,Leeds,TS9 1XX,87086602563,paediatrics,R0004892
John,Williams, Dr,4612245046,58 Victoria Road,York,TS19 7XX,75597247546,cardiology,R0002180
S.,Khan, Jr,7895116897,285 High St,Durham,TS14 7XX,32265553928,pediatrics,R0002128
A.,Brown, MD,,117 Victoria Road,Leeds,TS4 6XX,(2345) 7601620,gp,R0003177
Amara,Khan,,9142473719,29 Park Avenue,Newcastle,TS7 6XX,52747017417,general practice,R0004854
Amara,Wilson,,0729910239,202 High Street,Leeds,TS6 7XX,65832787029,general practice,R0004637
Fatima,Evasn, Dr,1758556513,110 victoria rd,Leeds,TS13 2XX,(4771) 9667686,gp,R0005115
D.,Jones,,6163778881,285 Station Road,Leeds,TS21 5XX,46591296829,orthopaedics,R0007413
Sarah,Thomas,,8995508503,273 Victoria Road,Leeds,TS9 3XX,15254650033,cardiology,R0004261
Amara,Brown,,0902469584,237 Victoria Road,Middlesbrough,TS12 2XX,28760996404,pediatrics,R0004344
S.,Thomas,,7097340919,177 Park Ave,Newcastle,TS11 8XX,4339 446 5531,general practice,R0001331
Chen,Jones,,4558502676,113 Park Avenue,Leeds,TS3 8XX,57918363183,pediatrics,R0002017
Wei,Khan, Jr,9605458433,250 High Street,Middlesbrough,TS24 6XX,5087 527 2434,gp,R0004542
Fatima,Khan,,1952687668,147 Station Rd,Durham,TS29 3XX,80320653828,general practice,R0002482
Wei,Davies,,1774497615,19 High Street,Leeds,TS21 4XX,99088139005,paediatrics,R0001358
James,Sharma, Dr,9837436350,80 victoria road,Newcastle,TS27 4XX,2543 239 7028,general practice,R0006241
Fatima,Ahmed,,3660487890,41 Station Road,York,TS15 7XX,77167750178,gp,R0001329
Mohmamed,Jones,,4080195881,90 Station Rd,Middlesbrough,TS13 1XX,20625473099,orthopedics,R0007391
Rajesh,Sharma,,8340114237,227 Park Avenue,Durham,TS24 2XX,68335714272,orthopaedics,R0002150
Sarah,Ali, Dr,8245262394,38 victoria rd,Durham,TS10 1XX,1377 437 0416,cardiovascular medicine,R0004530
A.,Ahmed,,,156 High Street,Leeds,TS8 7XX,(2961) 6329773,cardiology,R0002122
Amara,Evans,,3291043533,225 Park Avenue,Durham,TS1 2XX,88934115012,cardiology,R0004673
Chen,Sharma,,2100799528,13 Victoria Road,York,TS7 7XX,35813271133,paediatrics,R0003981
David,Davies,,4679673101,11 Victoria Road,Middlesbrough,TS15 5XX,60840189739,pediatrics,R0001252
Wei,Sharma, Jr,7039376775,144 Victoria Road,Leeds,TS9 5XX,7695 710 8427,general practice,R0003278
Rajesh,Patel,,0453215494,26 Church Lane,Newcastle,TS28 4XX,23241409089,pediatrics,R0003374
Wei,Jones, Jr,0694697273,154 Victoria Road,Newcastle,TS2 8XX,24710455927,general practice,R0002814
Chen,Davies,,0819094121,122 Church Lane,Leeds,TS24 8XX,20067915104,pediatrics,R0004719
Mohammed,Wilson, Dr,6965312095,19 Church Ln,Durham,TS19 7XX,(0503) 3196854,paediatrics,R0006544
Grace,Roberts,,2143176674,143 Church Lane,Leeds,TS22 8XX,84085738805,pediatrics,R0001848
Chen,Ali,,3690572281,186 Victoria Rd,Newcastle,TS9 7XX,09909792354,orthopedics,R0004858
Fatima,Roberts,,2036708542,86 Victoria Road,Middlesbrough,TS14 4XX,52937629466,orthopaedics,R0003037
Amara,Davies,,,213 Victoria Road,York,TS4 2XX,(6427) 1240399,paediatrics,R0000388
L.,Davies,,5422700376,186 Church Ln,York,TS4 3XX,(0772) 2384746,cardiovascular medicine,R0000235
Rajseh,Patel,,1685174032,221 Victoria Road,Newcastle,TS4 5XX,0417 092 2890,orthopedics,R0001077
C.,Nguyen,,9219620780,38 church lane,York,TS14 3XX,33991752173,general practice,R0001984
Wei,Ali,,7620193159,91 church lane,Leeds,TS28 2XX,(3218) 3747059,general practice,R0004363
Amara,Thomas,,0175837506,18 Victoria Road,Leeds,TS24 2XX,93695442057,pediatrics,R0003962
Aisha,Ali,,9398852295,80 Victoria Road,York,TS16 1XX,45115274414,orthopaedics,R0000770
Grace,Smith, MD,4746374793,8 Station Rd,Newcastle,TS20 8XX,(3317) 8824410,ortho surgery,R0002165
Wei,Evans,,7359516138,272 Park Ave,Durham,TS8 1XX,8293 573 7248,orthopedics,R0004533
Lcuy,Khan,,3002208566,277 Victoria Rd,Middlesbrough,TS10 3XX,5575 259 5510,pediatrics,R0000673
Grace,Smith,,0569728481,110 High Street,Middlesbrough,TS29 1XX,97181152216,orthopedics,R0000249
Priya,Khan, Dr,5574349281,90 Park Ave,Middlesbrough,TS26 3XX,26407081950,cardiology,R0006297
Rajesh,Brown,,6269670976,77 High Street,York,TS20 5XX,10473698670,orthopedics,R0001574
Sarah,Roberst,,3341818524,223 park avenue,Newcastle,TS10 8XX,5946 784 8120,orthopaedics,R0006238
G.,Roberts, Jr,7392260737,256 Park Avenue,Middlesbrough,TS10 8XX,9546 703 0518,ortho surgery,R0003419
Aisha,Sharma,,8373697152,7 Station Road,Newcastle,TS29 8XX,84557088954,cardiology,R0002081
Amaar,Khan, MD,3161439732,10 Park Ave,Durham,TS17 1XX,(0648) 0179700,orthopaedics,R0001823
Wei,Evans,,1773803758,227 Church Lane,Durham,TS22 8XX,17047697978,paediatrics,R0006941
Omar,Nguyen,,4796034690,219 Church Ln,Newcastle,TS11 8XX,(1366) 3854945,ortho surgery,R0007173
Chen,Brown,,7422290485,262 High Street,Leeds,TS19 1XX,76273323809,paediatrics,R0004544
Aisha,Taylor,,8354945255,99 Victoria Rd,York,TS12 5XX,(7283) 8363217,cardiovascular medicine,R0005565
Jonh,Taylor, Jr,,58 Victoria Rd,Leeds,TS21 6XX,26758536984,cardiovascular medicine,R0000716
Chen,Williams,,3140127889,280 High Street,Leeds,TS16 7XX,05127273912,orthopaedics,R0006692
Aisha,Davies,,7945784334,99 High Street,Newcastle,TS14 1XX,95988661005,cardiovascular medicine,R0007001
Lucy,Wilson,,,70 Park Ave,Durham,TS29 5XX,92477740836,paediatrics,R0002048
Lucy,Khan, Jr,2917721182,107 victoria rd,York,TS17 6XX,49867702414,pediatrics,R0005997
James,Thomas,,0737764841,51 Park Avenue,York,TS1 5XX,09133240991,pediatrics,R0005264
Wei,Jones,,6183346761,75 Victoria Road,York,TS25 6XX,05877852096,cardiovascular medicine,R0004178
David,Sharma,,7493966788,118 Victoria Road,York,TS23 3XX,41458058744,paediatrics,R0004809
Priya,Evasn, Dr,,229 Church Ln,Leeds,TS22 6XX,8715 793 8239,gp,R0002724
James,Patel,,1512631935,72 Park Avenue,Middlesbrough,TS8 7XX,12822983969,cardiology,R0006782
Sarah,Ali,,7612265377,29 Park Avenue,Middlesbrough,TS18 2XX,29472921315,pediatrics,R0001460
Chen,Davies,,0717904686,8 Church Lane,Newcastle,TS28 2XX,20417550356,cardiovascular medicine,R0005989
Fatima,Nguyen,,3074035825,81 High Street,Leeds,TS8 5XX,61072606945,pediatrics,R0001668
Rajesh,Thomas,,1737608237,298 Victoria Road,Newcastle,TS14 3XX,82622582706,cardiology,R0002756
Rajesh,Jnoes, Dr,5817806462,104 Station Rd,Leeds,TS5 4XX,(8715) 0063711,gp,R0002000
David,Patel,,4293834636,231 High Street,York,TS11 2XX,41893338010,paediatrics,R0004571
Fatima,Patel,,3436432387,189 Church Lane,York,TS9 5XX,81570559370,family medicine,R0004613
Grace,Roberts,,,230 Church Lane,Middlesbrough,TS15 6XX,6531 425 7550,cardiology,R0000404
Priya,Daveis,,4177023708,42 Station Road,Middlesbrough,TS26 1XX,(1954) 6660528,ortho surgery,R0000384
Jaems,Ali,,7067204116,248 Park Ave,Newcastle,TS4 1XX,7634 478 7543,cardiovascular medicine,R0006739
Grace,Roberts,,8549682269,276 Park Avenue,York,TS1 2XX,22763934551,pediatrics,R0002152
C.,Wilson, Dr,4135330982,254 Park Ave,Newcastle,TS26 3XX,(9842) 1159597,orthopaedics,R0001633
Lucy,Thomas,,7123576787,76 Station Road,York,TS13 6XX,66352391785,family medicine,R0006874
Omar,Roberts, MD,6628458300,96 Victoria Rd,York,TS25 7XX,59434214675,paediatrics,R0005580
E.,Smith, Dr,2674871350,218 Station Rd,Durham,TS25 2XX,(5488) 9972286,ortho surgery,R0004784
L.,Brown,,2349311970,18 Victoria Rd,Leeds,TS4 3XX,(9662) 3054120,orthopedics,R0003925
John,Sharma,,,260 Park Avenue,York,TS6 6XX,43062736610,cardiology,R0005336
R.,Patel, Jr,6301321824,198 Park Ave,Middlesbrough,TS11 2XX,58540945551,pediatrics,R0004158
Sarah,Davies, MD,7412063658,134 Church Ln,Leeds,TS19 8XX,61297672919,orthopaedics,R0004948
John,Jones,,9520747698,160 Park Avenue,Middlesbrough,TS21 1XX,10883331381,orthopedics,R0005898
Grace,Williams,,8397260101,159 Park Avenue,Newcastle,TS20 4XX,41467946161,gp,R0006801
Rajesh,Patel,,0978684160,142 Victoria Road,Durham,TS17 6XX,46421193513,family medicine,R0005358
Elena,Wilson,,8250077363,63 Station Rd,York,TS10 7XX,4357 294 6941,pediatrics,R0000223
Elena,Davies,,5868918904,257 Station Rd,Newcastle,TS11 2XX,07035019438,general practice,R0002193
Omar,Roberts,,3972435174,258 Park Avenue,Durham,TS20 7XX,65568432167,orthopedics,R0003136
Mohammed,Evans,,4326099998,198 Victoria Road,York,TS6 1XX,07118114206,orthopaedics,R0004469
John,Roberts,,1763191968,34 Station Road,Middlesbrough,TS20 3XX,54375666372,paediatrics,R0001824
Fatima,Ahmed,,6859705446,37 Park Avenue,York,TS4 1XX,27188567048,ortho surgery,R0007104
Amara,Patel, Jr,9781119786,283 Station Rd,Leeds,TS3 2XX,64581798126,pediatrics,R0005124
Faitma,Thomas,,3230513907,67 Station Road,Middlesbrough,TS16 3XX,68776249556,paediatrics,R0004972
John,Khan,,9283095201,217 High Street,Newcastle,TS6 2XX,88265537879,orthopedics,R0000797
Grace,Taylor,,3099039365,175 Park Avenue,Newcastle,TS12 7XX,42076827015,cardiovascular medicine,R0002871
Amara,Williams,,7927277472,210 High Street,Middlesbrough,TS13 8XX,14727385514,gp,R0000009
Omar,Jones,,6901590047,288 Park Avenue,Middlesbrough,TS13 4XX,40404709574,cardiovascular medicine,R0006593
Priya,Patel,,6568955990,238 Church Lane,Newcastle,TS2 8XX,71643678418,family medicine,R0001944
M.,Evans,,8674529297,142 Victoria Rd,Durham,TS11 3XX,1918 619 1151,cardiology,R0001838
A.,Ahmed,,3751460051,286 Park Ave,Newcastle,TS6 6XX,6551 922 1208,gp,R0004804
Mohammed,Thomas,,6834195542,104 Victoria Road,York,TS20 1XX,28018325100,general practice,R0000255
Fatima,Davies,,1448663701,197 Church Lane,York,TS9 2XX,50245080498,cardiovascular medicine,R0005713
David,Wilson,,1476177486,10 Victoria Road,Durham,TS29 7XX,31659902563,pediatrics,R0004485
John,Smith,,5929489879,174 High Street,Leeds,TS29 4XX,73209042562,pediatrics,R0006762
John,Williams,,1567173202,90 Church Lane,Middlesbrough,TS10 5XX,08376721125,paediatrics,R0001581
Chne,Williams,,3061604453,210 High St,Durham,TS27 3XX,41137670023,gp,R0002956
David,Wilosn, MD,9197647239,258 Station Road,Durham,TS27 5XX,2885 144 1416,cardiovascular medicine,R0000924
Wei,Patel,,,129 Park Ave,Middlesbrough,TS1 7XX,84388316831,gp,R0006648
John,Ali,,1605163188,259 High Street,Leeds,TS2 6XX,82474777743,orthopaedics,R0002508
Elena,Taylor,,8796703595,220 Park Ave,Middlesbrough,TS23 8XX,(3728) 6558216,cardiovascular medicine,R0006132
Elena,Patel,,5072323481,118 High Street,Leeds,TS22 7XX,86264659798,pediatrics,R0005024
Elena,Smith,,8605271561,15 High Street,Newcastle,TS4 8XX,27694844880,paediatrics,R0005320
W.,Sharma,,6118952919,41 high st,York,TS11 7XX,97120120282,family medicine,R0006042
Fatima,Patel,,5277931220,104 Church Lane,Durham,TS11 3XX,51726675100,pediatrics,R0003775
M.,Nguyen,,,136 Park Ave,Newcastle,TS10 2XX,(0267) 8607416,cardiovascular medicine,R0004835
David,Thmoas, MD,3031747759,264 Church Ln,Durham,TS19 6XX,44890995545,orthopaedics,R0004136
Chen,Roberts,,7202597467,17 Park Avenue,Middlesbrough,TS16 8XX,63570150475,paediatrics,R0004964
Mohammed,Taylor,,6060391042,62 Station Road,York,TS5 1XX,98489312986,paediatrics,R0002779
Priya,Patel, Dr,7531765111,102 High Street,Newcastle,TS11 6XX,99344075357,cardiology,R0000539
John,Wilson,,5807468327,79 Park Avenue,Middlesbrough,TS8 7XX,59722975643,gp,R0002745
Rajesh,Wilson,,3020643657,17 Church Lane,Durham,TS23 3XX,96910449360,ortho surgery,R0006746
Priya,Roberts,,0992824824,172 Station Road,Leeds,TS13 1XX,51234009950,cardiovascular medicine,R0006853
S.,Thomas,,6122630323,8 Victoria Rd,Durham,TS8 6XX,8902 604 5016,pediatrics,R0005467
Elena,Roberts,,9612154821,267 Park Avenue,Middlesbrough,TS27 1XX,49584775190,orthopaedics,R0001145
Sarah,Wilson,,5911574146,43 Church Lane,Middlesbrough,TS2 8XX,30422666847,cardiology,R0005127
Omar,Ali,,1517118187,236 Church Lane,Middlesbrough,TS9 2XX,(3213) 0982180,ortho surgery,R0004468
Rajesh,Williams,,2842655271,125 Victoria Road,York,TS12 4XX,46415218351,family medicine,R0000667
Rajesh,Evans,,2161355744,127 High Street,Durham,TS7 7XX,69833987960,orthopaedics,R0003019
Rajesh,Ahmed,,1006487113,144 Victoria Road,Middlesbrough,TS6 1XX,49641352792,pediatrics,R0000357
W.,Khan,,6052008965,3 Station Rd,Newcastle,TS15 6XX,74348763350,cardiovascular medicine,R0005063
Aisha,Ali,,9092263941,13 Station Road,Durham,TS17 3XX,(2620) 5837496,paediatrics,R0002831
Priya,Sharma,,7551754616,145 Station Road,Middlesbrough,TS7 3XX,42721240013,gp,R0002783
Amara,Nugyen,,7673487507,297 High St,Leeds,TS10 6XX,09698822216,cardiology,R0001353
Sarah,Thomas,,5437360612,253 Park Avenue,Durham,TS4 1XX,11235704069,cardiovascular medicine,R0005131
David,Davies,,6982665713,170 Victoria Road,Newcastle,TS2 4XX,21056537693,cardiology,R0000470
Aisah,Sharma, MD,0779566750,7 high street,Newcastle,TS2 1XX,(8941) 5035816,cardiology,R0002703
David,Patel,,3650303979,151 High Street,Durham,TS9 4XX,98694091298,pediatrics,R0003330
J.,Khan,,7806800222,252 park ave,Leeds,TS16 3XX,3932 298 5555,cardiology,R0003637
Fatima,Evans,,2655033888,31 Church Ln,Leeds,TS15 7XX,6646 864 8978,orthopedics,R0001396
Priya,Williams,,9248832537,249 Park Avenue,York,TS12 1XX,69867827172,cardiovascular medicine,R0003584
Rajesh,Taylor,,7032064229,280 Church Lane,Middlesbrough,TS8 3XX,83470919649,orthopaedics,R0006733
Lucy,Roberts,,7136819110,208 Park Avenue,Durham,TS26 6XX,02387988467,paediatrics,R0005262
John,Davies,,6408367988,149 Station Road,Durham,TS13 4XX,79513299516,cardiovascular medicine,R0005645
John,Williams,,3495805035,262 Victoria Road,Leeds,TS8 7XX,57906094416,cardiovascular medicine,R0003376
James,Taylor,,8941769509,128 Park Avenue,Newcastle,TS4 4XX,42810291513,family medicine,R0001256
Amara,Nguyen,,,214 victoria rd,York,TS29 4XX,(4961) 1565010,orthopedics,R0006190
Wei,Jones,,6748335369,153 Station Road,York,TS10 5XX,64096770807,paediatrics,R0003512
Mohammed,Brown, Jr,9911973507,14 Victoria Road,Leeds,TS3 8XX,4306 969 6758,cardiovascular medicine,R0005651
Wei,Brown,,3206273280,74 High St,Durham,TS2 8XX,43363005159,pediatrics,R0005778
Mohammed,Jones,,9608164076,262 Victoria Road,Durham,TS22 8XX,95036113939,gp,R0001250
Lucy,Thomas,,,244 Victoria Road,Middlesbrough,TS21 5XX,43226124641,orthopedics,R0005795
John,Khan,,9630064631,44 Victoria Road,York,TS27 2XX,62270549099,cardiology,R0005348
Omar,Roberts,,0915530712,285 Church Lane,York,TS27 1XX,97333229512,orthopaedics,R0007387
Elena,Nguyen,,9810578723,145 Victoria Road,Durham,TS29 2XX,26490695104,ortho surgery,R0004298
A.,Roberts,,2638247610,77 Victoria Road,Durham,TS5 6XX,(2466) 3858532,paediatrics,R0003284
Wei,Roberts,,5760770273,233 High Street,Newcastle,TS16 4XX,53159961230,pediatrics,R0002933
O.,Khan,,9453342964,242 High St,Middlesbrough,TS13 3XX,(1709) 4336929,orthopaedics,R0004175
James,Nguyen,,8153686239,19 High Street,Durham,TS15 4XX,01461584740,orthopaedics,R0005268
Lucy,Ahmed,,2072149354,204 Park Avenue,Newcastle,TS15 4XX,47723757088,ortho surgery,R0004910
Aisha,Jones,,5476015588,244 High Street,York,TS12 4XX,08199814068,orthopaedics,R0001852
Omar,Sharma,,0123496686,187 High Street,Durham,TS18 7XX,65042067028,orthopedics,R0006316
Lucy,Thomas,,4714034636,185 High Street,Leeds,TS3 3XX,21406086355,ortho surgery,R0007018
Omar,Thomas,,0484349565,181 High Street,Middlesbrough,TS29 5XX,17279683858,paediatrics,R0007298
Lucy,Nguyen,,0386364854,241 Park Avenue,Middlesbrough,TS23 2XX,00010391688,orthopaedics,R0002105
Fatima,Williams,,6989042973,71 Church Lane,Durham,TS15 4XX,0438 870 8349,family medicine,R0000133
Grace,Patel,,6991938544,98 High Street,Durham,TS12 3XX,53078880615,ortho surgery,R0005236
Amara,Taylor,,,12 Station Road,Durham,TS24 7XX,(4475) 0775554,pediatrics,R0005029
G.,Thomas,,,224 high st,Durham,TS3 3XX,6037 030 6025,gp,R0000928
Asiha,Jones,,7083315391,161 church lane,Newcastle,TS24 7XX,5828 532 5072,ortho surgery,R0000823
Sraah,Davies,,3713975607,141 high street,Durham,TS8 7XX,6516 614 5295,orthopaedics,R0006818
Grace,Wilson,,8768075725,123 Station Road,Middlesbrough,TS17 1XX,05870144021,paediatrics,R0001531
James,Ali,,0882357127,267 Victoria Road,Middlesbrough,TS26 7XX,82611047112,general practice,R0001214
S.,Brown, Jr,5174820393,71 Park Avenue,Newcastle,TS9 6XX,2326 822 8457,family medicine,R0000504
Sarah,Khan,,3990031810,215 station rd,York,TS5 3XX,(5982) 2026530,family medicine,R0004285
Mohamemd,Ali,,3158538541,225 Park Avenue,Middlesbrough,TS22 7XX,(5592) 0928138,cardiology,R0006491
P.,Williams, MD,2686477057,224 Park Avenue,Leeds,TS5 3XX,3968 071 5386,pediatrics,R0001996
Omar,Davies,,1357507800,32 High Street,Newcastle,TS28 4XX,49208985908,cardiovascular medicine,R0006530
John,Patel, Jr,,164 Park Avenue,Durham,TS17 7XX,5149 839 0576,cardiovascular medicine,R0003072
Lucy,Khna,,4473758177,57 Victoria Road,York,TS10 5XX,91627481193,pediatrics,R0001958
Chen,Smith, Jr,0967234249,166 park ave,Newcastle,TS15 7XX,46789177704,cardiology,R0001384
Sarah,Evnas, Dr,,103 High Street,Leeds,TS8 7XX,1173 289 5885,cardiovascular medicine,R0000894
Mohammed,Taylor,,2954210369,180 Park Avenue,Middlesbrough,TS3 5XX,5051 690 2775,ortho surgery,R0004924
A.,Ali,,9696091327,227 Station Road,Leeds,TS9 7XX,(3710) 3621744,paediatrics,R0000455
James,Khan,,0223519073,159 Station Road,Leeds,TS23 6XX,70861575650,paediatrics,R0006619
Sarah,Patel,,2166753201,27 Church Lane,Newcastle,TS11 5XX,28029472814,family medicine,R0005779
Elena,Khan,,2400781037,181 Park Avenue,York,TS8 4XX,39997376728,gp,R0007480
Rajesh,Davies,,2475043113,5 Victoria Road,Newcastle,TS5 5XX,74071120958,pediatrics,R0003709
Daivd,Brown, MD,,80 Victoria Road,Leeds,TS10 8XX,47857021980,pediatrics,R0006923
Amara,Ali,,9219551681,112 Station Rd,York,TS14 2XX,62251849303,orthopedics,R0004849
G.,Taylor,,3472076163,212 Victoria Road,Durham,TS14 8XX,72668092501,gp,R0004748
Sarah,Williams, MD,1520732186,152 Station Rd,Newcastle,TS29 5XX,0816 086 8388,pediatrics,R0004268
Priya,Patel,,6916015654,207 Station Road,Durham,TS10 6XX,35938055925,paediatrics,R0003522
W.,Ahmed, Jr,4823362462,294 Station Road,Middlesbrough,TS5 8XX,81518773385,gp,R0004134
Amara,Nguyen,,4058231712,156 High Street,Leeds,TS26 4XX,17310315462,cardiology,R0003602
Priya,Ali,,9934393591,276 High Street,Leeds,TS27 2XX,56533209885,cardiology,R0007330
Fatima,Brown,,3961113027,6 Victoria Road,Durham,TS15 6XX,90973441220,paediatrics,R0000713
J.,Davies,,0680777973,65 High Street,Newcastle,TS22 4XX,55022644581,cardiovascular medicine,R0004186
Aisah,Nguyen, Jr,,226 Victoria Road,Newcastle,TS15 1XX,78458185616,orthopaedics,R0002214
John,Ali,,0202115150,231 Park Avenue,Durham,TS24 3XX,34885925106,family medicine,R0005301
David,Wilson,,2426909605,201 High Street,Newcastle,TS9 1XX,8568 575 0992,cardiovascular medicine,R0002923
James,Ali,,6484942126,87 High Street,York,TS4 8XX,17340899959,paediatrics,R0006798
Grace,Evans,,0955825042,190 High Street,Durham,TS4 8XX,20436655761,cardiology,R0001810
Rajesh,Ahmed, Dr,9810907783,84 station rd,Leeds,TS5 2XX,2945 619 4522,ortho surgery,R0003486
Rajesh,Thomas,,2419718969,187 high street,Leeds,TS19 5XX,79281448481,cardiology,R0003141
Jaems,Taylor,,,129 Park Ave,Middlesbrough,TS21 1XX,7823 455 1356,gp,R0001827
Sarah,Jones,,5409215904,299 Victoria Road,Newcastle,TS5 5XX,86674066893,cardiovascular medicine,R0001155
David,Sharma, Jr,5391384763,154 Park Avenue,Leeds,TS22 2XX,61860119522,family medicine,R0001324
Omar,Smith,,8383118066,126 Station Road,Durham,TS11 7XX,37448040017,gp,R0004312
Grace,Sharma,,7720548328,48 Park Avenue,Durham,TS28 7XX,87406796551,orthopedics,R0000510
Omar,Smith,,7934146270,75 Station Rd,York,TS22 5XX,44990837956,pediatrics,R0001680
David,Evans,,8216531887,72 Church Lane,Leeds,TS12 1XX,24409254487,ortho surgery,R0000499
David,Wilson,,9637718485,66 High Street,Leeds,TS2 2XX,00326581289,cardiovascular medicine,R0006804
J.,Evans, Jr,9933773008,52 Station Rd,Durham,TS24 8XX,46198337470,cardiovascular medicine,R0001856
Grace,Sharma,,4171816392,174 Victoria Road,Newcastle,TS14 4XX,34413890726,family medicine,R0001388
Sarah,Taylor,,0597627999,154 Station Road,Leeds,TS2 8XX,45460341561,gp,R0005615
Aisha,Taylor,,8445589751,256 Station Road,Middlesbrough,TS2 6XX,20201467370,general practice,R0003719
A.,Davies, Dr,2932894668,66 church ln,Middlesbrough,TS26 7XX,1600 678 3953,cardiovascular medicine,R0002386
Aisha,Ahmed,,9800151128,153 Station Road,Durham,TS11 3XX,15588153643,pediatrics,R0005541
Wei,Jones,,8198966875,101 Church Lane,Newcastle,TS10 5XX,06102685621,general practice,R0003236
Lucy,Thomas,,0181007750,19 Church Lane,York,TS8 2XX,06612298009,cardiology,R0006172
Elena,Jones,,6077256879,3 High Street,Durham,TS23 2XX,20981248888,cardiovascular medicine,R0001540
S.,Ali, Dr,2452414043,92 station road,Middlesbrough,TS29 1XX,11934700169,general practice,R0001217
James,Brown,,3167861080,172 station rd,Leeds,TS6 6XX,7844 208 8914,general practice,R0002681
Wei,Ali,,2746790313,34 Station Road,Newcastle,TS21 1XX,(4778) 2892668,cardiovascular medicine,R0002993
Aisha,Patel,,3081830472,178 Church Lane,Leeds,TS19 2XX,49121400276,cardiovascular medicine,R0005512
Amraa,Ali, Dr,,219 victoria road,Newcastle,TS20 8XX,(5426) 9900012,cardiovascular medicine,R0006313
Elena,Thomas,,0417571403,146 Victoria Road,Durham,TS3 3XX,81734862024,general practice,R0001191
Amara,Taylor,,6333294371,176 Victoria Road,Middlesbrough,TS1 3XX,04912144193,general practice,R0005772
James,Wilson,,1755791610,85 High Street,Leeds,TS15 2XX,29104656147,cardiology,R0005293
Mohammed,Thomas,,5098047710,191 Victoria Road,Newcastle,TS22 6XX,64630323414,orthopaedics,R0001542
James,Jones,,5303677263,187 Park Avenue,Middlesbrough,TS12 3XX,62256489655,cardiology,R0003301
Priay,Thomas,,2859438370,261 Park Ave,Newcastle,TS9 8XX,0133 681 7859,paediatrics,R0003324
Rajesh,Wilson,,7324643050,190 Church Lane,Durham,TS14 5XX,22881237070,cardiovascular medicine,R0002539
Rajesh,Evans,,0847255146,224 Victoria Road,Newcastle,TS12 6XX,18894377256,family medicine,R0000953
James,Wilson,,5659122612,291 Station Road,Leeds,TS21 2XX,91605042127,pediatrics,R0006731
Wei,Thomas,,9185811054,152 Victoria Road,York,TS27 3XX,08085522274,general practice,R0004846
Lucy,Nguyen,,4282273629,26 Station Road,Newcastle,TS22 4XX,69699899056,pediatrics,R0004330
Wei,Brwon,,,79 High Street,York,TS13 5XX,(0647) 9271947,cardiology,R0000732
Mohammed,Ahmed,,8118545290,200 High St,Durham,TS26 4XX,3974 883 9608,cardiovascular medicine,R0007493
Sarah,Jones, Jr,,299 Victoria Road,Newcastle,TS5 5XX,8667 406 6893,cardiovascular medicine,R0001156
Amara,Williams, MD,4288766264,202 Victoria Road,Middlesbrough,TS3 1XX,(2835) 3116644,paediatrics,R0006948
John,Smith,,7949675695,184 Church Lane,Middlesbrough,TS15 7XX,67185408635,paediatrics,R0003294
Chen,Ali,,,214 Park Avenue,Middlesbrough,TS17 2XX,36845880064,ortho surgery,R0006541
Chen,Davies,,8857665237,71 Park Avenue,York,TS4 2XX,81202828872,ortho surgery,R0002982
Chen,Smith, Jr,5191153827,219 station rd,York,TS29 5XX,(1994) 3750302,orthopaedics,R0005305
D.,Wilson,,7165123537,109 station road,York,TS6 2XX,5236 676 9945,cardiovascular medicine,R0005161
Fatima,Davies,,0333319054,184 Park Avenue,Newcastle,TS19 7XX,29061286682,orthopaedics,R0002156
O.,Wilson,,,22 high st,Durham,TS15 6XX,2844 423 1443,cardiovascular medicine,R0001062
John,Brown,,3770371546,112 Park Ave,York,TS12 7XX,3443 668 4739,general practice,R0002616
John,Ali,,7551348861,163 Park Avenue,York,TS19 4XX,72129023838,cardiovascular medicine,R0001167
Priya,Evans,,0623101423,97 High Street,Middlesbrough,TS22 7XX,79717276896,paediatrics,R0003222
James,Khan,,7806800222,252 Park Avenue,Leeds,TS16 3XX,39322985555,cardiovascular medicine,R0003636
Chen,Brown,,8941197182,6 High Street,Durham,TS16 1XX,57393366931,paediatrics,R0005588
Amara,Davies,,1345448885,168 Church Lane,York,TS26 6XX,88953923975,orthopaedics,R0002938
Chen,Williams,,2725103154,147 Church Lane,Newcastle,TS25 4XX,12789908712,cardiovascular medicine,R0004491
Rajesh,Thomas,,2419718969,187 High Street,Leeds,TS19 5XX,79281448481,cardiovascular medicine,R0003140
G.,Davies,,6923818268,189 victoria road,Durham,TS7 3XX,(7625) 9055821,pediatrics,R0004980
Mohammed,Sharma,,2626579091,217 Church Lane,Leeds,TS19 6XX,84932356823,cardiovascular medicine,R0000143
Jaems,Thomas,,7528926708,207 Church Ln,Leeds,TS13 1XX,4125 307 0302,orthopaedics,R0007433
Sarah,Patel,,2415579198,248 High Street,Durham,TS8 1XX,60160703215,cardiology,R0003577
David,Roberts,,1785209001,220 High Street,Leeds,TS7 4XX,83118090009,general practice,R0004946
Mohammed,Thmoas,,,221 Park Ave,Newcastle,TS2 8XX,(4621) 9623736,cardiology,R0002782
Omar,Sharma,,0489182419,43 Park Avenue,Durham,TS22 7XX,12044060778,pediatrics,R0000717
Aisha,Taylor, Jr,7026402768,166 Station Road,Newcastle,TS27 3XX,2934 928 1234,cardiovascular medicine,R0001819
A.,Davies, Jr,8737356500,115 High St,Middlesbrough,TS22 2XX,23180120213,paediatrics,R0002502
Fatima,Davies,,6543178932,69 Park Avenue,Durham,TS11 3XX,44675613271,ortho surgery,R0004360
Priya,Evans,,6776821311,294 High St,York,TS24 1XX,(6941) 6214037,paediatrics,R0004171
Rajesh,Williams, MD,9408834708,60 High St,Middlesbrough,TS10 6XX,7137 334 6898,pediatrics,R0006588
John,Williams,,7619064676,156 Park Avenue,Newcastle,TS21 7XX,42265029771,cardiology,R0000395
Lucy,Khan,,8554914066,36 Victoria Road,Durham,TS16 6XX,49038617467,gp,R0005731
Sarah,Simth, MD,0082789941,80 victoria road,Durham,TS14 8XX,43394473186,orthopedics,R0006320
John,Khan,,,50 Park Ave,Leeds,TS7 3XX,(9686) 0789534,orthopaedics,R0007251
Mohammed,Thomas,,1924009788,192 Park Avenue,Durham,TS10 6XX,92957365308,gp,R0004492
J.,Evans, MD,9676352256,50 Victoria Road,Middlesbrough,TS8 1XX,92601859188,general practice,R0001365
Mohammed,Sharma,,,100 Victoria Rd,Middlesbrough,TS18 6XX,3880 561 8659,cardiology,R0006838
Priya,Williams, Jr,,75 Church Lane,Leeds,TS16 4XX,56433808065,orthopaedics,R0005999
Mohammed,Thomas,,0108679375,299 Church Lane,Durham,TS14 1XX,05575134956,gp,R0000595
Rajesh,Smith,,5044006351,108 Station Road,Leeds,TS20 4XX,98918075847,cardiology,R0006205
Elena,Ahmed,,4716753913,186 Church Lane,Leeds,TS19 7XX,53658602338,cardiology,R0003952
C.,Nguyen, Dr,8174951065,229 Station Road,Leeds,TS23 1XX,1154 714 3791,cardiovascular medicine,R0005392
G.,Davies, Jr,6982661227,247 Church Ln,York,TS17 2XX,43808979417,paediatrics,R0005917
David,Joens,,,270 Park Avenue,Middlesbrough,TS13 2XX,8566 668 6134,general practice,R0004968
Aisha,Brown,,9987462277,64 Station Road,Newcastle,TS20 8XX,45612965005,pediatrics,R0002914
M.,Jones,,4080195881,6 Park Avenue,Middlesbrough,TS12 8XX,08821755873,orthopedics,R0007392
Amara,Khan, Jr,,196 Church Ln,Newcastle,TS23 1XX,12598408506,cardiovascular medicine,R0002326
F.,Smith,,7675273295,224 Victoria Rd,Leeds,TS27 8XX,63555377061,general practice,R0005644
Priya,Ahmed,,9373968640,87 Station Road,Leeds,TS25 5XX,59863159491,orthopedics,R0003766
Priya,Ahmed,,1948741432,244 Station Road,Leeds,TS25 8XX,12046253027,gp,R0003440
Aisha,Williams,,3032670164,253 Victoria Road,Durham,TS22 8XX,46102226371,cardiology,R0003851
O.,Nguyen,,0988920658,80 Church Ln,Middlesbrough,TS16 4XX,(8787) 1812108,paediatrics,R0004132
Chen,Smith, MD,9842099982,61 Park Ave,Newcastle,TS23 3XX,5369 053 6442,paediatrics,R0006806
David,Evans,,2539208512,79 High Street,York,TS5 2XX,13467875732,pediatrics,R0006880
Omar,Ahmed, Jr,,70 Victoria Rd,York,TS26 6XX,4466 702 4501,family medicine,R0002143
David,Brown,,5822104161,80 Victoria Road,Leeds,TS10 8XX,47857021980,paediatrics,R0006920
Sarah,Wilson,,3649734513,211 Station Road,Middlesbrough,TS8 7XX,85666258051,orthopedics,R0005073
John,Taylor, MD,6430287409,19 Park Avenue,Middlesbrough,TS7 2XX,99416212207,cardiovascular medicine,R0001571
John,Ali, MD,0403752014,220 Victoria Road,Leeds,TS6 3XX,6280 324 3532,orthopedics,R0004079
Priya,Brown,,9253743554,138 Station Road,Middlesbrough,TS21 3XX,63874370003,pediatrics,R0001122
Elena,Ali,,0716023036,217 High Street,Durham,TS14 7XX,64815244536,orthopedics,R0002786
Rajesh,Nguyen,,1419676998,131 Station Road,Newcastle,TS8 3XX,08937854604,cardiovascular medicine,R0006335
Sarah,Thomas,,3566187765,282 Station Road,York,TS9 8XX,00775508820,paediatrics,R0002967
Fatima,Thomsa, Jr,5826873443,100 High Street,Middlesbrough,TS19 2XX,77439026847,gp,R0002504
Chen,Davies,,0717904686,41 Station Road,Middlesbrough,TS16 4XX,95951061461,cardiology,R0005988
D.,Evans,,8719012785,272 Station Rd,York,TS20 2XX,22475020352,orthopedics,R0003465
Mohammed,Patel, MD,3799509129,204 Church Ln,Middlesbrough,TS15 1XX,(3928) 5675094,orthopaedics,R0000675
Sarah,Evans,,0748859974,230 Victoria Road,Newcastle,TS12 3XX,39105935189,family medicine,R0002808
David,Khan, MD,,272 park ave,York,TS21 3XX,(0705) 0511994,orthopaedics,R0003348
J.,Ali,,0374740441,115 High Street,Middlesbrough,TS5 5XX,96886629789,paediatrics,R0000728
Amara,Patel,,3580414474,37 Victoria Road,Middlesbrough,TS2 1XX,31029809243,cardiology,R0000412
Elena,Ali, Jr,0206004792,2 church ln,Newcastle,TS22 8XX,0063 774 9830,orthopaedics,R0003146
Lucy,Borwn, Jr,5022385947,72 High St,Newcastle,TS18 1XX,(6408) 5650373,gp,R0001516
David,Roberts,,8324266685,38 Park Avenue,York,TS7 4XX,60412736534,gp,R0005745
John,Nguyen,,0327474970,181 Victoria Road,Newcastle,TS2 4XX,98450563384,orthopaedics,R0000825
A.,Sharma, MD,,2 Church Ln,Durham,TS5 6XX,0041 742 2457,ortho surgery,R0003267
Priya,Roberts,,6177153280,159 Church Lane,Leeds,TS10 4XX,(5357) 1453586,family medicine,R0003974
Jaems,Ahmed,,2877444158,14 Station Road,Middlesbrough,TS17 4XX,78939132963,pediatrics,R0000616
R.,Ahmed, Dr,0594290454,149 Victoria Road,York,TS29 1XX,(7522) 7660590,ortho surgery,R0000114
Wei,Brown,,9171176583,295 Church Lane,Durham,TS22 3XX,64583697952,paediatrics,R0000417
Grace,Simth, Dr,2310235883,233 station road,Leeds,TS18 1XX,19551699125,orthopedics,R0003069
Rajesh,Wilson,,8527528826,279 Victoria Road,Durham,TS6 7XX,06507288560,cardiovascular medicine,R0001625
Chen,Jones,,5433674022,86 Station Road,Durham,TS19 8XX,62997175740,cardiovascular medicine,R0006748
Priya,Williams,,0390480821,55 Station Road,Leeds,TS11 6XX,60791585850,paediatrics,R0007429
J.,Davies, MD,0680777973,65 High St,Newcastle,TS22 4XX,55022644581,cardiovascular medicine,R0004185
Fatima,Wilson,,8336053957,98 Victoria Road,Middlesbrough,TS19 6XX,41409011216,pediatrics,R0002896
W.,Williams, Dr,,291 Park Ave,Newcastle,TS10 7XX,(0178) 6006008,pediatrics,R0007004
Mohammed,Evans,,3055204782,133 Church Lane,Newcastle,TS10 4XX,64834573232,pediatrics,R0002082
Sarah,Smith,,1753938301,178 Station Road,Middlesbrough,TS5 4XX,92292869552,cardiovascular medicine,R0000753
David,Evans, MD,,185 Church Ln,Newcastle,TS15 1XX,0523 339 0127,family medicine,R0002546
Omar,Ali, Dr,,19 Station Rd,York,TS4 4XX,96383020430,pediatrics,R0003969
Rajesh,Patel,,0453215494,26 Church Lane,Newcastle,TS28 4XX,23241409089,paediatrics,R0003373
Wei,Khan,,0174462137,39 High Street,Newcastle,TS1 1XX,31435620037,paediatrics,R0005726
Mohammed,Williams,,7298652646,234 High Street,Leeds,TS4 4XX,71882177615,pediatrics,R0004107
Elena,Ahmed,,3671552728,103 Church Lane,Leeds,TS20 5XX,56286298175,paediatrics,R0002444
Wei,Simth,,4260028525,174 Park Ave,York,TS6 3XX,(8738) 1100303,cardiology,R0004380
John,Williams,,4629894397,99 Park Avenue,Middlesbrough,TS26 5XX,78100690143,cardiology,R0001066
James,Ali,,1338699715,251 church ln,Leeds,TS9 1XX,2026 272 0719,cardiology,R0003913
O.,Davies,,8823658946,92 Victoria Rd,York,TS7 7XX,1612 926 4163,general practice,R0005287
Fatima,Smith,,5242507210,123 Victoria Road,Durham,TS14 3XX,64979850925,paediatrics,R0005536
John,Thomas,,6381607961,231 High Street,Durham,TS14 1XX,67639390091,cardiology,R0005387
Lucy,Khan, MD,8554917066,36 Victoria Rd,Durham,TS16 6XX,49038617467,general practice,R0005732
Fatima,Evans,,9922718138,269 High Street,Middlesbrough,TS23 7XX,74763714814,orthopaedics,R0003498
Daivd,Jones, Jr,,156 station road,Middlesbrough,TS28 4XX,(0403) 9743567,orthopedics,R0002738
S.,Smith, Jr,,205 High Street,York,TS16 8XX,1920 822 0516,cardiology,R0005052
Amraa,Wilson,,4605859434,44 Station Road,Leeds,TS14 3XX,02098283359,paediatrics,R0004000
Sarah,Williams,,1626849193,79 Station Road,Newcastle,TS14 6XX,84343429576,orthopaedics,R0001568
John,Taylor,,7243527888,238 Park Avenue,Durham,TS21 8XX,01468018306,gp,R0002427
Raejsh,Nguyen,,,235 Park Avenue,York,TS7 7XX,06278636203,orthopedics,R0003746
John,Smith,,7624129004,92 Church Lane,Durham,TS3 5XX,45199532713,pediatrics,R0006833
W.,Roberts, Dr,,51 High St,Durham,TS19 3XX,9070 829 8003,gp,R0006952
Aisha,Thomas,,3696911037,74 Victoria Road,York,TS13 8XX,55026647608,paediatrics,R0001687
Wei,Wilson,,3828617741,157 Church Lane,Durham,TS4 3XX,75927429652,paediatrics,R0000851
Sarah,Brown,,4941400626,140 High Street,Leeds,TS17 5XX,55334471573,family medicine,R0003546
Amara,Ahmed,,8633149100,98 Church Lane,Newcastle,TS19 5XX,64948944627,cardiology,R0006303
Sarah,Roberts,,5033293552,186 Church Lane,Leeds,TS1 4XX,51763536160,general practice,R0000895
Omar,Brown,,5831637471,241 Church Lane,York,TS17 7XX,49381499136,pediatrics,R0004592
Lucy,Davies,,7439633640,105 High Street,York,TS6 7XX,38786565931,ortho surgery,R0006401
Rajesh,Wilsno,,,219 Victoria Road,Leeds,TS22 6XX,32305413106,orthopaedics,R0005878
Wei,Taylor,,5086080545,46 Victoria Road,Newcastle,TS9 5XX,97842589675,cardiology,R0000335
Fatima,Brown, Jr,4249459870,205 Victoria Road,Middlesbrough,TS2 3XX,4159 698 8160,general practice,R0002839
Chen,Brown,,8342015089,203 Station Road,Leeds,TS6 4XX,93734494689,cardiovascular medicine,R0003087
John,Taylor,,1546883754,67 station road,York,TS10 8XX,4403 967 6493,orthopedics,R0004611
Aisha,Nguyen, MD,,132 High Street,Durham,TS27 7XX,9402 815 0311,cardiovascular medicine,R0001348
Omar,Ali,,1091481634,208 Victoria Rd,Durham,TS29 3XX,(7413) 2911555,orthopaedics,R0001015
Omar,Joens,,,46 Victoria Rd,York,TS14 6XX,1817 514 2953,cardiovascular medicine,R0002816
Chen,Wilson,,4135330982,171 High Street,Newcastle,TS25 8XX,57725279002,orthopedics,R0001631
James,Patel,,9513482174,51 High Street,York,TS13 2XX,20805083903,pediatrics,R0002489
James,Brown,,4367533473,60 Park Avenue,Leeds,TS16 3XX,04747009536,cardiovascular medicine,R0003730
Priya,Brown,,9417432744,203 Park Avenue,Leeds,TS20 2XX,54531947948,family medicine,R0003251
Amara,Williams,,4288766264,202 Victoria Road,Middlesbrough,TS3 1XX,28353116644,paediatrics,R0006946
Rajesh,Wilson,,7779622712,219 Victoria Road,Leeds,TS22 6XX,32305413106,orthopaedics,R0005877
Omar,Thomas,,7665870951,118 Station Road,Newcastle,TS18 7XX,05270048930,orthopedics,R0006665
Sarah,Jonse,,3286139832,28 Park Ave,Durham,TS15 5XX,56630626777,ortho surgery,R0005881
Amara,Brown,,5818201092,208 Park Avenue,Middlesbrough,TS16 4XX,69672103502,family medicine,R0002070
Elena,Jones,,7298862679,193 High Street,Newcastle,TS24 7XX,21611995657,cardiovascular medicine,R0004452
Aamra,Sharma,,3791309473,226 church lane,Newcastle,TS3 1XX,8688 633 6076,orthopaedics,R0007321
Chen,Ali, Dr,8855851069,85 victoria road,Leeds,TS18 5XX,4661 122 6271,general practice,R0005408
Rajesh,Patel,,8446146659,237 Victoria Road,Middlesbrough,TS3 5XX,85259146306,ortho surgery,R0001635
James,Nguyen,,7801637041,257 Park Avenue,Durham,TS17 5XX,(0262) 9033192,family medicine,R0004646
Lucy,Evans,,3354771942,263 Church Lane,Durham,TS11 6XX,62527231333,general practice,R0006484
Fatima,Khan,,1952687468,147 Station Road,Durham,TS29 3XX,80320653828,family medicine,R0002479
James,Brown,,,175 Victoria Rd,Durham,TS7 8XX,4325 192 5018,orthopaedics,R0006617
Aisha,Davies,,5724073072,157 Station Road,Middlesbrough,TS18 3XX,53737404241,paediatrics,R0002265
David,Khan,,,106 High Street,Leeds,TS21 3XX,(2206) 3336875,orthopedics,R0002959
Grace,Ali,,4976389175,280 Station Road,Leeds,TS7 2XX,2720 183 9334,cardiovascular medicine,R0005323
Rajesh,Taylor,,4062763712,249 Park Avenue,Durham,TS26 1XX,72313251573,ortho surgery,R0007088
Elena,Roberts, Dr,,225 Victoria Road,Middlesbrough,TS26 8XX,96511888651,pediatrics,R0003059
James,Jones,,4659727788,212 Park Avenue,Durham,TS14 3XX,92876378585,cardiovascular medicine,R0005053
Pryia,Smith,,8108693945,19 High St,Middlesbrough,TS5 6XX,(5733) 4303975,ortho surgery,R0005869
Omra,Davies, MD,5348188020,282 Victoria Road,York,TS23 5XX,0668 958 1651,pediatrics,R0002141
Omar,Taylor,,5318556687,210 Victoria Road,Durham,TS28 1XX,71404348311,paediatrics,R0005104
Fatima,Smith,,4255530778,198 Park Avenue,Leeds,TS20 8XX,05695877057,cardiology,R0003118
Wei,Khan, Jr,3669338157,108 Church Ln,Newcastle,TS10 1XX,15553494781,cardiology,R0005188
Omar,Jones,,8552878525,23 Park Avenue,Middlesbrough,TS29 4XX,17603130082,gp,R0007080
Mohammed,Brown,,0212427426,155 Victoria Road,York,TS29 3XX,44975309175,cardiovascular medicine,R0004045
Fatima,Thomas,,4106561458,28 High Street,Durham,TS20 5XX,01666732965,paediatrics,R0003356
Grace,Thomas,,,90 High Street,Middlesbrough,TS27 4XX,7279 726 8822,pediatrics,R0002744
Wei,Taylor,,4345879520,122 station rd,Leeds,TS14 5XX,43860517250,pediatrics,R0005092
Priya,Sharma,,9900695564,23 Park Avenue,Middlesbrough,TS2 1XX,25250412607,general practice,R0003506
Omar,Smith,,7934146270,214 Park Avenue,York,TS7 3XX,26651284439,pediatrics,R0001679
Omar,Williams,,0027379935,169 Park Avenue,Middlesbrough,TS21 2XX,53334422496,cardiology,R0004249
Omar,Ahmed,,0936861297,281 Park Avenue,York,TS28 6XX,79986221832,ortho surgery,R0003147
Grace,Wilson,,6336131498,42 Park Avenue,Durham,TS11 6XX,85161310764,pediatrics,R0002294
R.,Thomas,,3253036726,175 Station Road,Middlesbrough,TS27 1XX,81453274701,cardiology,R0006933
D.,Davies, Jr,,272 Victoria Road,York,TS1 1XX,8771 132 3521,ortho surgery,R0000580
Aisha,Patel,,7558001490,64 Church Lane,York,TS6 3XX,21594668898,cardiovascular medicine,R0001470
David,Nguyen,,6348358188,204 Church Lane,Leeds,TS5 7XX,35050589857,cardiology,R0004799
David,Brown,,4467958608,220 Church Lane,York,TS25 7XX,95443237262,cardiovascular medicine,R0004070
Wei,Davies,,1536790278,291 Station Road,Middlesbrough,TS3 1XX,09909654249,ortho surgery,R0005308
Aisha,Brown,,,240 Station Road,Middlesbrough,TS28 6XX,(2740) 2774950,cardiovascular medicine,R0003343
Elena,Patel, Jr,9114428096,276 station rd,York,TS3 8XX,7909 856 3598,orthopedics,R0004992
Wei,Wilson,,4061229221,215 Victoria Rd,Newcastle,TS28 8XX,51457403596,cardiology,R0004583
Lcuy,Davies, Dr,,102 Park Avenue,York,TS8 3XX,6859 553 0236,pediatrics,R0003672
Elena,Ali, Dr,4010338819,160 Church Lane,Leeds,TS12 4XX,1800 210 3318,pediatrics,R0000559
G.,Patel,,6991938544,98 High Street,Durham,TS12 3XX,5307 888 0615,orthopaedics,R0005237
P.,Ali,,6297753912,72 Station Road,Durham,TS25 7XX,25599398279,gp,R0005215
Aisha,Taylor, Jr,0676507931,27 Station Road,Durham,TS19 8XX,4825 623 8566,gp,R0002849
Aisha,Evans,,8920640293,2 Station Road,Durham,TS20 3XX,85138006424,orthopedics,R0000512
Lucy,Evans,,5425084389,134 Victoria Road,Newcastle,TS14 7XX,76227006497,pediatrics,R0004729
Elena,Sharma,,2962675994,53 Church Lane,Leeds,TS23 8XX,62570565681,paediatrics,R0001081
Priya,Davies,,4384439326,27 Church Lane,Newcastle,TS15 5XX,80676240186,orthopedics,R0001664
David,Khan,,9322164286,71 Church Lane,York,TS20 2XX,82058733528,cardiology,R0001012
L.,Jones,,9627821270,220 station rd,Leeds,TS1 5XX,81898742954,general practice,R0001931
J.,Brown, Jr,4219756429,222 Victoria Rd,Leeds,TS24 4XX,(7141) 8326937,gp,R0001150
Fatima,Brown,,4249459870,205 Victoria Road,Middlesbrough,TS2 3XX,41596988160,gp,R0002838
Fatima,Roberts,,4987389786,11 Church Lane,York,TS27 1XX,6919 941 7130,ortho surgery,R0005949
John,Thomas,,3507445257,128 Station Road,Middlesbrough,TS12 2XX,36172872510,ortho surgery,R0000116
Omar,Evans,,0021537179,259 High Street,Durham,TS15 1XX,27831285407,cardiology,R0000740
Aisha,Jones, Jr,8417825064,88 Victoria Road,York,TS8 6XX,(3463) 2193827,family medicine,R0007204
Rajesh,Ali, Dr,1321984379,102 High St,Middlesbrough,TS21 6XX,(7530) 4105975,family medicine,R0006070
Sarah,Brown,,4967083026,92 High Street,Durham,TS5 7XX,18714003277,pediatrics,R0005177
Fatima,Taylor,,4439775759,20 High Street,Durham,TS14 3XX,69242852921,cardiology,R0003675
L.,Evans, MD,0771236420,3 Victoria Road,Leeds,TS23 3XX,98217254410,family medicine,R0005906
Priya,Thomas,,4696427570,61 High Street,Middlesbrough,TS20 5XX,33699460903,cardiovascular medicine,R0000830
Grace,Williams,,8392570934,132 Park Avenue,Durham,TS1 7XX,69464889573,cardiology,R0000119
Wei,Davies,,0124211882,10 Park Avenue,Durham,TS8 5XX,03573177112,orthopedics,R0004752
James,Ahmed,,2260479910,171 Victoria Road,Newcastle,TS14 4XX,94122633111,cardiology,R0007160
Eelna,Nguyen, Jr,7951426796,6 park ave,Leeds,TS6 3XX,59611883208,cardiovascular medicine,R0007103
James,Jones,,9043233818,278 Victoria Road,Leeds,TS26 7XX,09201953627,orthopaedics,R0007417
Lucy,Davies,,5588030362,43 High Street,York,TS16 6XX,02768885949,orthopaedics,R0000635
Elena,Brown,,3597928430,157 Victoria Road,Middlesbrough,TS15 8XX,61952285328,pediatrics,R0004465
Wei,Ali, Dr,,91 Church Ln,Leeds,TS28 2XX,32183747059,general practice,R0004364
James,Ali, MD,6484942126,87 high street,York,TS4 8XX,1734 089 9959,pediatrics,R0006799
A.,Davies,,4914169192,40 Victoria Rd,Middlesbrough,TS2 5XX,8084 790 1155,cardiology,R0006966
L.,Taylor, Dr,,107 Victoria Rd,Newcastle,TS19 2XX,42240209815,gp,R0004142
Omar,Roberts,,3644721481,124 Station Road,Durham,TS14 5XX,58844248564,paediatrics,R0000991
Aihsa,Taylor, Dr,5449296968,161 Church Ln,York,TS15 5XX,(9864) 4052879,family medicine,R0000876
Grace,Ali,,5858303386,205 Park Avenue,Middlesbrough,TS20 6XX,92607874404,gp,R0004869
Elnea,Evans,,8344707240,156 Victoria Rd,Middlesbrough,TS7 6XX,32503153610,pediatrics,R0005315
Cehn,Patel,,5115252427,61 Victoria Rd,Middlesbrough,TS13 8XX,99090248475,ortho surgery,R0005222
Chen,Patel,,8826177309,166 church ln,Newcastle,TS20 7XX,7134 405 1769,cardiovascular medicine,R0000004
Rajesh,Ali,,3980342802,253 Station Rd,York,TS21 1XX,64608527431,cardiology,R0003051
James,Kahn,,6482203095,208 Park Avenue,Durham,TS1 5XX,48142370073,orthopedics,R0005691
James,Sharma,,5890723897,11 High Street,Middlesbrough,TS29 2XX,25168348807,general practice,R0003124
Priya,Khan,,0248586034,37 Church Lane,Durham,TS18 7XX,03919331523,ortho surgery,R0006407
Fatima,Sharma,,6893929156,116 High Street,York,TS9 7XX,41000432345,cardiology,R0002660
Amara,Williams,,7178151660,247 Victoria Road,Leeds,TS14 3XX,97935529894,pediatrics,R0002491
James,Ali,,4459575406,141 Church Lane,Newcastle,TS5 7XX,61587260140,cardiovascular medicine,R0005173
John,Nguyen,,5737580928,200 Station Road,Durham,TS10 7XX,73199132217,pediatrics,R0003854
Grace,Ali,,5221577698,80 Station Rd,Newcastle,TS2 6XX,(5038) 7571164,family medicine,R0004933
James,Sharma,,9901980449,105 Park Avenue,Durham,TS1 6XX,84424319217,general practice,R0004777
John,Nguyen, Jr,,45 High St,Leeds,TS2 2XX,70360700180,paediatrics,R0001715
Rajesh,Patel, Dr,5265098957,49 victoria rd,Leeds,TS25 8XX,3946 007 2740,cardiovascular medicine,R0006448
G.,Evans, MD,,15 Park Ave,Newcastle,TS23 5XX,14237831860,pediatrics,R0006713
Sraah,Davies,,2984234533,76 Church Lane,Middlesbrough,TS2 4XX,7504 576 6049,orthopedics,R0006457
Fatima,Khan,,2884225382,58 Station Road,York,TS9 4XX,2841 184 3393,paediatrics,R0006293
A.,Jones,,5661714721,221 park avenue,Leeds,TS24 8XX,(3729) 2873866,orthopedics,R0001148
Chen,Roberts,,7621207246,96 Park Avenue,York,TS22 1XX,27769905930,orthopedics,R0003261
Amara,Jones, Dr,1571567170,64 Station Road,Leeds,TS25 2XX,7993 027 1637,family medicine,R0000574
Priya,Davies,,2091353126,280 High Street,Middlesbrough,TS9 8XX,16352940239,orthopedics,R0003769
Sarah,Davies,,,265 High St,Leeds,TS27 8XX,45060058945,cardiology,R0003736
F.,Smith,,8363948904,203 Park Avenue,Newcastle,TS21 6XX,31908038222,general practice,R0004146
Priya,Thomas, Jr,1678207491,196 Church Lane,Middlesbrough,TS15 1XX,76044644858,cardiovascular medicine,R0000853
Chen,Nguyen,,9219620780,38 Church Lane,York,TS14 3XX,33991752173,general practice,R0001982
Rajesh,Wilson, Jr,5437397965,155 Station Road,Durham,TS17 4XX,00279958089,pediatrics,R0002774
Omar,Williams,,4434397383,195 Station Rd,Durham,TS6 2XX,5283 154 1015,gp,R0005919
Rajesh,Nguyen,,4565048216,1 Park Avenue,Durham,TS21 3XX,58166291851,cardiology,R0004929
C.,Smith, Jr,9520819926,92 Church Lane,York,TS3 4XX,(4534) 1356163,cardiology,R0005211
Elena,Ali, Dr,2483033675,190 church ln,York,TS5 2XX,68509378911,cardiovascular medicine,R0001166
A.,Davies, MD,8953577413,111 Church Lane,Durham,TS18 8XX,63743076034,family medicine,R0006614
Garce,Jones, Jr,1533153140,283 High Street,Durham,TS15 1XX,10941350344,orthopedics,R0006002
John,Nguyen,,0656931041,243 High Street,Middlesbrough,TS9 1XX,46215073422,cardiology,R0000971
Grace,Thoams,,,34 High Street,York,TS11 6XX,73350112525,cardiovascular medicine,R0002701
M.,Thomas,,8645331432,106 Station Rd,Durham,TS23 7XX,8938 489 7336,family medicine,R0004495
Rajesh,Davies,,1032524641,295 Church Lane,Newcastle,TS23 2XX,88695910445,paediatrics,R0006655
John,Taylor,,0660982684,163 High Street,York,TS11 7XX,09333067218,paediatrics,R0003847
J.,Roberts,,5404619780,74 Victoria Road,Newcastle,TS11 5XX,58295031844,pediatrics,R0002368
Rajesh,Wilson,,1224324187,247 Victoria Road,Leeds,TS18 7XX,39115368373,pediatrics,R0004115
James,Roberts,,1708294547,27 Station Road,York,TS8 7XX,85674296054,cardiology,R0004780
Omar,Nguyen,,0988920658,80 Church Lane,Middlesbrough,TS16 4XX,87871812108,pediatrics,R0004131
John,Daives, Jr,9098288106,11 Station Road,Newcastle,TS20 8XX,(4909) 1719236,family medicine,R0002950
Priya,Nguyen, Jr,2795034035,183 Park Ave,Middlesbrough,TS18 6XX,04086569626,family medicine,R0005625
Aisha,Roberts,,7021930773,104 Victoria Road,Newcastle,TS17 1XX,80483395997,orthopedics,R0006971
Sarah,Nguyen, MD,9655323666,212 Victoria Road,Newcastle,TS18 2XX,(7376) 0000209,ortho surgery,R0000524
Elena,Thomas, Dr,5150621734,201 High St,Newcastle,TS3 6XX,(6178) 1173350,paediatrics,R0002455
Elena,Kahn,,2947281186,247 Victoria Road,York,TS22 5XX,0399 482 3700,orthopaedics,R0005016
John,Roberts,,3305489721,39 Church Lane,Durham,TS1 4XX,02302697394,orthopaedics,R0001841
Rajehs,Williams,,8802506093,258 Church Lane,Newcastle,TS17 5XX,9644 620 6653,cardiology,R0005986
Aisha,Jones,,1591443624,232 Victoria Road,Leeds,TS1 8XX,27750964877,orthopedics,R0000537
Lucy,Sharma,,7607111505,244 Park Avenue,York,TS8 3XX,73665307340,ortho surgery,R0002806
Chen,Patel,,6498633440,239 High St,Durham,TS2 4XX,(1430) 2040403,cardiovascular medicine,R0005801
C.,Thomas, MD,9472498524,6 Church Lane,Durham,TS27 1XX,53626083053,paediatrics,R0005596
Priya,Ali,,1914525584,105 Victoria Road,Durham,TS24 6XX,16736666663,paediatrics,R0004341
Amara,Brown,,4555965922,186 High Street,Leeds,TS3 2XX,66698314992,general practice,R0003175
Saarh,Evans,,,58 Church Ln,Middlesbrough,TS25 5XX,(9458) 2919652,pediatrics,R0000784
D.,Khan, Dr,2379833259,78 Station Rd,Durham,TS8 3XX,5786 686 1050,gp,R0004057
Fatima,Patel,,4425248722,194 High Street,Leeds,TS1 2XX,98574690317,paediatrics,R0001409
A.,Brown, Jr,7469868179,187 Victoria Rd,Leeds,TS13 6XX,(0628) 6306560,family medicine,R0002537
Elean,Ali,,1327459570,7 Station Road,Newcastle,TS25 6XX,(3187) 2564912,ortho surgery,R0000154
Rajesh,Williams,,4780772032,233 High Street,Leeds,TS6 8XX,05384538653,pediatrics,R0003009
Rajesh,Smith, Jr,6921285058,266 High St,York,TS7 1XX,4761 153 3475,ortho surgery,R0001686
S.,Evans, MD,,187 victoria road,Newcastle,TS17 8XX,3241 050 0421,cardiovascular medicine,R0002901
G.,Williams,,9156382221,55 Station Road,Leeds,TS11 6XX,60791585850,paediatrics,R0007428
Grace,Jones,,7954817739,118 Church Lane,Leeds,TS8 6XX,99917824065,general practice,R0004721
James,Bronw, Dr,9987656255,185 High St,Leeds,TS10 6XX,(3275) 6335398,family medicine,R0003863
Aisha,Khan, MD,8028353809,153 Station Rd,York,TS8 7XX,71265536916,gp,R0002733
L.,Khan,,,63 Station Road,Newcastle,TS26 3XX,(2041) 9882642,orthopedics,R0001895
Rajesh,Patel,,4973583643,290 High St,Newcastle,TS16 5XX,(0628) 6431709,cardiovascular medicine,R0005442
Wei,Smith,,3189995342,108 Victoria Road,York,TS12 6XX,33200492633,pediatrics,R0000569
David,Thomas,,1100410660,78 Church Lane,Leeds,TS28 6XX,9624 970 2745,pediatrics,R0006709
Priya,Taylor,,6225386787,240 Church Lane,Leeds,TS8 3XX,08972869735,paediatrics,R0005854
James,Nguyen,,5930616016,144 Park Avenue,Middlesbrough,TS6 7XX,02950837633,cardiovascular medicine,R0001816
Jaems,Williams, MD,7393609673,177 Station Rd,York,TS8 1XX,67655957403,cardiovascular medicine,R0002065
David,Thomas,,1239682802,192 Church Lane,Middlesbrough,TS25 7XX,53065761171,paediatrics,R0000127
Sarah,Williams,,7591945075,20 Park Avenue,Newcastle,TS7 8XX,43706925759,cardiovascular medicine,R0003394
P.,Roberts, Jr,,285 Victoria Road,Newcastle,TS6 7XX,04526599873,gp,R0003327
Mohammed,Talyor, MD,9787426391,5 station road,Newcastle,TS20 7XX,(9685) 8690239,paediatrics,R0007475
Sarah,Sharma, Jr,4208798896,129 Park Ave,Newcastle,TS22 5XX,0368 678 6543,orthopedics,R0006102
Fatima,Sharma,,1375142107,228 High Street,Middlesbrough,TS26 7XX,57013706092,cardiovascular medicine,R0002975
Elena,Smith, MD,0178419211,51 Station Road,Durham,TS12 4XX,39664586808,orthopedics,R0000980
Priya,Brown,,1037947266,138 Station Road,York,TS20 3XX,62504583005,gp,R0002300
C.,Nguyen,,7100686270,46 Victoria Rd,Newcastle,TS21 8XX,(5439) 6190516,cardiology,R0000190
Wei,Ali,,,180 park avenue,Newcastle,TS16 8XX,(1453) 1432348,orthopedics,R0001139
Omar,Khan,,9183442816,237 Station Road,Newcastle,TS15 8XX,47637316377,paediatrics,R0005088
Amara,Khan,,7380225415,152 Victoria Road,Middlesbrough,TS8 4XX,71226064388,ortho surgery,R0000699
Chen,Shamra, MD,4945267348,264 Station Road,Leeds,TS21 5XX,68933196580,family medicine,R0007364
Faitma,Smith, MD,9190545480,121 Victoria Road,Durham,TS23 2XX,0337 847 0706,gp,R0000606
Chen,Sharma,,1926892049,212 Church Lane,Newcastle,TS25 5XX,89674937998,cardiology,R0004276
Rajesh,Davies,,0609853767,193 Church Lane,Leeds,TS3 3XX,54529383462,pediatrics,R0000301
Omar,Patel,,6692707144,166 Victoria Road,Durham,TS15 3XX,93841808799,cardiovascular medicine,R0006640
Grace,Williams,,8722132321,252 Park Avenue,Leeds,TS3 6XX,24821705841,cardiovascular medicine,R0003420
Amara,Nguyen, Jr,5725152428,297 Park Avenue,Durham,TS21 1XX,33176997841,orthopaedics,R0007224
Aisha,Nguyen,,1615375464,3 High Street,York,TS23 4XX,10273934760,orthopedics,R0001060
Rajesh,Ali,,4048691965,93 Station Rd,Middlesbrough,TS13 4XX,7782 037 7077,cardiology,R0007281
Priya,Taylor, MD,,240 Station Rd,Middlesbrough,TS12 6XX,67349644283,pediatrics,R0007349
David,Williams,,5208858998,29 High Street,Durham,TS27 2XX,03885918892,family medicine,R0002565
James,Evans,,3105462392,251 Church Lane,Newcastle,TS1 2XX,12277026998,paediatrics,R0007489
Chen,Ali, Jr,3923563771,29 Victoria Road,Middlesbrough,TS16 4XX,(4130) 9142139,cardiovascular medicine,R0001069
Rajesh,Khan,,1761550383,102 Park Avenue,Durham,TS1 8XX,96180546185,pediatrics,R0002524
Dvaid,Brown, Jr,2429643923,206 Station Road,York,TS18 1XX,(5946) 6964083,family medicine,R0002205
Aisha,Smith,,5584928592,205 Station Road,York,TS17 2XX,64156096278,paediatrics,R0001243
Priya,Evans,,7320992010,266 Victoria Road,Newcastle,TS5 6XX,13578012397,general practice,R0000016
Fatima,Smith, Dr,4255530778,198 Park Ave,Leeds,TS20 8XX,05695877057,cardiology,R0003120
Aisha,Taylor, Dr,4564294996,5 Station Rd,Newcastle,TS20 7XX,9685 869 0239,general practice,R0007478
O.,Khan, Jr,,67 church lane,Durham,TS9 1XX,(8386) 8721129,cardiology,R0004642
Wei,Davies, MD,0124211882,10 Park Ave,Durham,TS8 5XX,(0357) 3177112,ortho surgery,R0004754
D.,Roberts, Dr,,217 Church Ln,Durham,TS2 1XX,3459 743 7287,general practice,R0000815
Grace,Smith,,2310235883,177 Church Lane,Middlesbrough,TS25 2XX,06344685687,orthopedics,R0003067
Mohammed,Patel,,9695463788,261 Station Road,York,TS22 1XX,64631119315,ortho surgery,R0007167
S.,Ahmed, MD,4148177714,83 Victoria Rd,Leeds,TS15 7XX,5315 423 9670,orthopaedics,R0005600
Sarah,Brown,,9070469207,158 Victoria Road,York,TS2 5XX,34039095592,cardiovascular medicine,R0000959
J.,Roberts, Jr,,12 Church Ln,York,TS2 3XX,64651216359,pediatrics,R0007022
D.,Ahmed,,,11 Station Rd,York,TS9 6XX,57087709650,paediatrics,R0006427
Rajesh,Thomas,,5280031394,87 Church Lane,Leeds,TS21 4XX,20674389426,orthopaedics,R0004893
Mohammed,Nguyen,,,167 Victoria Rd,Middlesbrough,TS26 2XX,1214 355 0111,orthopedics,R0000225
David,Davies, Jr,,22 Church Lane,Middlesbrough,TS6 6XX,67466840829,family medicine,R0006170
Oamr,Khan,,9361164098,236 high street,Durham,TS5 6XX,7750 296 3948,cardiology,R0003354
Aisha,Wilson, MD,8465218575,41 High St,York,TS1 2XX,(5374) 6609406,pediatrics,R0005895
David,Ahmed,,7395778657,209 Church Lane,Newcastle,TS15 6XX,21587386597,orthopedics,R0002485
Sarah,Thomas,,0838285807,24 Station Road,Leeds,TS2 8XX,69513419955,gp,R0000562
Elena,Ali,,2521108802,129 Church Lane,Middlesbrough,TS11 8XX,35808469638,general practice,R0003436
Omar,Jones,,7872212528,33 Church Lane,York,TS5 8XX,96869425689,general practice,R0006373
Pirya,Taylor,,,228 Station Road,Leeds,TS28 5XX,(5393) 3739468,family medicine,R0006181
Amara,Patel,,8235286524,252 Station Road,Newcastle,TS23 1XX,57511755224,cardiovascular medicine,R0001693
Rajesh,Nguyen, Jr,3305934321,37 Park Ave,York,TS25 2XX,26915120766,general practice,R0006893
A.,Patel, MD,,16 Victoria Road,Durham,TS22 2XX,(4513) 8989918,paediatrics,R0001045
Asiha,Patel, Dr,3894651476,18 church lane,Newcastle,TS6 5XX,(1097) 9450103,cardiovascular medicine,R0003446
John,Patel,,7885599572,268 Park Avenue,Newcastle,TS27 8XX,15540770382,ortho surgery,R0004565
Mohammed,Khan,,3631845554,74 Park Avenue,Newcastle,TS27 4XX,30492876570,general practice,R0000954
Mohammed,Taylor,,9787426391,5 Station Road,Newcastle,TS20 7XX,96858690239,paediatrics,R0007474
David,Khan,,6339509061,281 Station Road,Newcastle,TS5 8XX,23972740224,cardiovascular medicine,R0002735
Omar,Thmoas, MD,0465919446,233 Victoria Rd,Middlesbrough,TS22 3XX,(6417) 7319383,pediatrics,R0007356
Lucy,Sharma,,7923849534,72 Victoria Road,Middlesbrough,TS20 7XX,85393354235,general practice,R0004735
Wei,Ptael,,,6 park avenue,York,TS5 1XX,(6391) 4508392,family medicine,R0007227
Chen,Patel,,5705096151,217 Victoria Road,Middlesbrough,TS18 1XX,19316258622,pediatrics,R0001218
James,Sharma,,9234041774,168 station road,Durham,TS22 3XX,8596 921 7578,general practice,R0005254
David,Wilson,,4936962070,54 High St,Newcastle,TS2 3XX,69863256696,cardiology,R0005511
Chen,Ahmed,,0122234029,55 Station Road,Middlesbrough,TS26 1XX,60263633301,cardiovascular medicine,R0007135
Chen,Khan, MD,8742658502,209 station rd,York,TS11 8XX,26399776550,cardiovascular medicine,R0001527
Fatima,Taylor,,2159725583,63 Station Road,York,TS5 7XX,38467766309,gp,R0003987
Amara,Patel,,2575780679,127 Victoria Road,Newcastle,TS19 3XX,17154606144,cardiology,R0007405
Mohammed,Nguyen,,7787938138,182 High Street,York,TS10 1XX,25661310363,pediatrics,R0001300
Rajesh,Wilson,,0308769808,261 High Street,Middlesbrough,TS15 6XX,95503283708,cardiovascular medicine,R0007336
Fatima,Ahmed,,6869966615,179 Victoria Road,Durham,TS12 3XX,05668565065,orthopaedics,R0006944
Fatima,Brown,,3699549112,180 Victoria Road,Leeds,TS13 2XX,44801713065,cardiovascular medicine,R0005699
Aisha,Jones,,0041853041,28 Victoria Rd,Leeds,TS14 1XX,12079927500,cardiology,R0000160
Priya,Evans,,1890117268,47 Park Avenue,Newcastle,TS15 8XX,74267139191,family medicine,R0004067
Chen,Patel, MD,,239 High Street,Durham,TS2 4XX,1430 204 0403,cardiovascular medicine,R0005800
Mohammed,Roberts,,5138772690,270 Station Road,Middlesbrough,TS4 8XX,21094726865,orthopedics,R0000956
P.,Nguyen, Jr,5058507364,283 park avenue,Leeds,TS6 7XX,47585335911,ortho surgery,R0003791
Wei,Roberts,,7514929163,206 High Street,Durham,TS14 3XX,24150257369,orthopaedics,R0003234
James,Ahmed,,4601393554,298 Victoria Road,Durham,TS13 3XX,29112869740,cardiovascular medicine,R0002869
Elena,Khan,,2995494401,101 Church Lane,Leeds,TS2 6XX,60923189909,cardiology,R0003777
Mohammed,Nguyen, Dr,5335381349,128 Station Rd,Leeds,TS12 6XX,9065 316 6165,gp,R0004433
Fatima,Brown,,6807386058,241 Park Avenue,Durham,TS4 8XX,68896501698,ortho surgery,R0004973
Lucy,Taylor,,1538520450,146 Church Lane,Durham,TS25 6XX,12051046116,cardiovascular medicine,R0006015
Lucy,Roberts, MD,2576620999,42 High Street,Durham,TS8 3XX,(4255) 9879408,family medicine,R0002961
Lucy,Brown,,0476762559,68 Station Road,Leeds,TS7 4XX,64707984773,family medicine,R0005980
M.,Khan, Dr,8270661496,10 Victoria Rd,York,TS7 4XX,(4946) 5338246,cardiovascular medicine,R0002200
Fatima,Brown, Jr,,138 Victoria Rd,York,TS2 2XX,(4034) 9059891,cardiovascular medicine,R0000098
Priya,Williams,,4089539126,221 Church Lane,Middlesbrough,TS24 4XX,42291388151,paediatrics,R0007291
Wei,Ahmed,,2664298328,52 park avenue,York,TS16 6XX,29519996255,family medicine,R0002557
S.,Taylor,,6203561612,78 church lane,Middlesbrough,TS17 1XX,25242511936,cardiology,R0003183
Sarah,Khan,,7896412634,208 High Street,York,TS7 1XX,15305101492,general practice,R0000253
Omar,Khan,,2645786195,237 Park Avenue,Durham,TS10 6XX,88909395677,general practice,R0003923
Aisha,Jones,,6796289346,233 Victoria Road,York,TS22 7XX,23852520409,ortho surgery,R0004199
Rajesh,Khan,,7205170403,123 Victoria Rd,Durham,TS16 2XX,3352 963 1546,cardiology,R0001445
O.,Brown,,7540367217,67 station road,Leeds,TS13 5XX,34984335355,paediatrics,R0005539
Priya,Williams,,4978910528,138 Church Lane,Middlesbrough,TS7 3XX,03586047359,pediatrics,R0001648
Chen,Williams,,3626857716,282 Station Road,Newcastle,TS22 1XX,20359342537,orthopaedics,R0004682
Chen,Williams,,4136623557,298 Church Lane,Durham,TS8 2XX,92821307959,cardiovascular medicine,R0004723
Lucy,Evans,,2687483993,74 Park Avenue,Newcastle,TS9 6XX,54647921698,orthopaedics,R0003991
Lucy,Khan,,2293389087,141 Victoria Road,Middlesbrough,TS2 3XX,84723847619,cardiovascular medicine,R0001696
Fatima,Smith,,6168915446,109 Victoria Road,York,TS17 6XX,53865022613,family medicine,R0003191
O.,Thomas, Dr,6210866550,103 Station Road,York,TS12 5XX,33108979684,cardiovascular medicine,R0006197
Sarah,Tayolr,,,150 Church Ln,Middlesbrough,TS11 6XX,(5340) 8222142,family medicine,R0006295
Amara,Williams,,8863124879,69 Church Lane,York,TS7 6XX,60495417999,paediatrics,R0004499
D.,Smith, Jr,1407544480,43 Park Avenue,York,TS23 7XX,76287225364,orthopaedics,R0001154
Amara,Ali,,8975640156,77 Station Road,Middlesbrough,TS3 3XX,84988929971,general practice,R0002255
David,Ali,,2473809190,29 High Street,Durham,TS18 6XX,74263575961,orthopedics,R0006959
W.,Nguyen, MD,6149048939,45 Park Ave,York,TS23 7XX,20707376006,orthopaedics,R0001682
O.,Sharma, Jr,,91 station rd,Durham,TS10 5XX,3879 292 6177,cardiovascular medicine,R0003170
Mohammed,Wilson,,8067424896,99 Church Lane,Durham,TS20 7XX,10326597187,family medicine,R0002056
Chen,Smith,,4657396055,101 High Street,Leeds,TS6 8XX,05121999209,cardiology,R0007158
Fatima,Ali,,9121290598,39 Church Lane,York,TS12 6XX,95493026486,orthopaedics,R0004090
Amara,Wilson,,8047746729,278 Park Ave,Leeds,TS5 4XX,44535486602,cardiovascular medicine,R0007312
Grace,Davies,,6704295135,76 Station Road,Durham,TS23 5XX,56260738295,ortho surgery,R0003108
C.,Jones,,5920306762,116 High St,Middlesbrough,TS4 3XX,03254681173,pediatrics,R0004548
David,Nguyen, MD,3741384764,232 station road,Durham,TS20 3XX,03072329897,orthopedics,R0003723
J.,Smith,,,200 Park Avenue,Leeds,TS28 5XX,2376 390 4291,general practice,R0006397
David,Jones,,1068287725,162 Church Lane,York,TS22 5XX,57266173662,cardiovascular medicine,R0005423
D.,Taylor, MD,,287 Victoria Rd,York,TS20 6XX,81131209226,general practice,R0007040
Lucy,Wilson, MD,0978733240,70 Park Ave,Durham,TS29 5XX,92477740836,pediatrics,R0002049
John,Roberts,,0751358846,148 Church Lane,Durham,TS29 1XX,81941087498,pediatrics,R0004976
Mohammed,Patel,,9877961700,278 Church Lane,Leeds,TS17 3XX,89945082289,paediatrics,R0003643
Omar,Khan, Dr,4251502110,210 High Street,Durham,TS21 8XX,4293 655 7036,orthopaedics,R0007400
Aisha,Ali,,0718567628,88 Church Lane,York,TS10 1XX,53639647665,paediatrics,R0000623
A.,Wilson,,3039419043,43 Church Ln,York,TS13 7XX,0669 935 0898,pediatrics,R0006489
Lucy,Thomas,,6878048335,298 Park Avenue,Leeds,TS19 4XX,91039740697,general practice,R0007217
Rajesh,Jones,,9062410571,122 High Street,Leeds,TS3 4XX,24638504645,paediatrics,R0005883
Elena,Khan, Jr,3356882951,232 Church Ln,Durham,TS4 8XX,(0032) 4235594,cardiology,R0000262
Lcuy,Patel,,,191 High St,Middlesbrough,TS24 3XX,6053 537 4794,cardiovascular medicine,R0005730
David,Smith,,0301275730,271 Church Lane,Newcastle,TS19 2XX,00820384959,orthopedics,R0003369
Amraa,Sharma,,1540982853,136 victoria rd,Newcastle,TS27 7XX,(6888) 8398810,family medicine,R0004061
Sarah,Khan, Dr,8793705494,64 Church Ln,Newcastle,TS11 8XX,1815 413 1275,gp,R0005534
Sarah,Taylor,,1710239677,150 Church Lane,Middlesbrough,TS11 6XX,53408222142,family medicine,R0006294
Lucy,Patel, MD,3056414865,79 Victoria Rd,Leeds,TS16 3XX,(8738) 2404567,family medicine,R0006065
James,Brown,,9005966907,175 Victoria Road,Durham,TS7 8XX,43251925018,ortho surgery,R0006616
Omar,Brown,,3652955269,188 Park Avenue,York,TS19 2XX,06107488173,cardiovascular medicine,R0001802
Chen,Nguyen,,1089584384,71 Church Lane,York,TS9 3XX,10648559289,orthopaedics,R0004736
Amara,Evans,,7857889184,263 Station Rd,Newcastle,TS27 3XX,6909 889 7245,paediatrics,R0007487
Aisha,Davies,,2932894662,66 Church Lane,Middlesbrough,TS26 7XX,16006783953,cardiology,R0002385
L.,Thomas,,5364341914,136 Church Ln,Leeds,TS9 3XX,(5472) 8616445,ortho surgery,R0006694
James,Khan,,1299594267,150 Church Lane,Durham,TS18 4XX,87089745164,cardiovascular medicine,R0005759
Lucy,Khna, Jr,4473758177,57 Victoria Road,York,TS10 5XX,(9162) 7481193,pediatrics,R0001959
Fatima,Sharma,,1375142107,228 High St,Middlesbrough,TS26 7XX,5701 370 6092,cardiovascular medicine,R0002976
David,Ahmed,,3747429575,119 Station Road,Newcastle,TS11 8XX,40095386661,pediatrics,R0000488
Omar,Sharma,,2080830977,112 Church Lane,Durham,TS4 2XX,57546053419,ortho surgery,R0001843
Elena,Brwon, MD,,231 Church Lane,Leeds,TS18 4XX,82049080541,family medicine,R0001734
Amara,Taylor,,2564744618,3 Park Avenue,Leeds,TS7 7XX,00641374507,general practice,R0002911
J.,Smith,,5625277758,44 High St,York,TS2 7XX,04174599432,cardiovascular medicine,R0003219
Mohammed,Sharma,,2626579091,217 Church Ln,Leeds,TS19 6XX,84932356823,cardiology,R0000146
Omar,Roberts,,4816313658,271 Park Avenue,York,TS9 7XX,31771965977,family medicine,R0005630
Lucy,Taylor,,6210558734,74 High Street,Durham,TS4 1XX,59311864916,ortho surgery,R0001986
D.,Sharma, Jr,0880551583,218 Park Avenue,Newcastle,TS14 1XX,2136 259 2836,pediatrics,R0001369
Mohammed,Wilson, MD,,19 Church Ln,Durham,TS19 7XX,0503 319 6854,pediatrics,R0006546
J.,Thomas, Jr,1680157959,258 Church Lane,Newcastle,TS4 6XX,25840504146,orthopedics,R0006051
Jaems,Sharma, MD,5213083504,157 victoria rd,Leeds,TS21 3XX,69118525248,pediatrics,R0007098
Chen,Evans,,9500118961,190 Victoria Road,Leeds,TS26 6XX,47696309716,paediatrics,R0002811
Chen,Thomas,,3540543155,231 High Street,Durham,TS5 2XX,43903729799,orthopedics,R0000659
Rajesh,Wilson, Jr,0997048696,232 Park Avenue,Leeds,TS24 5XX,82206723573,orthopaedics,R0001794
Aisha,Smith,,8944965292,165 Station Road,Newcastle,TS15 7XX,96175119149,cardiovascular medicine,R0002511
Lucy,Smith,,8055204858,115 Station Road,Durham,TS26 4XX,98541183932,family medicine,R0003397
Mohammed,Ali, Dr,,24 High St,Durham,TS19 5XX,7960 552 7517,family medicine,R0004282
Aisha,Jones,,5661714721,221 Park Avenue,Leeds,TS24 8XX,37292873866,orthopaedics,R0001147
Lucy,Williams,,4300762150,10 Station Road,Durham,TS6 7XX,81675293219,cardiology,R0003272
Jhon,Khan,,9430195990,32 Station Road,Newcastle,TS15 5XX,57986531706,general practice,R0000608
Grace,Ali,,5807071852,5 Victoria Road,York,TS27 4XX,40262125379,pediatrics,R0006287
Lucy,Jones,,0652966135,25 Station Road,York,TS3 6XX,07395386910,ortho surgery,R0006895
John,Roberts, MD,5721388010,193 Park Ave,Newcastle,TS27 2XX,(5499) 8237650,gp,R0003582
Lucy,Jones,,9627821270,220 Station Road,Leeds,TS1 5XX,81898742954,family medicine,R0001930
John,Roberts, Jr,1956151492,6 High St,Middlesbrough,TS14 6XX,91614235188,paediatrics,R0007125
John,Nguyen, MD,4648120723,234 Victoria Road,Leeds,TS5 1XX,29592313583,orthopaedics,R0000197
Mohammed,Davies,,,246 Church Ln,York,TS16 2XX,28169667119,cardiovascular medicine,R0002931
A.,Khan, Jr,9816300589,267 Park Ave,Newcastle,TS7 2XX,(1171) 4791101,cardiology,R0002327
O.,Khan,,,213 Victoria Rd,Middlesbrough,TS8 1XX,21929633098,orthopedics,R0004389
Wei,Wilson, MD,9451559236,248 Victoria Road,Leeds,TS21 8XX,64220141060,gp,R0000766
James,Brown,,4004191074,242 Church Lane,Leeds,TS1 6XX,53217095182,general practice,R0004496
Grace,Shamra, Dr,5540421477,178 Station Road,York,TS6 3XX,4367 508 4826,cardiovascular medicine,R0004218
Elena,Taylor,,3866648603,287 Victoria Road,Leeds,TS28 7XX,97114398790,gp,R0003255
Wei,Jones,,4048768768,62 High Street,Newcastle,TS9 6XX,94034995944,gp,R0000202
Fatmia,Wilson, Jr,,159 Victoria Rd,Durham,TS27 7XX,18808794776,general practice,R0003510
Rajesh,Smith,,3357181939,256 High Street,Leeds,TS29 2XX,35137446980,family medicine,R0004931
Mohammed,Williams,,7787140978,168 Park Avenue,Middlesbrough,TS20 7XX,68534420425,paediatrics,R0006390
Rajesh,Thomas,,9571046344,263 Church Lane,Durham,TS1 2XX,88349481855,orthopedics,R0005535
Elena,Brown,,6373498539,231 Church Lane,Leeds,TS18 4XX,82049080541,gp,R0001733
Elnea,Ali,,,111 Victoria Road,Durham,TS25 2XX,2279 678 7289,family medicine,R0005791
James,Williams,,4510900132,217 Victoria Road,Middlesbrough,TS5 1XX,68153662604,gp,R0002777
Amara,Khan,,,124 Victoria Road,Durham,TS5 1XX,6775 561 3086,cardiovascular medicine,R0001707
James,Khan,,,269 Victoria Road,Durham,TS12 3XX,50353059437,cardiovascular medicine,R0005172
Wei,Sharma,,2022136967,74 Church Lane,Durham,TS26 8XX,05695279334,family medicine,R0005249
Rajesh,Ali,,0141273311,262 Victoria Road,Leeds,TS2 3XX,37309530268,gp,R0005757
Elean,Jones, Dr,,158 high street,Middlesbrough,TS28 3XX,(9933) 8658263,cardiovascular medicine,R0003474
Amara,Brown,,0225609062,213 Victoria Road,York,TS18 2XX,39806864479,cardiovascular medicine,R0006528
Priya,Taylor, Dr,6225386787,240 Church Lane,Leeds,TS8 3XX,0897 286 9735,paediatrics,R0005855
Priya,Evans,,2076144063,11 Victoria Road,Middlesbrough,TS25 1XX,77421367105,orthopaedics,R0000854
E.,Davies,,2044583026,32 park avenue,York,TS1 6XX,(8518) 2961015,gp,R0005685
Wei,Sharma,,9524098911,29 High Street,Newcastle,TS18 5XX,57972494779,ortho surgery,R0006363
Chne,Nguyen,,1089584384,71 Church Ln,York,TS9 3XX,1064 855 9289,ortho surgery,R0004737
Priya,Wlison,,8681835268,99 Victoria Rd,Leeds,TS12 8XX,38559890115,orthopedics,R0004097
Fatima,Khan,,1546617939,289 Victoria Road,York,TS24 8XX,83654690938,orthopedics,R0002160
Fatima,Smith,,1821683741,273 Park Avenue,Newcastle,TS29 1XX,56091295647,general practice,R0000698
A.,Taylor,,5842691625,237 Church Lane,Durham,TS21 7XX,70170675513,paediatrics,R0007425
Rajesh,Patel,,3247760760,50 Victoria Road,Durham,TS21 4XX,73766711582,paediatrics,R0002999
Amara,Williams, Dr,0840319483,38 Victoria Road,Newcastle,TS20 4XX,95105275422,cardiovascular medicine,R0003696
Rajesh,Patel,,,237 Victoria Road,Middlesbrough,TS3 5XX,85259146306,ortho surgery,R0001636
J.,Wilson, Jr,,94 Victoria Road,Leeds,TS14 2XX,(7738) 3994581,orthopedics,R0003457
John,Roberts,,5721388010,193 Park Avenue,Newcastle,TS27 2XX,54998237650,family medicine,R0003581
Rajesh,Ahmed,,9337640779,90 Church Lane,York,TS7 4XX,05776867466,orthopaedics,R0001291
Amara,Williams,,3369791079,216 Church Lane,York,TS15 2XX,90748787650,paediatrics,R0004659
James,Ali,,6474354587,299 Park Avenue,York,TS29 6XX,37334625893,paediatrics,R0006585
Fatima,Smith,,6230726401,224 High Street,Middlesbrough,TS2 1XX,89305754403,orthopedics,R0005616
Elena,Roberts,,2328296351,131 Victoria Road,Newcastle,TS9 2XX,47600272828,cardiovascular medicine,R0001853
Wei,Ahmed,,2378040107,150 Church Lane,Leeds,TS14 6XX,24122088520,gp,R0005232
David,Williams,,5015340230,61 Church Lane,Middlesbrough,TS28 1XX,15063060663,cardiovascular medicine,R0003763
Elnea,Nguyen, Dr,5771912642,261 station road,York,TS10 6XX,38798737432,cardiovascular medicine,R0003304
E.,Brown,,4417905297,109 Park Ave,Middlesbrough,TS24 8XX,(9561) 0132418,cardiology,R0007377
Wei,Khan,,0174462137,39 High Street,Newcastle,TS1 1XX,3143 562 0037,pediatrics,R0005727
David,Brown,,,250 Church Ln,Newcastle,TS15 1XX,25707111168,paediatrics,R0003743
Aisha,Patel,,3894651476,18 Church Lane,Newcastle,TS6 5XX,10979450103,cardiology,R0003445
C.,Ali, MD,3738946812,193 Station Road,Leeds,TS2 6XX,93793806170,general practice,R0001998
Grace,Thomas, Jr,,136 Park Avenue,Middlesbrough,TS12 8XX,(2547) 7814646,general practice,R0000663
Eelna,Patel,,2335161651,208 Church Ln,Newcastle,TS27 7XX,5743 047 8467,cardiology,R0004779
Elena,Ahmed,,5480028179,77 Station Road,Newcastle,TS12 4XX,42410314450,orthopaedics,R0005353
Priya,Khan,,3946640953,175 Church Lane,York,TS29 4XX,91219540199,general practice,R0003748
Sarah,Evans,,9377638782,105 High Street,Durham,TS1 2XX,21985668374,orthopaedics,R0004413
David,Jones,,5348455384,297 Church Lane,Durham,TS24 3XX,06189007791,pediatrics,R0004744
Chen,Ahmed, Dr,2422440802,177 station road,Newcastle,TS21 2XX,(7404) 6479251,family medicine,R0005530
Sarah,Nguyen,,2159282944,143 Park Avenue,York,TS9 4XX,24563298833,cardiovascular medicine,R0005575
Mohammed,Ali,,,243 Victoria Rd,Newcastle,TS19 1XX,0147 170 2587,cardiovascular medicine,R0000709
Jamse,Ahmed, Dr,0842413169,146 Church Lane,Middlesbrough,TS3 7XX,3216 092 0736,pediatrics,R0001282
F.,Jones, Dr,3494420793,56 Victoria Rd,Durham,TS5 5XX,(7629) 0578039,ortho surgery,R0005864
Rajesh,Ali,,6260574292,281 Station Road,Durham,TS8 2XX,17191195772,cardiovascular medicine,R0005068
David,Jones, Jr,1187856835,285 Station Road,York,TS7 2XX,3926 561 7713,pediatrics,R0002675
John,Shamra, MD,7015286774,68 high street,York,TS8 6XX,99779409598,gp,R0006776
Mohammed,Ahmed,,8758222882,214 High Street,Newcastle,TS14 6XX,15648552646,cardiovascular medicine,R0004029
Priya,Jones, Dr,2243585356,7 Victoria Road,Newcastle,TS9 8XX,(8151) 4025303,pediatrics,R0001306
Elena,Brown, Jr,,3 park ave,Newcastle,TS15 3XX,38437868869,general practice,R0005496
Omar,Khan,,4738179337,34 High Street,Durham,TS22 8XX,92773874314,general practice,R0005504
Garce,Khan,,4657274439,56 Victoria Rd,York,TS22 8XX,2372 052 5142,pediatrics,R0002237
Jmaes,Jones, Dr,5303677263,42 Victoria Rd,York,TS22 4XX,9079 442 8742,cardiology,R0003302
Amara,Wilson,,7064991286,99 High Street,Middlesbrough,TS8 6XX,24835558985,cardiology,R0005592
Priya,Williams,,9156769683,1 Church Lane,Durham,TS26 1XX,48135093744,cardiovascular medicine,R0002038
Fatima,Evans, Dr,,112 High Street,Middlesbrough,TS10 7XX,7359 770 2193,paediatrics,R0001529
Priya,Davies,,4384439326,9 High Street,York,TS17 2XX,70981416349,orthopaedics,R0001663
Aisha,Thomas,,9737997270,286 Park Avenue,Leeds,TS5 8XX,76615396812,family medicine,R0005450
Grace,Jones,,8094500995,285 Station Road,Leeds,TS21 5XX,46591296829,orthopaedics,R0007408
Wei,Thomas,,1153995455,119 High Street,Leeds,TS14 3XX,39175838524,paediatrics,R0007435
A.,Davies, Jr,3337204293,24 park ave,Leeds,TS6 3XX,80907650607,cardiovascular medicine,R0003627
Lucy,Williams,,1108712007,82 Station Road,York,TS23 3XX,95153368583,cardiology,R0005739
David,Patel,,3929330094,189 Park Avenue,Middlesbrough,TS6 5XX,57645868898,cardiovascular medicine,R0005147
C.,Williams, Jr,2006006376,191 Station Road,York,TS3 2XX,71025008825,general practice,R0004891
James,Ahmed,,7332465802,246 Station Road,Leeds,TS22 1XX,20599015226,general practice,R0002693
Amara,Khan,,7788431189,250 Park Avenue,Newcastle,TS9 7XX,33614447216,orthopedics,R0003060
Rajesh,Ali,,1669581070,269 Victoria Road,Middlesbrough,TS20 4XX,66445674307,ortho surgery,R0001597
James,Davies,,2068027744,77 Church Lane,York,TS10 7XX,64720287556,cardiovascular medicine,R0006700
John,Jones,,8972198445,267 Victoria Road,Leeds,TS20 8XX,22172055075,orthopaedics,R0002729
Mohammed,Brown,,9751538199,196 Park Avenue,York,TS18 8XX,88147163598,orthopaedics,R0002625
Wei,Patel,,4422652379,290 Station Road,Middlesbrough,TS18 4XX,54806951918,family medicine,R0005915
O.,Jones, Dr,9511558533,266 Church Lane,Leeds,TS22 2XX,8219 363 9140,general practice,R0003157
James,Sharma,,4631740545,38 Victoria Road,Middlesbrough,TS20 1XX,73706232370,orthopaedics,R0003314
Wei,Davies,,7327210089,143 Church Ln,Newcastle,TS21 4XX,74988551615,general practice,R0001722
Mohammed,Sharma,,2596632104,108 Victoria Road,Durham,TS29 3XX,66107248011,paediatrics,R0005279
Omra,Wilson,,,208 High Street,Middlesbrough,TS24 2XX,3923 141 6037,orthopaedics,R0006668
Omar,Wilson,,5362120927,174 Church Lane,Leeds,TS7 7XX,54686488908,pediatrics,R0001059
Amaar,Ahmed,,0123639230,247 victoria road,Durham,TS16 7XX,(7482) 6446596,cardiovascular medicine,R0004636
Grace,Nguyen, MD,1842981686,286 Church Ln,Middlesbrough,TS15 5XX,(8229) 8546125,pediatrics,R0003242
Chen,Brown,,6889057715,295 High Street,Middlesbrough,TS4 8XX,24288681944,pediatrics,R0001678
Rajesh,Nguyen,,3305934321,37 Park Avenue,York,TS25 2XX,26915120766,gp,R0006892
O.,Jones, Dr,7872212528,132 Park Ave,York,TS28 6XX,(7593) 2778211,gp,R0006374
Wei,Smith,,7394311325,143 High Street,Newcastle,TS14 3XX,00160919347,orthopedics,R0006628
P.,Jones, MD,8941299887,137 Park Ave,Durham,TS19 3XX,62634197144,family medicine,R0001757
Sarah,Nguyen,,6330485190,3 High Street,Middlesbrough,TS3 5XX,82686502954,ortho surgery,R0006019
Rajesh,Amhed, Dr,3922532056,97 Church Ln,Durham,TS20 6XX,38871954208,cardiovascular medicine,R0004191
Elena,Wilson,,6361375042,169 Victoria Road,Newcastle,TS2 3XX,53718223922,cardiology,R0005116
Sarah,Thomas, Dr,0838285807,24 Station Rd,Leeds,TS2 8XX,6951 341 9955,gp,R0000563
Mohammed,Thomas,,1314387845,62 Victoria Road,Durham,TS28 8XX,02700106291,family medicine,R0002790
Wei,Smith, Jr,4555023251,178 park ave,Newcastle,TS20 4XX,(4573) 0761606,cardiovascular medicine,R0000863
Fatima,Thomas,,9317077621,17 Park Avenue,Leeds,TS12 2XX,38831010667,pediatrics,R0001484
Chen,Jones,,9079837677,205 Station Road,Leeds,TS13 6XX,21733977310,gp,R0007035
Rajesh,Williams,,5176944364,18 Victoria Road,Middlesbrough,TS4 8XX,93665991468,cardiology,R0005977
David,Davies,,0820586420,273 High St,Middlesbrough,TS10 5XX,0571 437 3709,paediatrics,R0005134
Grace,Ahmed,,1424622831,189 Park Avenue,Durham,TS24 7XX,95282288379,ortho surgery,R0000206
M.,Williams, Dr,1601666873,36 park avenue,Leeds,TS24 7XX,5468 906 2000,cardiology,R0004488
R.,Sharma, Jr,5968127206,63 Victoria Road,Durham,TS15 6XX,34159273547,paediatrics,R0006938
Elena,Williams,,3740919153,288 Park Avenue,York,TS11 4XX,92207660789,paediatrics,R0000870
M.,Thomas,,,192 Park Avenue,Durham,TS10 6XX,92957365308,gp,R0004493
Chen,Thomas,,2188365144,176 Park Avenue,Leeds,TS8 5XX,62497459778,orthopedics,R0006910
Mohammed,Nguyen, MD,6994754769,124 park avenue,Durham,TS27 1XX,73472843349,family medicine,R0000502
Fatima,Smith,,9065553534,190 Park Avenue,Durham,TS5 8XX,02333347832,paediatrics,R0001028
Grace,Ahmed,,7196689847,148 Church Lane,Middlesbrough,TS29 5XX,76373786470,cardiovascular medicine,R0003840
Aisha,Taylor,,3771913955,159 Victoria Road,York,TS18 5XX,13739970797,family medicine,R0002690
O.,Roberts, Jr,6628458300,120 Church Lane,York,TS5 5XX,16493789457,pediatrics,R0005581
Fatima,Thomsa, Jr,6142000247,35 Victoria Road,York,TS12 5XX,45489360920,ortho surgery,R0006756
John,Evans,,6805704830,132 Station Road,York,TS3 4XX,69619683043,pediatrics,R0005056
John,Taylor,,6430287409,19 Park Avenue,Middlesbrough,TS7 2XX,99416212207,cardiology,R0001570
Rajesh,Wilson,,5437397965,155 Station Road,Durham,TS17 4XX,00279958089,pediatrics,R0002773
C.,Thomas,,4593590518,267 Church Lane,York,TS1 1XX,79360162671,general practice,R0005991
Sarah,Nguyen,,7634185780,45 Victoria Road,Leeds,TS10 4XX,23636331815,pediatrics,R0002731
Jaems,Sharma, Dr,,80 victoria road,Newcastle,TS27 4XX,25432397028,general practice,R0006242
Chen,Roberts,,7114667111,209 Church Lane,Durham,TS4 7XX,36708991324,ortho surgery,R0000804
Mohammed,Ahmed,,7380198143,136 High Street,Durham,TS13 8XX,36923664076,cardiology,R0005847
Mohammed,Patel,,9877961700,278 Church Ln,Leeds,TS17 3XX,89945082289,paediatrics,R0003645
Elena,Thomas,,5150621734,270 High Street,Middlesbrough,TS27 5XX,46719632023,pediatrics,R0002454
Priya,Thomas, MD,,114 church ln,York,TS28 6XX,93791495464,cardiovascular medicine,R0004598
Grace,Khan,,1815978399,49 Station Road,Newcastle,TS3 8XX,37277507939,general practice,R0007215
John,Williams,,7362096668,105 High Street,Newcastle,TS14 5XX,98390122648,orthopaedics,R0003104
James,Thomas, MD,7052184636,58 Station Rd,York,TS20 2XX,45424262734,gp,R0007073
Sarah,Williams,,7189133007,149 Church Lane,Leeds,TS15 2XX,51182274170,cardiology,R0004875
Wei,Wilson,,9091644353,10 Park Avenue,Durham,TS25 5XX,61659717759,cardiology,R0005959
Grace,Ali,,0222480866,165 Park Avenue,Middlesbrough,TS22 2XX,56633407046,pediatrics,R0000200
Omar,Williams, Jr,4497201107,8 Park Ave,York,TS16 3XX,2034 383 7384,general practice,R0006278
Priya,Jones,,4390026380,260 Station Road,Durham,TS18 5XX,40005800653,general practice,R0003099
Rajesh,Roberts,,6083131229,187 Station Road,York,TS5 1XX,83926078576,cardiovascular medicine,R0006184
J.,Ahmed,,2260279910,171 Victoria Road,Newcastle,TS14 4XX,94122633111,cardiovascular medicine,R0007161
Priya,Wilson,,5828449502,89 Church Lane,Leeds,TS5 3XX,50574664968,orthopaedics,R0002278
Fatima,Ali,,7620711438,49 Station Road,Durham,TS14 2XX,97742692684,general practice,R0003561
Lucy,Thomas, MD,6156245014,274 Victoria Road,Leeds,TS25 2XX,(1942) 7619108,orthopaedics,R0005892
Aisha,Wilson, MD,,84 Victoria Road,Newcastle,TS23 7XX,03571765877,paediatrics,R0004474
R.,Sharma, Jr,7080503463,22 Victoria Road,York,TS26 3XX,(6036) 3345485,orthopaedics,R0006432
David,Shrama, Jr,3861038810,257 station road,Newcastle,TS13 1XX,5606 800 8401,family medicine,R0004514
Lucy,Thomas,,0942456454,244 Victoria Road,Middlesbrough,TS21 5XX,43226124641,ortho surgery,R0005794
Fatima,Taylor,,7866652276,15 Station Road,Newcastle,TS29 6XX,29248520367,pediatrics,R0000391
Grace,Ali,,4362929536,153 Park Avenue,York,TS15 7XX,70764628524,pediatrics,R0006736
Sarah,Khan, MD,6275211875,61 High St,York,TS16 8XX,4164 799 5250,general practice,R0005618
Mohmamed,Williams, MD,,160 Victoria Rd,Leeds,TS26 1XX,(7035) 7531310,orthopedics,R0005258
Grace,Davies, MD,3378955289,109 Station Road,Leeds,TS2 7XX,53926170947,general practice,R0007230
Amara,Nguyen,,4229555249,142 High Street,Newcastle,TS8 3XX,06345695170,paediatrics,R0001495
James,Ahmed,,7332465802,246 Station Road,Leeds,TS22 1XX,(2059) 9015226,gp,R0002695
Grace,Brown,,,63 Park Ave,York,TS5 4XX,98478628057,orthopedics,R0002027
Grcae,Sharma,,9322269548,281 Station Rd,Middlesbrough,TS11 8XX,1492 267 2667,cardiovascular medicine,R0005248
Omar,Williasm,,6624336128,261 High Street,York,TS22 4XX,41411360156,cardiovascular medicine,R0005463
Rajesh,Jones,,7448425802,173 High Street,Leeds,TS21 6XX,(6200) 1297138,orthopaedics,R0002568
Grace,Smith,,,201 victoria road,York,TS17 4XX,(1580) 8451612,cardiovascular medicine,R0000064
Amara,Tyalor,,2645545435,234 High Street,Middlesbrough,TS2 1XX,46441393380,gp,R0003884
Fatima,Thomas,,5349238399,272 High Street,Durham,TS3 8XX,18752248852,family medicine,R0002062
Sarah,Evans,,8225809517,36 Church Lane,Leeds,TS9 8XX,5765 624 2808,general practice,R0005276
Wei,Roberts,,3030330210,275 Park Avenue,Middlesbrough,TS21 6XX,85432214667,cardiology,R0007208
Wei,Williams,,2444499498,146 Victoria Road,Leeds,TS13 3XX,00648608459,paediatrics,R0000492
Fatima,Taylor,,4451526853,219 Victoria Road,Durham,TS13 1XX,02275959537,family medicine,R0000379
James,Ahmed,,7265387172,134 Station Road,York,TS6 1XX,67431715050,general practice,R0006331
Chen,Ali, Dr,3690572281,174 Station Rd,Newcastle,TS18 6XX,53722416973,orthopaedics,R0004859
Grace,Wilson,,7921906242,204 Victoria Rd,York,TS20 7XX,19754285978,cardiology,R0006360
A.,Khan, MD,0377369086,39 Station Rd,Middlesbrough,TS3 4XX,9051 054 9261,pediatrics,R0003993
Elena,Taylor,,8026584623,1 Church Lane,Durham,TS25 3XX,62302759241,cardiology,R0004887
Rajesh,Patel,,1685174032,221 Victoria Road,Newcastle,TS4 5XX,04170922890,orthopedics,R0001076
James,Ahmed,,1918507829,229 Park Avenue,Durham,TS10 1XX,48567308655,cardiovascular medicine,R0000878
James,Ahmed,,4988257909,263 Station Road,Middlesbrough,TS18 7XX,10891999259,cardiovascular medicine,R0000337
Grace,Khan,,4568904986,123 Station Road,Durham,TS10 6XX,11757113913,gp,R0006863
Omar,Wilson,,1898120729,197 Park Avenue,Leeds,TS14 3XX,01591917902,orthopaedics,R0006439
Fatima,Thomas,,4878451116,166 Station Road,Leeds,TS18 4XX,15512262024,paediatrics,R0001016
John,Williams, Jr,8197259084,26 victoria rd,Leeds,TS21 8XX,3135 649 5699,family medicine,R0001275
P.,Khan, MD,,71 Station Rd,Newcastle,TS16 8XX,3509 887 3036,pediatrics,R0003798
Lucy,Taylor,,9632007741,174 Church Ln,York,TS11 4XX,41106896937,gp,R0004551
Aisha,Brown,,5067262107,240 Station Road,Middlesbrough,TS28 6XX,27402774950,cardiovascular medicine,R0003342
Lucy,Ahmed,,,204 Park Ave,Newcastle,TS15 4XX,(4772) 3757088,orthopedics,R0004911
Omar,Taylor,,8736143532,270 Station Road,Durham,TS2 5XX,58230174747,general practice,R0006413
Wei,Davies,,4888240926,254 Church Lane,Newcastle,TS24 7XX,61904339252,ortho surgery,R0000995
Wei,Ali,,3632361190,247 Park Avenue,Leeds,TS10 3XX,37831079052,general practice,R0001981
Fatima,Patel,,3167036777,92 High Street,Durham,TS24 5XX,98990380023,orthopaedics,R0004297
Asiha,Jones,,,28 victoria road,Leeds,TS14 1XX,1207 992 7500,cardiovascular medicine,R0000161
Mohammed,Ahmed,,7276121216,276 Church Lane,York,TS3 6XX,77657325513,cardiology,R0005675
John,Thomas,,,207 high st,Newcastle,TS21 8XX,(5035) 7716902,general practice,R0006873
Mohammed,Wilson,,6965312095,19 Church Ln,Durham,TS19 7XX,0503 319 6854,paediatrics,R0006545
Grace,Ahmed,,6932494971,212 Park Ave,Newcastle,TS15 3XX,8080 050 7477,cardiovascular medicine,R0004798
David,Ali,,4010334480,273 Victoria Road,Leeds,TS28 2XX,11294165777,orthopedics,R0001500
Aisha,Ali, MD,4086012828,37 Station Rd,York,TS20 3XX,51999601048,orthopaedics,R0003843
Lucy,Roberts,,8078648000,188 Park Avenue,Middlesbrough,TS3 5XX,52846764516,gp,R0005225
David,Bronw,,7405089844,189 Church Lane,Newcastle,TS22 4XX,(8472) 4826243,cardiology,R0002613
A.,Brown,,1803937323,238 Victoria Rd,York,TS26 8XX,72535797488,cardiovascular medicine,R0003461
Wei,Smith,,2182614962,155 Park Avenue,York,TS7 8XX,95045972514,orthopaedics,R0001021
J.,Patel,,7431142850,153 Victoria Rd,Durham,TS17 1XX,3878 672 8723,cardiology,R0003073
Rajesh,Roberts,,8753245327,36 Church Lane,York,TS24 8XX,77287515613,ortho surgery,R0003943
Priya,Khan,,1479914400,23 Station Road,Newcastle,TS12 4XX,93691531066,orthopaedics,R0001585
Fatima,Ali,,7785359834,184 Station Road,Middlesbrough,TS10 1XX,30378855950,ortho surgery,R0001955
Omar,Ali, Dr,,107 High St,Durham,TS29 6XX,6004 549 3923,orthopaedics,R0003152
Mohammed,Brown,,1278805489,91 Station Road,Newcastle,TS10 3XX,56988295794,paediatrics,R0006349
F.,Ali, Dr,8922820689,246 victoria road,Middlesbrough,TS23 7XX,6884 042 1165,cardiovascular medicine,R0000034
Priya,Ahmed,,0765218632,39 Station Road,Leeds,TS15 3XX,70602979519,ortho surgery,R0004014
Oamr,Wilson,,9674658540,127 victoria road,York,TS24 6XX,0642 260 6800,cardiovascular medicine,R0000775
Wei,Ahmed,,2664298328,52 Park Avenue,York,TS16 6XX,29519996255,family medicine,R0002556
Elena,Ahmed,,1760878663,51 Station Road,Leeds,TS10 3XX,75477932016,ortho surgery,R0001478
Omar,Ali,,0753115716,232 High Street,Middlesbrough,TS1 8XX,35156352450,cardiology,R0007099
Raejsh,Taylor, Dr,5101161311,25 park ave,Leeds,TS2 1XX,77826296769,orthopaedics,R0005486
Rajesh,Thomas,,6186374094,248 Station Road,York,TS2 8XX,33640413403,orthopedics,R0006235
Priya,Khan,,8177385585,293 victoria road,Leeds,TS9 2XX,60879907578,orthopaedics,R0001363
Rajesh,Sharma,,0099978549,220 Church Lane,Durham,TS1 2XX,84066204705,family medicine,R0007041
Daivd,Brown,,8405089844,189 Church Ln,Newcastle,TS22 4XX,84724826243,cardiovascular medicine,R0002612
C.,Roberts,,,60 Station Rd,Newcastle,TS25 3XX,37687678329,orthopaedics,R0002824
Wei,Thomas, Dr,4535705069,22 Park Avenue,York,TS28 2XX,72025020271,general practice,R0002041
Chen,Jones,,4475793819,95 High Street,Newcastle,TS12 8XX,14902033621,orthopedics,R0000241
Lucy,Nguyen,,5740706907,261 Victoria Road,Durham,TS21 8XX,70772688871,family medicine,R0002061
L.,Taylor,,6051991557,256 church lane,Newcastle,TS11 3XX,7506 288 4897,paediatrics,R0002363
Wei,Evans, Jr,1702360237,270 victoria rd,Durham,TS15 3XX,8112 249 6326,family medicine,R0000600
Fatima,Patel, Jr,,147 Park Avenue,Leeds,TS1 5XX,3222 361 4998,cardiovascular medicine,R0002435
Elena,Taylor,,7204994233,99 Station Road,York,TS16 3XX,79714136962,cardiology,R0005393
David,Khan, Jr,2972031747,87 Victoria Rd,York,TS23 5XX,6994 580 9605,cardiology,R0006310
Elena,Ahmed,,9185539023,48 Church Lane,York,TS27 2XX,54308215167,general practice,R0002888
M.,Jones, Dr,1730382803,268 Church Lane,Middlesbrough,TS20 8XX,7814 648 7978,gp,R0006164
Aisha,Jones,,5732337339,222 Church Lane,Newcastle,TS21 8XX,19903447626,ortho surgery,R0000646
Sarah,Wilson,,6441820109,26 Station Road,Durham,TS14 8XX,62115082918,gp,R0003890
Lucy,Roberts,,9623917541,88 Victoria Road,Leeds,TS18 5XX,31167276233,orthopaedics,R0003556
Amara,Thomas,,6261179648,113 Station Road,Durham,TS20 1XX,96283061561,cardiovascular medicine,R0003202
Fatima,Evans,,1553267317,112 High Street,Middlesbrough,TS10 7XX,73597702193,pediatrics,R0001528
David,Brown,,8966497381,162 High Street,Durham,TS20 7XX,14617056818,orthopedics,R0006975
Wei,Patel,,0240163780,148 Victoria Road,Durham,TS24 4XX,08501234489,paediatrics,R0001267
David,Taylor,,,9 High Street,York,TS1 2XX,1765 123 9700,family medicine,R0001899
J.,Williams, Dr,6490432532,29 church ln,Leeds,TS22 3XX,(4191) 6611195,family medicine,R0004658
Amara,Ahmed,,2549399346,122 Church Lane,Durham,TS8 8XX,60262463964,general practice,R0003005
John,Davies,,1973413685,123 Station Road,Newcastle,TS16 6XX,73068883903,cardiovascular medicine,R0002734
Elena,Nguyen, MD,7951426796,6 Park Ave,Leeds,TS6 3XX,59611883208,cardiovascular medicine,R0007101
Chen,Nguyen,,7100686270,46 Victoria Road,Newcastle,TS21 8XX,54396190516,cardiology,R0000189
Sarah,Ali,,1885326655,82 Victoria Road,Durham,TS22 3XX,04335986745,family medicine,R0001806
Rajesh,Khan, Jr,7076052407,102 Church Lane,Leeds,TS26 6XX,6157 961 6039,ortho surgery,R0000975
Wei,Patel,,7869638735,243 Church Lane,Middlesbrough,TS9 2XX,25580823101,pediatrics,R0002747
Lucy,Wilson, Jr,0978733240,70 Park Avenue,Durham,TS29 5XX,9247 774 0836,pediatrics,R0002047
Omar,Thomas,,5347102114,50 Victoria Road,Durham,TS8 4XX,43999477719,cardiovascular medicine,R0002558
Elena,Sharma, Dr,,53 Church Ln,Leeds,TS23 8XX,62570565681,paediatrics,R0001082
Amara,Nguyen,,9503759808,289 Station Road,Newcastle,TS15 4XX,01555150146,orthopaedics,R0000474
Chen,Bronw,,0976090009,179 Victoria Rd,Middlesbrough,TS13 5XX,5200 969 8206,paediatrics,R0002904
John,Roberts, MD,,73 Victoria Road,Leeds,TS1 2XX,56446273113,orthopedics,R0004843
James,Smith,,8512521509,200 Park Ave,Leeds,TS28 5XX,(2376) 3904291,family medicine,R0006396
Rajesh,Brown,,4852972012,54 High Street,Newcastle,TS2 8XX,70402261779,cardiovascular medicine,R0004117
James,Jones,,9809704176,92 station rd,Durham,TS9 4XX,19188111806,gp,R0003385
Mohammed,Davies,,7245662143,200 Station Road,Durham,TS13 8XX,61162930281,orthopaedics,R0004555
Priya,Khan,,7294924185,12 High Street,Durham,TS26 6XX,82486676127,orthopedics,R0001184
Amara,Khan,,9756371744,7 Church Lane,Newcastle,TS15 1XX,79923286698,general practice,R0006420
Sarah,Smith,,9449678114,205 High Street,York,TS16 8XX,19208220516,cardiology,R0005051
Mohammed,Jones,,9969525525,28 victoria rd,Newcastle,TS28 5XX,68310417203,general practice,R0005311
Fatima,Patel,,2799791249,147 Park Avenue,Leeds,TS1 5XX,32223614998,cardiology,R0002433
Omar,Taylor,,4587688286,207 Church Lane,Newcastle,TS10 8XX,90681842699,orthopaedics,R0006949
G.,Williams,,5526006552,98 High St,Durham,TS9 3XX,(8933) 9351813,pediatrics,R0005611
Amara,Khan,,4315801962,220 Station Road,Middlesbrough,TS25 6XX,21657291175,cardiology,R0002391
Elnea,Williams,,,5 Station Road,Leeds,TS19 3XX,09568667287,cardiovascular medicine,R0000769
M.,Taylor,,9787426391,5 Station Road,Newcastle,TS20 7XX,96858690239,paediatrics,R0007476
Rajesh,Smith,,6921285058,266 High Street,York,TS7 1XX,47611533475,ortho surgery,R0001685
Mohmamed,Ahmed, MD,6555838799,72 Park Ave,Leeds,TS23 6XX,2625 713 7490,paediatrics,R0000130
E.,Brown, Jr,0786588469,212 Station Rd,Durham,TS11 1XX,(4571) 5668742,general practice,R0002919
Mohammed,Jones,,8689609172,152 Park Avenue,Newcastle,TS24 3XX,61818127973,orthopedics,R0003171
Davdi,Ali,,8055934946,137 Station Rd,Durham,TS3 8XX,(1500) 7730097,family medicine,R0003444
Omar,Taylor,,5003340290,210 Victoria Rd,Durham,TS7 7XX,55062307066,orthopedics,R0006231
Omar,Roberts,,6628458300,120 Church Lane,York,TS5 5XX,16493789457,paediatrics,R0005578
M.,Jones, Dr,6126395166,167 church lane,Newcastle,TS18 7XX,(6286) 6070359,cardiovascular medicine,R0004426
Grace,Thomas,,6858764568,113 Park Avenue,Leeds,TS2 8XX,28020308423,orthopedics,R0005334
Omar,Evans,,9343032417,148 Victoria Road,Newcastle,TS3 1XX,98535585067,general practice,R0000466
Rajesh,Ahmed,,1233475817,178 Station Road,Durham,TS16 1XX,73227691627,cardiology,R0006265
Aisha,Thomas,,2242946715,11 Church Lane,Durham,TS14 1XX,48825673386,cardiology,R0005734
Rajesh,Patel,,7979420416,99 Victoria Road,Middlesbrough,TS15 5XX,32720603052,cardiology,R0003092
F.,Patel, Dr,3083934417,12 Park Avenue,York,TS23 7XX,(9693) 1091173,cardiology,R0003772
Priya,Taylor,,5530289099,257 Victoria Road,Leeds,TS11 2XX,61354322512,orthopedics,R0005191
Aisha,Evans,,6884697195,217 High Street,Durham,TS29 7XX,16164904754,paediatrics,R0005226
Omar,Brown,,3856771963,133 park avenue,Middlesbrough,TS25 4XX,(0946) 7039559,cardiology,R0005390
Lucy,Smtih, Dr,6125254581,274 Park Ave,Leeds,TS1 4XX,31485710378,orthopaedics,R0000860
Aisha,Jones,,6958274620,296 High Street,Durham,TS29 2XX,03824492880,cardiovascular medicine,R0007270
