cluster,first_name,last_name,name_suffix,npi,address,city,postcode,phone,specialty,record_id,members
7,Chen,Thomas,,0541394162,171 Station Rd,Middlesbrough,TS16 6XX,(0283) 7326261,pediatrics,R0004004,1
8,Elena,Thomas,,2284788319,144 Station Road,Durham,TS23 4XX,14133518093,family medicine,R0001702,1
11,Sarah,Taylor,,8193717869,149 Victoria Rd,Middlesbrough,TS16 8XX,77367790246,ortho surgery,R0005209,1
18,Rajesh,Ali,,6192981080,41 High Street,York,TS14 4XX,42033470296,orthopaedics,R0005412,1
23,Rajesh,Davies,,8318750468,145 Church Lane,York,TS12 4XX,01738391158,cardiology,R0000982,1
24,David,Davies,,9280032515,8 Victoria Road,Middlesbrough,TS13 5XX,44049870152,general practice,R0003519,1
26,Aisha,Brown, MD,,270 high st,York,TS28 4XX,69037594336,cardiology,R0006727,1
30,Mohammed,Wilson,,4461439084,257 Victoria Road,Middlesbrough,TS11 5XX,32086184913,family medicine,R0005856,1
32,Lucy,Jones,,7577525899,117 High Street,York,TS4 6XX,90698319959,pediatrics,R0000101,1
33,James,Roberts, Jr,8472149891,114 Church Ln,Leeds,TS1 4XX,(8295) 1842928,orthopaedics,R0006958,2
38,Chen,Ahmed,,6165271795,81 High Street,York,TS16 5XX,26255678778,general practice,R0000468,1
40,Elena,Patel,,5698229343,257 Station Road,York,TS9 4XX,31784265557,pediatrics,R0000789,1
41,Rajesh,Taylor,,,225 park ave,Leeds,TS4 8XX,77784561072,cardiology,R0002835,1
42,Grace,Evans,,1859374514,276 High Street,Durham,TS21 7XX,48849724133,orthopedics,R0002577,1
44,Lucy,Evans,,8138260937,194 Park Avenue,Durham,TS8 1XX,94639766052,family medicine,R0005473,1
45,David,Thomas,,9977790505,118 Station Road,Leeds,TS26 6XX,58061215674,paediatrics,R0000642,1
48,Chen,Smith, MD,,254 Victoria Rd,Newcastle,TS11 3XX,7061 206 6490,orthopaedics,R0005306,1
49,Lucy,Davies,,5320590984,170 Station Road,York,TS25 1XX,40603772515,pediatrics,R0001533,1
54,Wei,Smith,,7282525831,11 Station Road,Middlesbrough,TS22 4XX,47541636019,gp,R0006434,1
55,Jonh,Ahmed, Dr,,22 station rd,Newcastle,TS3 2XX,9607 988 8787,cardiovascular medicine,R0002833,1
62,Omra,Sharma, MD,5667025183,40 Station Rd,York,TS23 8XX,4235 483 7197,cardiovascular medicine,R0006263,1
69,Lucy,Sharma,,1954974105,265 High Street,Leeds,TS20 1XX,94814968673,orthopaedics,R0002088,1
75,Amara,Nguyen,,9432340277,140 High Street,Newcastle,TS4 2XX,01184102444,orthopedics,R0003898,1
83,Grace,Nguyen,,6502121622,184 Victoria Road,York,TS22 1XX,68116672302,paediatrics,R0004692,1
88,James,Taylor,,7188339873,147 Church Lane,Durham,TS21 2XX,00341038267,paediatrics,R0004927,1
89,Mohammed,Wilson,,6155376577,251 Church Lane,Leeds,TS22 6XX,91495900735,pediatrics,R0000065,1
92,Rajehs,Ahmed,,7687225362,1 Church Lane,Durham,TS25 3XX,8563 736 9534,orthopaedics,R0006338,1
94,Rajesh,Khan,,0216124518,70 High Street,Middlesbrough,TS5 1XX,17605204890,family medicine,R0006615,1
95,Amara,Brown,,6640050687,231 Park Avenue,Leeds,TS20 2XX,90540175116,family medicine,R0002312,1
96,David,Khan,,7855320450,157 Station Road,York,TS7 5XX,49103896679,cardiovascular medicine,R0003901,1
104,James,Williams,,0216140943,42 Station Road,Middlesbrough,TS8 7XX,38136038491,ortho surgery,R0004215,1
112,Sarah,Thomas,,7553458457,287 Victoria Road,Newcastle,TS11 7XX,40023411092,paediatrics,R0002865,1
114,Lucy,Brown,,1569198722,160 Church Lane,Middlesbrough,TS20 7XX,46796219784,general practice,R0002094,1
116,Fatima,Ahmed,,4489269074,182 Victoria Road,York,TS25 2XX,19551283532,general practice,R0000169,1
121,Elena,Williams, Jr,1317759283,263 Church Ln,Newcastle,TS15 2XX,48882743391,pediatrics,R0003350,1
124,Amara,Brown,,4614458014,191 High Street,York,TS19 8XX,21179349205,paediatrics,R0007045,1
127,C.,Khan,,9001183966,37 Church Lane,Middlesbrough,TS26 4XX,35283427698,paediatrics,R0006306,1
129,Lucy,Jones,,4018036212,210 Victoria Road,Leeds,TS4 7XX,46830339563,gp,R0006969,1
130,Amara,Smith,,2079075263,137 Victoria Road,Durham,TS8 6XX,96636807275,cardiology,R0006765,1
133,Chen,Shamra,,9238370967,20 High St,Newcastle,TS15 2XX,1062 920 8758,general practice,R0002447,3
134,L.,Brown, Jr,0476762559,180 Park Avenue,Durham,TS9 4XX,(2615) 5697224,gp,R0005983,1
136,Mohammed,Ali,,4886966230,259 Park Avenue,Durham,TS21 6XX,29461549793,family medicine,R0002796,1
137,Lucy,Brown,,6379738098,171 Park Avenue,Durham,TS8 4XX,13537853357,cardiology,R0001514,1
139,Aisha,Brown,,8839710171,66 Station Road,York,TS4 3XX,69475459050,cardiovascular medicine,R0000742,1
142,Rajesh,Williams,,7618259696,100 Victoria Road,York,TS5 2XX,51440803800,gp,R0003560,1
143,Mohammed,Sharma,,6896716596,47 Park Avenue,Newcastle,TS4 5XX,83799239326,family medicine,R0004715,1
144,James,Williams,,0972448157,221 Victoria Road,Leeds,TS11 6XX,59234511404,pediatrics,R0005046,1
146,Rajesh,Davies,,6858561909,24 Church Lane,Leeds,TS13 1XX,40411713655,orthopaedics,R0002926,1
153,Lucy,Taylor,,7112166525,111 High Street,York,TS5 1XX,11456410792,general practice,R0000465,1
154,Sarah,Wilson,,8767188048,3 Church Lane,Newcastle,TS28 4XX,03245413602,cardiovascular medicine,R0000095,1
158,Amara,Jones,,5546408796,228 Victoria Road,Durham,TS29 2XX,24253336108,orthopaedics,R0006334,1
162,David,Williams,,0590363110,3 Victoria Road,York,TS28 6XX,39218545929,ortho surgery,R0001263,1
163,Lucy,Thomas,,5364341914,267 Church Lane,Newcastle,TS15 7XX,57379643511,orthopaedics,R0006693,1
179,Priya,Taylor,,8962361578,25 High Street,Leeds,TS8 5XX,19934408735,family medicine,R0000970,1
180,Rajesh,Taylor,,4600432321,219 victoria rd,Middlesbrough,TS1 7XX,(8291) 9949574,general practice,R0005440,1
188,Fatima,Wilson,,7621931088,29 Victoria Road,Newcastle,TS5 1XX,55086659755,gp,R0003123,1
189,Elena,Davies,,9733493286,5 Church Lane,Newcastle,TS12 6XX,33787732578,cardiology,R0006326,1
190,Rajesh,Ahmed,,5114020680,289 Victoria Road,York,TS5 3XX,33395133981,gp,R0005212,1
191,Mohammed,Jones,,2274415974,170 Station Road,Leeds,TS1 1XX,78969422270,gp,R0000733,1
192,Aisha,Davies,,5652003782,246 Station Road,Middlesbrough,TS27 2XX,50887149818,pediatrics,R0005096,1
195,David,Wilson,,6815823476,268 High Street,Leeds,TS24 6XX,54984383491,ortho surgery,R0003135,1
202,John,Sharma,,8853088457,118 Park Avenue,Middlesbrough,TS20 8XX,7452 623 2330,cardiology,R0000318,3
205,Amara,Roberts,,0453633268,46 High Street,York,TS7 2XX,97966768314,pediatrics,R0001561,1
206,Jmaes,Davies,,,124 High St,Leeds,TS23 8XX,27811177116,orthopaedics,R0001768,1
213,Priya,Patel,,5009541752,144 Park Avenue,Leeds,TS15 5XX,28721345406,pediatrics,R0001934,1
214,Grace,Thomas,,5151677571,235 High Street,York,TS22 5XX,7605 565 4666,paediatrics,R0006859,1
215,David,Roberts,,2764583895,180 Church Lane,Middlesbrough,TS12 5XX,33033809676,orthopedics,R0006212,1
218,Elena,Thomas,,8165326833,215 Victoria Road,Durham,TS22 5XX,11030409401,general practice,R0003977,1
219,David,Jones,,5506085449,164 Park Avenue,Newcastle,TS24 7XX,85312647542,paediatrics,R0005653,1
227,Aisha,Ahmed,,9740927180,89 High Street,Leeds,TS23 8XX,25782170845,pediatrics,R0003937,1
235,Grace,Davies,,6007346431,117 Victoria Road,Leeds,TS24 2XX,30043121733,pediatrics,R0007185,1
239,Fatima,Taylor,,6273510519,148 Victoria Road,Leeds,TS9 5XX,28141814841,pediatrics,R0001103,1
241,Grace,Patel,,9260198218,97 Victoria Road,Middlesbrough,TS20 3XX,74135709689,orthopedics,R0000230,1
243,Mohammed,Sharma,,9527840431,113 Park Avenue,Durham,TS12 4XX,71945540787,cardiovascular medicine,R0004147,2
244,Priya,Taylor,,9246611759,196 Victoria Road,Middlesbrough,TS11 7XX,21153990907,ortho surgery,R0002850,1
247,John,Jonse, MD,3872460713,174 Station Rd,Middlesbrough,TS17 4XX,2437 594 6474,cardiovascular medicine,R0005481,1
249,J.,Thomas,,3136129411,178 Park Ave,Leeds,TS6 4XX,38725931269,cardiology,R0001009,1
254,Omar,Sharma,,3735621823,111 Church Lane,Middlesbrough,TS2 4XX,95568805529,general practice,R0001075,1
261,Mohammed,Patel,,5670035014,208 Station Road,Durham,TS2 8XX,14969070637,orthopedics,R0000856,1
270,Amara,Williams,,9522305057,36 Park Avenue,Middlesbrough,TS22 4XX,74440468532,cardiovascular medicine,R0004625,2
275,Wei,Evans,,3253659631,96 High Street,Durham,TS1 4XX,03809986109,cardiology,R0003012,1
278,Grace,Sharma,,9486940211,76 Victoria Road,Durham,TS11 1XX,82526038005,general practice,R0007314,1
279,C.,Roberts, Dr,7621207246,124 Station Rd,Newcastle,TS27 5XX,2575 473 1877,ortho surgery,R0003262,1
281,Wei,Roberts,,9961617016,188 Station Road,Middlesbrough,TS4 3XX,47549749734,pediatrics,R0005106,1
286,Priya,Jones,,6765483989,174 Park Avenue,Leeds,TS19 4XX,99077690901,paediatrics,R0004906,1
288,Cehn,Wilson, Jr,,36 Station Road,Durham,TS17 1XX,1370 213 2609,pediatrics,R0001765,1
291,R.,Ali, Jr,0364373152,253 church ln,Newcastle,TS8 5XX,0577 639 5721,paediatrics,R0006663,1
296,John,Nguyen,,9507887305,255 Park Avenue,Middlesbrough,TS21 2XX,15935150983,cardiovascular medicine,R0007315,2
297,David,Taylor,,4733512686,27 Victoria Road,Middlesbrough,TS3 7XX,08406968295,gp,R0005674,1
298,Mohammed,Patel,,5501063019,135 Station Road,Durham,TS14 2XX,30734182587,cardiovascular medicine,R0000332,1
299,Mohammed,Nguyen,,4469832322,177 Church Lane,Middlesbrough,TS16 7XX,40335237192,ortho surgery,R0001755,1
303,Chen,Wilson,,4796650110,247 Church Lane,Leeds,TS1 5XX,62833983952,cardiology,R0005416,1
307,A.,Wilson, Jr,1482941149,150 Station Rd,Durham,TS24 7XX,(1572) 9810586,cardiovascular medicine,R0002603,1
310,Fatima,Taylor,,1735914143,93 Victoria Road,Leeds,TS18 2XX,48629849139,ortho surgery,R0001918,1
315,Wei,Taylor,,6980241501,172 High Street,Leeds,TS23 2XX,92037108537,ortho surgery,R0000185,1
317,Grace,Ngyuen,,0189290736,213 Victoria Rd,York,TS7 8XX,25189344960,pediatrics,R0004092,2
319,Amara,Nguyen, Jr,9942088508,158 High Street,Middlesbrough,TS7 7XX,4571 404 2922,paediatrics,R0000586,1
322,Priya,Davies,,6242083500,267 Park Avenue,York,TS20 8XX,80221449805,pediatrics,R0004507,1
325,Omar,Ahmed,,2889060007,233 Park Avenue,Newcastle,TS19 5XX,17936557289,cardiology,R0002614,1
331,Mohammed,Smith,,8298134899,24 Church Lane,York,TS5 4XX,18352877839,family medicine,R0005608,1
333,Lucy,Nguyen,,2433336413,21 Victoria Road,Newcastle,TS2 5XX,91023923239,pediatrics,R0001921,1
336,John,Williams,,2396480354,46 Park Avenue,Durham,TS14 8XX,94961102306,cardiology,R0001465,1
338,David,Ali,,8013612845,277 Church Lane,Newcastle,TS4 5XX,00494790688,ortho surgery,R0003126,1
339,James,Patel,,3212683780,279 Victoria Road,Middlesbrough,TS20 7XX,84604911754,orthopedics,R0001046,2
342,Chen,Ahmed,,6042817846,234 Church Lane,Durham,TS20 3XX,69332983974,paediatrics,R0002111,2
343,Grace,Sharma, MD,,255 Park Avenue,Durham,TS23 6XX,(9612) 6782349,orthopedics,R0006250,1
347,Fatima,Ali, MD,1241621299,30 Park Ave,Newcastle,TS7 4XX,0959 126 6798,gp,R0000233,1
352,Elena,Wilson,,9736925764,193 Church Lane,York,TS15 3XX,87615212175,cardiovascular medicine,R0003217,1
354,Fatima,Evans,,6836869847,209 Church Lane,Newcastle,TS3 8XX,82156365340,cardiovascular medicine,R0004925,1
357,Fatima,Roberts,,9420838376,181 Park Avenue,Durham,TS9 1XX,04866244163,family medicine,R0001188,1
359,Priya,Sharma,,1699910171,42 Park Avenue,York,TS23 1XX,40075703155,paediatrics,R0003749,1
362,Aisha,Khan,,0377369086,32 Victoria Road,Middlesbrough,TS8 4XX,76324198746,pediatrics,R0003992,1
365,Grace,Ali,,2399395905,238 Victoria Road,Newcastle,TS17 1XX,91385201771,gp,R0003757,1
368,Omar,Ahmed,,7448372411,193 Station Road,Middlesbrough,TS19 2XX,69916966847,gp,R0006537,1
370,Priya,Williams,,0667136880,178 Church Lane,Middlesbrough,TS24 1XX,81084462642,cardiology,R0000381,1
371,Grace,Nguyen,,8758917038,151 Park Avenue,Durham,TS20 2XX,71305880923,pediatrics,R0003617,1
372,James,Ahmed,,4937313828,121 Park Avenue,Durham,TS22 5XX,60671553002,general practice,R0001372,1
390,Priya,Jones,,4285601589,62 Station Road,Newcastle,TS16 6XX,59156560666,paediatrics,R0006160,1
391,Priya,Davies,,4671032296,230 Station Road,Durham,TS5 2XX,04655165920,orthopaedics,R0002521,1
395,Aisha,Khan,,9908535484,48 High Street,Leeds,TS16 4XX,59389859428,paediatrics,R0002929,1
398,Fatima,Ahmed,,9227841814,271 Church Lane,Leeds,TS28 4XX,61831556733,cardiology,R0005540,1
404,Wei,Smith,,6564381713,70 High Street,Middlesbrough,TS2 3XX,93668902779,paediatrics,R0004149,1
406,Elena,Kahn,,0744225257,26 High Street,Middlesbrough,TS19 3XX,57213448083,paediatrics,R0006167,1
408,Priya,Roberts,,2354283569,119 Church Lane,York,TS27 4XX,20313551440,pediatrics,R0001720,1
412,J.,Thomas, Jr,7215421801,262 High St,Leeds,TS21 5XX,73147506479,family medicine,R0004372,1
414,Elena,Brown,,0289942907,232 Station Road,Leeds,TS27 8XX,87448925516,orthopedics,R0007329,1
415,John,Taylor,,6028689323,125 Church Lane,Leeds,TS12 2XX,39474461311,gp,R0002221,1
420,Wei,Evans,,1802157456,259 Church Lane,Durham,TS9 2XX,11000162508,family medicine,R0001858,2
428,Amara,Smith,,7398199726,259 Victoria Road,Newcastle,TS13 6XX,32642635388,family medicine,R0001197,1
429,A.,Brown,,8839710171,180 Victoria Road,Middlesbrough,TS11 1XX,63618448505,cardiology,R0000743,1
430,Chen,Davies,,8392590746,170 Victoria Road,Leeds,TS29 8XX,55723303908,cardiology,R0005846,1
436,Rajesh,Roberts,,0461568286,86 Church Lane,York,TS29 6XX,49626967680,paediatrics,R0003328,1
445,Wei,Jones,,6540637120,6 Station Road,Newcastle,TS15 4XX,22697740785,cardiology,R0000509,1
446,David,Nguyen,,2636029796,69 High Street,York,TS26 6XX,58191984403,general practice,R0002260,1
459,John,Ali,,4931681864,224 High Street,Leeds,TS15 3XX,73643844264,general practice,R0007231,1
463,Chen,Smiht,,4602670694,126 Victoria Rd,Durham,TS25 6XX,48541379556,pediatrics,R0005683,1
465,E.,Smith,,4769355007,213 Victoria Road,Durham,TS4 6XX,07340247525,cardiovascular medicine,R0001876,1
470,Mohammed,Thomas, MD,3459053083,247 park avenue,Durham,TS26 8XX,91059923691,cardiology,R0001295,1
481,Elena,Patel,,9085950004,211 Park Avenue,Durham,TS24 5XX,11198022709,general practice,R0004151,1
483,David,Williasm, Jr,5260241244,166 Station Rd,Newcastle,TS15 3XX,5304 345 2452,gp,R0003933,2
489,Aisha,Daives, Dr,3807370916,72 Victoria Road,Newcastle,TS1 7XX,94859865029,pediatrics,R0003706,1
491,Lucy,Brown,,2555083156,10 High Street,Newcastle,TS18 8XX,60295105521,orthopaedics,R0001623,1
494,Elena,Khan,,7137823149,82 Station Road,Leeds,TS12 8XX,56775551480,paediatrics,R0000877,1
498,Omar,Taylor,,0161252166,100 Park Avenue,Newcastle,TS4 4XX,29506027575,paediatrics,R0000245,1
503,Lucy,Khan,,2538884158,284 Park Avenue,Leeds,TS11 5XX,46320769360,cardiovascular medicine,R0006926,1
504,John,Roberts,,6262263351,167 High Street,York,TS5 6XX,69170617002,orthopaedics,R0003717,1
506,Amara,Ali,,0844668822,221 Victoria Road,Newcastle,TS29 8XX,69784909979,cardiology,R0003098,1
508,Elena,Evans,,1627707125,287 Church Lane,Durham,TS10 8XX,65724413869,orthopaedics,R0006612,1
512,Aisha,Ahmed,,8473512538,108 Church Lane,Durham,TS5 5XX,03056692795,general practice,R0006485,1
513,Aisha,Williams, MD,1822875824,109 High Street,Newcastle,TS10 7XX,77233770733,cardiology,R0003534,1
535,Elena,Wliliams,,9933205281,200 Church Ln,York,TS3 4XX,7331 296 1414,general practice,R0000435,1
541,David,Evans,,5900106672,17 Park Avenue,Middlesbrough,TS29 3XX,01574311871,general practice,R0004427,1
542,Mohammed,Nguyen,,0752426957,225 Park Avenue,Newcastle,TS17 4XX,17897373808,gp,R0003107,1
544,Lucy,Jones,,6314491383,4 High Street,Leeds,TS14 2XX,14073740970,pediatrics,R0005663,1
547,Omar,Ali,,0727580563,172 Station Road,Leeds,TS22 2XX,92490383201,pediatrics,R0002892,1
552,John,Roberts,,5149733909,227 Park Avenue,Newcastle,TS10 6XX,30492199899,paediatrics,R0001643,1
554,Elena,Sharma,,9053034417,190 Station Road,York,TS16 5XX,53450742034,ortho surgery,R0001832,1
555,Omar,Ahmed, Dr,7196985265,56 Park Ave,York,TS18 6XX,31344823158,family medicine,R0001483,1
559,Omar,Evans,,4564493914,177 Victoria Road,Leeds,TS4 6XX,54932346732,family medicine,R0006699,1
561,Grace,Williams,,9798653104,217 Church Lane,York,TS14 3XX,47926844559,pediatrics,R0004750,1
564,James,Sharma,,9404280740,82 Park Avenue,York,TS23 5XX,74014374813,cardiovascular medicine,R0000354,1
566,Grace,Ahmed,,9840045017,297 Park Avenue,Middlesbrough,TS15 1XX,78856964758,family medicine,R0000176,1
576,Chen,Ali,,0523431010,103 Church Lane,Middlesbrough,TS6 4XX,52498278583,pediatrics,R0006539,1
581,Elena,Roberts,,4726526460,281 High Street,Durham,TS29 1XX,02026764159,cardiology,R0002812,1
583,Rajesh,Ali,,1428492056,29 Victoria Road,Newcastle,TS26 6XX,34143025394,cardiovascular medicine,R0000106,1
587,Lucy,Wilson,,3440216415,90 Church Lane,Durham,TS29 8XX,40010697737,paediatrics,R0004367,2
588,Amara,Davies,,1241154303,228 Church Lane,Newcastle,TS11 5XX,01643354828,ortho surgery,R0004034,2
592,Fatima,Jones,,1332450007,132 Victoria Road,Middlesbrough,TS28 3XX,81837058148,cardiovascular medicine,R0004010,1
594,James,Ahmed, MD,4937313828,26 Park Ave,Durham,TS28 7XX,(7370) 1113087,family medicine,R0001373,1
595,Sarah,Brown,,2085986044,207 Park Avenue,York,TS23 1XX,19488171127,pediatrics,R0002131,1
598,Mohammed,Sharma,,5415170897,236 Park Avenue,York,TS16 5XX,81552440413,pediatrics,R0002647,1
601,Chen,Ahmed,,5473900580,79 Park Avenue,Leeds,TS1 3XX,66890809790,general practice,R0002226,1
603,Omar,Thomas,,3094099470,214 High Street,Leeds,TS20 2XX,06777865830,paediatrics,R0000167,1
604,Wei,Davies,,4001793294,276 Station Road,York,TS11 3XX,97158414428,cardiology,R0004301,1
605,Grace,Roberts,,8386661911,297 Victoria Road,Leeds,TS2 6XX,30181267512,cardiovascular medicine,R0005664,1
608,Elena,Thomas,,2607223415,227 High Street,York,TS11 5XX,19083858576,gp,R0003001,1
611,Chen,Sharma, MD,0344397399,264 Station Road,Newcastle,TS27 3XX,(3586) 6279850,cardiovascular medicine,R0007211,2
612,Sarah,Evans,,8225809517,282 Church Lane,Leeds,TS10 6XX,47899962034,general practice,R0005275,1
613,Fatima,Ahmed,,5567846387,185 High Street,Durham,TS4 5XX,86058683486,gp,R0005755,2
614,Lucy,Jones,,8091235595,139 Victoria Road,York,TS4 3XX,83504281053,orthopaedics,R0006964,1
615,Grace,Sharma,,9514882301,186 Park Avenue,York,TS25 1XX,86060983202,cardiovascular medicine,R0007148,1
617,Chen,Ahmed,,1824068564,115 Victoria Road,Durham,TS7 1XX,57365922617,pediatrics,R0006977,1
623,Amara,Thomas,,6722266921,193 Victoria Road,York,TS11 3XX,87138781504,cardiology,R0003039,1
624,Lucy,Nguyen,,6546225491,91 High Street,Durham,TS27 5XX,60004409650,pediatrics,R0007008,1
626,Sarah,Evans,,8159607064,61 Church Lane,Leeds,TS26 1XX,90355225013,general practice,R0002578,1
627,Priya,Brown,,1870244148,217 Station Road,Middlesbrough,TS12 4XX,21071275014,family medicine,R0002510,1
631,O.,Evans, Jr,8585464689,207 Church Ln,Middlesbrough,TS19 3XX,(2847) 3668154,pediatrics,R0001420,2
632,James,Patel,,6960111729,265 High Street,Middlesbrough,TS24 3XX,75791415935,orthopedics,R0006658,1
633,Elena,Nguyen,,5771912642,14 Station Road,York,TS18 7XX,33096209018,cardiology,R0003303,1
637,Sarah,Evans,,1200461976,2 High Street,York,TS27 2XX,55691002385,paediatrics,R0001870,1
641,Sarah,Evans,,6118686438,114 Victoria Road,York,TS14 4XX,91189252905,cardiovascular medicine,R0004975,1
642,Wei,Ali,,0175313054,72 Victoria Road,Newcastle,TS14 5XX,62609982759,orthopedics,R0002488,1
644,O.,Taylor, MD,4587688286,50 High St,York,TS8 4XX,60956212464,ortho surgery,R0006950,1
646,David,Wilson, Dr,4987611907,188 Church Ln,Durham,TS29 4XX,5032 833 4579,cardiovascular medicine,R0003908,2
649,M.,Roberts, MD,2996949508,4 Victoria Rd,Newcastle,TS13 1XX,(5886) 7061705,cardiovascular medicine,R0001731,2
651,R.,Patel, Dr,9626351511,277 Victoria Road,Middlesbrough,TS11 6XX,2272 331 8685,general practice,R0000786,1
654,Sarah,Nguyen,,5117866898,245 High Street,Newcastle,TS15 7XX,76818327909,orthopaedics,R0002440,2
666,Chen,Ali,,4050529526,38 Victoria Road,Leeds,TS23 8XX,49859193429,general practice,R0007077,1
667,Moahmmed,Thomas, Jr,8515287881,279 High Street,Durham,TS18 7XX,68310405425,cardiology,R0001545,2
668,Fatima,Smith,,6500478429,143 Church Lane,Leeds,TS13 1XX,35977513908,ortho surgery,R0000031,1
670,Wei,Thomas,,7217777430,288 Church Lane,Durham,TS6 3XX,52854297521,ortho surgery,R0004651,2
672,Chen,Khan,,7167110761,257 Church Lane,Durham,TS7 5XX,22334236361,orthopedics,R0000965,1
673,Omar,Thomas,,,83 Park Ave,Durham,TS13 4XX,(2938) 4081288,paediatrics,R0000168,1
674,Sarah,Khan,,4903220154,121 Park Avenue,Newcastle,TS4 3XX,82023252583,family medicine,R0003121,1
678,R.,Khan,,3163815409,178 Park Avenue,Newcastle,TS3 7XX,7618 590 8364,general practice,R0006770,2
680,Rajesh,Patel,,2315018104,234 Victoria Road,Leeds,TS12 7XX,92128384479,ortho surgery,R0004981,1
687,Sarah,Brown,,8153067953,46 Victoria Road,Leeds,TS20 8XX,09242174547,ortho surgery,R0000996,1
689,E.,Nguyen, Dr,8795160481,139 Victoria Road,Durham,TS27 7XX,1362 258 1094,gp,R0003077,1
690,Daivd,Khan,,9124347547,264 Victoria Rd,York,TS19 2XX,(7869) 8318925,family medicine,R0003159,1
697,Aisha,Sharma,,8409115646,263 Victoria Road,York,TS24 5XX,55933761605,orthopedics,R0005185,1
701,Priya,Williams,,8243853901,80 High Street,Middlesbrough,TS5 6XX,70098764335,general practice,R0004464,1
703,Grace,Khan,,0499177286,176 Victoria Road,York,TS7 4XX,30066620819,cardiology,R0006082,2
711,Priya,Williams,,9394426537,37 Park Avenue,Durham,TS13 6XX,39424993831,cardiology,R0003114,1
713,Wei,Williams,,3973773485,198 High Street,Durham,TS18 5XX,79341643644,pediatrics,R0000080,1
715,Elena,Williams,,5290085849,23 Church Lane,Durham,TS29 7XX,27366121052,paediatrics,R0004791,1
716,Elena,Patel,,3721271460,239 Church Lane,Durham,TS18 2XX,59215466079,pediatrics,R0003624,2
719,Sarha,Ali, MD,1885326655,242 Church Ln,York,TS26 6XX,(5289) 3853354,general practice,R0001807,1
727,Lucy,Thomas,,4310322965,96 High Street,Newcastle,TS19 5XX,45874693961,gp,R0000858,1
731,Priya,Sharma,,2644837817,171 High Street,Durham,TS7 3XX,81578235515,cardiology,R0002431,2
733,Raejsh,Sharma,,,255 Victoria Rd,York,TS12 6XX,53559940784,orthopaedics,R0005647,1
736,Fatima,Sharma,,9375322589,15 Station Road,Middlesbrough,TS7 5XX,41152239837,ortho surgery,R0003583,1
739,Wei,Williams,,8444751365,278 Park Avenue,Durham,TS4 3XX,06327210382,family medicine,R0006523,1
740,Omar,Jones,,9449626237,191 Park Avenue,Leeds,TS2 5XX,05489089661,paediatrics,R0007155,1
741,O.,Williams, MD,4576497083,239 Park Avenue,York,TS2 3XX,4808 070 7090,cardiology,R0005402,1
742,James,Paetl, Jr,,10 church lane,York,TS22 3XX,(3659) 2216536,general practice,R0000491,1
745,S.,Patel, Jr,7097433307,270 Station Rd,Middlesbrough,TS16 6XX,73414633486,orthopedics,R0001025,2
746,Mohammed,Wilson,,7815478375,90 Station Road,York,TS2 1XX,49568452296,general practice,R0003698,1
747,Fatima,Williams,,5253037221,72 High Street,Durham,TS1 8XX,91758404073,cardiovascular medicine,R0007237,1
754,Omar,Sharma,,9524373079,124 Station Road,Newcastle,TS2 3XX,03698963908,ortho surgery,R0002470,2
755,Priya,Khan,,2356081929,211 Church Lane,Newcastle,TS22 5XX,94156727522,cardiovascular medicine,R0006828,2
756,Grace,Sharma,,1038371803,50 Victoria Road,Leeds,TS16 5XX,2594 679 2968,pediatrics,R0003258,1
758,James,Khan,,0297842338,175 Church Lane,Newcastle,TS6 8XX,85250159729,pediatrics,R0004619,1
767,James,Davies,,3976652559,218 Church Lane,York,TS10 3XX,09520570263,cardiology,R0007179,1
775,Elena,Davies,,4473370424,293 Church Lane,York,TS29 8XX,16374990107,general practice,R0002275,1
783,Chne,Jones,,9025599663,124 Victoria Road,Durham,TS1 7XX,34482303058,general practice,R0000534,4
784,Lucy,Ali,,4600679347,14 High Street,Newcastle,TS9 1XX,79411256672,cardiology,R0003014,1
788,Rajesh,Taylor,,5367894780,257 Church Lane,Durham,TS14 1XX,64600696982,orthopedics,R0001511,2
791,Fatima,Thomas,,,60 Church Ln,Durham,TS2 4XX,01390289597,general practice,R0006974,1
793,Fatima,Wilson,,3108052870,270 High Street,Middlesbrough,TS21 1XX,24133403549,cardiology,R0003994,1
799,Mohammed,Brown,,3075491962,239 Park Avenue,Durham,TS11 3XX,81069515286,orthopaedics,R0000472,2
803,Aisha,Sharma,,4122915503,52 High Street,Middlesbrough,TS20 5XX,42698162847,family medicine,R0002029,1
805,Amara,Wilson,,2294901474,266 Victoria Road,Middlesbrough,TS25 4XX,26790735473,pediatrics,R0001566,1
807,C.,Ahmed, Jr,6165271795,88 High St,Middlesbrough,TS22 7XX,3354 158 7868,general practice,R0000469,1
809,Omar,Evans,,8401082262,116 Victoria Road,Newcastle,TS14 6XX,34434160992,orthopedics,R0003106,1
817,Amara,Thomas,,0614243960,288 Church Lane,Durham,TS15 5XX,59659277392,cardiovascular medicine,R0002586,1
820,David,Williams,,8490967202,141 Church Lane,Leeds,TS6 1XX,66179914008,ortho surgery,R0002095,1
824,Priya,Brown,,0160689926,27 High Street,Leeds,TS23 2XX,34379557449,pediatrics,R0002807,1
829,P.,Evans, Jr,,291 Victoria Road,Newcastle,TS1 2XX,2210 691 2596,gp,R0000017,1
831,Chen,Ahmed,,4423768340,227 Park Avenue,Durham,TS26 8XX,01743499166,family medicine,R0005679,1
841,Lucy,Khan,,5115042820,195 Park Ave,Newcastle,TS15 5XX,(3782) 8061152,general practice,R0005378,1
843,Fatiam,Williams,,,218 Victoria Road,Newcastle,TS16 2XX,05928286957,paediatrics,R0006323,1
845,Chen,Brown,,8783474980,242 Station Road,York,TS21 5XX,65133329134,paediatrics,R0004257,1
852,Chen,Sharma,,1689479842,243 Station Road,Leeds,TS29 6XX,87476732129,cardiovascular medicine,R0001671,2
857,David,Ahmed,,1016813332,32 High Street,York,TS11 3XX,29642880960,cardiovascular medicine,R0000096,1
858,A.,Davies, MD,,151 High Street,Middlesbrough,TS17 4XX,26430111669,family medicine,R0007112,1
863,Rajehs,Williams, MD,4124645522,15 church lane,Middlesbrough,TS20 5XX,(3336) 7140423,cardiovascular medicine,R0000157,2
864,Lcuy,Khan, MD,,286 High St,Leeds,TS11 4XX,7229 089 3614,cardiology,R0006927,1
865,Aisha,Brown,,6470193327,2 High Street,Durham,TS20 6XX,01896055474,family medicine,R0007150,2
868,Lucy,Smith,,5871835433,88 Victoria Road,Durham,TS29 3XX,25603405185,orthopedics,R0004055,1
873,Oamr,Patel, Dr,,297 victoria road,Newcastle,TS11 1XX,20553749702,cardiovascular medicine,R0000696,1
876,Mohammed,Smith,,0364642779,224 Victoria Road,Leeds,TS21 3XX,86820159684,ortho surgery,R0000712,1
877,Amara,Nguyen,,0284381118,43 High Street,Durham,TS4 6XX,42167555838,pediatrics,R0007145,1
882,Mohammed,Khan,,9814751332,130 Victoria Road,Leeds,TS21 8XX,77117774502,paediatrics,R0000447,1
884,Rajesh,Taylor,,0209823895,99 Park Avenue,Newcastle,TS16 3XX,88785501898,paediatrics,R0005816,1
888,Omar,Evans,,6428828632,45 Church Lane,Middlesbrough,TS10 6XX,41168616255,cardiovascular medicine,R0002683,1
897,Aisha,Wilson,,2974148511,171 Victoria Road,York,TS20 3XX,04636432227,family medicine,R0000624,1
898,Priya,Nguyen,,8179841533,108 Park Avenue,York,TS3 5XX,91915097906,gp,R0004961,1
899,Grace,Taylor,,0389360260,143 Park Avenue,Newcastle,TS3 5XX,36806154576,pediatrics,R0002845,1
900,Chen,Jones,,9648673308,294 Station Road,Middlesbrough,TS3 4XX,48680023089,pediatrics,R0003127,1
903,Priya,Brown,,8473695760,284 High Street,Durham,TS11 4XX,47990778454,family medicine,R0001669,2
909,James,Smith,,1474758330,164 Station Road,Middlesbrough,TS6 8XX,56365975769,cardiovascular medicine,R0002543,1
915,Wei,Khan, MD,7408324342,91 high st,Durham,TS22 8XX,1147 665 9304,general practice,R0006134,2
917,Omar,Ali,,0437729177,34 High Street,Durham,TS8 3XX,07857357461,family medicine,R0001175,2
919,John,Wilson,,0224841119,294 Station Road,Leeds,TS15 5XX,88284151317,orthopedics,R0006610,1
922,Sarah,Patel,,9258983803,214 High Street,York,TS26 7XX,91774019269,cardiology,R0000763,2
924,Amara,Nguyen, Jr,,297 high st,Newcastle,TS13 7XX,57794958716,orthopaedics,R0000476,1
925,David,Williams,,5424079567,215 Church Lane,Newcastle,TS9 6XX,22474834564,cardiology,R0004163,1
927,James,Williams,,2405253949,70 Victoria Road,Durham,TS9 7XX,28250518292,paediatrics,R0006568,3
930,Rajesh,Ahmed,,9370600337,296 Victoria Road,Newcastle,TS19 2XX,64558395698,cardiology,R0002417,1
932,Grace,Thomas,,9181597905,133 High Street,Durham,TS6 2XX,28385127824,family medicine,R0006598,1
938,Grace,Ali,,5719937059,137 High Street,Newcastle,TS29 5XX,72474089561,general practice,R0003961,1
939,Aisha,Sharma,,5436580255,223 Victoria Road,Durham,TS1 4XX,88841283704,ortho surgery,R0001385,1
940,Omar,Smith,,9211272250,299 Station Road,York,TS19 2XX,16249089924,general practice,R0006174,2
942,Chen,Taylor,,5599171054,42 Church Lane,Middlesbrough,TS19 5XX,03197408357,orthopaedics,R0003208,1
947,Rajesh,Patel,,9040946823,221 Park Avenue,Newcastle,TS6 4XX,21141615241,cardiology,R0004161,2
949,Grace,Smith,,5516197138,33 High Street,Leeds,TS21 5XX,21340642988,paediatrics,R0004734,1
954,Omar,Nguyen,,2967717221,118 High Street,Newcastle,TS10 4XX,47558479602,paediatrics,R0000561,1
955,Sarah,Ahmed,,,53 Church Ln,Newcastle,TS16 1XX,4293 959 5164,ortho surgery,R0001940,1
956,Fatima,Jones,,5175633666,135 High Street,Middlesbrough,TS9 4XX,55008508364,pediatrics,R0003316,1
957,E.,Jones,,6665321154,131 Church Ln,Newcastle,TS19 5XX,94393501049,gp,R0001375,2
964,David,Roberts,,9881807107,153 Station Road,Newcastle,TS9 6XX,68853569104,pediatrics,R0002676,1
968,James,Ahmed,,2464776552,128 Church Lane,York,TS28 3XX,71092623720,cardiovascular medicine,R0006437,2
969,Omar,Sharma,,3311966281,256 Victoria Road,York,TS10 7XX,42676434839,general practice,R0001593,1
973,Grace,Sharma,,3271323900,227 Church Lane,York,TS29 3XX,56638340992,cardiovascular medicine,R0003422,1
976,Elena,Ali, Jr,,103 Victoria Rd,Newcastle,TS11 3XX,0477 130 3924,paediatrics,R0005658,1
977,Aisha,Sharma,,7518101324,207 Victoria Road,Middlesbrough,TS29 3XX,20292850404,orthopaedics,R0005710,1
981,Chen,Khan,,9001183966,269 High Street,Middlesbrough,TS4 5XX,84571761339,pediatrics,R0006305,1
988,Rajesh,Sharma, Jr,,25 Station Road,Durham,TS23 3XX,8301 849 7037,cardiovascular medicine,R0001321,1
993,Sarah,Williams,,6697499218,125 Victoria Road,Newcastle,TS14 7XX,77627885072,cardiology,R0001883,1
997,Grace,Roberts,,1838542022,214 Church Lane,Durham,TS21 7XX,42338682287,cardiology,R0005457,1
1006,Elena,Patel,,9238055790,133 Station Road,Leeds,TS24 4XX,42565688593,general practice,R0003475,1
1009,James,Ahmed, Dr,0792283208,159 Victoria Road,Middlesbrough,TS18 4XX,96757566782,paediatrics,R0000518,1
1010,Sarah,Thomas,,2240780659,87 Park Avenue,Newcastle,TS24 5XX,96841615782,cardiovascular medicine,R0004302,2
1012,Grace,Jones,,3344183766,178 Victoria Road,Middlesbrough,TS10 3XX,90350180133,gp,R0005924,1
1013,Sarah,Brown,,0028421248,154 High Street,Middlesbrough,TS2 8XX,93331693222,orthopedics,R0006084,1
1014,Priya,Tyalor,,4407276536,205 Park Ave,Newcastle,TS8 8XX,95321914468,general practice,R0000378,1
1015,Fatima,Wilson,,7711135640,230 Church Lane,York,TS26 3XX,05748239685,cardiology,R0006176,1
1019,Rajesh,Sharma,,5045382158,242 Station Road,Middlesbrough,TS29 4XX,16392552416,cardiovascular medicine,R0000199,1
1021,Elena,Ahmed,,5098071441,169 Church Lane,York,TS10 6XX,29824745705,cardiovascular medicine,R0006851,1
1026,M.,Ali,,6629396473,114 Station Rd,Newcastle,TS21 4XX,(9666) 2599360,paediatrics,R0005455,1
1027,Aisha,Evans,,5403154986,41 Victoria Road,Leeds,TS4 5XX,09186255745,cardiology,R0002943,1
1038,Elena,Taylor, Jr,8856848630,267 church ln,York,TS21 6XX,62149893360,paediatrics,R0006600,2
1042,James,Davies,,4162297154,117 High Street,Middlesbrough,TS26 1XX,59364622515,family medicine,R0004865,1
1043,Omar,Ali,,6254430250,170 High Street,York,TS29 2XX,03087115469,orthopaedics,R0002799,1
1044,M.,Roberts, Dr,6826755435,240 Church Ln,Leeds,TS9 5XX,16705607534,cardiology,R0001242,1
1058,Lucy,Evans,,8986806939,2 Church Lane,York,TS9 1XX,87491746066,ortho surgery,R0001038,1
1061,David,Roberts,,9956776937,104 Park Avenue,Durham,TS27 1XX,88825005927,cardiology,R0003204,1
1062,John,Taylor,,9425342538,246 Church Lane,Middlesbrough,TS23 5XX,51570501858,general practice,R0006106,3
1063,Omar,Taylor,,1580085566,214 Church Lane,Durham,TS14 2XX,73831819642,pediatrics,R0002571,1
1065,Jaems,Jones, Jr,0690651679,152 High St,Middlesbrough,TS16 7XX,13462212979,cardiology,R0003916,2
1066,John,Patel, MD,9707594533,272 Park Ave,Newcastle,TS26 7XX,6537 328 5389,gp,R0000324,2
1067,Wei,Smith,,5192386397,13 High Street,Newcastle,TS1 5XX,18843297169,paediatrics,R0005908,1
1069,Amara,Jones,,0969256365,122 Victoria Road,Newcastle,TS27 5XX,07466017528,cardiovascular medicine,R0004248,1
1071,Sarah,Davies,,6889033322,252 Victoria Road,Newcastle,TS20 5XX,46845992220,paediatrics,R0002114,1
1072,Omar,Roberts,,3578477788,38 Church Lane,Leeds,TS29 4XX,99015060846,cardiology,R0003268,1
1074,Omar,Williams,,8758525415,275 Victoria Road,Newcastle,TS21 4XX,89877473986,ortho surgery,R0003660,2
1080,Sarah,Davies,,4178511455,265 Station Road,York,TS9 6XX,76090905106,gp,R0000087,3
1081,Mhoammed,Jones, Dr,2274415974,129 High St,Newcastle,TS4 1XX,77899907711,gp,R0000734,1
1089,Omar,Wilson,,4455321325,50 Victoria Road,Middlesbrough,TS9 1XX,97247952666,pediatrics,R0000547,3
1090,Chen,Taylor,,2481412046,196 Church Lane,Middlesbrough,TS4 4XX,11936473385,ortho surgery,R0005733,1
1099,Wei,Williams,,5598895875,25 Victoria Road,Middlesbrough,TS12 5XX,76918414504,cardiology,R0004832,1
1100,Chen,Ahmed,,5721265440,140 High Street,Middlesbrough,TS8 5XX,96686278215,family medicine,R0006846,1
1101,Priya,Ahmed,,5034760690,128 Victoria Road,Middlesbrough,TS19 3XX,78888347155,ortho surgery,R0000937,1
1102,Chen,Ali,,2152660715,268 Church Lane,Middlesbrough,TS6 5XX,44766782949,family medicine,R0004314,1
1103,Chen,Ali, MD,2325875474,29 Victoria Road,York,TS19 4XX,49556327304,orthopaedics,R0002348,1
1109,Aisha,Patel,,9293355833,59 Station Road,York,TS1 5XX,53803387436,paediatrics,R0007340,2
1113,Grace,Evans,,9047196404,192 Victoria Road,Durham,TS22 2XX,31794096432,orthopedics,R0007061,1
1114,Mohamemd,Williams, Dr,3141038989,175 Park Ave,Durham,TS1 4XX,4457 707 3592,paediatrics,R0003621,2
1116,Amara,Williams,,1209938491,117 Station Road,Newcastle,TS8 4XX,57415087220,general practice,R0000478,1
1117,A.,Nguyen,,4233906771,53 Church Ln,Leeds,TS12 1XX,00942743136,general practice,R0001430,2
1120,Amara,Ahmed,,8142167801,160 Church Lane,Newcastle,TS28 7XX,98356387547,orthopedics,R0001728,2
1124,Priya,Sharma,,0524298790,42 High Street,Middlesbrough,TS6 8XX,85693049565,pediatrics,R0007296,1
1128,Rajesh,Williams,,7957905951,221 High Street,Leeds,TS3 2XX,03116114106,paediatrics,R0006029,1
1132,Fatmia,Sharma,,,70 Park Ave,Leeds,TS1 7XX,(0414) 4589394,pediatrics,R0001142,1
1133,Amara,Brown,,9422142525,14 Park Avenue,Durham,TS26 1XX,04572466551,pediatrics,R0002183,1
1134,Rajesh,Nguyen,,1069850544,96 Church Lane,York,TS21 2XX,00457459763,cardiology,R0001421,1
1136,Grace,Ahmed,,1846703646,278 Church Lane,Middlesbrough,TS9 4XX,30028989961,pediatrics,R0002821,1
1142,Elena,Jones,,6861435598,240 Church Lane,Middlesbrough,TS6 2XX,51116294658,pediatrics,R0003378,2
1144,Amara,Ali,,5623111805,205 Church Lane,Middlesbrough,TS25 5XX,11764400532,pediatrics,R0001402,1
1146,Lucy,Sharma,,0467247576,240 High Street,Leeds,TS24 6XX,82024111138,orthopaedics,R0003269,1
1147,Fatima,Jones,,6162519364,60 Church Lane,York,TS3 7XX,62083979610,cardiology,R0001287,1
1153,Amara,Khan,,7728622055,170 High Street,Durham,TS9 2XX,15956868516,cardiovascular medicine,R0003946,2
1155,Fatima,Davies,,5269069432,4 Station Road,Leeds,TS23 2XX,29924421060,orthopaedics,R0001480,1
1159,Amara,Sharma,,0080794379,56 High Street,Newcastle,TS28 2XX,07060620015,general practice,R0000247,2
1161,Omar,Patel,,9604829423,242 Church Lane,Durham,TS27 2XX,95193660263,orthopedics,R0000296,1
1162,Amara,Nguyen,,5367602193,93 Church Lane,Newcastle,TS29 2XX,87616645261,orthopedics,R0001565,1
1167,C.,Roberts, Jr,8284179801,213 Park Avenue,Middlesbrough,TS14 2XX,(9936) 1098001,family medicine,R0004329,1
1170,Rajesh,Jones,,4433172439,196 Church Lane,Leeds,TS29 7XX,71811300035,pediatrics,R0004727,1
1172,Fatima,Taylor,,9049536286,1 Station Road,Middlesbrough,TS19 8XX,96983818959,cardiology,R0003527,1
1174,James,Taylor,,0631151509,150 High Street,Newcastle,TS29 8XX,88517528483,ortho surgery,R0005874,1
1177,Amara,Davies,,7195713950,296 Church Lane,Newcastle,TS3 2XX,44115507399,orthopaedics,R0004119,1
1180,Wei,Smith,,8082697725,108 Park Avenue,York,TS2 8XX,19907628129,gp,R0000681,1
1182,A.,Williams, Jr,4209515787,241 Station Road,Newcastle,TS23 4XX,79066843244,paediatrics,R0004376,2
1184,Priya,Sharma,,,57 High St,Middlesbrough,TS3 7XX,2899 591 8133,family medicine,R0007457,1
1185,Amara,Ahmed,,3751460051,169 Church Lane,Middlesbrough,TS25 5XX,69618468489,family medicine,R0004803,1
1186,Mohammed,Ahmed,,8994885016,189 Victoria Road,Newcastle,TS8 8XX,84346813194,general practice,R0001732,1
1198,Aisha,Evans, MD,0504770259,24 Victoria Road,Leeds,TS10 3XX,43967864403,pediatrics,R0006203,1
1200,Chen,Smith,,6541635285,267 Church Lane,Newcastle,TS3 2XX,14186432954,general practice,R0006095,2
1201,Grace,Davies,,6799231546,242 Park Avenue,York,TS1 6XX,19043806872,pediatrics,R0004763,1
1203,Rajesh,Jones,,8999152034,14 Station Road,Middlesbrough,TS12 2XX,04098914853,ortho surgery,R0001452,1
1206,Grace,Ali,,7215164513,299 Park Avenue,Durham,TS27 7XX,92355412392,paediatrics,R0006514,1
1208,Chen,Brown,,7869402176,176 Station Road,York,TS26 3XX,81020044212,ortho surgery,R0006219,2
1210,Fatima,Brown,,5599422410,242 Station Road,Leeds,TS22 8XX,32383545591,orthopaedics,R0006536,1
1212,Mohammed,Roberts,,5453410660,219 Station Road,Durham,TS5 8XX,33673053241,paediatrics,R0005472,1
1219,Rajesh,Roberts,,1958882108,206 Park Avenue,Newcastle,TS10 5XX,06968541263,cardiology,R0003950,2
1222,Chen,Roberts,,5279236620,291 Victoria Road,Durham,TS11 2XX,71335668232,ortho surgery,R0007322,1
1223,Aisha,Smith, MD,0785392490,175 Victoria Rd,Newcastle,TS15 8XX,16832558308,paediatrics,R0005897,2
1227,Fatima,Smith,,3026799192,8 Victoria Road,Newcastle,TS27 5XX,74042112798,orthopaedics,R0002751,1
1232,Rajesh,Ahmed,,1197534933,103 Church Lane,Middlesbrough,TS4 8XX,63540715244,pediatrics,R0003551,1
1235,Omar,Patel,,4490029074,167 Victoria Road,Leeds,TS15 4XX,33719808592,cardiovascular medicine,R0005409,2
1236,Aisha,Sharma, MD,3585800423,223 victoria rd,Leeds,TS2 7XX,(2579) 3948126,ortho surgery,R0001467,1
1238,Amara,Taylor, Jr,2848455668,43 High Street,Newcastle,TS4 8XX,85668993318,paediatrics,R0005028,1
1240,Fatima,Nguyen,,2347975914,212 Station Road,Middlesbrough,TS12 7XX,38672823762,cardiology,R0001562,2
1241,Mohammed,Smith,,3772383247,195 Church Lane,York,TS21 7XX,64772673260,cardiology,R0004013,1
1245,Rajesh,Brown,,4723359952,213 Victoria Road,Leeds,TS11 8XX,24936094654,orthopaedics,R0001302,1
1247,John,Taylor,,3882538986,11 Victoria Road,York,TS19 3XX,79562130967,orthopedics,R0005471,1
1249,Grace,Smith,,6239174449,93 Church Lane,Leeds,TS1 2XX,11949521710,pediatrics,R0002977,1
1253,W.,Wilson,,,249 church ln,Newcastle,TS19 6XX,(1205) 0687567,cardiovascular medicine,R0005072,1
1254,F.,Wilson,,3803721781,77 Park Avenue,Newcastle,TS5 8XX,46227599678,cardiology,R0003539,1
1255,Rajesh,Wilson,,8658937270,52 Station Rd,Leeds,TS24 4XX,(1931) 5066924,paediatrics,R0004063,1
1256,Priya,Brown,,6098605807,171 Victoria Road,Middlesbrough,TS7 6XX,97565570207,ortho surgery,R0000921,1
1257,John,Khan,,4177584112,22 Station Road,Leeds,TS7 5XX,16365942564,cardiovascular medicine,R0000322,1
1258,Aisha,Jones,,3286553865,218 Park Avenue,Durham,TS12 6XX,76110215902,pediatrics,R0002576,1
1260,Mohammed,Taylor,,5528645237,198 High Street,Middlesbrough,TS5 8XX,89332779299,orthopedics,R0004357,1
1261,James,Ali,,2087246832,72 High Street,Newcastle,TS24 8XX,72224964784,paediatrics,R0002344,1
1265,G.,Patel, Dr,9260198218,141 Victoria Road,Middlesbrough,TS24 5XX,(1361) 5032691,ortho surgery,R0000231,1
1274,Rajesh,Thomas,,8911606175,235 Victoria Road,Newcastle,TS10 1XX,55466692526,cardiology,R0006077,1
1278,John,Thomas,,5346740457,206 Victoria Road,Durham,TS8 1XX,21621547900,ortho surgery,R0003541,1
1279,Priya,Nguyen,,3158706319,66 Church Lane,Newcastle,TS23 3XX,73561849086,gp,R0006911,1
1281,Priya,Sharma,,7445520682,221 Station Road,Middlesbrough,TS8 3XX,88841900705,gp,R0005737,1
1282,John,Khan,,1678865422,181 park ave,York,TS8 4XX,39997376728,cardiovascular medicine,R0007484,3
1284,John,Thomas, Dr,7261592705,284 High Street,Newcastle,TS13 8XX,91564648648,cardiology,R0004994,2
1286,Elena,Davies,,3134085088,208 High Street,Middlesbrough,TS11 5XX,74606954290,orthopedics,R0000263,3
1287,John,Taylor,,4806205977,232 Park Avenue,Durham,TS15 2XX,84531976485,cardiology,R0000000,1
1290,Priya,Sharma,,0570547210,274 Church Lane,York,TS27 4XX,16036254929,orthopaedics,R0000838,1
1294,Mohammed,Patel,,8281306780,82 Victoria Road,Leeds,TS4 6XX,37308850457,paediatrics,R0005590,2
1296,Omar,Thomas, Jr,7665870951,118 Station Rd,Newcastle,TS18 7XX,0527 004 8930,ortho surgery,R0006666,3
1297,Mohammed,Roberts,,1103624280,45 Station Road,York,TS25 4XX,05239925599,cardiology,R0001039,1
1301,Sarah,Ahmed,,7318697766,247 Church Lane,Newcastle,TS24 2XX,92794197491,cardiovascular medicine,R0002859,1
1305,Rajesh,Sharma,,6498946177,204 Park Avenue,Middlesbrough,TS14 3XX,95641663636,orthopaedics,R0001867,2
1306,David,Nguyen,,9362475957,98 Church Lane,Durham,TS24 8XX,35781001221,gp,R0003396,1
1310,Wei,Thomas,,4861702880,256 Station Road,Middlesbrough,TS8 8XX,16883641276,orthopaedics,R0000622,1
1313,John,Sharma,,0986391072,175 Park Avenue,Durham,TS4 5XX,43481579551,family medicine,R0005607,1
1315,Aisha,Jones, Dr,4712725774,217 station road,Leeds,TS2 1XX,(1849) 0964592,paediatrics,R0006120,2
1317,Lucy,Patel,,3512658803,115 Victoria Road,Newcastle,TS3 7XX,28412970985,orthopedics,R0002515,1
1320,Fatima,Wislon, MD,8336053957,210 church lane,York,TS16 6XX,10093212497,pediatrics,R0002897,1
1324,Chen,Jones, Jr,1627752208,13 Station Rd,York,TS1 5XX,(2537) 9684131,general practice,R0004618,2
1328,Priya,Khan, Dr,3818072942,225 park avenue,Durham,TS9 1XX,3817 419 5603,pediatrics,R0000432,1
1330,Priya,Brown, Dr,3361725430,110 Church Lane,Middlesbrough,TS8 7XX,11834141485,cardiology,R0006455,2
1332,Elena,Wilson,,1359863913,177 Church Lane,York,TS20 4XX,94601208683,pediatrics,R0002662,1
1334,James,Daives, MD,1406566194,176 Victoria Road,York,TS11 8XX,(8199) 6931108,ortho surgery,R0006672,1
1335,Elena,Sharma,,5942725222,142 Station Road,Newcastle,TS20 6XX,00380782110,gp,R0001926,1
1338,Fatima,Smith,,5703334150,156 High Street,York,TS27 6XX,33406173341,general practice,R0002840,1
1342,Aisha,Jones,,9961699443,87 Station Road,Durham,TS29 3XX,80091483306,pediatrics,R0002304,1
1343,Fatima,Smith,,9504105004,259 Park Avenue,Leeds,TS3 6XX,12518737083,ortho surgery,R0004693,1
1345,Wei,Ahmed,,0742019859,295 High Street,Middlesbrough,TS7 4XX,29524961496,orthopaedics,R0007071,1
1347,E.,Patel,,8404528296,126 Church Lane,York,TS24 6XX,(9058) 5278258,gp,R0001783,1
1348,Rajesh,Roberts,,5045866370,109 High Street,Leeds,TS14 1XX,58302067223,family medicine,R0004789,1
1351,A.,Sharma, Jr,8719969855,26 victoria rd,Middlesbrough,TS14 5XX,07608410234,family medicine,R0005060,2
1355,Wei,Sharma,,0968354047,45 High Street,Middlesbrough,TS1 8XX,45625027812,orthopaedics,R0005890,1
1356,Wei,Patel,,8721142187,272 Church Lane,Middlesbrough,TS5 6XX,34829952928,pediatrics,R0004782,1
1360,Aisha,Wilson,,8762226315,28 High Street,Middlesbrough,TS26 5XX,26398923661,gp,R0006268,1
1362,Lucy,Williams,,,280 Park Avenue,Newcastle,TS18 6XX,68707756028,pediatrics,R0002464,1
1364,Aisha,Brown,,0595418192,69 High Street,Leeds,TS1 1XX,16826343855,cardiovascular medicine,R0000904,1
1367,Aisha,Davies,,0108005424,68 Church Lane,Middlesbrough,TS14 7XX,96173161555,cardiology,R0005469,1
1368,Omar,Smith,,9312012012,242 Park Avenue,Middlesbrough,TS27 8XX,30210817643,family medicine,R0004326,1
1370,Omar,Ali,,8855308369,295 Station Road,Middlesbrough,TS12 8XX,02071220938,family medicine,R0003770,1
1372,J.,Williams, Jr,,70 Church Ln,Middlesbrough,TS19 3XX,(0984) 2210942,family medicine,R0007246,1
1376,Chen,Patel,,1885316583,143 Park Avenue,Newcastle,TS5 7XX,64211255979,ortho surgery,R0002691,2
1383,Grace,Simth, Dr,2359108597,229 Victoria Rd,Middlesbrough,TS25 1XX,(4686) 3794241,gp,R0006871,1
1385,Rajesh,Evans,,1284542876,243 Station Road,Durham,TS28 6XX,42536017345,pediatrics,R0000221,1
1387,Rajesh,Williams,,5930397891,212 Station Road,Middlesbrough,TS1 7XX,91750985737,cardiology,R0000107,1
1390,Aisha,Brown,,4919000282,263 Church Lane,Newcastle,TS26 4XX,34536808607,pediatrics,R0003296,1
1392,David,Roberts,,0091635127,255 Church Lane,York,TS28 4XX,87423836139,cardiovascular medicine,R0001677,1
1396,John,Thoams, Dr,,43 Victoria Rd,Durham,TS3 2XX,9871 321 2425,cardiovascular medicine,R0006845,1
1397,Sarah,Jones,,0406067337,202 Victoria Road,Newcastle,TS19 2XX,31017452044,pediatrics,R0004165,1
1398,Sarah,Patel,,2373935587,53 Victoria Road,Newcastle,TS4 1XX,41452093866,paediatrics,R0001210,1
1399,Lucy,Taylor,,7733407197,87 Station Road,Middlesbrough,TS23 4XX,14966519757,orthopaedics,R0001741,1
1401,Grace,Ahmed,,6025349661,89 Church Lane,Newcastle,TS19 7XX,99322738861,gp,R0001569,1
1402,Wei,Davies,,6890868361,198 High Street,Middlesbrough,TS1 4XX,33699534695,pediatrics,R0005819,1
1404,Chen,Sharma,,5854985146,274 Station Road,York,TS20 1XX,57257062360,pediatrics,R0000376,1
1411,Sarah,Jones,,0831211075,215 Victoria Road,Newcastle,TS19 5XX,99157846466,family medicine,R0003739,1
1413,Mohammed,Smith, Dr,7153874705,73 High St,Middlesbrough,TS9 1XX,3977 596 5109,gp,R0007303,4
1415,John,Ali,,6735148958,46 Church Lane,York,TS11 7XX,05375671726,cardiovascular medicine,R0005836,1
1418,John,Taylor,,3510107615,168 Church Lane,Middlesbrough,TS29 8XX,78585118471,family medicine,R0001509,1
1432,Sarah,Jonse,,3186139832,167 Station Road,Middlesbrough,TS27 6XX,(4697) 4776948,orthopedics,R0005880,1
1434,Rajesh,Davies,,4636220011,5 Park Avenue,Leeds,TS11 2XX,42305269458,orthopaedics,R0002177,2
1435,Lucy,Taylor,,7896208052,63 Church Lane,Newcastle,TS14 2XX,41809268194,family medicine,R0004141,1
1438,Chen,Khan,,4889103905,262 Station Road,Durham,TS20 7XX,76492902076,orthopaedics,R0006825,1
1442,Sarah,Jones,,3744259894,46 High Street,Leeds,TS7 5XX,14545511643,family medicine,R0006577,1
1444,Chen,Thomas,,7315422183,258 Victoria Road,Durham,TS5 1XX,40996286382,family medicine,R0001740,1
1445,Wei,Ahmed,,6931136074,126 Park Avenue,York,TS5 1XX,55881321005,cardiology,R0000505,2
1447,Lucy,Ali,,2273165234,5 Station Road,Middlesbrough,TS19 3XX,43156557078,pediatrics,R0003936,1
1451,Mohammed,Nguyen, Dr,7092926686,280 station rd,York,TS27 1XX,(7919) 9870137,cardiovascular medicine,R0004836,1
1453,John,Patel,,5403923612,75 Station Road,Middlesbrough,TS14 4XX,17512520726,paediatrics,R0006394,1
1454,Omar,Nguyen,,5404030353,84 High St,York,TS25 7XX,44551105352,pediatrics,R0005826,1
1455,Omar,Nguyen,,8131194994,214 Church Lane,Middlesbrough,TS7 6XX,85235702172,orthopaedics,R0006435,1
1456,Wei,Amhed, MD,8869986900,263 Church Ln,Durham,TS27 6XX,(2900) 7951092,ortho surgery,R0001488,2
1458,Chen,Smith,,3803178267,191 Victoria Road,Newcastle,TS14 1XX,75456233460,orthopedics,R0002263,1
1460,Grace,Roberts,,4897052008,172 Station Road,Middlesbrough,TS22 6XX,45594006090,paediatrics,R0006624,1
1461,Daivd,Williams, Jr,7960473770,167 church ln,Middlesbrough,TS15 4XX,88456667981,pediatrics,R0000334,2
1464,Amara,Brown,,5943282057,56 High Street,Durham,TS13 7XX,08866718774,cardiology,R0003125,1
1466,Elena,Taylor,,7124885990,267 Church Lane,Newcastle,TS8 3XX,37473924873,paediatrics,R0005780,1
1468,Chen,Taylor,,6588243602,166 Victoria Road,Durham,TS24 6XX,74440397312,family medicine,R0005090,1
1469,Elena,Roberts,,8430817666,184 Church Lane,Middlesbrough,TS27 5XX,93214566820,gp,R0006723,1
1470,Chen,Ali,,0061955825,62 victoria rd,Middlesbrough,TS6 2XX,31184349449,pediatrics,R0000747,2
1471,David,Nguyen,,5156817695,212 Victoria Road,York,TS2 1XX,15859562070,cardiovascular medicine,R0004855,1
1472,Fatima,Thomas,,,151 High St,Durham,TS18 5XX,37944104478,family medicine,R0002063,1
1474,David,Brown,,7282583709,28 Park Avenue,Middlesbrough,TS28 7XX,23939262688,pediatrics,R0006549,1
1476,James,Evans,,2836526493,56 Station Road,Middlesbrough,TS16 5XX,71325249390,family medicine,R0003784,1
1477,Sarah,Thomas,,3146500792,178 Victoria Rd,York,TS5 3XX,(9386) 8414994,general practice,R0003393,2
1479,John,Roberts,,5854344914,190 High Street,Middlesbrough,TS14 4XX,26074095465,ortho surgery,R0004829,1
1480,Amara,Davies,,1345448885,140 High St,Newcastle,TS6 3XX,(2650) 5050080,orthopedics,R0002939,1
1481,Elena,Taylor,,2890730902,143 High Street,York,TS18 3XX,01989557642,pediatrics,R0000259,1
1483,Chen,Jones,,3692818215,23 Victoria Road,Newcastle,TS11 1XX,01648079799,family medicine,R0006716,2
1485,Aisha,Wilson, MD,1538265171,82 station rd,Leeds,TS24 2XX,01658096351,paediatrics,R0007306,2
1489,Elena,Taylor,,5768354935,253 High Street,Newcastle,TS12 3XX,54855103996,paediatrics,R0000045,1
1490,Aisha,Evans,,9388809527,224 Church Lane,Leeds,TS4 7XX,46126202898,orthopaedics,R0005994,1
1491,Wei,Nguyen,,4843377905,122 Station Road,Newcastle,TS8 1XX,39565191379,cardiology,R0005218,1
1492,David,Smith,,2001935969,196 Church Lane,Middlesbrough,TS5 8XX,96317396584,family medicine,R0005213,1
1494,Elena,Khan,,9899814302,74 Park Avenue,Leeds,TS18 6XX,09430888568,gp,R0006451,1
1496,J.,Davies, MD,3976652559,34 Victoria Rd,Newcastle,TS13 8XX,6697 532 2623,cardiovascular medicine,R0007180,1
1497,Mohammed,Jones,,9023173438,201 Church Lane,Durham,TS19 8XX,69601701732,orthopedics,R0001871,2
1498,Sarah,Ahmed, Jr,,155 High Street,Leeds,TS25 3XX,7215 132 8575,orthopedics,R0001535,1
1499,Elena,Nguyen,,8795160481,132 Church Lane,Durham,TS22 5XX,32172602370,family medicine,R0003076,1
1501,Grace,Brown,,7133444330,266 High Street,Leeds,TS20 8XX,92530701885,cardiovascular medicine,R0004921,1
1502,David,Nguyen,,0980233561,180 Victoria Road,Middlesbrough,TS18 6XX,34014159376,gp,R0004591,1
1504,Rajesh,Smith,,8487918728,220 Church Lane,Durham,TS28 5XX,68769960635,pediatrics,R0002948,1
1508,Aisha,Davies,,5474818922,81 Victoria Road,York,TS21 2XX,47840468871,orthopaedics,R0001297,2
1509,John,Patel,,1144292543,233 Victoria Road,Newcastle,TS1 4XX,14643323360,cardiology,R0000425,2
1512,James,Evans,,1802160059,283 Church Lane,York,TS20 5XX,35026301830,paediatrics,R0000408,3
1514,Chen,Sharma,,5760196471,255 victoria rd,Newcastle,TS14 2XX,(5436) 2013829,orthopedics,R0004076,1
1516,Jhon,Ali,,,271 Station Rd,Leeds,TS6 1XX,0641 835 2293,general practice,R0007232,1
1518,Elena,Williams,,9933205281,258 Park Avenue,York,TS18 1XX,46385301448,gp,R0000434,1
1519,Jhon,Taylor, Jr,9715925725,176 Church Ln,Middlesbrough,TS6 5XX,19573247321,pediatrics,R0000752,2
1521,Priya,Roberts,,9503331198,26 High Street,Leeds,TS4 1XX,63527418276,general practice,R0005787,1
1522,Elena,Nguyen,,3664671148,111 Station Road,York,TS13 7XX,16621702400,paediatrics,R0004085,2
1523,Sarah,Patel,,3201672393,200 Park Avenue,Newcastle,TS27 8XX,19628394649,pediatrics,R0004672,1
1525,Amara,Evans,,3994739563,37 Church Ln,Leeds,TS8 8XX,39068003315,paediatrics,R0005078,2
1526,Chen,Wilson,,3847635206,230 Station Road,York,TS3 6XX,12196648040,cardiovascular medicine,R0002646,1
1528,Chen,Brown,,2704561021,277 Church Lane,Newcastle,TS9 4XX,20725681594,orthopedics,R0000625,2
1529,Priya,Sharma,,5295890801,30 Church Lane,York,TS19 1XX,17531234844,ortho surgery,R0002673,1
1531,Omar,Wilson,,8210562773,196 Station Road,Durham,TS20 2XX,24519330829,family medicine,R0000210,1
1532,L.,Patel,,4343164251,235 Victoria Rd,Durham,TS25 4XX,(8299) 9726133,paediatrics,R0007038,2
1533,Elena,Roberts,,6484375138,55 Victoria Road,Durham,TS9 2XX,95088488156,paediatrics,R0007169,1
1534,Priya,Patel,,7057741986,118 High Street,Middlesbrough,TS10 2XX,82298235698,cardiovascular medicine,R0000110,1
1535,Aisha,Smith,,3196776708,112 Park Avenue,Durham,TS12 7XX,30921628409,cardiovascular medicine,R0000050,2
1538,Aisha,Williams,,6240468999,32 Church Lane,Leeds,TS5 2XX,07353545194,ortho surgery,R0003846,1
1539,Chen,Wilosn, Jr,4135330982,253 church ln,Leeds,TS12 2XX,(9052) 2236374,orthopaedics,R0001634,1
1540,Lucy,Evans,,1254184671,25 Station Road,Durham,TS23 2XX,37304159125,general practice,R0003034,1
1544,Lucy,Evans,,2289535043,297 Church Lane,Newcastle,TS24 4XX,75940950620,gp,R0006970,1
1545,Elena,Sharma,,4070772950,203 High Street,Leeds,TS1 5XX,17561965944,cardiovascular medicine,R0006377,1
1546,John,Taylor,,5616474015,4 High Street,Leeds,TS27 6XX,88865363653,cardiovascular medicine,R0006078,1
1548,Jonh,Brown,,4865095359,16 high street,Middlesbrough,TS18 7XX,9805 213 9527,ortho surgery,R0004562,2
1550,Rajesh,Jones,,0176295773,119 Church Lane,York,TS14 6XX,30049251614,gp,R0001902,1
1551,Fatima,Evans, Dr,7123608059,42 High St,Durham,TS16 7XX,5841 694 8867,orthopedics,R0001499,2
1553,Rajesh,Roberts,,8753245327,36 Church Lane,York,TS24 8XX,77287515613,ortho surgery,R0003943,3
1557,Omra,Wilson, Dr,,56 Victoria Road,Newcastle,TS16 2XX,33530288472,pediatrics,R0006607,1
1558,James,Davies,,1406566194,248 High Street,Newcastle,TS25 7XX,70380006739,orthopedics,R0006671,1
1560,Chen,Smith,,5729677181,277 Victoria Road,Durham,TS18 8XX,44621975276,cardiology,R0007079,1
1562,Wei,Patel,,9525233464,208 High Street,Newcastle,TS9 6XX,42574450113,paediatrics,R0006046,1
1566,A.,Taylor,,3874932008,189 High Street,Durham,TS3 2XX,32194479244,gp,R0002795,2
1568,O.,Thomas, MD,7741169788,282 High St,Newcastle,TS21 4XX,9487 038 7129,general practice,R0004527,1
1571,Fatima,Thomas, Jr,8295386740,233 Church Ln,Durham,TS24 1XX,2708 673 6211,orthopaedics,R0005202,2
1577,Mohammed,Williams,,6981127075,121 Park Ave,Newcastle,TS18 5XX,46300764742,ortho surgery,R0001888,4
1578,A.,Evans, MD,2065097422,274 Station Rd,Newcastle,TS7 2XX,4038 806 9534,family medicine,R0000730,1
1581,Fatima,Khan,,5102843396,275 Park Ave,Newcastle,TS6 2XX,(1487) 4899281,cardiovascular medicine,R0007093,1
1583,Rajesh,Thomas,,5967760415,144 High Street,York,TS10 1XX,15087717630,paediatrics,R0000325,1
1584,Grace,Sharma,,8630784948,63 High Street,York,TS22 5XX,55150838336,orthopedics,R0006249,1
1588,James,Sharma,,8413322970,201 Victoria Road,Leeds,TS8 6XX,94945597612,orthopedics,R0006524,1
1593,S.,Smith,,4031960180,164 Station Road,York,TS9 1XX,(7351) 0210625,cardiology,R0007034,1
1594,Omar,Khan,,0677644794,92 Church Lane,Leeds,TS3 6XX,00466993435,paediatrics,R0005498,2
1596,Omar,Ahmed,,0993447390,233 Church Lane,York,TS9 4XX,33046997839,paediatrics,R0006074,1
1597,Mohammed,Ahmed,,9694074013,207 High Street,Durham,TS18 3XX,0093 178 1972,orthopedics,R0000865,2
1601,Sarah,Thomas,,2469641460,42 Park Ave,Middlesbrough,TS24 8XX,09208349956,ortho surgery,R0004897,2
1605,James,Brown,,9480481070,253 Station Road,Newcastle,TS26 2XX,47335700132,pediatrics,R0002337,2
1606,F.,Smith, MD,5242507210,77 Station Rd,Durham,TS22 8XX,2748 392 9723,pediatrics,R0005537,1
1608,Priya,Patel,,7204392211,99 Church Lane,Leeds,TS21 7XX,42899987939,general practice,R0001952,1
1611,Lucy,Davies,,8278159580,294 Station Road,Middlesbrough,TS21 5XX,18577925163,family medicine,R0003948,1
1618,Omar,Khan,,0885284232,294 Station Road,Leeds,TS20 1XX,31697250425,pediatrics,R0001360,1
1619,John,Nguyen,,8274139979,157 Church Lane,Durham,TS5 3XX,19694465335,pediatrics,R0000911,1
1621,Elena,Khan,,0881245966,127 Park Avenue,Durham,TS27 8XX,40932171920,orthopaedics,R0002899,1
1622,Aisha,Brown,,6588792428,14 Station Road,Durham,TS7 6XX,07855455451,orthopaedics,R0003043,1
1623,James,Roberts,,9971848265,171 Church Lane,Leeds,TS2 8XX,79536395663,ortho surgery,R0003995,1
1627,Fatima,Taylor,,8107382454,18 Park Avenue,York,TS13 2XX,16961143244,paediatrics,R0006398,1
1629,Grace,Smith,,6974080661,59 Park Avenue,Middlesbrough,TS7 7XX,92997126984,cardiology,R0000122,1
1630,David,Roberts,,3983472025,277 High Street,Leeds,TS27 1XX,04001181576,cardiovascular medicine,R0000479,1
1631,Chen,Davies,,9219591840,168 Park Avenue,York,TS29 6XX,98563838591,pediatrics,R0006239,1
1632,Aisha,Sharma, MD,2902399880,177 High Street,Newcastle,TS11 2XX,59741701710,cardiology,R0004983,2
1633,Grace,Brown,,8895416556,115 Victoria Road,Middlesbrough,TS13 6XX,87789625717,paediatrics,R0000291,3
1637,Mohammed,Khan,,1536708017,297 Park Avenue,Newcastle,TS17 4XX,67639332225,paediatrics,R0000940,1
1638,Pryia,Khan,,6096862639,242 park ave,Newcastle,TS14 7XX,0490 437 4252,cardiology,R0005437,1
1645,Rajesh,Ali,,1321984379,38 Church Lane,Newcastle,TS1 6XX,64412612418,gp,R0006069,1
1649,C.,Taylor,,1569165500,250 park avenue,Middlesbrough,TS18 1XX,83434566918,ortho surgery,R0001174,3
1653,David,Patel,,6221415971,19 High Street,Newcastle,TS26 3XX,43529413828,cardiovascular medicine,R0002886,1
1654,Elena,Thomas, Jr,2065736098,191 Station Rd,Leeds,TS5 8XX,08192402953,gp,R0004935,2
1656,S.,Ahmed,,8452110128,59 High Street,Durham,TS23 7XX,37716239277,cardiology,R0007500,3
1659,Fatima,Davies,,9776676579,160 Church Lane,Leeds,TS12 1XX,38085348152,family medicine,R0001965,1
1660,Aisha,Khan,,9277641506,250 Station Road,Middlesbrough,TS17 2XX,90873532335,orthopaedics,R0003438,2
1661,Wei,Brown,,1113631916,124 Church Lane,Middlesbrough,TS24 1XX,10130102127,general practice,R0004914,1
1663,Rajesh,Ali,,9046185903,190 Victoria Road,Leeds,TS16 2XX,31581038336,ortho surgery,R0006909,1
1665,Mohammed,Taylor,,1443062471,171 Park Avenue,Leeds,TS15 1XX,43156363827,cardiology,R0002868,1
1668,Lucy,Thomas,,8789884823,269 Victoria Road,Leeds,TS25 4XX,24505143680,pediatrics,R0003128,1
1669,Sarah,Daives,,7713495632,57 Church Lane,Newcastle,TS17 3XX,1049 151 6020,pediatrics,R0001737,1
1672,David,Thomas,,6128563850,62 Park Avenue,Leeds,TS25 6XX,10021614360,cardiology,R0003102,2
1676,Lucy,Khan, MD,0152403445,254 Station Rd,Newcastle,TS25 5XX,6418 798 2229,cardiology,R0000061,3
1679,Sarah,Davies,,5437272875,246 High Street,Leeds,TS19 5XX,10634682689,cardiovascular medicine,R0002778,1
1683,Omar,Roberts,,4550565455,87 Victoria Road,York,TS7 1XX,81471266257,pediatrics,R0002229,1
1684,David,Thomas,,8981348078,133 High Street,Leeds,TS19 5XX,42025291732,pediatrics,R0004669,1
1691,David,Khan,,7789123949,208 Station Road,Leeds,TS6 3XX,83820592792,cardiology,R0006887,2
1693,Chen,Roberts,,5127720976,33 Victoria Road,York,TS4 1XX,96731777563,cardiology,R0003882,1
1694,Amara,Ahmed,,1310509117,213 Church Lane,Newcastle,TS3 1XX,74857467807,orthopaedics,R0006866,1
1695,Omar,Nguyen, MD,4540126756,49 Church Lane,Durham,TS8 2XX,7521 451 9771,pediatrics,R0006179,2
1696,James,Brown,,8003000772,76 Station Road,Durham,TS12 3XX,24929245872,ortho surgery,R0006369,1
1697,Aisah,Roberts,,7800308058,87 Church Ln,York,TS3 8XX,1696 728 4033,cardiology,R0000184,1
1701,Luyc,Sharma, Jr,0313196297,255 Church Ln,Middlesbrough,TS10 5XX,(7272) 2414327,orthopedics,R0000421,2
1702,Elena,Kahn,,2705931563,242 Park Avenue,Newcastle,TS19 7XX,(3284) 1190829,cardiovascular medicine,R0005243,2
1703,W.,Patel, Jr,2792577188,279 Park Ave,York,TS12 8XX,8573 709 5515,cardiovascular medicine,R0000554,2
1706,Sarah,Davies,,9297101768,31 Church Lane,Middlesbrough,TS29 7XX,79255295934,gp,R0002663,2
1712,Wei,Evans,,,294 Park Avenue,Newcastle,TS26 8XX,79946898834,ortho surgery,R0002656,1
1714,David,Wilson,,9051568519,85 Church Lane,York,TS19 3XX,90194899766,gp,R0001701,1
1715,Elena,Ahmed,,5480028179,158 Station Rd,Middlesbrough,TS6 7XX,08058270292,orthopaedics,R0005354,1
1716,Rajesh,Ahmed,,7687225362,150 Church Lane,Durham,TS16 4XX,95756815394,orthopaedics,R0006337,1
1718,Garce,Williams,,,179 High St,Durham,TS14 8XX,(1293) 3610899,cardiology,R0001978,1
1719,David,Williams,,0447454476,118 Victoria Road,York,TS1 5XX,30866696777,gp,R0001905,1
1720,Chen,Thomas,,0541394182,76 Church Lane,Middlesbrough,TS2 8XX,66060175833,paediatrics,R0004003,1
1723,S.,Evans,,2104132474,263 Victoria Road,Middlesbrough,TS17 3XX,66915738017,ortho surgery,R0000794,1
1725,Chen,Roberts,,8546711451,127 High Street,York,TS6 2XX,39048087040,family medicine,R0005095,1
1726,Grace,Patel,,4149780786,142 Park Avenue,Middlesbrough,TS22 7XX,24401315006,general practice,R0001880,1
1727,John,Brwon,,4790948045,299 church ln,Middlesbrough,TS1 7XX,97992549515,cardiology,R0005889,2
1728,Sarah,Taylor,,9851957378,25 Church Lane,Durham,TS23 3XX,64552937772,paediatrics,R0004701,1
1733,Fatima,Williams,,5231866368,277 Park Avenue,Newcastle,TS12 7XX,07528697197,cardiovascular medicine,R0007170,1
1737,Rajesh,Davies,,6526807620,26 Church Lane,Newcastle,TS23 7XX,41555972703,family medicine,R0006011,1
1738,Elnea,Roberts, Dr,1014917633,286 Victoria Rd,Durham,TS7 8XX,40884728325,family medicine,R0000711,2
1740,Mohammed,Nguyen,,8450807380,34 Station Road,Durham,TS21 1XX,03664535620,cardiology,R0004962,2
1744,Grace,Thomas,,5599524563,232 High Street,Newcastle,TS28 1XX,34773342420,gp,R0001371,1
1746,Aisah,Taylor, MD,9682517285,271 Park Avenue,Durham,TS27 4XX,3741 696 5236,cardiology,R0005673,2
1748,Aisha,Patel,,0548041047,94 High Street,Newcastle,TS16 4XX,93271889468,general practice,R0000907,2
1750,Wei,Wilson,,7248896836,242 Park Avenue,Newcastle,TS11 7XX,51694599476,cardiovascular medicine,R0001433,1
1751,David,Smith,,1367627967,34 Victoria Road,Durham,TS26 3XX,31159270954,family medicine,R0002406,1
1758,Wei,Evans,,6600843017,2 Park Avenue,Leeds,TS7 3XX,48478529669,cardiovascular medicine,R0004210,1
1760,Sraah,Evans, Dr,0748859974,37 Victoria Rd,Durham,TS16 5XX,63250259673,gp,R0002809,1
1762,Elena,Khan,,6379936462,275 Church Lane,Middlesbrough,TS7 2XX,31698763956,orthopedics,R0005552,1
1763,Rajesh,Ahmed,,3384893296,43 Station Road,Durham,TS15 8XX,29911502499,cardiology,R0000014,2
1766,Lucy,Thomas,,7047777387,155 Station Road,Middlesbrough,TS10 8XX,59369374977,general practice,R0006597,1
1769,Mohammed,Ali,,4433977621,125 Church Lane,Durham,TS1 1XX,00454006312,general practice,R0005316,1
1771,Jmaes,Taylor, Jr,3439347357,26 Victoria Rd,Middlesbrough,TS19 5XX,(5928) 6477050,general practice,R0007132,2
1772,Omar,Patel,,7822476609,21 High St,Durham,TS24 6XX,91119986141,orthopedics,R0005913,2
1776,Mohammed,Williams,,9554506156,180 Victoria Road,Middlesbrough,TS26 7XX,74804958567,paediatrics,R0004761,1
1779,Wei,Nguyen,,4747824511,269 Park Avenue,Newcastle,TS19 5XX,38746715236,paediatrics,R0005827,1
1781,James,Ali,,8438322573,113 High Street,Newcastle,TS3 5XX,16301415829,ortho surgery,R0003979,2
1784,W.,Roberts,,5760770273,232 park avenue,Middlesbrough,TS8 2XX,6947 384 1521,paediatrics,R0002934,1
1789,David,Sharma,,5391384763,154 Park Avenue,Leeds,TS22 2XX,61860119522,general practice,R0001322,3
1790,S.,Khan,,3917011400,48 Station Rd,Durham,TS11 1XX,0094 118 8757,ortho surgery,R0005550,3
1793,David,Roberts,,1945841290,204 Victoria Road,Durham,TS15 3XX,80723051134,cardiovascular medicine,R0002522,2
1796,Mohammed,Ali,,4101237483,198 Church Lane,Newcastle,TS21 8XX,80008787704,cardiovascular medicine,R0006664,1
1800,Omar,Smiht,,8086841118,253 church ln,Leeds,TS4 1XX,27869336197,ortho surgery,R0001033,2
1801,Lucy,Smith,,8554404342,145 Church Lane,Newcastle,TS3 4XX,20745619882,cardiology,R0005838,2
1802,Rajesh,Evans,,9785907297,177 High Street,Leeds,TS2 6XX,26052340373,cardiology,R0005076,1
1810,Sarah,Sharma,,2999151712,48 Station Road,York,TS11 5XX,15001273567,cardiovascular medicine,R0002759,1
1817,Omra,Smith, MD,5997480717,85 Station Road,Durham,TS18 8XX,7913 400 0747,general practice,R0001451,2
1818,David,Patel,,9936446481,160 Park Avenue,Newcastle,TS25 1XX,16989157672,orthopaedics,R0000652,1
1822,Sarah,Williams,,1495740022,70 Victoria Road,Newcastle,TS25 6XX,56467760737,orthopaedics,R0000044,1
1824,Aisha,Davies,,3254136122,232 Church Lane,Newcastle,TS10 2XX,06706989974,ortho surgery,R0004668,1
1826,Omra,Sharma,,3593573334,277 high street,Middlesbrough,TS21 8XX,(8988) 0846802,paediatrics,R0004205,2
1831,David,Patel,,4372776312,215 Station Road,York,TS28 7XX,83089641794,cardiovascular medicine,R0005396,1
1832,Elena,Roberts,,4409574220,75 Victoria Road,York,TS11 6XX,14497725906,orthopaedics,R0002653,2
1836,Elena,Roberts,,6038484498,287 Victoria Road,York,TS19 2XX,82033317127,paediatrics,R0007218,2
1849,Elena,Ahmed,,0353335617,244 Park Avenue,York,TS4 7XX,34159835221,family medicine,R0006343,1
1850,Wei,Thomas,,4576008820,170 Park Avenue,Newcastle,TS4 1XX,36444920542,gp,R0003773,1
1852,R.,Smith,,,204 Park Ave,Newcastle,TS14 5XX,3291 759 4586,paediatrics,R0005356,1
1853,Aisha,Evans,,9668022623,287 Church Lane,Durham,TS16 1XX,64162492849,cardiovascular medicine,R0001203,1
1855,Rajesh,Smith,,4818456761,163 Station Road,Newcastle,TS2 6XX,51190006917,cardiovascular medicine,R0000969,1
1860,Aisha,Evans,,6845558249,272 Station Road,Durham,TS20 7XX,05342379878,cardiovascular medicine,R0006273,1
1862,Elena,Davies,,3421766515,79 Park Avenue,York,TS21 3XX,53912605053,cardiology,R0001964,1
1863,Elena,Evans,,8344707240,49 Church Ln,York,TS27 7XX,(2923) 8374869,pediatrics,R0005313,1
1864,Mohammed,Khan,,5462542881,46 Station Road,Leeds,TS9 1XX,36360857465,pediatrics,R0004458,1
1866,David,Wilson,,7208658407,276 Victoria Road,Leeds,TS6 7XX,00827598471,cardiovascular medicine,R0004990,1
1867,G.,Brown, Dr,2674776324,270 Victoria Road,Middlesbrough,TS10 8XX,(8111) 3006144,cardiology,R0006792,2
1870,Rajesh,Brown,,2233224801,140 Church Lane,Durham,TS7 3XX,18337133719,orthopaedics,R0006679,1
1871,Wei,Wilson,,1446252480,165 Church Lane,Newcastle,TS10 4XX,11452505875,cardiovascular medicine,R0005071,1
1874,Mohammed,Nguyen,,8976598400,228 Station Road,Middlesbrough,TS7 1XX,90631797956,orthopedics,R0000251,2
1878,Chen,Roberts,,5176822330,87 High Street,York,TS29 2XX,28008230499,paediatrics,R0001789,2
1879,Aisha,Khan,,9120461014,18 Church Lane,Durham,TS28 3XX,51321102030,pediatrics,R0004304,1
1886,John,Nguyen,,7156702217,171 Church Lane,Leeds,TS16 1XX,25243989325,gp,R0004510,2
1888,Aisha,Sharma,,8980702690,148 Victoria Road,York,TS22 7XX,51701998929,cardiology,R0007333,1
1891,Elena,Ali,,8505631583,219 Church Lane,Middlesbrough,TS21 7XX,74049028510,pediatrics,R0000640,2
1892,David,Sharma,,5037352927,118 Park Avenue,York,TS29 8XX,05199438376,orthopedics,R0002569,2
1893,Mohammed,Sharma,,6911988921,115 Park Avenue,Durham,TS25 8XX,82252787082,orthopaedics,R0004110,1
1894,Mohammed,Davies,,4759699233,190 Park Avenue,York,TS14 1XX,41981464179,ortho surgery,R0004273,3
1896,James,Khan,,1378597172,70 Victoria Road,Newcastle,TS2 2XX,47506692077,orthopaedics,R0002223,1
1900,Wei,Jones,,9281533596,36 High Street,Newcastle,TS3 4XX,65579280937,cardiology,R0003780,2
1905,Chen,Williams,,6980199355,184 Park Avenue,Durham,TS11 8XX,00919230931,cardiology,R0000655,1
1907,M.,Nguyen,,2432196166,45 Victoria Rd,Durham,TS16 8XX,1319 181 7490,family medicine,R0002069,1
1911,David,Taylor,,2853346283,226 Park Avenue,Newcastle,TS9 5XX,57376380838,pediatrics,R0004690,2
1912,Sarah,Khan,,8330494611,42 Park Avenue,Middlesbrough,TS14 3XX,05908570809,family medicine,R0000239,2
1916,Rajesh,Jones,,3394015026,284 Victoria Road,Middlesbrough,TS10 4XX,87961976374,general practice,R0002688,2
1919,Lucy,Brown,,3768444277,288 High Street,Middlesbrough,TS3 3XX,15979177470,orthopaedics,R0002927,1
1922,Wei,Sharma,,0188291032,1 High Street,Newcastle,TS29 3XX,37926059466,cardiovascular medicine,R0001599,1
1930,Elena,Sharma,,3594168556,72 Victoria Road,Middlesbrough,TS29 8XX,94804827356,ortho surgery,R0002132,2
1931,Wei,Patel,,3884339000,74 Victoria Road,Middlesbrough,TS28 2XX,59127890735,cardiovascular medicine,R0001620,1
1932,Aisha,Williams,,3743964501,80 Victoria Road,Leeds,TS24 3XX,32010077323,cardiovascular medicine,R0006878,1
1943,Rajesh,Taylor,,9569262208,46 Church Lane,Newcastle,TS3 4XX,98771360968,ortho surgery,R0006035,1
1944,Fatima,Smith,,5274192568,152 Park Avenue,Durham,TS11 3XX,19828612791,cardiovascular medicine,R0004678,2
1947,Elena,Wilson,,3718429150,182 Victoria Road,Middlesbrough,TS8 6XX,84239919852,cardiology,R0002299,1
1948,John,Davies,,1745673019,130 Station Road,Leeds,TS25 2XX,43655585580,ortho surgery,R0001513,1
1949,Raejsh,Nguyen,,2405352895,92 Park Ave,York,TS9 4XX,47636948411,pediatrics,R0002771,3
1951,Elena,Brown,,7961204234,98 High Street,York,TS17 4XX,94553949790,orthopaedics,R0006105,1
1952,James,Ali,,7902476433,177 Station Road,Durham,TS26 4XX,92807926084,cardiology,R0002864,1
1957,Wei,Roberts,,8548598361,131 High Street,Middlesbrough,TS29 2XX,26116916599,cardiovascular medicine,R0004383,1
1966,James,Sharma,,4533720461,34 High Street,Durham,TS6 8XX,39044233022,family medicine,R0003809,1
1968,Amara,Williams,,5135928480,265 High Street,York,TS23 3XX,11235717932,cardiovascular medicine,R0003614,1
1971,Sarah,Jones,,5431000524,82 Station Road,Newcastle,TS3 1XX,57370848894,orthopedics,R0007326,1
1973,Elena,Roberts, Dr,3943872728,26 High Street,Durham,TS5 6XX,9648 159 3044,orthopedics,R0001554,2
1978,Chen,Williams,,6505623590,268 Victoria Road,Newcastle,TS25 1XX,53976084189,cardiology,R0001339,1
1981,Amara,Smith,,1074943391,90 Park Avenue,Newcastle,TS28 1XX,68689871862,paediatrics,R0003542,2
1985,James,Khan, Dr,5150853658,238 church ln,Durham,TS21 5XX,(4129) 4112734,cardiology,R0003207,1
1986,Amara,Nguyen,,2486170290,109 High Street,Newcastle,TS20 2XX,39631434042,ortho surgery,R0003231,1
1987,E.,Patel, Dr,,32 Station Rd,Newcastle,TS14 6XX,3034 562 6675,cardiovascular medicine,R0000149,1
1988,Wei,Evans,,7564111461,233 High Street,Durham,TS19 8XX,99134798900,orthopaedics,R0003408,1
1989,Mohammed,Wilson,,0941095879,33 Victoria Road,Durham,TS25 7XX,25981127361,cardiology,R0001557,1
1992,Amara,Smith,,4496653423,235 Park Avenue,Middlesbrough,TS16 5XX,10451120645,orthopedics,R0007118,2
1993,Wei,Smith,,3718621541,155 Park Avenue,Newcastle,TS14 4XX,83285998374,gp,R0003149,2
1994,Aisha,Taylor,,8605425168,79 High Street,York,TS19 1XX,32084758963,pediatrics,R0000414,2
1996,Sarah,Thomas,,4725378344,138 Station Road,Middlesbrough,TS22 1XX,01479996404,cardiovascular medicine,R0006483,1
1997,Jonh,Sharma, Dr,8165297000,247 Church Ln,York,TS21 6XX,(0478) 2013430,general practice,R0000809,2
1999,Saarh,Wilson, Dr,5892920822,246 Park Ave,Newcastle,TS1 1XX,59975799713,cardiology,R0005331,1
2000,Chen,Davies,,2586311385,242 High Street,Newcastle,TS12 4XX,83695638029,orthopaedics,R0000958,1
2004,A.,Roberts, MD,9488811459,236 station rd,Newcastle,TS26 8XX,1227 640 5742,cardiovascular medicine,R0000811,3
2006,Omar,Thomas,,2812865592,163 Station Road,York,TS25 5XX,78844004784,cardiovascular medicine,R0001129,1
2007,J.,Khan,,0577258039,212 High Street,Leeds,TS14 6XX,2723 507 6823,paediatrics,R0000835,2
2009,Chen,Khan,,6914903919,53 Park Avenue,Leeds,TS7 3XX,59705354572,orthopaedics,R0003689,1
2010,Rajesh,Jones,,0966871848,46 Victoria Road,Middlesbrough,TS25 1XX,76194395281,cardiovascular medicine,R0005771,1
2011,Aisha,Patel,,6794482745,287 High Street,York,TS7 4XX,34390523608,gp,R0007176,1
2012,Priya,Davies,,2156817662,49 Victoria Road,Middlesbrough,TS20 2XX,64114344044,pediatrics,R0003139,1
2020,Jamse,Sharma, Dr,5231489069,291 Park Avenue,Middlesbrough,TS12 7XX,(9222) 8131905,pediatrics,R0002303,2
2023,L.,Evans,,5687538588,166 Church Lane,Durham,TS24 6XX,(7284) 8182604,paediatrics,R0005050,2
2027,Sarah,Williams,,9299612905,152 Church Lane,Newcastle,TS26 3XX,56951951127,gp,R0001027,1
2031,Aisha,Khan,,9296507058,22 Park Avenue,Middlesbrough,TS5 3XX,(7367) 7987257,ortho surgery,R0006400,2
2033,Elena,Wilson,,2351511220,69 Victoria Road,Leeds,TS24 8XX,88137505883,cardiology,R0000349,1
2034,Elena,Ali,,9661415829,165 High St,Middlesbrough,TS29 1XX,77303068987,pediatrics,R0000453,2
2037,Aisha,Smith,,8672925087,110 High Street,Durham,TS6 4XX,59304970077,cardiovascular medicine,R0001405,2
2040,Sarah,Thomas, MD,7667156626,113 Church Ln,Newcastle,TS12 6XX,(7450) 1953990,pediatrics,R0006719,1
2041,Omar,Evans,,1672494756,217 Park Avenue,Durham,TS23 8XX,29653463284,orthopaedics,R0000422,1
2042,Wei,Williams,,6890698009,205 Station Road,Middlesbrough,TS5 1XX,42033718139,pediatrics,R0006688,1
2043,David,Talyor,,0548315651,171 Park Avenue,York,TS28 2XX,20953110643,cardiology,R0006301,2
2044,Elena,Brown,,7547207430,221 Victoria Road,Durham,TS8 5XX,43309983928,general practice,R0001220,2
2050,Grace,Patel,,6315694948,17 Station Road,Durham,TS7 1XX,14170934778,gp,R0004279,2
2052,Elena,Smith,,7620850884,219 Station Road,Leeds,TS20 2XX,50539654274,pediatrics,R0004594,1
2054,John,Williams,,7576608135,66 Victoria Road,Durham,TS6 3XX,15777799230,pediatrics,R0001578,3
2055,Wei,Ngueyn,,5884373443,115 High Street,Leeds,TS20 4XX,66340742504,cardiology,R0003686,2
2057,Sarah,Thomas,,2403947163,105 station rd,Leeds,TS29 2XX,96983812210,pediatrics,R0000135,1
2061,Chen,Wilson,,4821772238,213 Church Lane,Durham,TS25 1XX,47055501241,paediatrics,R0006752,1
2063,Grace,Ahmed,,9819688771,29 High Street,Durham,TS29 6XX,64485999208,orthopedics,R0006201,1
2066,P.,Patel, Jr,5009541752,288 Park Ave,Leeds,TS16 1XX,(7758) 8836051,paediatrics,R0001935,1
2070,Mohammed,Smith,,1961239871,91 Church Lane,York,TS19 7XX,35223746639,cardiology,R0000807,1
2072,Chen,Roberts,,7536188276,197 Victoria Road,Newcastle,TS22 8XX,34182512625,orthopaedics,R0002495,1
2073,Grace,Jones,,3557368283,206 Station Road,Durham,TS19 5XX,20988584012,family medicine,R0000462,1
2074,Amara,Roberts,,3360702410,141 Church Lane,Durham,TS8 3XX,69558094369,ortho surgery,R0001956,1
2078,P.,Ahmed,,0991175894,45 Station Rd,Durham,TS19 4XX,2254 408 7986,paediatrics,R0001074,2
2081,Sarah,Davies,,6627805636,53 Victoria Road,Newcastle,TS23 6XX,40474950840,ortho surgery,R0004411,2
2083,Sarah,Wilson,,2684245710,258 Park Avenue,Middlesbrough,TS8 8XX,40386728015,paediatrics,R0004649,2
2086,Aisha,Patel,,1994036334,212 Church Lane,Durham,TS15 5XX,46600805850,cardiology,R0004456,1
2087,Grace,Smith,,3590832642,103 Station Road,Leeds,TS7 5XX,40298969605,cardiology,R0007207,1
2088,Wei,Patel,,6274603404,74 Church Lane,York,TS15 7XX,70698378386,cardiovascular medicine,R0001002,4
2089,Amara,Thomas,,5948589801,89 Victoria Road,Durham,TS18 6XX,05065669584,ortho surgery,R0004471,2
2090,James,Thomas,,6534076575,192 Church Lane,Newcastle,TS28 7XX,53148815668,cardiology,R0002589,1
2094,Sarah,Jones,,9947983505,295 High Street,Middlesbrough,TS12 1XX,26926461755,pediatrics,R0005347,1
2096,Sraah,Williams, MD,8471984298,42 Church Ln,Leeds,TS19 3XX,68405829367,ortho surgery,R0001412,2
2097,John,Patel,,4693456217,25 Church Lane,York,TS20 4XX,13569227616,cardiovascular medicine,R0006857,1
2099,Mohammed,Ali,,6649665294,113 High Street,Middlesbrough,TS19 7XX,45918531855,cardiovascular medicine,R0005865,1
2100,Sarah,Wilson,,0169899564,184 Victoria Road,Middlesbrough,TS11 8XX,80285737655,general practice,R0005676,1
2101,Daivd,Wilson,,6828990362,54 high st,Leeds,TS2 6XX,(2607) 2210990,pediatrics,R0004442,2
2104,Chen,Wilson,,0757409896,297 Victoria Road,Middlesbrough,TS12 3XX,40821116900,cardiovascular medicine,R0003250,1
2105,Elena,Smith, Jr,,123 Station Rd,Leeds,TS14 2XX,(5164) 9864761,orthopaedics,R0000981,1
2107,Amara,Roberts,,0910123856,31 Victoria Road,Middlesbrough,TS7 8XX,70230563249,gp,R0002458,1
2108,Omar,Nguyen,,7038463403,79 Victoria Road,Newcastle,TS24 6XX,02618605382,gp,R0006621,1
2112,Lucy,Khan,,5147893973,218 Station Road,Middlesbrough,TS27 2XX,24186110946,cardiology,R0000654,1
2116,James,Smith,,2299099981,70 Park Avenue,Durham,TS17 1XX,25190554811,orthopedics,R0006458,1
2118,Rajesh,Jonse, Dr,9091147674,122 victoria road,Durham,TS2 5XX,9787 630 3273,cardiovascular medicine,R0003298,2
2119,Priya,Ahmed, Dr,,11 Station Road,Newcastle,TS29 4XX,82714106299,orthopedics,R0006383,1
2123,Lucy,Jones, Jr,9104455233,82 Victoria Road,Newcastle,TS16 3XX,(5403) 3578991,orthopedics,R0006592,2
2125,Fatima,Nguyen,,3565541664,65 High Street,Middlesbrough,TS24 1XX,90022311790,orthopaedics,R0003782,2
2126,John,Ahmed,,8431221457,259 High Street,Newcastle,TS18 2XX,55156099991,cardiology,R0006462,2
2129,Sarah,Thomas,,8470123257,134 Church Lane,York,TS2 3XX,88108158753,gp,R0000676,2
2132,Priya,Roberts,,6937064774,289 Station Road,Durham,TS27 3XX,84866688376,family medicine,R0002942,1
2133,Fatima,Ahmed,,5949276211,217 Park Avenue,Middlesbrough,TS19 6XX,71124040135,cardiology,R0004989,1
2134,David,Taylor,,7916050852,202 Station Road,Durham,TS8 4XX,03708271189,cardiology,R0004374,1
2135,James,Ali,,5451845928,96 Church Lane,Middlesbrough,TS13 4XX,55283691418,ortho surgery,R0006509,2
2137,Mohammed,Bronw, MD,2538219708,29 high street,Durham,TS1 3XX,80432133171,pediatrics,R0003383,2
2141,Grace,Khan,,5186177002,242 High Street,York,TS26 1XX,64846913216,pediatrics,R0001611,1
2142,Fatima,Ngyuen,,7236397386,203 Station Rd,York,TS19 2XX,63957516619,paediatrics,R0003904,2
2143,John,Davies,,0080371515,95 Park Avenue,Leeds,TS9 5XX,75741970240,paediatrics,R0002251,1
2146,Fatima,Ahmed,,5857380321,258 Church Lane,Newcastle,TS5 8XX,88094535573,general practice,R0002317,2
2147,Lucy,Nguyen,,9696528217,154 Victoria Road,Newcastle,TS22 8XX,31217449918,family medicine,R0003366,1
2149,Mohammed,Ahmed,,5399251088,286 High Street,York,TS6 5XX,35704339967,pediatrics,R0003866,1
2154,David,Jones, Dr,8480458768,85 Station Road,Newcastle,TS27 8XX,(5084) 8003801,family medicine,R0003290,2
2155,John,Thomas,,3032346271,282 Church Lane,Newcastle,TS21 4XX,36481709409,cardiology,R0005151,3
2159,Chen,Ahmed,,3495169055,266 Park Avenue,York,TS7 5XX,15297704641,paediatrics,R0004856,1
2167,Mohammed,Ali,,6629396473,122 Victoria Road,Newcastle,TS3 1XX,04662806408,paediatrics,R0005454,1
2175,G.,Smith,,1990135194,69 Church Lane,Middlesbrough,TS9 6XX,(6241) 4292460,cardiology,R0002182,2
2176,James,Jones,,2980334125,39 Church Lane,Newcastle,TS27 4XX,88346978712,cardiovascular medicine,R0002582,1
2178,John,Wilson, Dr,,117 Victoria Road,York,TS2 8XX,46877038926,family medicine,R0005274,1
2182,Priya,Patel,,9176308615,193 Station Road,Durham,TS2 2XX,49219510130,cardiology,R0007171,1
2184,Omar,Thomas,,4647054495,32 Station Road,Durham,TS27 7XX,79821469084,orthopaedics,R0005806,1
2187,S.,Davies,,,171 Victoria Road,York,TS27 1XX,3135 205 0200,general practice,R0000090,1
2189,Sarah,Talyor,,6931138629,290 Park Ave,Durham,TS1 8XX,0063 985 5110,orthopaedics,R0003800,2
2191,John,Jones,,7381545093,289 Station Road,Leeds,TS10 6XX,39258774928,pediatrics,R0006686,2
2192,Luyc,Davies,,5127785258,160 High St,Newcastle,TS29 7XX,6481 745 4096,general practice,R0002118,4
2194,Chen,Ahmed,,5858849145,298 Victoria Road,Durham,TS3 6XX,27813113152,orthopedics,R0005692,1
2196,Priya,Patel, MD,3949199006,40 Station Road,Leeds,TS12 1XX,49799032606,gp,R0004209,1
2197,Lucy,Nguyen,,6654454873,81 Church Lane,Leeds,TS6 3XX,08132237812,pediatrics,R0000947,1
2198,David,Talyor,,9879357803,69 High St,Middlesbrough,TS12 4XX,(9357) 1657945,cardiovascular medicine,R0006259,3
2199,Sarah,Khan,,8576521444,15 Victoria Road,Middlesbrough,TS19 2XX,56043444628,paediatrics,R0002789,1
2201,Grace,Ali,,4975186719,148 Station Road,York,TS16 1XX,62557818693,cardiovascular medicine,R0004335,2
2204,Amara,Patel,,3486396948,220 Victoria Road,Durham,TS27 5XX,03027166564,cardiovascular medicine,R0004369,2
2206,Omar,Roberts,,7461888460,46 Church Lane,York,TS24 8XX,71185850984,orthopedics,R0005528,1
2209,Chen,Ahmed,,0377769949,32 Park Avenue,Middlesbrough,TS22 2XX,82487194500,family medicine,R0004988,1
2215,Rajesh,Davies,,8419336135,245 Park Avenue,Middlesbrough,TS25 3XX,99781414550,orthopedics,R0003165,1
2221,Rajesh,Ahmed,,2275594895,1 Station Road,York,TS2 6XX,29641067203,ortho surgery,R0001186,1
2222,Priya,Williams,,1465753960,208 High Street,Durham,TS1 2XX,08129128127,general practice,R0003360,1
2224,Omar,Wilson,,5539195251,254 Park Avenue,Newcastle,TS1 4XX,66875942976,pediatrics,R0005702,1
2225,Fatima,Thomas,,9731224276,249 High Street,Leeds,TS3 2XX,65239487329,gp,R0007338,2
2226,Amara,Khan, Dr,4011859426,291 High St,Durham,TS25 1XX,6964 465 5167,cardiology,R0000151,1
2230,Rajesh,Khan,,7745379619,159 Church Lane,Newcastle,TS22 5XX,36236958420,orthopedics,R0005371,2
2233,Sarah,Wilson,,5078901836,204 Station Road,Leeds,TS19 2XX,15117551133,orthopaedics,R0001397,2
2234,Aisha,Roberts,,7800308058,20 Park Avenue,Leeds,TS14 5XX,74278405894,cardiology,R0000183,1
2235,R.,Brown,,3197664691,161 station rd,Middlesbrough,TS19 3XX,(4089) 4508333,gp,R0005943,2
2238,Daivd,Davies, Jr,6982665713,137 Church Ln,Newcastle,TS13 2XX,6850 046 3380,cardiovascular medicine,R0000471,1
2239,Grace,Patel,,5363572179,216 Church Lane,Newcastle,TS6 7XX,92168068050,general practice,R0000967,1
2240,David,Wilson,,5172386393,118 Church Lane,Leeds,TS6 4XX,58386075343,cardiovascular medicine,R0000208,2
2242,Sarah,Patel,,8721868131,50 Church Lane,Middlesbrough,TS1 5XX,96789126877,general practice,R0000896,1
2244,Elena,Davies,,4219881965,230 Station Road,Leeds,TS10 2XX,79981785538,paediatrics,R0002264,1
2248,Lucy,Smith,,8892501522,253 Station Road,York,TS5 7XX,67963954409,gp,R0001209,1
2257,Wei,Thomas,,1504885233,49 Station Road,Durham,TS6 8XX,16666416228,pediatrics,R0004915,1
2259,Mohammed,Ali, Jr,5690991632,245 Church Ln,York,TS25 4XX,(9271) 1929099,orthopaedics,R0005689,1
2260,Mohammed,Taylor, Dr,2904154878,153 Station Road,Leeds,TS13 1XX,71513911909,cardiovascular medicine,R0004568,2
2262,Priya,Nguyen,,3253729049,185 Victoria Road,Newcastle,TS18 5XX,22533674212,pediatrics,R0002881,3
2264,Fatima,Davies,,4427912630,22 High Street,Leeds,TS29 5XX,20733527375,general practice,R0002042,1
2267,Rajesh,Patel,,3649794059,116 High Street,Newcastle,TS1 5XX,92283616557,pediatrics,R0002549,3
2268,Omar,Nguyen,,5404030353,212 Station Road,Durham,TS29 3XX,10340464046,pediatrics,R0005823,3
2269,D.,Taylor, Jr,1021796778,15 High Street,Newcastle,TS14 5XX,74201037351,ortho surgery,R0001087,2
2271,Omar,Wilson,,1898120729,196 Church Ln,Durham,TS6 1XX,3806 268 3447,orthopaedics,R0006440,1
2273,David,Khan,,0384226543,75 Victoria Road,Middlesbrough,TS23 8XX,85681811016,pediatrics,R0005362,1
2274,Amara,Wilson,,9804816410,66 Station Road,Middlesbrough,TS6 5XX,75703605146,cardiovascular medicine,R0002404,2
2278,Lucy,Brown,,0414630850,9 Church Lane,Newcastle,TS1 7XX,37099521676,cardiology,R0002932,1
2281,Elena,Jones, Dr,2021139616,241 victoria rd,Middlesbrough,TS8 4XX,(1562) 2755075,cardiovascular medicine,R0004739,3
2283,Amara,Robrets, Dr,3654540447,152 Victoria Rd,York,TS10 7XX,3963 284 3501,ortho surgery,R0002820,1
2285,Omar,Evans,,4506797253,44 Park Avenue,Newcastle,TS11 7XX,17773790933,orthopedics,R0005040,2
2286,Priya,Khan,,5315854148,223 Station Road,Newcastle,TS4 6XX,62166349835,family medicine,R0004733,1
2287,Omar,Patel,,7956061457,38 Park Avenue,Newcastle,TS22 1XX,61983093802,orthopaedics,R0004381,2
2293,Lucy,Jones,,4204577884,47 Station Road,Durham,TS14 3XX,(0449) 8217407,gp,R0002155,2
2294,David,Smith, Jr,6669762449,172 Church Lane,Durham,TS16 1XX,9620 930 6028,cardiology,R0001345,2
2296,Rajesh,Jones,,7303779955,136 Station Road,Newcastle,TS4 8XX,28278719967,family medicine,R0005628,1
2297,Sarah,Roberts,,4244679128,286 High Street,Leeds,TS21 5XX,01737685012,general practice,R0003803,1
2300,Wei,Williams,,6475066373,187 High Street,Middlesbrough,TS27 4XX,43768893537,ortho surgery,R0001504,1
2303,Mohammed,Smith,,1545888008,13 Victoria Road,Middlesbrough,TS1 3XX,50429851228,family medicine,R0004241,1
2307,James,Nguyen,,0181839248,178 Station Road,Leeds,TS29 2XX,63953371706,family medicine,R0006519,2
2310,Chen,Roberts,,1914496858,99 Victoria Road,Newcastle,TS12 4XX,97959771577,ortho surgery,R0000416,1
2311,Aihsa,Nguyen, MD,9922454347,276 park avenue,Newcastle,TS24 2XX,24841958380,orthopaedics,R0005493,3
2312,James,Williams,,9582299838,193 Church Lane,Newcastle,TS25 4XX,39446919403,family medicine,R0000564,1
2313,Chen,Roberts, Dr,2496080628,87 Park Ave,Newcastle,TS21 5XX,8252 184 0896,paediatrics,R0001225,2
2319,E.,Ahmed,,0797137749,293 Station Road,Durham,TS15 6XX,54888047837,ortho surgery,R0001193,3
2321,Garce,Williams,,6269677419,262 Station Road,Newcastle,TS25 6XX,52189692515,pediatrics,R0003143,2
2323,David,Evans, Jr,6266174037,11 park avenue,Leeds,TS22 4XX,40981575292,cardiovascular medicine,R0000496,3
2324,Amara,Wilson,,5784594426,117 Victoria Road,Durham,TS21 8XX,13195768320,ortho surgery,R0006908,1
2325,David,Jones,,2882014245,251 High Street,Newcastle,TS23 1XX,41851033331,orthopaedics,R0007334,2
2326,Fatima,Patel,,3083934417,74 Victoria Road,Newcastle,TS13 7XX,41743024731,cardiology,R0003771,1
2329,Aisha,Evans, MD,,177 Church Lane,Newcastle,TS21 3XX,5892 843 4025,general practice,R0007010,1
2330,Grace,Wilson,,0095804597,122 Park Avenue,Leeds,TS29 3XX,27981832993,general practice,R0001496,1
2331,Sarah,Davies,,6975223889,226 Victoria Road,York,TS18 1XX,12178062431,paediatrics,R0004269,2
2334,Rajesh,Jones,,3127241497,247 Park Avenue,Leeds,TS9 1XX,99362603394,general practice,R0003011,1
2337,Priya,Ali,,4422615205,13 High Street,Leeds,TS25 3XX,69451177203,general practice,R0006045,1
2342,Priya,Ahmed,,6407204165,270 Station Road,Newcastle,TS26 3XX,93452616931,orthopaedics,R0004233,1
2349,Mohammed,Brown,,3508135855,25 Station Road,Durham,TS17 1XX,48827375392,pediatrics,R0002585,1
2350,L.,Brown,,0412566380,190 Victoria Road,Durham,TS4 3XX,(9942) 2435000,general practice,R0002913,1
2353,Omar,Khan,,0872501001,236 High Street,Newcastle,TS3 2XX,46701011852,orthopedics,R0004015,1
2355,John,Williams,,8208245794,151 Station Road,Leeds,TS9 5XX,08254125513,family medicine,R0006476,2
2356,A.,Roberts, MD,8235313459,9 Church Lane,Leeds,TS20 7XX,(4428) 8132902,ortho surgery,R0000308,2
2358,Sarah,Nguyen, Jr,,265 victoria road,Middlesbrough,TS10 3XX,2305 775 4164,orthopaedics,R0006020,1
2359,David,Ali,,5219287817,108 Park Avenue,Newcastle,TS21 1XX,44438244649,gp,R0003286,1
2360,James,Khan,,9217382407,168 Victoria Road,Leeds,TS20 4XX,80975220036,cardiology,R0005840,2
2362,Grace,Jones,,7665987555,168 Victoria Road,York,TS20 1XX,74909622100,cardiovascular medicine,R0006802,1
2364,Aisha,Nguyen,,3161433838,234 Station Road,Leeds,TS7 6XX,70395124245,orthopaedics,R0003692,2
2370,G.,Jones, Jr,1047583242,70 station road,Newcastle,TS4 3XX,37387919693,cardiology,R0000071,1
2372,Chen,Davies,,8048028931,71 High Street,Newcastle,TS23 6XX,03256825016,paediatrics,R0005162,1
2373,Aisha,Williams,,7518577851,5 Church Lane,Durham,TS25 5XX,09654466231,cardiology,R0003651,3
2375,John,Roberts,,6051645560,105 Victoria Road,York,TS15 4XX,16396405846,cardiology,R0001665,2
2378,David,Khan,,5365966818,87 Church Lane,Durham,TS22 2XX,52187110327,cardiology,R0003869,3
2380,Grace,Smith, Dr,,270 Park Avenue,Newcastle,TS1 4XX,5367 659 6264,orthopaedics,R0002167,1
2381,Amara,Wilson,,9473525838,61 Victoria Rd,Durham,TS27 7XX,(6993) 7481554,ortho surgery,R0007147,2
2385,Aisha,Wlison,,9554439068,68 High St,Newcastle,TS7 8XX,64913511712,general practice,R0005484,2
2388,Rajesh,Bronw,,7626518789,64 Station Road,Newcastle,TS28 1XX,6810 311 2249,cardiovascular medicine,R0004588,2
2389,Wei,Smith,,4571059204,139 Church Lane,Durham,TS4 6XX,30953872952,family medicine,R0001881,2
2391,David,Sharma,,7560338701,16 Park Avenue,Leeds,TS15 4XX,31475127695,ortho surgery,R0005023,1
2392,Amara,Taylor,,4139071122,225 Station Road,Newcastle,TS27 6XX,19803700634,ortho surgery,R0001612,1
2403,David,Davies,,1525771237,101 Station Road,York,TS7 3XX,42114108956,pediatrics,R0002699,1
2404,Elena,Jones,,2069644315,102 Church Lane,Middlesbrough,TS13 3XX,17567986849,cardiovascular medicine,R0000048,3
2405,Grace,Ali, Jr,2399395905,128 Park Ave,Durham,TS23 8XX,(8554) 6904438,family medicine,R0003758,1
2408,Elena,Evans,,6700632471,182 Victoria Road,York,TS5 1XX,81465217401,paediatrics,R0000445,2
2409,James,Jones,,2190142365,279 Victoria Road,York,TS28 2XX,13103522018,orthopedics,R0002248,2
2417,Mohammed,Thomas,,3459053089,140 High Street,Durham,TS21 6XX,43001516630,cardiovascular medicine,R0001294,1
2419,Chen,Sharma,,5760896471,269 Station Road,Newcastle,TS11 6XX,47853622056,orthopaedics,R0004075,1
2420,Sarah,Evans,,3610548731,73 Church Lane,Durham,TS9 5XX,07826721383,pediatrics,R0004245,1
2421,John,Smith,,0226059093,1 Station Road,York,TS6 6XX,12400000285,pediatrics,R0007011,1
2427,Chen,Khan,,7634045579,105 Church Lane,Newcastle,TS25 3XX,25430751891,cardiovascular medicine,R0004031,1
2428,Wei,Patel,,1808262807,89 Victoria Road,York,TS14 2XX,89467301870,gp,R0002227,2
2429,G.,Roberts,,8549682269,255 Church Lane,Newcastle,TS13 5XX,(8039) 3924072,paediatrics,R0002153,1
2430,Grace,Sharma,,8219002158,86 High Street,York,TS10 7XX,33109489558,ortho surgery,R0005093,2
2431,Amara,Sharma,,3725767440,90 Park Avenue,Durham,TS15 6XX,61260836563,ortho surgery,R0003332,1
2432,John,Brown,,0097392727,259 High Street,Durham,TS14 5XX,03160915945,ortho surgery,R0002697,2
2433,James,Evans,,,71 Victoria Road,Leeds,TS26 6XX,(0563) 3490535,family medicine,R0001366,1
2435,Amara,Roberts,,7642216755,99 Station Road,Newcastle,TS26 4XX,73128483407,cardiology,R0001851,1
2437,Wei,Thomas,,4466482258,34 Victoria Road,Durham,TS1 6XX,18115534767,pediatrics,R0002579,1
2438,Fatima,Brown,,9832169888,240 Station Road,Newcastle,TS7 5XX,32478536431,pediatrics,R0005223,1
2443,Lucy,Davies,,1093768144,219 Station Road,Newcastle,TS15 7XX,83432151027,cardiology,R0006812,1
2444,F.,Nguyen, Jr,8204368126,285 High Street,York,TS8 1XX,1281 589 4015,cardiology,R0007187,2
2446,Chen,Ahmed,,4731715993,26 Park Avenue,Durham,TS14 2XX,36907894128,cardiovascular medicine,R0000030,1
2447,John,Khan,,7406299663,265 High Street,Middlesbrough,TS14 3XX,92288300583,orthopedics,R0001879,1
2450,Aisha,Thomas,,4454591308,172 High Street,Durham,TS2 4XX,89162757830,general practice,R0002741,2
2452,Elena,Smith, Dr,6617733816,217 Park Avenue,Leeds,TS8 5XX,30474775608,cardiovascular medicine,R0005571,2
2454,Wei,Jones,,9374261966,169 High Street,Leeds,TS12 3XX,10542599821,general practice,R0003753,1
2456,Elena,Thomas,,0692889298,97 Station Road,Durham,TS23 1XX,48095306948,cardiology,R0006111,1
2458,Sarah,Patel,,1765069936,61 Station Road,Newcastle,TS27 2XX,42626981180,family medicine,R0001083,1
2459,Priya,Khan,,0081092895,221 Victoria Road,Newcastle,TS5 2XX,35711329380,orthopedics,R0000861,1
2460,Fatima,Wilson,,3803721781,13 Church Lane,Newcastle,TS5 2XX,24843823215,cardiovascular medicine,R0003538,2
2461,Aisha,Taylor,,5897689726,165 Station Road,York,TS13 8XX,59881725429,ortho surgery,R0000903,1
2462,Chen,Jones,,9033958857,107 Park Avenue,York,TS28 4XX,73331846160,family medicine,R0003467,1
2463,Mohammed,Williams,,7152191068,290 High Street,Durham,TS16 7XX,19683961973,cardiovascular medicine,R0000108,2
2469,Sarah,Evans,,5201527512,47 High Street,Middlesbrough,TS22 4XX,82352410821,orthopedics,R0002533,2
2471,Sarah,Brown,,5365434357,208 Church Lane,Middlesbrough,TS25 7XX,80848781575,cardiovascular medicine,R0001831,1
2475,James,Thomas,,5579291647,145 Church Lane,York,TS13 6XX,22423024463,orthopaedics,R0003792,1
2476,Chen,Smith,,6606100743,198 Park Avenue,Middlesbrough,TS28 1XX,27122057038,paediatrics,R0006918,2
2481,Lucy,Patel,,8653339069,115 church lane,Durham,TS18 5XX,6978 578 2864,paediatrics,R0001095,2
2483,John,Taylor,,6593365128,89 High Street,Middlesbrough,TS21 8XX,87273323686,gp,R0005129,2
2484,Elena,Thomas,,3625638628,198 Church Lane,Durham,TS11 1XX,55776505990,cardiovascular medicine,R0002968,1
2486,John,Patel,,4693504518,217 High Street,Durham,TS20 7XX,09099157811,paediatrics,R0006729,2
2488,Priya,Ahmed,,7243195336,186 High Street,York,TS7 8XX,77104377313,orthopaedics,R0001654,1
2489,Fatima,Jones,,4570927298,65 High Street,Leeds,TS13 6XX,98379127388,pediatrics,R0006140,3
2490,John,Roberts, Jr,9169810069,37 Park Avenue,Newcastle,TS6 4XX,(0691) 9978083,family medicine,R0006877,2
2491,Priya,Ali,,4249882870,241 Church Lane,Newcastle,TS16 5XX,30872257068,family medicine,R0002323,1
2492,Grace,Nugyen, MD,6920966236,275 Victoria Rd,Middlesbrough,TS12 7XX,01791717841,cardiovascular medicine,R0002413,1
2495,Elena,Smith,,9602724180,46 High Street,Leeds,TS11 4XX,66013379262,cardiovascular medicine,R0004247,1
2496,Chen,Ali,,3614048034,140 Park Avenue,Durham,TS29 5XX,27645400361,family medicine,R0007357,2
2497,E.,Roberts, Jr,3818279941,163 station road,Durham,TS3 7XX,65766530579,orthopedics,R0004603,1
2499,Elena,Thomas,,4589634834,277 Park Avenue,Newcastle,TS13 8XX,84211102923,orthopaedics,R0003017,1
2500,Rajesh,Evans,,2187644018,30 Station Road,Durham,TS21 3XX,26048770122,pediatrics,R0000177,2
2505,Elena,Davies,,9872558001,283 Victoria Road,York,TS21 1XX,06740462372,general practice,R0002202,1
2509,Mohammed,Ptael,,1489627845,279 Church Lane,Newcastle,TS18 1XX,8541 601 6272,cardiovascular medicine,R0002685,2
2510,R.,Williams,,1289775904,75 High Street,Durham,TS13 8XX,76395479817,pediatrics,R0007464,3
2512,Chen,Roberts,,4703168671,7 Victoria Road,Middlesbrough,TS16 6XX,89554566541,pediatrics,R0000828,2
2513,Sarah,Jones,,8543219783,188 High Street,Middlesbrough,TS29 8XX,91425035280,cardiovascular medicine,R0003954,2
2515,R.,Ali, MD,6427504140,55 Station Rd,Newcastle,TS5 1XX,29967924059,cardiovascular medicine,R0002487,2
2517,Priya,Jones,,5497247457,223 Station Road,Middlesbrough,TS12 2XX,58775897129,orthopedics,R0002651,1
2519,Priya,Davies,,3920655249,249 Park Avenue,Newcastle,TS10 7XX,3981 967 5291,pediatrics,R0000926,2
2520,Priya,Sharma,,2804785232,121 Park Avenue,Leeds,TS19 6XX,93946684734,pediatrics,R0000295,1
2522,J.,Smith, Dr,2722703506,89 park avenue,Leeds,TS28 7XX,(9430) 6463163,cardiovascular medicine,R0002826,2
2523,Lucy,Sharma,,9088394036,200 Park Ave,Leeds,TS24 1XX,(5702) 8927676,general practice,R0006057,1
2524,Grace,Roberts,,7273794814,192 Victoria Road,Durham,TS10 5XX,18154640686,general practice,R0002619,1
2526,Elena,Evans,,4419306796,278 High Street,Middlesbrough,TS3 3XX,64226931158,family medicine,R0005967,1
2530,Priya,Taylor,,0512121549,26 Park Avenue,York,TS14 1XX,55336637349,ortho surgery,R0005458,1
2531,Grace,Sharma,,0805080677,290 Church Lane,York,TS15 7XX,08790224876,orthopaedics,R0003101,1
2532,A.,Evans, MD,4740888699,217 Park Ave,Leeds,TS14 5XX,6590 106 5484,ortho surgery,R0005808,1
2533,Chen,Robetrs, MD,,78 Park Ave,York,TS29 7XX,24412037956,orthopedics,R0007323,1
2535,Priya,Jones,,6863841753,123 Park Avenue,Durham,TS7 1XX,50642533269,paediatrics,R0000779,1
2536,David,Taylor,,7087947021,283 Park Avenue,Newcastle,TS23 6XX,79672661749,general practice,R0007332,1
2539,Rajesh,Jones,,2278943035,166 Victoria Road,Middlesbrough,TS12 7XX,86159713773,paediatrics,R0006761,1
2540,David,Taylor,,4127995663,13 Station Road,Middlesbrough,TS2 3XX,35981559437,general practice,R0003611,2
2541,James,Khan,,9827593937,98 Station Road,Durham,TS10 7XX,62974197686,general practice,R0000653,1
2542,Rajesh,Taylor,,0224453738,46 Victoria Road,Durham,TS3 8XX,85376768973,paediatrics,R0002477,2
2544,Elena,Patel, Dr,,165 High St,York,TS21 2XX,9033 727 3081,general practice,R0004152,1
2546,David,Taylor,,1084012323,33 Station Road,Middlesbrough,TS29 5XX,15465813553,paediatrics,R0006048,2
2547,Elena,Wilson,,4519345444,236 Victoria Road,Leeds,TS13 2XX,60534141858,orthopedics,R0007317,1
2548,David,Jones,,0119235491,111 Victoria Road,Leeds,TS21 8XX,15477949983,ortho surgery,R0006352,2
2551,Aisha,Ahmed,,9774125101,20 Park Avenue,Newcastle,TS24 4XX,50533646809,pediatrics,R0005460,2
2552,Fatima,Ali,,5629435685,61 Station Road,Leeds,TS7 3XX,17395196170,orthopaedics,R0006563,2
2554,Aisha,Davies,,,140 Victoria Rd,Middlesbrough,TS28 7XX,(1617) 2978511,cardiology,R0005470,1
2559,Wei,Williams,,3286130000,141 Victoria Road,Leeds,TS24 6XX,49960104447,pediatrics,R0006819,1
2560,Fatima,Brown,,4871236542,122 High Street,Middlesbrough,TS10 7XX,64995548871,paediatrics,R0006151,1
2561,Amara,Wilson,,8116044351,147 Station Road,Middlesbrough,TS28 7XX,20298691570,orthopaedics,R0001745,1
2562,Sarah,Thomas,,4807648233,232 Church Lane,Leeds,TS20 1XX,01406178855,orthopaedics,R0003909,1
2564,Elena,Roberts,,0518468502,228 Station Road,Newcastle,TS27 4XX,82632243231,gp,R0000286,2
2566,Amara,Smith,,8383798658,186 Victoria Road,York,TS25 1XX,69287186423,cardiology,R0004694,2
2568,Elena,Thomas,,4589634834,97 Victoria Rd,Middlesbrough,TS29 1XX,6150 791 4117,orthopaedics,R0003018,1
2570,Mohammed,Nguyen,,8151928219,1 High Street,Durham,TS19 3XX,77672241110,cardiology,R0005338,1
2571,James,Khan,,5150853658,271 Park Avenue,Newcastle,TS26 1XX,79186673874,cardiovascular medicine,R0003206,1
2578,John,Sharma,,5459663191,112 Park Avenue,Middlesbrough,TS21 8XX,01441628236,orthopedics,R0007212,1
2581,Omar,Nguyen,,0484277990,101 Victoria Road,Middlesbrough,TS25 7XX,24788309825,cardiovascular medicine,R0004338,2
2586,James,Brown,,9275191566,2 Victoria Road,Durham,TS20 2XX,33310478948,pediatrics,R0001564,1
2587,Grace,Wilson,,7921906242,239 Church Lane,Middlesbrough,TS15 5XX,21260163048,cardiology,R0006358,2
2590,Omar,Roberts,,3817136341,97 Park Avenue,York,TS2 2XX,73997974164,cardiovascular medicine,R0005812,2
2591,Grace,Ahmed,,9092803560,190 Station Road,Newcastle,TS6 8XX,79929428466,pediatrics,R0002184,2
2594,Priya,Evans,,3089313884,155 Church Lane,Durham,TS11 5XX,04798322280,cardiology,R0004714,1
2596,Rajesh,Khan,,9239045265,199 Station Road,Leeds,TS9 7XX,57788636934,ortho surgery,R0002254,1
2598,G.,Nguyen,,2519441622,261 Station Road,Middlesbrough,TS12 3XX,15188654986,general practice,R0007455,3
2600,Lucy,Thomas,,4370667939,256 Park Ave,York,TS3 8XX,(0384) 9748668,ortho surgery,R0006372,1
2602,Wei,Thomas,,0126335833,147 High Street,Newcastle,TS25 3XX,(8005) 5151442,orthopedics,R0005488,2
2605,Aisha,Ahmed,,5910432186,146 Park Avenue,Middlesbrough,TS10 5XX,56647209021,general practice,R0000507,1
2606,Chen,Taylor,,6641550123,14 Church Lane,Durham,TS4 7XX,80184449192,ortho surgery,R0004043,1
2607,Aisha,Wilson,,8465218575,41 High Street,York,TS1 2XX,53746609406,paediatrics,R0005893,3
2611,Rajesh,Williams,,7180349795,86 Victoria Road,York,TS1 2XX,36226089891,cardiology,R0003872,1
2612,Aisha,Nguyen,,8269226178,107 Church Lane,Newcastle,TS18 4XX,86184387398,general practice,R0004423,2
2614,A.,Smith, Dr,2318695194,91 Park Ave,Leeds,TS15 4XX,(2570) 1859668,family medicine,R0000351,2
2615,M.,Nguyen, Dr,5335381349,110 Station Road,Newcastle,TS13 5XX,(9131) 0722444,gp,R0004434,1
2620,Elena,Smith, Jr,0583937262,217 Park Avenue,York,TS2 2XX,(3425) 9736922,cardiovascular medicine,R0001115,2
2622,Rajesh,Patel,,6564764021,31 High Street,Leeds,TS6 1XX,35120014676,cardiovascular medicine,R0000297,2
2623,Chen,Ali,,1034266630,282 Station Road,Middlesbrough,TS29 7XX,97146088922,cardiovascular medicine,R0003774,1
2625,John,Wilson, MD,5798383217,157 Church Ln,Leeds,TS12 2XX,7711 743 5306,orthopedics,R0002984,1
2627,Fatima,Ahmed,,0626009112,148 Church Lane,Leeds,TS6 5XX,16040250532,family medicine,R0006122,2
2628,Rajesh,Shrama,,6237279731,261 high st,York,TS9 7XX,77653710846,pediatrics,R0003254,1
2630,Priya,Taylor,,3182288027,202 Park Avenue,Newcastle,TS17 1XX,81166015264,cardiovascular medicine,R0000228,2
2631,Elena,Khan,,1904891135,40 Victoria Road,Leeds,TS5 3XX,80311903960,family medicine,R0000075,2
2634,Grace,Jones,,2776793686,161 High Street,Leeds,TS18 2XX,79566479324,gp,R0006387,1
2635,Omar,Patel,,1909928013,275 Station Road,York,TS8 3XX,30684298427,paediatrics,R0004818,1
2638,Lcuy,Sharma, MD,8673376586,3 Station Road,Newcastle,TS21 4XX,(8084) 2860246,cardiology,R0003033,2
2639,Grace,Thomas,,5558849231,184 Park Ave,York,TS18 7XX,2260 628 2468,orthopedics,R0006126,2
2640,Omar,Davies,,2339601845,270 Victoria Road,York,TS13 7XX,39081427475,pediatrics,R0005006,1
2641,O.,Wilson, Jr,3382653407,292 High Street,Middlesbrough,TS8 5XX,(2893) 9013957,pediatrics,R0001617,4
2644,Elena,Ahmed,,2000823506,199 Church Lane,Durham,TS4 1XX,73054995172,gp,R0001090,4
2645,John,Sharma,,4798094825,84 Victoria Road,Newcastle,TS19 5XX,06409470289,cardiology,R0002755,1
2648,Wei,Ahmed,,4814261793,237 Station Road,Newcastle,TS8 5XX,15807816520,orthopedics,R0007372,2
2649,Elena,Ali,,7121797386,228 Station Road,Newcastle,TS15 6XX,52714386398,pediatrics,R0007220,2
2651,Lucy,Davies, Jr,8243713702,195 Park Ave,Leeds,TS18 4XX,43877741048,cardiology,R0002388,2
2657,Fatima,Ahmed,,2045730847,60 High Street,Middlesbrough,TS1 7XX,27969978621,family medicine,R0001230,1
2658,David,Smith,,8077385770,136 Park Avenue,York,TS5 8XX,39596806789,cardiovascular medicine,R0006981,2
2660,James,Williams,,6543740136,297 High Street,Newcastle,TS28 1XX,4315 758 6788,orthopedics,R0004707,4
2670,Amara,Khan,,5784452171,297 Park Ave,York,TS14 4XX,97191844541,orthopaedics,R0003025,2
2673,Elena,Ahmed,,7715329787,165 Park Avenue,Middlesbrough,TS29 5XX,30013027357,orthopaedics,R0007368,1
2674,Amara,Thomas,,8434432482,119 Church Lane,Leeds,TS14 1XX,47665649626,general practice,R0004553,2
2675,Elena,Evans,,3376361358,279 Station Road,York,TS17 3XX,56229743587,family medicine,R0006187,1
2677,Aisha,Evans,,3145060410,277 Station Road,York,TS27 1XX,57384024615,paediatrics,R0003477,2
2679,Omar,Brown,,2240233023,19 Victoria Road,Newcastle,TS27 2XX,70109311010,family medicine,R0005500,1
2680,Chen,Ali,,2325875474,231 Victoria Road,York,TS20 6XX,74349179065,orthopaedics,R0002347,1
2682,Dvaid,Patel, MD,6221415971,298 High St,Newcastle,TS1 1XX,7317 319 5492,cardiology,R0002887,1
2683,W.,Sharma,,2980999972,257 Station Rd,Leeds,TS9 8XX,(8352) 1240777,general practice,R0005502,3
2688,Sarah,Wilson, Dr,4393815106,37 High St,Leeds,TS9 2XX,9325 409 6898,cardiovascular medicine,R0002575,1
2692,Rajesh,Nguyen,,5233629725,113 Station Road,York,TS15 6XX,28728735086,cardiology,R0006410,1
2696,Mohammed,Patel, Jr,5670035014,269 Station Rd,Durham,TS21 8XX,95244338307,orthopedics,R0000857,1
2697,Mohammed,Khan,,3984315710,268 Park Avenue,Durham,TS13 6XX,56187814254,cardiology,R0005360,2
2698,J.,Ahmed,,0340559518,200 High Street,Durham,TS26 4XX,39748839608,cardiovascular medicine,R0007497,3
2701,Elena,Ahmed,,6773904604,255 Church Lane,Durham,TS4 3XX,26357719100,orthopedics,R0000219,1
2702,F.,Jones,,6162519361,190 High Street,Middlesbrough,TS14 1XX,36785299977,cardiovascular medicine,R0001288,1
2704,Fatima,Williams,,9032922522,166 Station Road,York,TS22 4XX,82870696248,cardiology,R0002617,2
2705,Chen,Ali,,9528896154,251 Victoria Road,Leeds,TS10 1XX,87044491312,gp,R0000043,1
2706,Elena,Ali,,8416330220,42 Church Lane,Newcastle,TS4 1XX,15831063328,orthopaedics,R0001234,1
2708,G.,Ahmed,,7196689847,109 victoria road,Middlesbrough,TS1 6XX,9622 315 7508,cardiology,R0003841,1
2709,Aisha,Thomas,,0444811322,262 Victoria Road,Middlesbrough,TS2 7XX,66609113143,gp,R0007262,1
2711,David,Taylor,,5682887732,211 Station Road,Leeds,TS13 2XX,32950454357,cardiovascular medicine,R0004560,1
2713,James,Smith,,8861979691,199 High Street,Newcastle,TS17 5XX,79122245828,orthopaedics,R0006073,1
2718,Lucy,Smith,,3387082311,295 Church Lane,Middlesbrough,TS3 7XX,36907173123,gp,R0001505,1
2721,Grace,Thomas,,9794981386,276 High Street,York,TS11 1XX,12382184931,cardiovascular medicine,R0004523,1
2723,Fatima,Thomas,,2137651016,291 Victoria Road,Newcastle,TS23 4XX,(7032) 9597710,general practice,R0004347,3
2724,Aisha,Patel,,3893458753,47 Station Road,Durham,TS25 1XX,74103212872,gp,R0000897,1
2728,James,Wilson,,2345104357,104 Park Avenue,Middlesbrough,TS29 6XX,07858899106,paediatrics,R0001530,1
2729,Amara,Roberts,,6517329339,255 Station Road,Durham,TS16 1XX,54732259418,orthopedics,R0003027,1
2730,Omar,Sharma,,0050029284,63 park avenue,Leeds,TS16 3XX,78714110866,general practice,R0007362,2
2737,Chen,Taylor,,9827455720,33 Park Avenue,Newcastle,TS17 1XX,15863614961,pediatrics,R0001874,1
2738,James,Nguyen,,7104478025,152 Station Road,Newcastle,TS20 3XX,64474645453,orthopedics,R0002370,1
2739,Mohammed,Sharma,,2018740398,48 Park Avenue,Leeds,TS12 1XX,81625830651,cardiology,R0001769,1
2741,Fatima,Taylor,,6207138046,135 Victoria Road,Leeds,TS10 2XX,92687553577,cardiovascular medicine,R0005168,2
2743,Mohammed,Williams,,1705685578,11 Station Road,Durham,TS14 1XX,69109527332,family medicine,R0000531,1
2744,Mohammed,Patel,,3048599875,185 High Street,Leeds,TS27 1XX,73914848347,cardiology,R0005368,2
2746,Wei,Smith,,4004319228,261 Park Avenue,Leeds,TS8 8XX,06001526906,cardiovascular medicine,R0003532,1
2747,Fatima,Patel,,8692931807,111 Station Road,Durham,TS9 1XX,83609649432,paediatrics,R0004046,2
2749,Fatima,Sharma,,4384067394,286 Station Road,Durham,TS4 8XX,63055722489,family medicine,R0002163,1
2753,Fatima,Khan, Dr,8754554803,181 Station Rd,Middlesbrough,TS3 8XX,7324 720 4551,gp,R0002233,2
2754,Chen,Khan,,4845705075,202 Church Lane,York,TS21 7XX,48185166296,pediatrics,R0007075,2
2758,Amara,Wilson,,3945596080,248 Church Lane,Leeds,TS14 7XX,10924976035,cardiology,R0003340,2
2760,O.,Jones, Jr,4770005907,213 Park Avenue,Newcastle,TS17 8XX,42953647705,family medicine,R0002707,3
2761,James,Jones,,7141564725,118 Station Road,York,TS2 3XX,77222296345,family medicine,R0001255,1
2762,Rajesh,Patel,,7199533440,70 High Street,Durham,TS2 4XX,80944774090,gp,R0002103,2
2765,Aisha,Patel, Jr,3893458753,94 Victoria Road,Durham,TS17 1XX,98571594077,general practice,R0000898,1
2770,Elena,Roberts,,9906308414,6 Park Avenue,York,TS20 4XX,26147122709,cardiovascular medicine,R0006793,1
2771,Fatima,Jones,,0855020975,186 park ave,Middlesbrough,TS29 5XX,5904 042 4720,cardiology,R0001223,2
2774,Wei,Khan,,0777311890,45 Park Avenue,Newcastle,TS24 2XX,68963610050,orthopedics,R0004053,2
2775,Rajesh,Sharma,,4901063022,172 High St,Durham,TS1 8XX,(9922) 9658141,orthopedics,R0003132,2
2778,Lucy,Khan,,7101780932,298 Station Road,Middlesbrough,TS14 6XX,67951266173,orthopedics,R0006703,1
2779,Mohammed,Ali,,1570993431,256 Victoria Rd,Newcastle,TS17 4XX,64751945684,paediatrics,R0003616,2
2781,David,Thomas,,1046425924,118 Station Road,Leeds,TS20 3XX,60613836399,paediatrics,R0001096,2
2782,Grace,Patel, Jr,8834357690,269 Victoria Rd,Newcastle,TS12 2XX,29000170935,family medicine,R0002716,2
2784,G.,Khan,,1632484105,146 church ln,Leeds,TS13 6XX,(2053) 7999906,cardiology,R0006781,2
2786,Elena,Khan,,5574726956,184 Station Road,Durham,TS25 7XX,93838092255,orthopedics,R0002846,2
2787,James,Ahmed,,7265387172,134 Station Road,York,TS6 1XX,67431715050,general practice,R0006331,3
2788,David,Smith,,3709777182,293 High Street,Middlesbrough,TS5 2XX,80609550841,gp,R0002588,1
2789,Aisha,Khan,,2001660411,261 High Street,York,TS3 7XX,98879826380,orthopaedics,R0001786,3
2798,A.,Davies, MD,4907806063,17 Victoria Road,Leeds,TS11 1XX,70639161088,paediatrics,R0003405,2
2799,F.,Sharma, Jr,6966230507,148 high st,Newcastle,TS13 6XX,04570660168,general practice,R0003047,1
2800,Rajesh,Sharma,,2502166413,284 Victoria Road,Leeds,TS5 1XX,81596420191,cardiology,R0000303,2
2803,Grace,Jones,,1047583242,286 Victoria Road,Middlesbrough,TS14 5XX,04421004092,cardiovascular medicine,R0000070,1
2808,James,Brown,,5296444167,57 Church Lane,York,TS27 5XX,20866214725,ortho surgery,R0000831,1
2809,John,Brown,,1546796526,84 Church Lane,Newcastle,TS20 3XX,94676578156,gp,R0003494,1
2810,Amara,Davies,,1970715790,244 Station Road,Durham,TS8 6XX,11562880354,general practice,R0001456,1
2811,Priya,Khan,,7438814914,255 High Street,Middlesbrough,TS26 6XX,13393190936,cardiovascular medicine,R0003914,1
2812,James,Jones,,0308611211,7 Station Road,Durham,TS16 2XX,11854544488,cardiovascular medicine,R0007369,1
2814,Priya,Sharma,,1110803698,228 High Street,Newcastle,TS19 2XX,49318999841,pediatrics,R0000093,2
2815,Chen,Thomas,,7317785801,86 Park Avenue,Leeds,TS1 3XX,(5126) 6074629,family medicine,R0003045,2
2816,Amara,Sharma,,3718223701,192 Station Road,Middlesbrough,TS12 4XX,63594828519,paediatrics,R0002836,1
2819,Wei,Thomas,,7023550544,238 High Street,Middlesbrough,TS27 2XX,66513508322,cardiovascular medicine,R0006820,1
2820,Fatima,Smith,,8673077180,157 Park Avenue,Middlesbrough,TS22 4XX,37867085146,paediatrics,R0002995,1
2821,Wei,Brown,,4399859276,64 Park Avenue,Middlesbrough,TS5 8XX,23683861599,gp,R0003837,2
2825,Sarah,Evans,,8522671327,168 Station Road,Durham,TS28 3XX,23633815543,cardiovascular medicine,R0007193,3
2826,Priya,Nguyen,,2084335501,201 Victoria Road,York,TS29 6XX,73867253993,orthopedics,R0002377,1
2827,Grace,Jones,,5779255483,95 Station Road,Middlesbrough,TS1 1XX,75721737410,cardiology,R0005482,1
2831,James,Sharma,,7514521202,25 Church Lane,Newcastle,TS26 6XX,39930446153,cardiology,R0002410,1
2832,John,Taylor,,5398594249,226 Victoria Road,Middlesbrough,TS20 7XX,05936313442,paediatrics,R0004545,2
2833,Elena,Khan,,6090391070,138 Victoria Road,York,TS26 2XX,19793454236,general practice,R0000411,1
2843,Aisha,Sharma, Dr,0103176217,45 High St,Newcastle,TS9 1XX,(7580) 4530145,orthopaedics,R0005717,4
2845,Wei,Williams,,6031272020,238 Park Avenue,Newcastle,TS5 6XX,30625551279,cardiology,R0000633,1
2846,Priya,Patel,,6480307813,252 Victoria Road,Middlesbrough,TS28 8XX,11605053784,orthopaedics,R0000498,1
2847,Lucy,Williams,,7132488890,269 Victoria Road,Newcastle,TS22 1XX,76027136820,paediatrics,R0002463,1
2849,John,Taylor,,8158920385,253 High Street,Middlesbrough,TS10 3XX,14412699508,paediatrics,R0000637,1
2850,Amara,Brown,,0834025935,275 Victoria Road,Leeds,TS9 1XX,91217376030,orthopedics,R0000720,1
2851,Fatima,Williams,,2800701947,277 Church Lane,Middlesbrough,TS6 7XX,05339663360,general practice,R0000288,1
2852,Wei,Thomas,,0617942467,45 Park Avenue,York,TS19 2XX,29586456147,cardiology,R0000756,2
2854,David,Patel,,5331726660,39 Victoria Road,Durham,TS24 6XX,57233357237,ortho surgery,R0004128,1
2855,Priya,Smith,,3178723913,35 Church Lane,York,TS28 7XX,92091680699,general practice,R0004074,1
2860,John,Sharma,,0849424059,163 Station Road,Middlesbrough,TS4 2XX,32733153706,ortho surgery,R0003164,1
2865,Fatima,Evans,,0467886155,238 Station Road,Durham,TS18 7XX,02229378076,paediatrics,R0005842,3
2867,Fatima,Patel,,6106048263,279 High Street,Middlesbrough,TS3 2XX,18837262638,ortho surgery,R0001700,1
2868,John,Roberts, Dr,9896082476,77 park ave,York,TS8 8XX,6532 667 7586,family medicine,R0006018,2
2869,Mohmamed,Khan, Jr,7978896695,273 Church Lane,Newcastle,TS27 1XX,(8344) 0597407,cardiology,R0004447,2
2871,Rajesh,Patel,,5402584648,177 Victoria Road,York,TS9 5XX,85371219990,cardiovascular medicine,R0003055,1
2872,Grace,Roberts,,5949467919,47 Station Road,York,TS13 1XX,82021582534,pediatrics,R0006939,2
2873,Lucy,Jones,,5524304336,298 Park Avenue,Middlesbrough,TS10 1XX,89496895471,pediatrics,R0002123,2
2874,Mohammed,Evans,,2411914466,202 Church Lane,York,TS23 1XX,20331141765,family medicine,R0006643,2
2875,Sarah,Khan,,6761134921,251 Victoria Road,Middlesbrough,TS1 4XX,46892960915,cardiovascular medicine,R0000086,1
2877,Chen,Wilson,,9204118302,37 Station Road,Newcastle,TS19 5XX,57143056603,cardiology,R0002678,2
2880,Wei,Ali,,0559989858,272 Park Avenue,Leeds,TS26 1XX,11502220227,family medicine,R0002594,1
2885,James,Williams, MD,0216140943,47 Station Rd,Middlesbrough,TS10 5XX,90826970512,orthopedics,R0004216,1
2886,James,Ali,,0953806733,38 High Street,Middlesbrough,TS2 4XX,54737697156,general practice,R0002144,1
2887,Grace,Thomas,,2640888081,32 Church Lane,Middlesbrough,TS16 2XX,49642195971,ortho surgery,R0005920,2
2889,Elena,Roberts,,9891325965,240 Victoria Road,Middlesbrough,TS20 5XX,26888840946,cardiovascular medicine,R0001201,2
2890,James,Jones,,6840182593,258 High Street,Newcastle,TS23 6XX,97630786672,general practice,R0002025,1
2897,Sarah,Williams,,1520732186,55 Station Road,Newcastle,TS9 2XX,30474538956,paediatrics,R0004266,2
2898,John,Williams,,2154805065,287 Station Road,Newcastle,TS24 2XX,(4634) 0408104,general practice,R0007139,2
2899,Sarah,Taylor,,7808935346,86 Park Avenue,York,TS14 4XX,41379887568,pediatrics,R0002098,2
2900,David,Brown,,8145972010,5 victoria road,Durham,TS26 3XX,(9095) 5724264,ortho surgery,R0003857,3
2901,Lucy,Davies,,7644405198,215 Church Lane,Durham,TS2 5XX,85809306613,gp,R0002996,1
2902,Wei,Roberts,,6566266693,162 High St,Newcastle,TS11 3XX,37207572248,gp,R0004002,2
2903,James,Smith,,2647224757,77 High Street,York,TS13 1XX,32412918504,paediatrics,R0001688,1
2909,Priya,Williams,,9533867696,79 Church Lane,Leeds,TS2 7XX,96416263892,orthopedics,R0001152,1
2910,Grace,Williams,,4711458327,256 Victoria Road,Newcastle,TS19 1XX,61796227781,paediatrics,R0003002,1
2911,Grace,Williams,,0996194665,224 Station Road,Newcastle,TS16 8XX,16118100310,family medicine,R0004940,2
2913,Wei,Taylor,,3020161067,70 High Street,Leeds,TS23 2XX,86782257069,family medicine,R0004596,1
2914,Elena,Smith,,5679896878,48 church lane,York,TS27 4XX,(6610) 6756017,cardiology,R0002351,2
2915,Sarah,Davies,,1047830570,108 Church Lane,Middlesbrough,TS15 7XX,55178173987,paediatrics,R0004563,2
2916,Grace,Wilson, Jr,5256439473,173 High St,Durham,TS14 6XX,63935119763,cardiovascular medicine,R0006795,1
2918,Mohammed,Nguyen,,2432196166,79 Station Road,Durham,TS24 7XX,64209828021,family medicine,R0002068,1
2919,W.,Ahmed,,4285562586,88 Victoria Rd,Middlesbrough,TS21 6XX,(8914) 9815375,ortho surgery,R0002908,4
2920,D.,Evans,,6776487122,235 Station Rd,Durham,TS1 3XX,(4114) 6394953,cardiovascular medicine,R0004231,3
2921,Wei,Wilson, MD,5270065569,228 high street,Durham,TS13 3XX,4552 068 9828,paediatrics,R0005793,2
2922,Amaar,Brown, Jr,8129041592,194 Church Ln,Leeds,TS23 2XX,5889 215 4211,cardiology,R0000644,1
2924,Fatima,Ali,,1125870477,259 Station Rd,York,TS9 3XX,54208805658,general practice,R0005621,2
2927,Fatima,Taylor,,4444457568,5 Victoria Road,Middlesbrough,TS21 2XX,17087968181,orthopedics,R0000120,2
2929,Priya,Khan,,6096862639,247 Church Lane,Durham,TS1 2XX,69298750117,cardiology,R0005436,2
2930,Wei,Davies,,2903745001,65 Church Lane,York,TS25 1XX,43991660565,cardiovascular medicine,R0006217,2
2934,Sarah,Thomas,,2403947163,239 Park Avenue,Newcastle,TS16 1XX,41406320888,pediatrics,R0000134,1
2937,John,Roberts,,5582458352,101 Station Road,Durham,TS25 2XX,95971096801,gp,R0004457,1
2938,Lucy,Davies,,2423638019,60 Park Avenue,York,TS7 3XX,18397374477,pediatrics,R0003515,1
2939,Omra,Thomas, Jr,,239 Victoria Rd,Newcastle,TS7 3XX,46223303543,cardiology,R0002559,1
2940,Sarah,Ahmed,,4638080733,89 High Street,Durham,TS5 6XX,78737831815,orthopedics,R0000062,1
2941,Sarah,Evans,,5641768103,15 Park Avenue,Middlesbrough,TS25 8XX,79609781316,family medicine,R0004894,1
2942,John,Khan,,0885044784,17 Park Avenue,York,TS27 8XX,75463602791,pediatrics,R0006538,1
2943,Mohammed,Ali,,5690991632,279 Station Road,Middlesbrough,TS23 3XX,54811765455,ortho surgery,R0005688,1
2947,W.,Williams,,4947407353,100 Park Avenue,Newcastle,TS22 8XX,65762207108,orthopaedics,R0004194,2
2949,Mohammed,Davies,,3853673722,200 Victoria Road,Durham,TS2 6XX,32448427506,paediatrics,R0001211,1
2950,Chen,Jones,,0822885177,221 Church Lane,York,TS16 6XX,59001140158,cardiovascular medicine,R0002170,1
2951,Lucy,Wilson,,9582291786,32 Park Avenue,Newcastle,TS1 6XX,84096671800,general practice,R0005857,1
2953,Fatima,Patel,,4924489854,78 Park Avenue,Middlesbrough,TS20 3XX,46421408862,gp,R0004984,2
2954,Sarah,Evans,,2445812784,199 High Street,Newcastle,TS18 5XX,36237394566,cardiovascular medicine,R0002900,1
2955,Sarah,Williams,,7816437274,146 High Street,Durham,TS25 5XX,71337373625,orthopedics,R0000565,4
2956,Lucy,Nguyen,,4283755226,244 Station Road,Durham,TS29 1XX,91182610252,general practice,R0001873,1
2960,Chen,Roberts, Dr,8324434637,41 Victoria Road,Durham,TS20 5XX,4004 025 0756,family medicine,R0006222,2
2962,John,Thomas, Dr,7069556549,205 High St,Newcastle,TS5 2XX,6692 025 3295,general practice,R0001393,2
2963,Amara,Smith,,9951626174,177 Church Lane,Newcastle,TS1 8XX,89509672716,ortho surgery,R0005632,2
2964,Chen,Sharma, Jr,7529301905,254 Church Lane,Durham,TS24 4XX,68887357294,pediatrics,R0003197,4
2968,Wei,Thomas,,1150296936,12 Station Road,Leeds,TS6 7XX,12443329599,family medicine,R0000493,1
2969,Sarah,Smith,,1323936612,296 Church Lane,York,TS1 6XX,33698941233,orthopedics,R0000690,1
2971,Mohammed,Davies,,2668902536,200 Victoria Road,Leeds,TS26 8XX,9021 104 0298,orthopedics,R0000602,2
2973,Mohammed,Ali,,4985352486,143 Park Avenue,York,TS17 5XX,62027989428,family medicine,R0005156,1
2974,Aisha,Brown,,7893306532,153 Victoria Road,Newcastle,TS29 4XX,78738601497,paediatrics,R0003479,2
2975,Grace,Patel,,5623308539,180 Victoria Road,Middlesbrough,TS9 8XX,54671241212,orthopaedics,R0005642,1
2976,Mohammed,Jones,,9969525525,28 Victoria Road,Newcastle,TS28 5XX,68310417203,family medicine,R0005309,3
2977,G.,Wilson,,,292 High St,York,TS23 4XX,88451384286,cardiovascular medicine,R0006359,1
2978,Mohammed,Brown,,9903329706,292 Church Lane,York,TS21 4XX,74980130008,orthopaedics,R0003544,2
2981,Omar,Thomas,,4605284854,32 Victoria Road,Newcastle,TS14 3XX,61388438200,cardiology,R0001187,1
2984,Priya,Khan,,6213833125,146 Station Road,Durham,TS13 5XX,88902174045,cardiology,R0005740,1
2985,Omar,Kahn,,0885284232,283 Park Avenue,Newcastle,TS21 7XX,0207 336 4693,pediatrics,R0001361,1
2986,Grace,Patel,,9570999514,198 Park Avenue,York,TS13 3XX,65702876446,paediatrics,R0003982,1
2988,Elena,Williams,,5813761072,282 High Street,Newcastle,TS20 4XX,48755535663,ortho surgery,R0003767,2
2991,John,Thomas,,5767269599,105 Park Avenue,Middlesbrough,TS14 4XX,26262987358,cardiology,R0007012,3
2993,Priya,Wilson,,0913311446,28 church lane,Newcastle,TS11 2XX,(9439) 5257320,cardiovascular medicine,R0007056,1
2997,David,Thomas,,8432673551,245 Church Lane,Durham,TS28 3XX,28983262733,cardiovascular medicine,R0002250,1
2998,Sarah,Ahmed,,7698216356,155 High Street,Middlesbrough,TS25 3XX,37204857538,pediatrics,R0005903,1
3000,Wei,Nguyen,,4564149675,71 Station Road,York,TS13 5XX,80429107225,ortho surgery,R0003458,2
3001,Sarah,Sharma,,7544177588,54 Victoria Road,Middlesbrough,TS3 4XX,00113389135,cardiology,R0002345,2
3002,Priay,Smith,,2474029938,151 park ave,Newcastle,TS26 6XX,36336553406,pediatrics,R0000069,2
3004,Grace,Davies,,7284214387,39 Park Avenue,Middlesbrough,TS14 2XX,59862860081,cardiovascular medicine,R0005388,1
3007,D.,Williams,,5011340230,16 Church Lane,Leeds,TS24 4XX,21395465414,cardiovascular medicine,R0003765,1
3008,John,Jones,,6757738057,3 Park Ave,Leeds,TS28 8XX,(1051) 0848763,pediatrics,R0004417,2
3009,Priya,Jones,,2216866005,240 Park Avenue,Middlesbrough,TS22 8XX,67775701414,pediatrics,R0006547,2
3010,Omar,Jones,,1216601418,82 Church Lane,York,TS1 6XX,77520351020,pediatrics,R0001502,2
3012,Amara,Khan,,4011859426,172 Victoria Road,York,TS1 3XX,95950877919,cardiology,R0000150,1
3013,P.,Wilson,,2798760990,217 Park Avenue,Middlesbrough,TS18 2XX,12333464532,cardiology,R0002805,2
3017,Rajesh,Jones,,6969589162,55 High Street,Leeds,TS5 2XX,09413760159,general practice,R0002259,1
3019,Priya,Sharma,,9019462463,235 Victoria Road,Newcastle,TS18 3XX,20789916215,paediatrics,R0003412,1
3021,S.,Wilson, Dr,5892920822,35 Park Ave,Newcastle,TS21 2XX,2591 595 2813,cardiology,R0005330,2
3024,James,Davies,,1627921408,268 Victoria Road,Newcastle,TS4 8XX,11552648465,cardiovascular medicine,R0007258,2
3026,Amara,Brown,,7491455494,131 High Street,Leeds,TS2 3XX,40429141444,pediatrics,R0004502,3
3027,Elena,Nguyen,,0704645670,153 Station Road,York,TS24 5XX,38385757754,orthopaedics,R0005521,2
3028,Fatima,Williams,,8834112321,190 Church Lane,Durham,TS10 5XX,27690830611,cardiovascular medicine,R0000366,1
3030,James,Sharma,,9234041774,168 Station Road,Durham,TS22 3XX,85969217578,family medicine,R0005251,4
3031,Fatima,Patel, Jr,2980981218,132 Victoria Road,Durham,TS8 8XX,(8837) 6155536,pediatrics,R0001780,3
3036,F.,Smith,,3155569122,88 Victoria Road,Middlesbrough,TS1 2XX,7592 350 9818,paediatrics,R0000842,2
3037,David,Brown,,6858707556,185 High Street,Newcastle,TS26 8XX,62625814495,pediatrics,R0002704,1
3038,John,Thomas,,1248648487,67 High Street,Leeds,TS1 2XX,01064478546,pediatrics,R0001189,1
3041,Fatima,Taylor,,3910273644,64 Station Rd,Middlesbrough,TS8 7XX,90576641156,ortho surgery,R0007058,2
3044,Wei,Williams,,6916878960,142 Station Road,York,TS28 2XX,86713448388,orthopaedics,R0003358,1
3048,John,Taylor,,5345678310,125 Park Avenue,York,TS12 6XX,69876819425,cardiovascular medicine,R0003589,2
3051,Priya,Taylor,,8230584474,234 Station Road,Durham,TS9 7XX,25264279057,gp,R0001472,1
3052,Wei,Jones,,2612236335,150 Park Avenue,Middlesbrough,TS26 8XX,65643318329,paediatrics,R0000283,1
3053,Amara,Sharma,,1947456394,201 Park Avenue,Newcastle,TS12 2XX,97790911210,orthopedics,R0002028,1
3056,James,Jones,,5879550150,84 Station Road,Durham,TS14 7XX,67482459463,paediatrics,R0006955,1
3057,Sarah,Smith,,4277497635,248 Station Road,Leeds,TS19 6XX,52502709783,cardiology,R0007062,3
3060,James,Khan, MD,2642839454,111 Station Road,York,TS16 1XX,98455542100,ortho surgery,R0007325,2
3062,Omar,Khan,,3878457770,271 Station Road,York,TS21 8XX,37621632220,pediatrics,R0003078,1
3063,Omar,Williams, Dr,4911606233,70 high st,Newcastle,TS17 3XX,53419735506,cardiovascular medicine,R0005577,2
3066,James,Ahmed,,3257161531,46 Victoria Road,Middlesbrough,TS23 3XX,67464624140,family medicine,R0002313,1
3069,Aisha,Khan,,8163471353,48 Station Road,Middlesbrough,TS19 1XX,12713051132,cardiology,R0002641,2
3070,John,Roberts, Dr,6262263351,228 Victoria Road,Middlesbrough,TS17 7XX,04157892277,orthopaedics,R0003718,1
3071,James,Brown,,0845990706,205 Victoria Road,York,TS20 1XX,00675712153,general practice,R0006839,2
3072,Grace,Ali, Jr,9851002820,254 Victoria Rd,York,TS13 3XX,(9389) 4707910,cardiology,R0002306,2
3074,Amara,Sharma,,2327607654,104 Park Avenue,Middlesbrough,TS10 5XX,92698776486,gp,R0006492,2
3075,Saarh,Ali, Jr,1780553644,65 church ln,Newcastle,TS19 4XX,9897 373 2495,family medicine,R0000100,2
3076,Chen,Nguyen,,9103261275,149 Park Avenue,Newcastle,TS28 8XX,65678654833,family medicine,R0004394,1
3077,Lucy,Ali,,6700745636,91 Park Ave,Leeds,TS20 2XX,37906567072,general practice,R0000745,2
3078,James,Roberts,,1164509618,127 Station Road,Middlesbrough,TS1 1XX,22483809552,paediatrics,R0006942,2
3081,Elena,Brown,,4483650285,206 Church Lane,York,TS21 5XX,35514209382,pediatrics,R0007284,4
3082,David,Sharma,,0479172150,165 High Street,Leeds,TS25 2XX,29327013600,pediatrics,R0005291,2
3085,Priya,Brown,,4752212172,100 High Street,Durham,TS17 1XX,66977766640,gp,R0004840,1
3086,Omar,Jnoes, Jr,8040070854,68 Victoria Road,Leeds,TS12 4XX,68528584196,cardiology,R0001438,3
3088,O.,Nguyen, Dr,1514401582,27 Victoria Rd,Middlesbrough,TS1 4XX,00359666503,paediatrics,R0004386,2
3091,Rajesh,Brown, MD,,183 Park Ave,Durham,TS15 5XX,38710107645,gp,R0000949,1
3094,Amaar,Smith, Dr,5045573946,203 Church Ln,Leeds,TS16 7XX,4063 784 9769,ortho surgery,R0004939,2
3097,Omar,Wilson,,3665512514,66 High Street,Durham,TS3 1XX,62332762675,cardiovascular medicine,R0000217,2
3100,Daivd,Roberts,,1460406822,52 High St,York,TS1 8XX,06370406154,paediatrics,R0004012,2
3106,Chen,Roberts, Dr,,198 Victoria Road,Durham,TS5 1XX,00401801523,paediatrics,R0004966,1
3108,Omar,Smith,,7269848612,223 Victoria Road,Newcastle,TS26 4XX,38086649705,ortho surgery,R0000777,1
3110,Lucy,Brown,,8647408141,150 Park Avenue,Durham,TS28 7XX,22219042085,cardiovascular medicine,R0003066,1
3112,John,Wilson,,5673646319,238 Victoria Road,York,TS19 2XX,77161672869,gp,R0005652,1
3116,Omar,Thomas,,5867936697,38 Station Road,Newcastle,TS24 2XX,72243818024,family medicine,R0004195,2
3117,Aisha,Williams, Dr,4061298167,56 Victoria Road,Leeds,TS10 2XX,56101252861,gp,R0003154,2
3119,Elena,Evans,,4741861139,58 Station Road,Newcastle,TS15 2XX,13259839944,pediatrics,R0004340,1
3120,James,Ahmed,,0792283208,11 Victoria Road,Middlesbrough,TS24 2XX,13486158621,pediatrics,R0000517,1
3126,E.,Evans, Jr,4419306796,19 Church Ln,Middlesbrough,TS15 8XX,02201909751,gp,R0005968,1
3127,Amara,Brown,,3743489200,76 Church Lane,Durham,TS2 5XX,39645143136,cardiovascular medicine,R0001415,1
3133,A.,Roberts, Dr,5916764216,280 church lane,York,TS2 4XX,(8670) 4577080,pediatrics,R0004169,2
3137,Mohammed,Robrets, Jr,5310647752,253 Church Ln,Durham,TS6 1XX,95648307274,paediatrics,R0004099,2
3138,Amara,Ali,,3027323642,47 Victoria Road,York,TS11 7XX,42472148882,paediatrics,R0007053,2
3140,Priya,Patel,,5516538638,56 Victoria Road,York,TS18 8XX,41479795718,cardiovascular medicine,R0006531,1
3144,Rajesh,Evans,,9569177106,244 Station Road,Leeds,TS7 5XX,20026575295,cardiovascular medicine,R0003307,3
3146,Amraa,Wilson, Dr,2788805508,282 High St,York,TS2 7XX,(1550) 8061627,ortho surgery,R0003185,2
3147,Wei,Thomas,,3177564437,230 Church Lane,Middlesbrough,TS7 3XX,78115926703,orthopedics,R0004830,1
3148,Mohammed,Sharma,,5446970308,191 Park Avenue,Leeds,TS25 5XX,01825820095,orthopedics,R0001473,1
3149,G.,Wilson,,2631646510,66 High St,Leeds,TS7 8XX,7843 483 6196,cardiovascular medicine,R0002245,2
3150,Fatima,Roberts,,0574960531,80 Victoria Road,Leeds,TS3 2XX,85841315293,orthopedics,R0000724,2
3152,James,Patel,,2057948984,104 Station Road,Newcastle,TS8 4XX,07602558294,ortho surgery,R0000049,1
3153,Priya,Patel,,3175294735,126 Church Lane,Newcastle,TS23 6XX,10068063937,paediatrics,R0005875,1
3155,Sarah,Brown,,5256055769,37 Church Lane,Leeds,TS17 2XX,16859566527,cardiovascular medicine,R0007044,1
3158,Sarah,Patel,,4806585867,5 Church Lane,Leeds,TS15 2XX,71901110963,orthopaedics,R0004139,2
3159,Fatima,Sharma,,2277645856,242 Station Road,York,TS1 4XX,86837777435,pediatrics,R0002893,1
3160,Wei,Sharma,,4114368218,254 Station Road,Middlesbrough,TS27 5XX,98681610800,orthopaedics,R0005174,2
3161,Wei,Brown,,4412589203,146 Station Road,York,TS18 3XX,40540951685,family medicine,R0006779,1
3163,John,Davies,,9098288106,48 Church Lane,Newcastle,TS27 1XX,98636530732,family medicine,R0002949,1
3164,Rajesh,Thomas,,6063557294,296 Park Avenue,Durham,TS17 5XX,68229933799,cardiology,R0003406,2
3172,Amara,Ali,,9683991742,151 Church Lane,Newcastle,TS27 3XX,45743932335,cardiovascular medicine,R0001231,2
3174,Wei,Williams,,6157235739,129 Station Road,York,TS4 6XX,56823352322,pediatrics,R0006915,1
3176,Sarah,Smith,,0451330637,251 High Street,Middlesbrough,TS24 3XX,34677852524,orthopedics,R0004207,1
3177,Rajesh,Khan,,6153066208,220 Church Lane,Newcastle,TS13 6XX,86807786267,gp,R0003703,2
3181,Elena,Jones,,2253016316,256 High Street,Durham,TS8 5XX,64177260380,cardiology,R0005557,1
3182,Fatima,Roberts,,1360474741,224 Church Lane,York,TS24 7XX,39841756679,orthopedics,R0004534,2
3183,John,Taylor,,8611034830,104 Church Lane,York,TS25 1XX,26056059517,cardiology,R0005048,1
3184,Omar,Patel,,8250125581,289 Park Avenue,Middlesbrough,TS9 2XX,15968503800,cardiovascular medicine,R0000450,2
3185,Wei,Sharma,,6276958369,174 Victoria Road,Durham,TS14 5XX,52266665563,general practice,R0003166,1
3186,Omar,Thomas,,4852230410,94 High Street,Middlesbrough,TS5 7XX,94546633672,cardiology,R0006632,1
3189,Rajesh,Sharma,,9560105895,293 High Street,Durham,TS19 5XX,75741094320,cardiovascular medicine,R0001320,3
3191,D.,Patel, Dr,9704961713,292 High Street,Durham,TS28 1XX,62713280515,ortho surgery,R0001507,2
3194,Rajesh,Smith,,0553447482,52 High Street,York,TS3 6XX,33503965549,gp,R0000999,1
3197,John,Williams, Dr,0091910580,21 Station Rd,Durham,TS2 2XX,3887 602 9727,cardiology,R0001477,2
3198,Fatima,Evans,,0519918466,175 High Street,Newcastle,TS19 4XX,69668618871,orthopaedics,R0002239,2
3200,Sarah,Davies, Dr,1949344291,169 Victoria Road,Middlesbrough,TS4 1XX,(8775) 2480541,pediatrics,R0006758,2
3201,D.,Taylor, MD,9879357803,163 Church Ln,Middlesbrough,TS18 4XX,(8719) 6159277,cardiovascular medicine,R0006261,1
3202,Amara,Taylor,,9488916625,246 Park Avenue,Leeds,TS25 5XX,27591618335,orthopedics,R0006464,1
3204,Grace,Sharma,,1779737032,80 Church Lane,Durham,TS17 2XX,30572581933,paediatrics,R0002972,1
3205,James,Williams,,6405779195,218 Station Road,Newcastle,TS3 1XX,77088739178,paediatrics,R0002775,1
3206,Aisha,Williams,,2301054293,14 High Street,Middlesbrough,TS22 5XX,22247670572,family medicine,R0001922,2
3207,Mohammde,Nguyen,,1898680859,95 High St,Newcastle,TS17 1XX,5005 812 3506,gp,R0000759,2
3209,J.,Taylor, Jr,1895585161,277 station rd,Leeds,TS18 2XX,3883 837 0134,orthopedics,R0006573,2
3210,Rajesh,Davies,,5185484193,95 Victoria Road,York,TS8 4XX,99198615419,orthopaedics,R0001292,2
3212,Mohammed,Shamra,,6400253924,63 Station Road,Leeds,TS26 3XX,05644836835,general practice,R0002874,2
3213,Wei,Sharma,,1526674684,219 Victoria Road,York,TS13 5XX,05964451617,pediatrics,R0006279,1
3214,Fatima,Brown,,4491677039,1 Park Avenue,Newcastle,TS22 1XX,98609882905,gp,R0003720,2
3216,Chen,Ali,,6780309586,278 Park Avenue,Durham,TS29 7XX,46515378719,general practice,R0005166,2
3218,Jamse,Smith,,,261 victoria rd,Durham,TS17 4XX,1268 944 1045,cardiovascular medicine,R0000368,1
3220,Chen,Davies,,1181268367,64 Park Avenue,Durham,TS7 5XX,07770940554,gp,R0001151,1
3221,James,Brown,,2390530215,276 Station Road,Durham,TS6 1XX,77204601538,orthopedics,R0007198,2
3222,Chen,Taylor,,8058187498,58 High Street,Middlesbrough,TS7 4XX,61235446689,ortho surgery,R0004758,1
3223,Aisha,Sharma,,2503445443,152 Park Avenue,Leeds,TS4 6XX,80400790823,cardiology,R0006678,1
3227,David,Roberts,,5753667162,145 Park Avenue,Durham,TS19 8XX,50671128598,cardiovascular medicine,R0000191,1
3228,John,Brown,,8749297136,127 Station Road,Newcastle,TS8 8XX,91761628808,paediatrics,R0004771,1
3229,Sarah,Talyor, Dr,4761112952,123 High St,York,TS16 5XX,83945930769,cardiovascular medicine,R0006469,2
3230,Elena,Ali,,3854280435,255 Station Road,Durham,TS12 2XX,16236332365,cardiovascular medicine,R0000174,2
3232,D.,Williams,,,75 Park Ave,York,TS12 6XX,13613773105,orthopedics,R0001099,1
3235,Chen,Nguyen,,6613057605,238 Victoria Road,Middlesbrough,TS16 3XX,95758274561,cardiovascular medicine,R0002291,2
3237,Grace,Evans,,6248385655,153 Station Road,Newcastle,TS14 3XX,36049309827,orthopaedics,R0007297,1
3238,D.,Taylor,,3071816863,62 Park Avenue,Newcastle,TS18 3XX,27151289887,pediatrics,R0006446,2
3240,Sarah,Nguyen,,2655797983,188 Church Lane,Middlesbrough,TS27 8XX,87872254779,ortho surgery,R0001164,1
3241,Aisha,Brown,,1846243505,247 Station Road,Leeds,TS27 2XX,87306618349,cardiovascular medicine,R0005433,3
3246,David,Thomas,,3191416292,96 Park Ave,Middlesbrough,TS4 3XX,8963 323 4620,paediatrics,R0001662,2
3247,Aisha,Ahmed, Jr,5910432186,119 Victoria Rd,Newcastle,TS12 5XX,43159556315,gp,R0000508,1
3249,Priya,Sharma,,2231407611,85 Park Avenue,Leeds,TS14 1XX,(3655) 6747917,general practice,R0003682,1
3251,Aisha,Davies, MD,7808723362,74 Station Road,York,TS22 4XX,(1184) 0302193,cardiology,R0004378,2
3252,Mohammed,Ali,,5427441704,216 Park Avenue,York,TS5 8XX,06069500238,general practice,R0005230,2
3253,Elena,Taylor,,9836852838,252 Church Lane,Durham,TS24 5XX,33042669172,cardiovascular medicine,R0005055,1
3255,Chen,Wilson,,0037182424,204 Church Lane,Middlesbrough,TS17 7XX,93889385026,pediatrics,R0000102,2
3256,Chen,Williams,,2331380686,23 Church Lane,York,TS16 4XX,86072514128,pediatrics,R0003834,1
3259,David,Roberts,,6189233448,183 Park Avenue,Newcastle,TS11 5XX,12519217031,gp,R0001104,1
3263,Amara,Nguyen,,7478799102,20 High Street,Durham,TS7 5XX,42478794379,orthopedics,R0007228,1
3265,David,Davies,,6499081974,160 Park Avenue,Leeds,TS13 3XX,99630112869,pediatrics,R0007257,1
3266,Oamr,Thomas,,0988499537,10 High Street,Leeds,TS1 7XX,(0754) 6082885,general practice,R0002917,2
3267,A.,Taylor, Jr,6565699970,277 station road,Leeds,TS4 8XX,27927660550,cardiovascular medicine,R0004943,2
3271,Sarah,Sharma, Dr,9622827423,294 Church Ln,Newcastle,TS12 1XX,(4232) 5373653,gp,R0002484,2
3272,Elena,Sharma,,3693275494,298 Park Avenue,Newcastle,TS7 8XX,94310946238,family medicine,R0001583,1
3275,J.,Nguyen,,2593794752,261 Station Road,Middlesbrough,TS12 3XX,15188654986,ortho surgery,R0007452,3
3278,Elena,Sharma,,7255509263,103 Victoria Road,Newcastle,TS16 8XX,79565744680,ortho surgery,R0005507,2
3281,Elena,Jones,,2013198409,205 Park Avenue,Middlesbrough,TS2 5XX,0648 345 9763,cardiology,R0002210,2
3282,Chen,Nguyen,,9460076066,126 Park Avenue,York,TS23 7XX,55719859744,family medicine,R0004159,2
3285,Chen,Brown,,3914053756,40 Victoria Road,Newcastle,TS7 5XX,71458082864,orthopedics,R0002985,1
3287,Wei,Ahmed,,7422465538,286 Church Lane,Newcastle,TS10 6XX,51014561165,orthopedics,R0005786,1
3288,Elena,Ali,,0313614104,30 station rd,Durham,TS1 1XX,9481 362 2137,cardiology,R0004296,2
3290,Rajesh,Evans,,1980590349,132 Church Lane,Middlesbrough,TS19 5XX,57031999234,general practice,R0004751,1
3291,Amara,Patel,,2432644703,182 High Street,Newcastle,TS6 7XX,13681283270,cardiovascular medicine,R0000309,1
3292,Sarah,Roberts,,1089235594,90 High Street,York,TS17 5XX,59823644127,paediatrics,R0000212,1
3293,M.,Williams,,7562638516,116 high street,Newcastle,TS12 7XX,9410 317 0711,paediatrics,R0004240,2
3294,David,Smith,,6882587009,80 Victoria Road,Durham,TS16 8XX,46231537985,gp,R0004656,1
3295,Priya,Jones,,7251831117,286 High Street,York,TS19 3XX,62401103220,cardiovascular medicine,R0004104,1
3296,David,Brown,,5822104161,193 Victoria Rd,Middlesbrough,TS17 5XX,32462197110,paediatrics,R0006921,1
3301,John,Ali,,0302058926,110 Station Road,Leeds,TS18 6XX,50420041702,ortho surgery,R0001135,1
3302,Priya,Patel,,4057541110,73 Church Lane,Leeds,TS20 3XX,34310912447,ortho surgery,R0002584,1
3304,Wei,Davies,,6069909482,102 Park Avenue,Newcastle,TS8 6XX,17929653590,gp,R0002748,2
3306,Rajesh,Williams,,4364162372,82 High Street,Leeds,TS12 6XX,70771375376,cardiovascular medicine,R0001849,2
3307,Omar,Khan,,9453342964,16 Park Avenue,Middlesbrough,TS19 2XX,16410652278,ortho surgery,R0004174,1
3311,D.,Ahmed,,9593177111,161 Church Lane,Leeds,TS24 8XX,2431 974 1064,gp,R0006115,2
3312,Sarah,Ahmed,,1564349702,122 High Street,Leeds,TS23 7XX,46348231208,ortho surgery,R0001534,1
3314,Chen,Taylor,,5556434685,80 Park Avenue,York,TS23 4XX,40270278445,gp,R0000843,2
3317,L.,Khan, Dr,9853225145,220 Park Ave,Middlesbrough,TS10 2XX,(8899) 9390122,cardiology,R0005039,2
3318,Lucy,Taylor,,6093721405,57 Church Lane,Middlesbrough,TS13 5XX,50632891427,family medicine,R0004050,2
3320,John,Ali,,0681756043,100 High St,Durham,TS15 8XX,1766 362 7445,orthopedics,R0001539,3
3321,Lucy,Ahmed,,0939886650,240 Station Road,Durham,TS24 5XX,70458323156,paediatrics,R0000211,1
3322,Priya,Evans,,6311167391,267 High Street,York,TS22 6XX,92372077210,ortho surgery,R0006022,2
3325,Amara,Smith, Dr,3372633050,124 Station Road,York,TS21 4XX,28330323117,family medicine,R0002439,2
3326,Lucy,Roberts,,2191211065,133 High Street,Durham,TS5 5XX,74388812313,general practice,R0002727,2
3327,Chne,Smith,,5739695700,34 church lane,Leeds,TS13 5XX,(3976) 8018751,paediatrics,R0003708,2
3328,John,Roberts,,5539768626,142 High Street,Middlesbrough,TS2 2XX,90687204370,ortho surgery,R0005709,1
3329,Omar,Nguyen,,8123150655,46 victoria rd,Durham,TS8 5XX,(8860) 4805523,family medicine,R0001351,3
3330,Priya,Williams,,6910582795,139 Park Avenue,Leeds,TS21 4XX,83516531994,orthopaedics,R0004698,1
3333,Chen,Wilson,,6501190530,266 Victoria Road,Middlesbrough,TS25 7XX,71854632256,cardiology,R0000678,3
3334,Aisha,Ali,,3724248403,219 Park Avenue,York,TS17 4XX,25686980330,pediatrics,R0000179,2
3335,Chen,Thomas,,7796301483,18 Church Lane,Newcastle,TS17 8XX,75678712023,general practice,R0007142,2
3337,Sarah,Davies,,5243620334,188 Station Road,Leeds,TS17 2XX,19348574455,cardiology,R0006934,2
3338,Elena,Khan,,7327254873,288 High Street,Leeds,TS5 7XX,70318716806,paediatrics,R0004490,1
3339,Elena,Davies, MD,4449911284,41 victoria road,Durham,TS17 3XX,31522079459,paediatrics,R0000279,2
3340,Omar,Jones,,4841308891,97 Station Road,Middlesbrough,TS14 6XX,21137369007,general practice,R0007374,2
3343,Wei,Brown,,5820224733,142 Station Road,Newcastle,TS12 6XX,01353252411,gp,R0003622,1
3345,Rajesh,Jones, Dr,7942250400,236 Church Lane,Durham,TS26 1XX,24596500163,ortho surgery,R0000290,2
3348,Lucy,Thomas,,9056298492,118 Victoria Road,Durham,TS1 6XX,82639955096,paediatrics,R0005634,1
3349,Lucy,Paetl, Jr,6867322122,38 park avenue,Leeds,TS5 6XX,52727055363,paediatrics,R0000994,2
3356,Asiha,Ahmed,,3646712057,78 church ln,Durham,TS21 4XX,7638 532 4555,cardiovascular medicine,R0006760,2
3358,Rajesh,Nguyen,,1031754907,232 Victoria Road,Middlesbrough,TS4 2XX,44473901211,cardiology,R0006014,1
3359,Sarah,Evans,,6620022682,139 Church Lane,Newcastle,TS14 2XX,40990218835,orthopaedics,R0003469,2
3360,Elena,Patel,,8130667239,264 Victoria Road,Middlesbrough,TS21 7XX,56000196729,cardiology,R0000270,1
3361,Grace,Thomas,,3022431942,72 Station Road,Durham,TS28 4XX,53661592460,paediatrics,R0003409,1
3363,Elena,Taylor, Jr,8796703595,63 Park Ave,Durham,TS12 1XX,36084134704,cardiology,R0006131,1
3364,Mohammed,Evans,,0293495213,64 Church Lane,Durham,TS28 4XX,80438949643,orthopedics,R0005828,1
3366,M.,Evans,,0293495213,204 Victoria Rd,Durham,TS27 3XX,(2574) 9527967,orthopaedics,R0005829,1
3367,Elena,Khan,,9011153925,15 Park Avenue,Durham,TS24 2XX,58866869131,orthopedics,R0000111,1
3370,Priya,Sharma,,1090842596,179 High Street,Durham,TS23 8XX,28336522692,orthopaedics,R0002600,1
3371,E.,Ahmed, Jr,,262 Church Lane,Durham,TS1 4XX,(5527) 5241972,ortho surgery,R0000220,1
3373,Chen,Ahmed,,7542098371,290 High Street,Newcastle,TS28 5XX,46032580478,ortho surgery,R0004516,1
3374,Mohammed,Patel,,3002510373,208 Church Lane,Newcastle,TS22 4XX,16521253476,cardiovascular medicine,R0006154,3
3376,Grace,Ali,,5346505478,96 Victoria Road,Durham,TS11 4XX,19883385744,cardiovascular medicine,R0000083,1
3381,Mohammed,Evans,,2959135924,253 High Street,Durham,TS14 2XX,56732652551,ortho surgery,R0006601,2
3382,Aisha,Brown,,1864704229,213 Church Lane,Middlesbrough,TS11 2XX,92331754360,ortho surgery,R0000550,2
3383,Rajesh,Khan,,6288375898,109 Station Road,York,TS3 3XX,34804828059,orthopaedics,R0003505,1
3384,Priya,Taylor,,7234919158,75 Victoria Road,York,TS15 7XX,90228010902,orthopaedics,R0002374,1
3386,J.,Evans,,7438023916,121 victoria road,Durham,TS5 2XX,97466836131,cardiovascular medicine,R0005478,1
3390,Omar,Nguyen,,0795966178,136 Station Road,Middlesbrough,TS17 8XX,78543867898,pediatrics,R0002450,1
3391,Wei,Brown,,5951497267,64 Station Road,York,TS11 2XX,83314697896,paediatrics,R0002328,2
3393,Sarah,Khan,,4391823492,264 Station Road,Durham,TS20 3XX,17968288993,cardiology,R0002145,2
3394,Mohammed,Evans,,6119466561,250 Victoria Road,Newcastle,TS23 5XX,41347040615,cardiology,R0007031,2
3395,Fatima,Jones,,6691047963,189 Station Road,Durham,TS21 1XX,92533851337,cardiology,R0005747,2
3398,Priya,Wilson,,0913311444,71 Station Road,Newcastle,TS25 3XX,14780293778,cardiovascular medicine,R0007055,1
3402,Mohammed,Ali,,1332772669,286 Station Road,Middlesbrough,TS12 1XX,79186651829,paediatrics,R0006673,1
3403,John,Roberts,,8491629890,15 Station Road,Leeds,TS28 6XX,98216726376,paediatrics,R0003733,2
3405,Amara,Nguyen,,8130252559,141 Park Avenue,York,TS4 1XX,76825834784,orthopedics,R0006138,2
3406,Elena,Williams,,1317759183,181 Park Avenue,Newcastle,TS4 7XX,97182061507,pediatrics,R0003349,1
3407,Chen,Davies,,3661160106,216 victoria rd,York,TS5 5XX,(4545) 3953063,pediatrics,R0001425,2
3409,Priya,Ahmed, Dr,6170828384,230 High St,Durham,TS20 8XX,2833 205 9666,orthopaedics,R0006384,2
3411,Fatima,Sharma,,1138542569,263 Park Avenue,Durham,TS27 4XX,93141187280,pediatrics,R0000104,1
3412,Grace,Thomas,,7181532204,222 Church Lane,York,TS3 5XX,18003495382,paediatrics,R0001064,1
3415,Wei,Taylor,,9991117148,232 Church Lane,Newcastle,TS15 4XX,95167801676,cardiology,R0001426,3
3419,David,Davies,,6094391793,71 Church Lane,York,TS25 8XX,57857558317,cardiovascular medicine,R0004305,2
3421,Omar,Patel,,5365761689,233 Park Avenue,York,TS15 2XX,61254369955,cardiology,R0003006,3
3422,Chen,Smith,,0675167545,240 Church Lane,Newcastle,TS29 6XX,98048400688,gp,R0006210,2
3423,Grace,Sharma,,5505595836,144 Victoria Road,Middlesbrough,TS17 8XX,58486421274,family medicine,R0001105,1
3425,Amara,Thomas,,3214334541,79 Park Avenue,York,TS22 7XX,87216116619,general practice,R0005518,2
3428,L.,Nguyen, Jr,7059787276,250 Church Ln,Middlesbrough,TS4 4XX,26310919589,family medicine,R0004254,2
3429,John,Roberts,,7429883429,105 Victoria Road,Middlesbrough,TS8 5XX,44368948617,pediatrics,R0000683,3
3430,John,Ali,,9771482369,93 Church Lane,Newcastle,TS13 6XX,88984109820,paediatrics,R0005494,1
3431,Rajesh,Smith,,6605026464,262 Station Road,Middlesbrough,TS18 5XX,11783955965,pediatrics,R0004824,1
3432,Amara,Jones,,0063104504,255 Church Lane,Middlesbrough,TS26 2XX,11472721677,paediatrics,R0002765,1
3433,Omar,Roberts,,1274577468,90 High Street,Durham,TS13 7XX,22761624949,gp,R0006200,1
3435,Lucy,Jones,,5833146325,40 High Street,Middlesbrough,TS19 4XX,94380273455,cardiovascular medicine,R0005844,1
3436,Omar,Nguyen,,,40 Victoria Road,Newcastle,TS19 1XX,20966541712,paediatrics,R0002451,1
3437,James,Sharma,,4026602420,216 High Street,York,TS11 5XX,75571272840,gp,R0003613,1
3439,Priya,Jones,,,165 station rd,Middlesbrough,TS9 2XX,(4494) 7003394,orthopedics,R0002652,1
3440,Rajesh,Williams,,6707439877,234 Station Road,Newcastle,TS2 3XX,11724742834,pediatrics,R0006276,1
3442,Wei,Nguyen,,4807375554,190 Church Lane,Newcastle,TS28 5XX,10916783642,ortho surgery,R0004121,2
3443,Chen,Evans,,2718486266,46 Station Road,York,TS18 1XX,47210660535,paediatrics,R0006466,1
3444,Elean,Jones, Jr,2896701242,88 Church Ln,York,TS12 6XX,63194357681,paediatrics,R0006498,2
3445,Lucy,Ahmed,,4721019944,67 Station Road,York,TS6 6XX,59371078803,orthopaedics,R0003317,2
3447,Grace,Ali,,2675396328,37 Park Avenue,Newcastle,TS22 1XX,79077384403,ortho surgery,R0005121,1
3449,P.,Khan, MD,3794551605,277 High St,Newcastle,TS8 5XX,(2975) 3939966,pediatrics,R0005110,1
3450,Grace,Davies,,8496339101,16 Park Avenue,Durham,TS15 4XX,10729874380,gp,R0003996,1
3452,Omar,Evans,,5052749559,239 Church Lane,Leeds,TS11 8XX,71436077216,orthopedics,R0000347,2
3453,Amara,Wilson,,0221601962,94 Park Avenue,Newcastle,TS12 1XX,54243320389,paediatrics,R0005474,1
3454,Elena,Taylor,,5705573388,181 Victoria Road,Newcastle,TS3 6XX,62491838501,paediatrics,R0003226,1
3455,Grace,Evans,,4107122318,24 Church Lane,Middlesbrough,TS21 8XX,11905008146,family medicine,R0006198,2
3456,C.,Brown,,,132 High Street,Newcastle,TS19 6XX,89932747864,pediatrics,R0004767,1
3458,Mohammed,Wilson,,0796454611,294 Church Lane,Leeds,TS26 8XX,92347179824,cardiovascular medicine,R0006009,2
3460,John,Thomas, Jr,5608575648,185 High St,Leeds,TS7 1XX,4031 446 0161,orthopedics,R0005965,2
3462,Priya,Sharma,,5006146790,274 High Street,Middlesbrough,TS22 1XX,40886956493,pediatrics,R0005169,2
3464,Lucy,Williams, MD,,189 Victoria Rd,Durham,TS13 4XX,74785587767,paediatrics,R0004221,1
3465,Fatima,Patel,,9117388885,257 Victoria Road,Newcastle,TS9 4XX,68323752765,paediatrics,R0002217,2
3470,E.,Jones, Jr,5195867080,112 Station Road,Middlesbrough,TS26 7XX,(3724) 4905563,cardiology,R0006773,2
3473,David,Nguyen,,9938990797,74 Station Road,Durham,TS4 4XX,64626662324,paediatrics,R0000084,2
3480,Sarah,Nguyen,,8693807295,219 High Street,Leeds,TS26 7XX,32010310788,ortho surgery,R0002879,2
3482,Grace,Jones,,0841604774,145 Station Road,Newcastle,TS6 1XX,18401084026,paediatrics,R0000494,1
3483,Amara,Jones,,3015040160,194 Station Road,Middlesbrough,TS2 2XX,10619448749,paediatrics,R0002019,2
3484,Chen,Jones,,8573794452,223 Church Lane,Middlesbrough,TS21 8XX,79475466075,pediatrics,R0004808,1
3485,Aisha,Nguyen,,3542218216,89 High Street,Newcastle,TS26 4XX,11845185009,general practice,R0002525,1
3486,O.,Jones, MD,9449626237,125 Victoria Road,Leeds,TS29 4XX,1563 701 2296,paediatrics,R0007156,1
3490,Fatima,Nguyen,,7217496027,52 Park Avenue,Durham,TS7 2XX,26082424715,pediatrics,R0001270,2
3491,Lucy,Davies,,3547645645,187 Station Road,Leeds,TS23 2XX,31241199435,orthopedics,R0006368,3
3492,Priya,Ali,,1382747397,42 Station Road,Durham,TS22 8XX,39746590780,cardiovascular medicine,R0004236,1
3495,Aisha,Evans, Dr,0504775259,94 Church Ln,Leeds,TS23 3XX,8807 711 0369,pediatrics,R0006204,2
3496,Amara,Ahmed,,5745869276,11 Church Lane,Middlesbrough,TS16 7XX,60258487219,cardiovascular medicine,R0000617,2
3497,Fatima,Khan, Jr,5102843396,287 victoria road,York,TS22 1XX,67835678319,cardiology,R0007094,2
3498,Priya,Sharma,,3961519025,90 Park Avenue,York,TS28 2XX,92736078375,cardiology,R0003424,2
3500,John,Williams,,7522358296,70 Church Lane,Leeds,TS12 7XX,95052751299,cardiology,R0005099,3
3504,David,Patel, MD,0741394911,121 Church Ln,Durham,TS29 4XX,(2531) 0761588,family medicine,R0001414,2
3505,Omar,Ali,,4419976290,175 Park Avenue,Leeds,TS14 1XX,13385096895,orthopedics,R0002201,1
3506,C.,Williams, Jr,1158900624,232 High St,Middlesbrough,TS16 6XX,84684280216,ortho surgery,R0002002,2
3507,Chen,Thomas,,9472498524,6 Church Lane,Durham,TS27 1XX,53626083053,paediatrics,R0005594,4
3508,Rajesh,Williams,,6925027413,245 High Street,Durham,TS28 1XX,28877838820,orthopaedics,R0000868,2
3511,Sarah,Davies,,6422219858,212 Park Avenue,Durham,TS21 5XX,51642484428,general practice,R0003089,3
3512,Amara,Sharma,,0048862938,169 High Street,York,TS7 4XX,79040593328,ortho surgery,R0003728,1
3515,Sarah,Khan,,4123680619,55 Station Road,Newcastle,TS23 3XX,33446474337,cardiology,R0001162,2
3517,David,Evans,,0386250955,233 Station Road,Leeds,TS10 4XX,44543529626,paediatrics,R0003063,2
3518,Mohammed,Sharma,,9127904447,65 Church Lane,Middlesbrough,TS8 6XX,24347277940,gp,R0003550,1
3519,Rajesh,Patel,,6165449388,270 Victoria Road,Newcastle,TS19 8XX,71065852849,pediatrics,R0003161,1
3520,Rajesh,Roberts,,6849997315,178 Station Road,Middlesbrough,TS10 7XX,20211483981,cardiovascular medicine,R0003826,1
3524,Davdi,Brown, MD,6725903599,233 Church Lane,York,TS13 4XX,7558 197 5555,orthopedics,R0001891,2
3532,Grace,Robrets,,,57 Station Road,Newcastle,TS6 7XX,90229692048,cardiology,R0002380,1
3533,Amara,Khan,,6314562676,280 Victoria Road,Newcastle,TS15 4XX,44195199599,cardiovascular medicine,R0002378,1
3535,Fatima,Smith,,6451156604,128 High Street,York,TS24 8XX,44503351030,cardiovascular medicine,R0005822,1
3536,Priya,Evans,,1809422684,88 Church Lane,Newcastle,TS14 3XX,98503996485,orthopedics,R0003305,2
3537,Fatima,Evans,,7787297149,185 Victoria Road,Newcastle,TS21 5XX,15326264322,cardiovascular medicine,R0006459,1
3538,F.,Evans, Jr,9922718138,298 Station Rd,Middlesbrough,TS18 7XX,60304827025,orthopedics,R0003499,1
3540,Grcae,Thomas, Dr,5493624328,286 Park Ave,Durham,TS3 2XX,(2783) 3593259,ortho surgery,R0001117,2
3542,John,Evans,,0377643419,143 High Street,York,TS22 2XX,95103206508,family medicine,R0004251,2
3545,Elena,Ahmed,,4117378619,268 Park Avenue,Durham,TS27 7XX,45072444968,cardiovascular medicine,R0005837,1
3546,Elena,Taylor,,1381488850,126 Park Avenue,Newcastle,TS17 6XX,17132061881,cardiology,R0005418,2
3547,Wei,Wilson,,5023878286,25 High Street,York,TS8 8XX,44936854328,family medicine,R0005064,2
3548,David,Thomas,,7394210049,120 Park Avenue,Middlesbrough,TS17 4XX,82260224283,pediatrics,R0005992,1
3551,Chen,Williams,,2006006376,7 Park Avenue,Middlesbrough,TS19 8XX,89893251693,family medicine,R0004890,1
3553,Grace,Roberts,,6697088580,171 Victoria Road,Newcastle,TS4 6XX,87220525142,pediatrics,R0005425,2
3554,Aisha,Sharma,,2344625192,157 Station Road,Middlesbrough,TS11 8XX,56537379017,general practice,R0002499,2
3555,Priya,Smith,,2250326776,159 Church Lane,Middlesbrough,TS18 1XX,41280209851,gp,R0006635,1
3556,Lucy,Evans,,1027133152,290 High Street,York,TS14 2XX,00886269871,orthopaedics,R0005030,1
3558,Rajesh,Ali,,0364373152,67 High Street,Newcastle,TS3 6XX,44662622992,pediatrics,R0006662,1
3559,James,Roberts,,8399718319,285 Church Lane,York,TS27 1XX,97333229512,orthopaedics,R0007384,3
3562,Grace,Wilson,,7350467404,43 Park Avenue,Middlesbrough,TS17 8XX,81725673183,family medicine,R0005940,2
3566,G.,Brown, Dr,8949074514,3 Victoria Road,Newcastle,TS24 3XX,71437451191,orthopedics,R0007277,3
3568,David,Taylor,,3109797991,168 Church Lane,Middlesbrough,TS1 6XX,42468545143,pediatrics,R0007197,1
3570,Sarah,Williams,,0478789243,110 Park Avenue,Newcastle,TS26 1XX,51346793501,ortho surgery,R0001775,3
3571,Chen,Khan,,2915149348,50 Church Lane,Newcastle,TS11 2XX,03050156174,orthopedics,R0003984,2
3572,Chen,Evans,,4773227819,238 High Street,York,TS14 1XX,79269649467,family medicine,R0003312,2
3576,James,Wilson,,5146499123,138 Church Lane,York,TS24 3XX,44745034913,family medicine,R0005245,2
3577,Sarah,Patel,,4458637520,236 High Street,Leeds,TS24 4XX,43270698382,cardiology,R0001592,1
3578,James,Williams,,3584405468,232 Church Lane,Middlesbrough,TS24 4XX,48578491880,orthopedics,R0001723,1
3581,Priya,Wilson,,0027281445,190 Station Road,Middlesbrough,TS22 6XX,69874023290,ortho surgery,R0004405,1
3583,James,Ahmed,,3820470131,262 Church Lane,Leeds,TS25 1XX,09960911075,general practice,R0006824,1
3584,James,Patel,,4476194990,231 Church Lane,York,TS15 3XX,54121863302,gp,R0000490,1
3586,David,Thmoas,,1314022503,246 Park Ave,York,TS18 7XX,5895 438 7162,cardiovascular medicine,R0003482,4
3587,Chen,Wilson,,0459407624,232 High Street,Middlesbrough,TS10 1XX,26316853830,cardiovascular medicine,R0002910,1
3588,Mohammed,Ahmed,,9677747353,114 Victoria Road,Durham,TS17 4XX,57282177367,gp,R0001006,1
3592,R.,Patel,,0978684160,280 victoria road,Durham,TS21 3XX,(9682) 3488464,general practice,R0005359,1
3593,James,Ahmed, MD,3257161531,258 Park Ave,Leeds,TS16 3XX,25436382758,general practice,R0002314,1
3594,M.,Ahmed,,3843257610,241 High Street,Newcastle,TS4 2XX,(4111) 0522990,orthopaedics,R0003411,2
3596,Aisha,Brown,,0225402454,111 Victoria Road,York,TS21 5XX,40688724776,cardiology,R0002554,1
3597,Lucy,Nguyen,,7456828802,165 Station Road,York,TS7 3XX,10435228821,ortho surgery,R0001416,2
3598,James,Roberts,,5092933218,83 Church Lane,York,TS10 4XX,43547761867,paediatrics,R0003096,1
3601,Fatima,Khan,,4849614393,148 Church Lane,Durham,TS28 5XX,81827560505,family medicine,R0002409,1
3602,Lucy,Sharma,,,88 Station Road,Leeds,TS3 2XX,61338105657,orthopedics,R0003270,1
3604,Priya,Jones,,2888123024,209 Victoria Road,Middlesbrough,TS25 7XX,12497939951,general practice,R0001112,2
3605,James,Roberts,,4749896040,14 Church Lane,York,TS16 8XX,28744367091,general practice,R0004462,2
3608,Aisha,Roberts,,4213070236,57 Church Lane,Newcastle,TS11 5XX,42691986773,gp,R0005605,2
3610,Omar,Brown,,6295929260,247 Station Road,York,TS15 2XX,08271205557,family medicine,R0003213,2
3612,John,Ali,,7000339308,172 Station Road,Newcastle,TS23 8XX,81646753968,orthopedics,R0000433,1
3614,Wei,Evans,,9423662670,160 Station Road,Leeds,TS24 6XX,52499147294,orthopaedics,R0002655,1
3616,Elena,Sharma,,5106457420,171 Church Lane,York,TS18 1XX,89308641020,pediatrics,R0005087,1
3617,Rajesh,Evans,,0080637437,196 Victoria Road,Durham,TS7 8XX,92676922800,ortho surgery,R0004401,1
3619,Aisha,Roberts,,0013096187,232 station rd,Leeds,TS21 5XX,9996 747 6529,orthopaedics,R0004607,2
3622,Garce,Evans, MD,1866777279,95 Park Avenue,York,TS19 8XX,67833336496,family medicine,R0002517,3
3623,Priya,Khan,,5650968835,24 High Street,Newcastle,TS29 4XX,74219627922,cardiovascular medicine,R0007213,2
3624,Elena,Brown,,0092909488,197 Station Road,Durham,TS10 7XX,98731515819,orthopaedics,R0001101,2
3625,Aisha,Davies,,0698759658,253 High Street,Middlesbrough,TS25 1XX,89285597887,family medicine,R0003276,1
3626,Mohammed,Patel,,3417753073,230 Church Lane,Leeds,TS7 5XX,34924314633,gp,R0005244,1
3627,Amraa,Patel,,4937908764,290 park avenue,Middlesbrough,TS27 2XX,17032928556,family medicine,R0005614,3
3631,Omar,Thomas,,8519699141,251 high st,Newcastle,TS27 8XX,86595627864,general practice,R0000195,2
3633,Amara,Brown,,8129041592,39 Station Road,York,TS24 8XX,04708259696,cardiology,R0000643,1
3635,Fatima,Brown,,2327521988,103 Park Avenue,Newcastle,TS19 8XX,94288491801,general practice,R0003285,1
3637,Aisha,Evans, Dr,2363356982,20 High St,Newcastle,TS28 5XX,6266 273 5016,pediatrics,R0003881,2
3639,James,Williams,,,101 High Street,Durham,TS19 6XX,82835831822,pediatrics,R0002776,1
3640,Priya,Williams,,4124191323,14 Church Lane,Leeds,TS1 5XX,69797756436,cardiology,R0006152,1
3641,Priya,Wilson,,0093065229,68 Church Lane,Durham,TS23 6XX,15679638227,cardiology,R0006344,2
3644,Priya,Ali,,6684019906,218 Park Avenue,Middlesbrough,TS23 4XX,25926766721,ortho surgery,R0002206,3
3646,Pryia,Taylor, MD,7038009155,93 Park Avenue,Durham,TS19 8XX,(6150) 3692014,orthopaedics,R0005398,4
3647,Fatima,Evans,,2379832961,124 Park Avenue,Leeds,TS5 2XX,32711642002,orthopedics,R0002669,2
3648,Rajesh,Jones,,7703068932,199 Station Road,Middlesbrough,TS11 6XX,07837495582,cardiovascular medicine,R0003299,1
3652,Amara,Wilson,,1482941149,219 Church Lane,Middlesbrough,TS12 7XX,96884808559,cardiology,R0002602,1
3653,Sarah,Davies,,0367885329,253 Park Avenue,Newcastle,TS13 4XX,87252708906,cardiology,R0000719,1
3656,John,Jones,,2762480580,261 Church Lane,York,TS10 5XX,72450264982,cardiovascular medicine,R0002802,2
3658,Jhon,Ahmed,,9847286387,145 High Street,Newcastle,TS9 1XX,(3405) 4545186,pediatrics,R0005020,4
3659,F.,Smith, Dr,,85 Park Avenue,Newcastle,TS29 1XX,6166 068 8022,orthopedics,R0000032,1
3660,Priya,Evans,,5122628310,287 Church Lane,York,TS22 4XX,12536935825,orthopedics,R0000664,1
3666,Fatima,Tyalor,,3598238194,5 High St,Leeds,TS23 2XX,18637958386,cardiology,R0003816,1
3670,Omar,Evans,,3758018398,6 High Street,York,TS22 2XX,80152632814,cardiology,R0001705,1
3671,Wei,Jones,,9395037631,39 Park Avenue,York,TS23 3XX,13255143574,general practice,R0003573,2
3674,John,Evans,,7438023916,170 Station Road,Durham,TS12 5XX,19014442224,cardiovascular medicine,R0005477,1
3676,Sarah,Evans,,3893079920,169 High Street,York,TS8 2XX,13089150028,cardiovascular medicine,R0004995,1
3678,Sarah,Thomas,,5718244822,144 Station Road,Leeds,TS6 2XX,24337297131,general practice,R0000118,1
3679,Omar,Wilson,,5715213130,181 Park Avenue,Leeds,TS20 6XX,80543803730,orthopedics,R0002276,2
3682,Elena,Brown,,1698880551,2 High Street,York,TS21 2XX,40155791380,gp,R0001401,1
3683,C.,Thomas, MD,3812352923,201 Victoria Road,Middlesbrough,TS6 1XX,4399 592 9440,ortho surgery,R0000739,1
3684,Amara,Jones,,4910241667,33 Church Lane,Newcastle,TS20 8XX,0631 110 4741,gp,R0002457,2
3686,Priya,Patel,,7531765111,102 High Street,Newcastle,TS11 6XX,99344075357,cardiology,R0000538,3
3687,Chen,Davies,,1705619004,56 park avenue,York,TS4 1XX,19907851165,cardiovascular medicine,R0003786,2
3691,Mohammed,Ahmed,,6023626706,134 Station Road,Leeds,TS2 4XX,71018281549,general practice,R0005035,1
3692,Wei,Davies,,9415571632,216 Park Avenue,York,TS28 2XX,39438153813,pediatrics,R0004959,2
3698,Lucy,Patel,,1220954160,43 Station Road,York,TS29 5XX,46753831270,family medicine,R0004318,3
3699,Chen,Davies,,5642719480,213 Church Lane,York,TS11 5XX,69829440682,gp,R0001815,1
3700,Fatima,Nguyen,,2592743191,269 High Street,York,TS3 7XX,71966380921,general practice,R0005265,1
3702,Chen,Brown,,8504773360,271 Victoria Road,Leeds,TS17 4XX,34729040395,pediatrics,R0004766,1
3704,Chen,Patel,,4850184780,227 Church Lane,Middlesbrough,TS25 4XX,82186164027,orthopedics,R0002100,1
3705,Garce,Evans, Dr,6726293931,282 Station Road,York,TS21 1XX,(0272) 4911673,pediatrics,R0004509,2
3710,Elena,Nguyen,,1582471270,157 Station Road,York,TS25 2XX,57344864038,orthopaedics,R0004291,2
3714,John,Thomas, MD,7215421801,167 Station Rd,Leeds,TS2 2XX,34519547905,general practice,R0004373,2
3717,Omar,Ahmed, Jr,8891512364,177 Victoria Road,Leeds,TS18 7XX,9270 549 7984,pediatrics,R0000356,2
3718,Elnea,Thomas, Dr,1165326833,202 Station Road,Leeds,TS1 4XX,0757 503 0099,family medicine,R0003978,1
3719,Grace,Taylor,,0197380086,132 Church Lane,Leeds,TS24 5XX,43356842552,cardiology,R0001461,1
3720,James,Roberts,,2310469489,68 Church Lane,York,TS12 7XX,09412507857,pediatrics,R0005199,2
3721,Wei,Smith,,5429127525,207 Church Lane,Leeds,TS20 7XX,00920539901,orthopaedics,R0002535,1
3723,Grace,Davies,,8562487552,144 station rd,Durham,TS4 1XX,(5794) 1631670,orthopaedics,R0003221,2
3725,David,Nguyen,,3746192566,226 Church Lane,Newcastle,TS29 7XX,17559586074,family medicine,R0002373,1
3727,Wei,Smith,,3108003547,273 Park Avenue,Middlesbrough,TS23 1XX,93991319485,paediatrics,R0003074,2
3728,Mohammed,Davies,,5530649803,250 Church Lane,Leeds,TS21 3XX,13742704168,cardiology,R0002319,3
3730,James,Taylor,,0246075009,47 Church Lane,Newcastle,TS15 2XX,74324925078,cardiovascular medicine,R0003333,2
3731,Sarah,Roberts,,1203710506,298 Park Avenue,Durham,TS3 5XX,31127402108,ortho surgery,R0004860,2
3732,Fatima,Patel,,0630695383,18 Park Avenue,York,TS22 5XX,(4424) 0303302,pediatrics,R0001752,2
3735,Omar,Smith,,8159193782,63 Station Road,Newcastle,TS3 1XX,36854819329,family medicine,R0001195,2
3736,Grace,Taylor,,2628642768,187 Park Avenue,Durham,TS3 1XX,60885749026,gp,R0001877,2
3737,Sarah,Williams,,6097652568,20 Park Avenue,Newcastle,TS14 4XX,76345631831,general practice,R0002668,1
3739,Priya,Khan,,0160652011,244 Church Lane,Newcastle,TS13 6XX,30248296366,gp,R0002016,1
3740,Rajesh,Sharma,,7613613845,161 Park Avenue,Leeds,TS24 1XX,45270667215,ortho surgery,R0002005,1
3742,Omar,Ahmed,,7196985265,272 Church Lane,Durham,TS26 2XX,57330359528,general practice,R0001482,1
3743,Elena,Wilson,,0539458756,18 Church Lane,Durham,TS9 3XX,8451 365 3053,orthopaedics,R0003238,2
3744,Aisha,Brown,,3564892739,6 Station Road,Leeds,TS21 7XX,15365996681,ortho surgery,R0000328,1
3747,Elena,Wilson,,7853941892,84 Station Road,Leeds,TS10 2XX,01211928547,cardiology,R0002944,2
3748,Amara,Williams,,1307445595,80 Park Avenue,Newcastle,TS2 7XX,86000753543,paediatrics,R0003887,3
3749,Mohammed,Wilson,,3996506327,148 High Street,Leeds,TS23 8XX,55904249595,gp,R0001123,1
3751,Lucy,Sharma,,5968514714,124 Church Lane,Newcastle,TS29 5XX,22516919043,family medicine,R0002787,2
3753,Mohammed,Smith, Dr,9364767905,189 Station Road,Durham,TS24 6XX,79581292093,pediatrics,R0003922,2
3754,John,Khan, Jr,9377698145,186 Church Lane,York,TS6 8XX,6836 252 9545,general practice,R0004317,3
3755,John,Ahmed,,2388456910,287 High Street,York,TS11 1XX,46462944592,family medicine,R0005255,1
3756,Rajesh,Khan,,0834734571,128 Victoria Road,Newcastle,TS18 7XX,69049381069,cardiology,R0006286,1
3757,Omar,Smith,,7387911938,117 Park Avenue,York,TS2 1XX,70029676524,family medicine,R0001258,2
3758,Grace,Nguyen,,5873357770,172 Church Lane,Middlesbrough,TS2 6XX,99831348329,gp,R0004454,1
3759,Omar,Roberts,,5769313271,111 Station Road,Middlesbrough,TS12 6XX,28708417612,orthopaedics,R0006511,1
3760,Chen,Thomsa, Jr,6621806405,146 High St,Newcastle,TS8 2XX,(6333) 5771459,gp,R0005138,2
3761,James,Brown,,4606706146,16 Victoria Road,York,TS13 7XX,22410316544,cardiology,R0001519,1
3762,Amara,Ahmed,,0840179724,89 Station Road,Middlesbrough,TS26 1XX,41433533256,ortho surgery,R0005850,1
3764,Omar,Nguyen,,1137175563,152 Station Road,Leeds,TS2 6XX,63918807126,cardiology,R0005476,1
3765,Mohammed,Davies,,2020871525,279 Victoria Road,Newcastle,TS25 2XX,11166802764,pediatrics,R0001023,1
3766,David,Thomas,,4510311021,104 High Street,Leeds,TS8 8XX,66604694271,gp,R0002587,1
3768,Aisha,Evans,,5777335965,287 Victoria Road,Leeds,TS23 6XX,25569245004,gp,R0005228,2
3769,Mohamemd,Jones, MD,4703468667,132 park avenue,York,TS20 4XX,(8260) 7152066,ortho surgery,R0005340,2
3770,Priya,Jones,,0655548230,6 Church Lane,Leeds,TS6 5XX,97139288097,pediatrics,R0003787,1
3772,Amara,Patel, Dr,9472511639,55 victoria rd,Middlesbrough,TS20 7XX,28730435238,cardiology,R0002858,2
3774,David,Ahmed,,7238363053,59 Station Road,Newcastle,TS23 3XX,57005994749,paediatrics,R0001675,2
3775,Rajesh,Patel,,6533597421,290 High Street,Middlesbrough,TS24 5XX,(0916) 0559645,gp,R0001747,2
3776,David,Davies,,2149859773,105 Church Lane,Newcastle,TS27 6XX,01456278271,cardiology,R0003026,1
3777,Mohammed,Williams, MD,1705685578,229 high st,Middlesbrough,TS28 1XX,30360574161,gp,R0000532,1
3779,Fatima,Evans,,2299805709,211 Park Avenue,Leeds,TS15 8XX,88979906341,ortho surgery,R0001629,2
3780,Grace,Jones,,4587119681,213 Church Lane,Middlesbrough,TS14 3XX,32115237486,general practice,R0004951,4
3785,Amara,Thomas,,1248349905,215 Park Avenue,Durham,TS29 8XX,29403296303,pediatrics,R0003607,1
3786,Aisha,Taylor,,2527337825,36 Station Road,Middlesbrough,TS8 1XX,74542410105,orthopedics,R0003795,2
3787,James,Nguyen,,6953959265,281 Church Lane,Newcastle,TS16 7XX,41763024473,orthopedics,R0004689,1
3788,Omar,Thomas,,2793296049,194 High Street,Newcastle,TS18 5XX,07036946884,gp,R0006465,1
3790,Sarah,Ahmed,,9215402668,106 Park Avenue,Leeds,TS28 4XX,41492972983,cardiovascular medicine,R0007042,2
3791,Priya,Ali,,9558910338,105 Church Lane,Newcastle,TS20 6XX,95722590528,orthopaedics,R0002222,1
3793,Sarah,Ahmed,,4247661065,122 Park Avenue,Leeds,TS4 3XX,69543013653,cardiovascular medicine,R0004307,1
3795,Fatima,Ali,,2468669887,128 Station Road,Middlesbrough,TS23 7XX,61976406300,cardiology,R0004630,1
3796,Chen,Wilson,,9743344182,84 High Street,Middlesbrough,TS5 6XX,20547191033,gp,R0006698,1
3797,John,Patel,,1099243552,85 Park Avenue,Middlesbrough,TS19 7XX,07798001576,cardiology,R0001948,1
3798,Amara,Thomas,,1146309845,65 Station Road,York,TS23 3XX,73224963123,cardiology,R0005738,1
3799,Lucy,Sharma, Jr,2897078091,22 Church Lane,Durham,TS10 6XX,3409 292 1327,paediatrics,R0006902,2
3802,James,Williams,,2053379664,267 Church Lane,York,TS8 5XX,33808137987,pediatrics,R0003492,1
3805,Fatima,Smith,,1424773018,15 High Street,Leeds,TS29 3XX,08786570154,cardiovascular medicine,R0003639,1
3807,Omar,Jones,,2746303552,164 Church Lane,Newcastle,TS15 4XX,31961289508,pediatrics,R0006245,4
3808,Chen,Ahmed, Dr,6934614532,121 Church Ln,Newcastle,TS13 7XX,(6195) 5602763,cardiovascular medicine,R0002225,2
3809,Amara,Ahmed,,6306565590,117 High Street,Newcastle,TS26 4XX,54947336301,paediatrics,R0001106,1
3812,Priya,Roberts,,6177153280,159 Church Lane,Leeds,TS10 4XX,53571453586,family medicine,R0003971,4
3814,Priya,Jones,,4689850191,150 High Street,Newcastle,TS16 4XX,46965232770,pediatrics,R0006443,1
3815,Priya,Williams,,6470662648,218 Park Avenue,Durham,TS16 6XX,14308630968,cardiology,R0005451,1
3817,David,Khan, Jr,2379833259,78 Station Road,Durham,TS8 3XX,(5786) 6861050,general practice,R0004059,4
3819,Mohammed,Wilson,,0745124073,296 Park Avenue,Middlesbrough,TS1 8XX,29656539076,cardiology,R0004100,3
3825,Aisha,Wilson,,3006621066,246 Station Road,Durham,TS25 5XX,20753089426,cardiovascular medicine,R0001180,1
3826,J.,Williams,,8429683249,268 Church Lane,Newcastle,TS28 8XX,94969304266,cardiovascular medicine,R0004713,2
3827,Chen,Brown,,7850868698,47 Station Road,Middlesbrough,TS5 7XX,24740303756,orthopedics,R0000887,2
3828,Sarah,Patel,,6895664023,201 Park Avenue,Leeds,TS7 8XX,07038830984,general practice,R0002986,2
3830,Priya,Ahmed,,5237755360,281 High Street,Durham,TS6 6XX,02929266627,cardiology,R0002436,2
3832,Amraa,Wilson,,6641422128,74 church lane,Newcastle,TS23 2XX,9860 759 7040,paediatrics,R0007241,2
3833,Elena,Jones,,3579083806,229 Victoria Road,Middlesbrough,TS23 1XX,97983461308,cardiology,R0000816,2
3835,James,Thomas,,5373285683,21 High Street,Durham,TS10 8XX,37776082522,orthopaedics,R0003413,2
3836,Wei,Smith, Dr,4333599287,35 victoria rd,Newcastle,TS3 7XX,7971 363 5681,paediatrics,R0004697,2
3838,Sarah,Evans,,2834239906,230 Victoria Road,York,TS11 7XX,61309109269,cardiology,R0006161,1
3839,David,Khan,,0588800968,267 Victoria Road,Durham,TS12 6XX,68818673481,paediatrics,R0003167,2
3840,Fatima,Patel,,0276299109,8 Church Lane,Newcastle,TS21 7XX,44962409655,cardiovascular medicine,R0007183,2
3841,Sarah,Patel,,6313639418,279 Station Road,Leeds,TS10 4XX,55629490382,cardiovascular medicine,R0005102,2
3842,David,Ahmed,,5816361053,49 Victoria Road,Durham,TS14 4XX,64779364120,pediatrics,R0004928,1
3843,Elena,Brown,,3550257080,114 Park Avenue,Leeds,TS27 6XX,78080568779,cardiology,R0003065,1
3845,Aisha,Davies, Jr,6586077999,294 station road,Newcastle,TS23 1XX,8628 295 4020,paediatrics,R0000990,1
3846,Elena,Brown,,0409281213,272 Park Avenue,York,TS18 7XX,04551236935,general practice,R0001464,1
3847,Amara,Jones,,3472632103,119 Station Road,Durham,TS16 1XX,73610148989,cardiovascular medicine,R0003662,1
3849,Sarah,Davies,,7713495632,142 Park Avenue,Newcastle,TS2 5XX,71645580238,pediatrics,R0001738,3
3850,A.,Jones,,4375268620,40 Park Avenue,York,TS2 1XX,1623 960 4385,cardiovascular medicine,R0005395,2
3851,Luyc,Davies,,8278159580,40 Victoria Road,Middlesbrough,TS15 1XX,19182181879,gp,R0003949,1
3853,David,Ali,,4486877238,248 Park Avenue,Leeds,TS10 7XX,11727595882,ortho surgery,R0000353,1
3855,Chen,Wilson,,1055529399,114 Station Road,Durham,TS14 6XX,59518077503,cardiovascular medicine,R0005720,2
3856,Amara,Patel,,7969518456,137 Church Lane,York,TS20 3XX,41275392509,ortho surgery,R0004936,2
3857,James,Brown,,1408609256,72 Church Lane,Durham,TS5 3XX,61321892842,paediatrics,R0003918,1
3858,A.,Williams,,0717196934,128 park ave,Newcastle,TS4 4XX,2305 987 0166,orthopaedics,R0005406,2
3859,John,Wilson, Jr,7550301802,63 High St,York,TS12 6XX,(0130) 0580286,general practice,R0005273,2
3860,S.,Evans,,8942416415,167 Park Ave,Leeds,TS12 8XX,77444410855,general practice,R0001490,3
3862,Omar,Patel,,8325952236,172 Park Avenue,Leeds,TS17 8XX,88548341504,ortho surgery,R0006145,3
3863,James,Williams,,5638461954,234 Station Road,Durham,TS1 4XX,77635162371,general practice,R0003129,2
3865,Priya,Evans,,5551542924,291 Station Road,York,TS16 6XX,33765515206,family medicine,R0004478,1
3866,Elena,Wilson,,8517538097,269 Park Avenue,Durham,TS29 4XX,90992733522,orthopaedics,R0003960,1
3867,Lucy,Jones,,1896536656,53 Church Lane,Newcastle,TS20 4XX,62285039685,general practice,R0001052,2
3868,Priya,Sharma,,5318678847,41 Victoria Road,Durham,TS7 8XX,61875375601,general practice,R0007105,1
3869,David,Patel, MD,2830723179,186 Victoria Rd,Middlesbrough,TS27 6XX,(8083) 3875639,orthopedics,R0002895,2
3871,David,Thomas,,5962745115,215 High Street,Newcastle,TS25 6XX,75034924311,family medicine,R0000052,1
3872,Fatima,Ahmed,,5233832573,285 High Street,York,TS25 7XX,75911782322,orthopedics,R0004505,2
3873,Mohammed,Sharma,,4340384463,201 Church Lane,Leeds,TS22 5XX,05305016528,ortho surgery,R0004246,1
3874,Amara,Ali,,3781171805,13 Park Avenue,Newcastle,TS20 7XX,37517951913,cardiovascular medicine,R0005260,3
3875,Priya,Brown,,1072756614,289 Park Avenue,Leeds,TS4 4XX,83317311324,orthopaedics,R0003085,1
3881,Aisha,Roberts,,5276796644,195 High Street,Middlesbrough,TS29 2XX,07143430260,pediatrics,R0003554,2
3884,Wei,Patel,,1920363306,238 Station Road,Middlesbrough,TS21 8XX,69453586053,family medicine,R0001468,2
3886,F.,Nguyen, Dr,7719506747,26 Park Avenue,York,TS10 8XX,6472 976 2397,cardiology,R0003095,2
3887,David,Wilson,,3179024725,158 Station Road,Leeds,TS12 4XX,21572393431,cardiology,R0005341,1
3890,Aisha,Khan, MD,,70 Church Lane,Middlesbrough,TS13 5XX,77879405112,orthopaedics,R0007346,1
3892,Elena,Roberts,,2818279941,100 Church Lane,Durham,TS14 7XX,60921287452,ortho surgery,R0004602,1
3893,Mohammed,Nguyen, Jr,9585914111,6 High Street,Newcastle,TS21 4XX,85444489170,cardiovascular medicine,R0003859,2
3896,Fatima,Khan, Jr,6129684746,1 Church Ln,Middlesbrough,TS18 2XX,61854992943,family medicine,R0004127,2
3897,James,Jones,,3287353527,35 Station Road,Newcastle,TS28 2XX,58835122236,cardiovascular medicine,R0002827,2
3898,Wei,Jones,,1988734885,92 Victoria Rd,Leeds,TS12 7XX,37422643700,paediatrics,R0000437,2
3899,Omar,Ali,,0757148856,291 Church Lane,Newcastle,TS8 8XX,59054423812,cardiovascular medicine,R0005802,1
3904,Elena,Wilson,,9982514094,11 Park Avenue,Middlesbrough,TS28 5XX,03200786601,orthopedics,R0001586,4
3911,Fatima,Ahmed,,6758273649,77 Station Road,York,TS5 6XX,04034331774,orthopedics,R0000972,2
3913,Mohammed,Smith, Dr,2078469900,266 Station Road,Leeds,TS5 2XX,8140 675 2047,cardiology,R0002952,2
3914,Mohammed,Williams,,5248615057,93 Station Road,Newcastle,TS27 3XX,39294191639,ortho surgery,R0006722,1
3916,Aisha,Sharma,,5335982347,220 Station Road,Middlesbrough,TS5 4XX,86257276611,pediatrics,R0003942,3
3917,Fatima,Ahmed,,3727055181,151 Park Avenue,York,TS23 4XX,57024306071,paediatrics,R0004498,1
3920,Lucy,Nguyen, Dr,,152 High Street,York,TS17 6XX,(6575) 6001533,paediatrics,R0002231,1
3921,Lucy,Khan,,8594020858,156 Park Avenue,Newcastle,TS7 3XX,78983692154,gp,R0004019,1
3922,Wei,Ali,,3340598207,68 Victoria Road,Newcastle,TS17 4XX,76729006559,cardiovascular medicine,R0001497,1
3924,Wei,Thomas,,2129374489,262 Park Avenue,Newcastle,TS5 8XX,11842028097,pediatrics,R0002369,1
3925,Grace,Thomas,,3246933134,163 Church Lane,Middlesbrough,TS5 3XX,42149496717,cardiology,R0006470,1
3926,Fatima,Sharma,,1341172214,195 High Street,York,TS3 1XX,94214223144,pediatrics,R0003429,1
3928,Aisha,Smith,,7145579193,172 Church Ln,York,TS11 4XX,(7015) 3603820,orthopedics,R0006685,4
3930,Aisha,Evans,,9576109516,84 Station Road,Leeds,TS25 5XX,55275375275,pediatrics,R0004663,2
3931,Aisha,Thomas,,7756593704,217 Victoria Road,Leeds,TS24 5XX,11143871576,cardiology,R0002422,2
3935,John,Ahmed,,1497438928,280 Station Road,Newcastle,TS28 6XX,43008625869,orthopedics,R0001551,2
3936,James,Nguyen,,6145878203,202 Victoria Road,Newcastle,TS14 3XX,52109674399,family medicine,R0006659,1
3938,David,Brown,,4730109096,86 High Street,Leeds,TS23 4XX,84326761362,ortho surgery,R0004949,1
3939,C.,Evans,,2718486266,136 station rd,Leeds,TS20 4XX,82127642735,paediatrics,R0006467,1
3940,Sarah,Roebrts,,3336981511,67 High Street,Durham,TS26 2XX,92310641533,cardiovascular medicine,R0002093,2
3941,Fatima,Ahmed,,9554344705,107 Church Lane,Durham,TS20 4XX,13227471942,pediatrics,R0001313,1
3949,Lucy,Jones,,5833146325,155 Station Road,Leeds,TS12 2XX,(7112) 9548083,cardiovascular medicine,R0005845,1
3951,Wei,Wilson,,4061229221,215 Victoria Road,Newcastle,TS28 8XX,5145 740 3596,cardiovascular medicine,R0004581,4
3954,Aisha,Thomas,,3849086128,136 Park Avenue,Middlesbrough,TS2 3XX,26723109779,general practice,R0003454,2
3955,Mohammed,Khan, Jr,1536708017,129 victoria rd,Leeds,TS5 2XX,9504 507 6062,paediatrics,R0000941,1
3956,Chen,Brown, Jr,7749780498,5 Church Ln,Middlesbrough,TS9 5XX,69032912216,orthopedics,R0000803,3
3957,Chen,Ahmed,,0394384705,207 high st,Middlesbrough,TS16 5XX,14448909096,family medicine,R0003337,2
3958,Rajesh,Sharma,,2112459927,230 Victoria Rd,Durham,TS29 6XX,4026 876 8330,gp,R0003605,4
3959,Sarah,Smith,,4031960180,63 Church Lane,York,TS21 2XX,92097898902,cardiovascular medicine,R0007033,1
3960,Rajesh,Wilson,,6912408315,188 High Street,Leeds,TS19 3XX,82141651388,family medicine,R0002750,1
3961,Amara,Wilson,,5973849066,219 Station Road,Durham,TS5 2XX,48029492530,paediatrics,R0005638,2
3962,Lucy,Khan, MD,5115042820,110 High Street,Leeds,TS1 6XX,06203252993,general practice,R0005380,3
3966,Priya,Smith,,7736955872,229 High Street,Middlesbrough,TS20 8XX,92287241128,family medicine,R0007360,1
3970,James,Davies,,0100906312,71 High Street,Leeds,TS24 5XX,86911457117,orthopaedics,R0001767,1
3971,David,Taylor,,3647028171,144 Church Lane,Durham,TS21 5XX,81156731224,general practice,R0007299,2
3972,Elena,Davies,,5073167803,46 Station Road,York,TS29 1XX,64497047154,general practice,R0003975,1
3975,Omar,Jones,,0313055261,121 High Street,York,TS5 7XX,34240913847,general practice,R0001572,1
3976,Amaar,Thomas,,3662201441,250 Church Lane,Durham,TS7 3XX,35373431622,paediatrics,R0000025,3
3977,Omar,Ahmed,,2629135908,71 Station Road,Durham,TS4 2XX,96057725192,cardiology,R0005931,1
3978,Mohammed,Thomas,,5593607583,168 Victoria Road,York,TS7 2XX,13589646325,paediatrics,R0001088,1
3980,J.,Ahmed, MD,7332465802,179 Church Ln,Durham,TS26 6XX,42265643122,gp,R0002694,1
3981,Omar,Thomas,,0533399492,180 Park Avenue,Middlesbrough,TS5 2XX,56018370437,paediatrics,R0004653,1
3983,Sarah,Williams,,0809734573,262 Station Road,Middlesbrough,TS13 4XX,68222117785,ortho surgery,R0003558,2
3984,Fatima,Ali,,8337154163,131 High Street,Durham,TS6 6XX,14827791797,general practice,R0000112,1
3985,Sarah,Brown,,6455106909,39 Victoria Road,Durham,TS17 3XX,5023 524 7980,cardiovascular medicine,R0002842,2
3986,Priya,Roberts,,0527190810,27 High Street,Durham,TS10 4XX,82520938481,cardiovascular medicine,R0002311,1
3989,Rajesh,Sharma,,5200351077,171 Church Lane,Leeds,TS19 2XX,08798109845,general practice,R0007129,2
3990,Grace,Ali,,7313722325,58 Park Avenue,Middlesbrough,TS24 2XX,72501612788,orthopaedics,R0006641,2
3991,Graec,Williams,,5431096822,188 Church Ln,Durham,TS21 5XX,4521 237 8839,gp,R0003806,2
3993,Mohammed,Evans,,9123861369,233 Church Lane,Middlesbrough,TS4 1XX,1423 747 5294,gp,R0001310,2
3994,Omar,Patel,,7306031500,116 Church Lane,Newcastle,TS2 4XX,82487276549,cardiovascular medicine,R0000695,1
3995,Priya,Roberts,,7125413923,136 Victoria Road,Newcastle,TS6 3XX,88473296720,orthopedics,R0004387,1
3997,Mohammed,Khan,,2672384380,193 Park Avenue,York,TS12 6XX,26274850607,cardiology,R0003752,1
3998,Priay,Taylor, Dr,0512121549,132 Victoria Rd,Durham,TS27 8XX,3463 648 8881,ortho surgery,R0005459,1
4002,Rajesh,Khan,,8450303747,92 High Street,Leeds,TS1 8XX,92773493424,orthopedics,R0005266,1
4003,Davdi,Williams, Jr,9570968035,99 victoria road,Newcastle,TS16 4XX,77709076799,paediatrics,R0006797,2
4004,Chen,Khan,,6528360903,83 Victoria Road,Durham,TS20 3XX,79629080001,ortho surgery,R0001833,1
4005,Omar,Evans,,5379926561,20 Park Avenue,York,TS15 3XX,98669743278,general practice,R0005944,4
4006,Grace,Evans,,1792859386,258 Church Lane,Durham,TS12 6XX,48516565777,pediatrics,R0007313,1
4008,Wei,Wilson,,0239983558,22 Park Avenue,Newcastle,TS16 8XX,77636362757,cardiology,R0000682,1
4009,Aisha,Ahmed,,8091843815,281 Station Road,Leeds,TS28 2XX,90232260545,orthopaedics,R0004898,2
4010,Grace,Brown,,1558414752,37 Victoria Road,Newcastle,TS16 7XX,17182570122,cardiovascular medicine,R0007069,2
4011,Lucy,Davies,,4016410568,159 Victoria Road,Middlesbrough,TS1 4XX,16664143806,gp,R0007294,2
4015,Elena,Nguyen,,1801853102,59 High St,Durham,TS28 3XX,09637671356,family medicine,R0005026,2
4016,Wei,Evans,,7997151634,145 Park Avenue,York,TS11 4XX,22104604688,cardiovascular medicine,R0004728,1
4018,James,Ali,,7005950646,109 Station Road,Middlesbrough,TS1 6XX,63071147969,orthopaedics,R0000942,1
4019,Elena,Brown,,8652307973,70 Church Lane,Newcastle,TS13 7XX,54524376384,paediatrics,R0001034,4
4020,Rajesh,Sharma, Dr,7012685450,274 Park Avenue,Newcastle,TS13 6XX,(2911) 9548220,cardiology,R0002885,2
4021,Omar,Khan,,3315994086,250 Victoria Road,York,TS19 4XX,22708877814,orthopaedics,R0006047,1
4022,Chen,Sharma,,2362501737,47 Park Avenue,Newcastle,TS4 8XX,84115005589,pediatrics,R0001346,1
4023,Luyc,Evans, Dr,5597666871,220 Park Ave,Newcastle,TS22 8XX,78534961308,ortho surgery,R0003879,3
4024,S.,Jones, MD,2066671342,44 Church Lane,York,TS21 2XX,2228 580 7674,cardiovascular medicine,R0003647,2
4027,Rajesh,Taylor,,4595524654,120 Park Avenue,Leeds,TS1 3XX,29294750945,cardiology,R0003934,2
4031,Elena,Wilson,,5439474551,265 Station Road,Durham,TS29 6XX,69683888378,paediatrics,R0005111,2
4032,Elena,Davies,,9186766700,240 High Street,Newcastle,TS13 8XX,93084274339,orthopedics,R0002988,1
4034,Wei,Nugyen,,9958000546,189 Station Rd,Leeds,TS10 6XX,39262457927,ortho surgery,R0005235,2
4036,Aisha,Williams,,2694700565,75 High Street,Durham,TS13 8XX,76395479817,ortho surgery,R0007465,3
4040,Mohammed,Ahmed,,0298619437,23 Park Avenue,Middlesbrough,TS19 8XX,67632421636,pediatrics,R0005386,1
4042,Omra,Wilson, MD,3713863444,201 Station Rd,Durham,TS3 7XX,54794544350,family medicine,R0003821,4
4043,Mohammed,Wilson, Jr,,272 station rd,Middlesbrough,TS11 5XX,60557976840,cardiology,R0004102,1
4046,D.,Davies, Dr,3665623775,144 Station Road,Middlesbrough,TS2 7XX,6475 641 7477,family medicine,R0006171,2
4047,E.,Davies, Jr,1676338381,28 High Street,Durham,TS28 7XX,72961182712,paediatrics,R0000082,2
4048,Omar,Davies,,5430674700,195 Station Road,Leeds,TS16 1XX,17773628060,cardiovascular medicine,R0003801,2
4050,Aisha,Evans,,3876798271,42 Church Lane,Middlesbrough,TS5 6XX,31992528649,cardiovascular medicine,R0001971,2
4053,Wei,Wilson,,8391970809,111 Park Avenue,Leeds,TS27 3XX,12899519580,cardiology,R0003824,2
4056,James,Sharma,,2905925149,67 Park Avenue,York,TS29 7XX,26641813270,orthopaedics,R0004786,2
4057,Jamse,Nguyen, Dr,8419918983,233 Park Ave,Newcastle,TS18 8XX,13908314493,general practice,R0006013,2
4058,Fatima,Patel,,8618372044,271 Victoria Road,Middlesbrough,TS27 2XX,97393601322,pediatrics,R0001946,1
4059,Chen,Sharma,,9475607426,81 Park Avenue,Durham,TS27 3XX,15336044068,ortho surgery,R0004629,1
4060,Priya,Khan,,1775005875,224 church ln,Durham,TS7 1XX,31284472755,cardiovascular medicine,R0004398,4
4061,Rajesh,Khan,,8450303747,32 Victoria Road,Durham,TS14 3XX,3433 493 1436,orthopedics,R0005267,1
4064,Mohammed,Roberts,,6960577318,216 Victoria Road,Newcastle,TS20 7XX,47471224817,ortho surgery,R0001609,2
4065,Mohammed,Ahmed,,2306546405,195 Church Lane,Durham,TS7 3XX,25000863279,paediatrics,R0007007,1
4067,Amara,Evans,,6767889540,166 Park Avenue,Durham,TS9 1XX,81799269720,orthopaedics,R0003832,2
4069,John,Patel,,7431142850,227 Victoria Road,Leeds,TS18 7XX,64025901379,cardiology,R0003070,2
4070,Fatima,Roberts, Dr,4787422044,122 station road,Durham,TS10 4XX,(7302) 4801209,paediatrics,R0005603,2
4071,James,Rboerts,,0895092493,286 High Street,Newcastle,TS26 3XX,3993 275 4050,orthopedics,R0007328,2
4077,Priya,Brown,,8998943311,282 Victoria Road,Middlesbrough,TS18 2XX,64137822740,general practice,R0002194,1
4079,Priya,Evans,,0090643931,6 Station Road,Leeds,TS23 6XX,08843453439,cardiology,R0006129,1
4080,Amara,Brown,,0744531258,132 Church Lane,Leeds,TS8 4XX,94249678012,paediatrics,R0006388,1
4081,Grace,Jones, MD,,108 Church Lane,Newcastle,TS9 4XX,5951 763 7181,family medicine,R0005925,1
4082,J.,Williams, MD,4675137655,45 Victoria Road,Newcastle,TS6 3XX,67800452629,cardiology,R0001018,2
4083,Priya,Thomas,,7282916014,54 High Street,York,TS7 1XX,99913334542,ortho surgery,R0000557,1
4085,Lucy,Robrets, MD,9833596678,6 Church Ln,Durham,TS17 6XX,7758 532 3894,cardiology,R0004686,2
4086,S.,Wilson, Jr,,82 Victoria Road,Durham,TS5 7XX,(9255) 7703932,orthopedics,R0001207,1
4087,Amara,Smith, Dr,2681478448,123 Victoria Road,Durham,TS20 6XX,6518 735 0748,pediatrics,R0004334,2
4088,Grace,Ahmed, MD,3125250357,82 victoria road,Middlesbrough,TS9 6XX,(0525) 7147732,general practice,R0004537,2
4089,Grace,Ali,,2664870208,127 Church Lane,Durham,TS7 3XX,20457733091,cardiovascular medicine,R0005830,2
4090,Fatima,Smith,,1615871173,63 Church Lane,York,TS17 4XX,00028940083,cardiovascular medicine,R0001510,1
4091,Chen,Sharma, Dr,4811699946,49 Victoria Road,Middlesbrough,TS26 7XX,0447 494 4284,paediatrics,R0004872,2
4092,Wei,Roberts,,2282633907,195 High Street,Newcastle,TS22 5XX,60375172662,orthopedics,R0003829,1
4094,Rajesh,Khan,,2465300498,16 Church Lane,Leeds,TS11 4XX,65469408850,ortho surgery,R0004886,1
4098,O.,Brown,,2244067264,112 High Street,Durham,TS21 6XX,(0416) 4680259,cardiology,R0005120,2
4099,Grace,Patel,,0646805845,23 Church Lane,Newcastle,TS2 8XX,88453285717,paediatrics,R0000266,1
4100,Aisha,Thomas,,6365239547,150 Station Road,Leeds,TS29 7XX,49360612824,ortho surgery,R0001140,1
4101,Grace,Evans,,8600054002,38 Church Lane,Newcastle,TS24 4XX,27934118213,pediatrics,R0003162,2
4107,David,Smith, Dr,0531187680,150 park avenue,Durham,TS6 5XX,76267055300,cardiovascular medicine,R0000657,3
4109,Priya,Wilson,,7852969731,66 park ave,Middlesbrough,TS24 1XX,24923319437,ortho surgery,R0006194,2
4110,Priya,Jones,,2948559622,149 Park Avenue,Middlesbrough,TS5 1XX,74076718155,orthopedics,R0000997,2
4111,Rajesh,Taylor,,3974162369,289 Station Road,Middlesbrough,TS13 6XX,69277892343,cardiology,R0002834,1
4112,Lucy,Davies,,2884693102,77 High Street,Durham,TS27 5XX,96953873403,gp,R0006380,2
4113,Elena,Davies,,7634073542,39 High Street,Newcastle,TS4 8XX,10998741557,cardiology,R0001237,2
4114,Priya,Thomas,,6048256727,76 High Street,Durham,TS1 1XX,07869698655,paediatrics,R0006251,2
4115,Priya,Evans,,6599470542,40 Station Road,Middlesbrough,TS15 5XX,1434 846 2943,cardiovascular medicine,R0004864,2
4116,Rajesh,Khan,,5821400783,232 High Street,Newcastle,TS27 4XX,96672811127,ortho surgery,R0005728,1
4121,Amara,Khan,,2507293796,76 Victoria Road,Durham,TS14 8XX,99707227709,paediatrics,R0004827,2
4124,Mohammed,Ali,,5223526461,34 Park Avenue,Newcastle,TS4 3XX,66656607404,pediatrics,R0000138,1
4125,Mohammed,Khan,,6886346155,24 high street,York,TS21 3XX,52213896664,gp,R0000300,2
4129,Mohammed,Taylor,,5219376462,234 Station Road,Durham,TS23 6XX,68302652791,pediatrics,R0004287,2
4132,Pryia,Taylor,,7000313273,248 Victoria Road,Middlesbrough,TS6 7XX,13682204222,orthopedics,R0004393,2
4133,Wei,Patel, Jr,9113896570,30 Church Lane,Middlesbrough,TS22 4XX,9670 348 6461,cardiovascular medicine,R0006068,2
4135,Wei,Taylor,,2580158669,18 Church Lane,Leeds,TS16 7XX,59367419156,cardiology,R0006992,1
4138,John,Jones,,4118231307,236 Station Rd,Newcastle,TS22 7XX,39511986361,paediatrics,R0004559,3
4142,Aisha,Sharma,,5528185327,103 Church Lane,York,TS11 3XX,29811832282,gp,R0003807,1
4143,A.,Thomas, Dr,4297668916,217 victoria rd,Middlesbrough,TS25 5XX,06399283284,cardiology,R0006416,2
4145,Grace,Williams,,3133292153,11 Church Lane,Durham,TS3 5XX,00013991965,gp,R0000796,1
4146,Lucy,Davies,,0420912346,239 Station Road,Durham,TS5 8XX,85077624463,orthopaedics,R0002415,2
4147,Rajesh,Patel,,9626351511,32 Church Lane,York,TS9 1XX,49709450373,general practice,R0000785,2
4149,Rajesh,Williams,,0494627767,289 Church Lane,Leeds,TS22 7XX,82605539802,general practice,R0000123,2
4150,Rajesh,Brown,,6011500672,251 Park Avenue,Middlesbrough,TS12 3XX,38062427003,cardiovascular medicine,R0002172,1
4151,Amara,Patel,,0703200127,145 High Street,Newcastle,TS3 2XX,69164787032,gp,R0005411,1
4154,Priya,Patel,,4643467500,125 Station Road,Leeds,TS16 6XX,24243063761,cardiovascular medicine,R0002309,2
4159,John,Wilson,,8292892682,243 Church Lane,Newcastle,TS19 7XX,25824587496,orthopaedics,R0003650,1
4161,John,Ali,,2053961673,291 Victoria Road,Durham,TS21 3XX,96789692646,paediatrics,R0005751,2
4162,P.,Davies, MD,8085606437,210 Station Road,Middlesbrough,TS15 6XX,1969 411 5577,ortho surgery,R0001400,2
4163,Grace,Wilson,,6677644246,66 Park Avenue,Durham,TS11 6XX,43126202911,orthopaedics,R0001457,1
4165,John,Williams,,2316133990,113 High Street,Durham,TS9 6XX,91902585127,cardiovascular medicine,R0001054,2
4166,David,Wilson,,6199051386,54 Station Road,Middlesbrough,TS25 3XX,62737069446,ortho surgery,R0003275,1
4167,Sarah,Sharma,,5551046024,245 High Street,Newcastle,TS28 5XX,28451395040,family medicine,R0006223,1
4168,Mhoammed,Wilson,,7815478375,121 station rd,Middlesbrough,TS13 2XX,43533841721,family medicine,R0003699,1
4169,Fatima,Jones,,9323337752,158 Station Road,Durham,TS22 4XX,24508728758,orthopedics,R0003759,1
4172,Wei,Roberts,,9221736652,266 Station Road,York,TS3 4XX,74385709786,cardiovascular medicine,R0001829,2
4173,David,Taylor,,6320928274,144 Station Road,York,TS20 2XX,86247270717,pediatrics,R0006362,1
4174,David,Davies,,5698230566,57 High Street,Durham,TS7 7XX,27123555790,orthopaedics,R0006882,1
4178,John,Jones, Dr,4146903398,163 Victoria Road,Newcastle,TS5 2XX,36387725267,cardiovascular medicine,R0005687,2
4179,J.,Thomas,,2981546516,81 Church Lane,Leeds,TS14 8XX,9377 154 4797,pediatrics,R0006113,2
4180,Amara,Jones,,4201724665,171 Station Road,Leeds,TS13 8XX,36326032141,cardiology,R0007200,1
4181,Wei,Roberts, MD,3457191629,223 Park Avenue,Newcastle,TS25 6XX,14577869827,orthopaedics,R0002607,2
4182,Sarah,Ngyuen,,9011172520,183 high street,Newcastle,TS17 6XX,14676563627,gp,R0003265,2
4183,Wei,Nguyen,,4188939638,260 Church Lane,Leeds,TS22 2XX,2456 855 6593,gp,R0005669,4
4184,Chen,Nguyne,,1252154220,74 Victoria Rd,Leeds,TS22 4XX,90174221866,cardiology,R0006788,2
4186,Amaar,Khan,,5065845082,266 Park Ave,Leeds,TS11 3XX,(8773) 7472590,paediatrics,R0002981,2
4187,S.,Thomas,,1301644218,118 Park Ave,York,TS1 8XX,4119 035 2160,gp,R0003362,2
4188,Rajesh,Ahmed,,9649776097,123 High Street,Leeds,TS10 3XX,65262193277,cardiology,R0001942,2
4191,Priya,Smith,,9550973975,172 High Street,Middlesbrough,TS9 3XX,61205686161,orthopedics,R0006348,1
4192,Grace,Sharam,,9989554555,86 Station Rd,Durham,TS10 1XX,92561246999,ortho surgery,R0005762,2
4194,Elena,Brown,,6084619619,128 Church Lane,Durham,TS23 4XX,34860949070,pediatrics,R0006903,1
4195,Amara,Patel,,3594957072,206 Church Lane,Leeds,TS16 5XX,30648630577,pediatrics,R0003133,2
4198,Mohammed,Sharma, MD,5446970308,178 Park Ave,Leeds,TS17 8XX,25331777117,orthopaedics,R0001474,1
4201,Amara,Roberts,,1279852482,152 Victoria Road,Leeds,TS15 5XX,21306243293,cardiovascular medicine,R0003434,2
4203,Aisha,Davies,,3807370916,125 Station Road,Newcastle,TS25 7XX,31026309842,pediatrics,R0003705,1
4205,Lucy,Khan, Jr,,59 High St,Newcastle,TS15 3XX,18456730529,general practice,R0004020,1
4207,Aisha,Khan,,3898358486,186 High Street,Leeds,TS17 5XX,82797495471,gp,R0005345,1
4208,Amara,Roberts, Dr,6722880043,284 Victoria Road,York,TS4 4XX,(1765) 3622516,paediatrics,R0005774,2
4212,Grace,Wilson,,5256439473,1 Church Lane,York,TS10 8XX,04611311198,cardiovascular medicine,R0006794,1
4213,Mohammed,Ali,,6199248485,14 Park Avenue,Newcastle,TS21 1XX,70309638027,cardiovascular medicine,R0004595,1
4214,Omar,Jonse, Jr,0565205109,27 Church Ln,Newcastle,TS24 1XX,(7155) 2476512,cardiology,R0006954,2
4216,Chen,Nguyen,,4129607134,75 Station Road,Durham,TS5 8XX,53944098197,orthopaedics,R0001235,2
4218,Omar,Smith,,,264 victoria road,York,TS27 6XX,9328 969 8273,orthopaedics,R0006743,1
4220,Grace,Thomas,,8254812228,49 Church Lane,Durham,TS15 7XX,02520718358,pediatrics,R0006071,2
4221,Omar,Roberts,,8626628740,123 Park Avenue,Leeds,TS22 4XX,78006461821,orthopaedics,R0004093,1
4225,James,Ahmed,,7244811218,135 Station Road,Leeds,TS8 7XX,64706331068,ortho surgery,R0001627,2
4227,Wei,Williams,,0520182544,63 Victoria Road,Durham,TS16 2XX,80569120290,gp,R0002714,1
4229,Priya,Jones,,0420355683,219 Victoria Road,Leeds,TS16 8XX,00571605219,ortho surgery,R0005332,2
4230,James,Wililams, Dr,2405257949,24 Park Avenue,Durham,TS22 3XX,(2552) 0308307,paediatrics,R0006569,1
4232,Wei,Williams,,9808018131,244 Church Ln,Middlesbrough,TS9 3XX,64144353372,gp,R0000910,2
4234,Sarah,Taylor,,2444052508,33 Park Avenue,Leeds,TS11 3XX,97460853604,cardiovascular medicine,R0001866,1
4236,Grcae,Jones,,7955635604,105 Church Ln,Leeds,TS14 4XX,(5286) 6802163,paediatrics,R0002498,2
4239,Pryia,Ahmed,,3919332309,111 station rd,Newcastle,TS23 6XX,3637 874 8078,gp,R0004743,3
4240,Chen,Nguyen,,1422916708,260 Station Road,York,TS16 7XX,92464075169,cardiovascular medicine,R0004006,1
4247,Amara,Jones,,6221828993,50 Park Avenue,Newcastle,TS3 1XX,29078955767,pediatrics,R0001773,2
4249,James,Evans,,6957923502,190 Church Lane,Leeds,TS2 6XX,20624735773,family medicine,R0004901,1
4250,Omar,Taylor, Jr,2166789143,171 Victoria Road,Middlesbrough,TS20 3XX,05363111421,cardiology,R0002687,2
4253,Fatima,Brown,,,219 victoria rd,Newcastle,TS9 3XX,(3760) 0653279,pediatrics,R0005224,1
4255,Sarah,Ahmed,,3509958701,207 Victoria Road,Middlesbrough,TS21 8XX,89802920306,paediatrics,R0005775,2
4256,Lucy,Jones,,6042037054,226 Station Road,York,TS19 7XX,44372685254,cardiology,R0006800,1
4259,Chen,Nguyen,,0815969333,231 Station Road,Durham,TS14 6XX,43158824760,family medicine,R0000172,2
4260,P.,Smith, MD,4569520966,223 Park Avenue,Newcastle,TS25 7XX,1201 946 5417,paediatrics,R0003322,4
4261,Amara,Brown,,,79 Park Ave,Middlesbrough,TS18 3XX,(7293) 2719723,cardiology,R0004352,1
4262,E.,Roberts,,1575980577,85 park avenue,Middlesbrough,TS10 7XX,(5552) 5801042,orthopedics,R0003372,1
4263,Aisha,Ali,,0441291446,184 Church Lane,Middlesbrough,TS14 3XX,19599928058,paediatrics,R0003311,1
4264,Omar,Davies,,8440676362,195 High Street,Durham,TS15 7XX,68778157429,general practice,R0006803,1
4265,Amara,Patel, Dr,3821727015,105 victoria road,Durham,TS5 5XX,00189039434,gp,R0006342,2
4266,Amara,Jones,,0701643662,184 Park Avenue,Newcastle,TS10 7XX,55469192653,ortho surgery,R0005882,1
4267,Sarah,Khan,,2409678575,209 Park Avenue,Middlesbrough,TS24 4XX,43443957963,ortho surgery,R0003402,2
4268,Priya,Brown,,9314563952,278 victoria road,Newcastle,TS15 1XX,5516 817 1740,orthopaedics,R0000019,2
4270,D.,Jones,,0866567058,114 Station Road,York,TS13 7XX,(8739) 4721022,paediatrics,R0005662,3
4274,Rajesh,Sharma,,6011771470,7 High Street,Durham,TS17 6XX,49116807958,general practice,R0002173,2
4275,A.,Thomas, Jr,7406423081,124 High Street,Newcastle,TS12 7XX,(6170) 0902155,general practice,R0001357,2
4277,John,Ahmed,,5190451555,33 Station Road,Newcastle,TS6 6XX,33261340838,cardiovascular medicine,R0003113,2
4278,Grace,Patel,,2239321115,121 Church Lane,York,TS25 5XX,13383174062,cardiovascular medicine,R0000181,2
4279,Lucy,Khan,,8217913774,197 Church Lane,Newcastle,TS9 6XX,29084324893,orthopedics,R0005859,2
4281,Elena,Brown,,6721049955,145 Church Lane,Leeds,TS13 8XX,62079138213,pediatrics,R0001811,4
4283,S.,Roberts, Dr,2048896870,2 Church Lane,York,TS14 7XX,95031420141,general practice,R0001801,2
4289,Chen,Patel,,6335959877,279 Park Avenue,Leeds,TS29 8XX,67810957550,general practice,R0001159,1
4290,John,Davies,,9545336377,194 Victoria Road,Middlesbrough,TS11 7XX,46782245902,gp,R0001212,2
4292,Amara,Thomas,,4064123981,139 Station Road,Middlesbrough,TS7 2XX,50536999555,ortho surgery,R0004608,2
4293,John,Roberts,,7715804179,293 High Street,Newcastle,TS11 8XX,01770130767,family medicine,R0001454,2
4295,Omar,Ahmed,,6122763161,67 Victoria Road,Leeds,TS11 5XX,29561673706,gp,R0005736,1
4296,David,Ahmed,,6206980554,138 Park Avenue,York,TS27 8XX,64593850725,paediatrics,R0001644,1
4298,Lucy,Sharma,,9088394036,243 Church Lane,Durham,TS25 7XX,66185743712,gp,R0006056,3
4299,Aisha,Evans,,2065097422,10 Church Lane,Middlesbrough,TS11 2XX,11333651974,general practice,R0000729,1
4300,Elena,Taylor,,7519260258,103 Church Lane,Middlesbrough,TS28 3XX,31642615686,orthopaedics,R0001936,1
4301,Grace,Smith,,0728849590,234 Church Lane,Newcastle,TS8 7XX,87609853590,family medicine,R0003793,2
4302,Grace,Ahmed,,0041575672,281 Church Lane,Durham,TS17 2XX,35134746882,pediatrics,R0006999,2
4303,J.,Jones, Dr,8062206253,98 station rd,Middlesbrough,TS3 7XX,86780370663,pediatrics,R0006474,2
4304,Amara,Nguyen,,2548224798,296 High Street,Newcastle,TS8 6XX,78208377641,orthopedics,R0007201,2
4305,Fatima,Evans,,9877435752,98 High Street,Middlesbrough,TS13 7XX,78708984291,gp,R0001109,3
4307,Amara,Williams,,8808433459,204 High Street,Durham,TS2 1XX,37339278699,pediatrics,R0002997,2
4310,Omar,Ahmed,,4064017747,80 Park Avenue,Durham,TS7 4XX,83685514015,general practice,R0002006,2
4311,Fatima,Khan,,2078835952,120 Station Road,Durham,TS13 7XX,80735233071,orthopaedics,R0000192,2
4313,Priya,Brown,,3656471700,227 Park Avenue,Middlesbrough,TS23 2XX,19193791358,cardiology,R0000577,2
4315,Aisha,Jones, MD,2992464728,4 Church Lane,Middlesbrough,TS18 1XX,8915 306 0082,cardiology,R0002395,2
4317,S.,Sharma,,7017075263,287 Victoria Rd,York,TS22 3XX,(8258) 9766465,cardiology,R0001847,2
4321,Omar,Nguyen,,8140256203,126 Church Ln,Leeds,TS28 6XX,6096 946 5873,paediatrics,R0005194,2
4323,David,Brown,,7182326664,150 Station Road,Durham,TS4 3XX,66233851102,pediatrics,R0002072,2
4324,Mohamemd,Davies, MD,6310430699,158 High St,Middlesbrough,TS13 8XX,54969895307,cardiovascular medicine,R0001897,2
4326,Omar,Thomas,,5810208544,107 High Street,Durham,TS29 2XX,27720728398,general practice,R0003659,1
4327,Grace,Roberts,,6395627188,173 Park Avenue,Newcastle,TS27 1XX,21351066375,cardiology,R0002379,1
4328,Aisha,Evans,,7683050275,111 Park Avenue,York,TS16 3XX,22790545202,general practice,R0001446,2
4330,John,Brown,,7802860984,83 Church Lane,Newcastle,TS29 6XX,59226631590,orthopaedics,R0006618,1
4331,Omar,Sharma,,1237540122,243 Church Lane,Newcastle,TS13 3XX,50703947283,general practice,R0002526,2
4333,Lucy,Shrama, MD,5355645645,83 High St,Newcastle,TS4 7XX,7902 049 7780,pediatrics,R0000977,2
4334,James,Smith, Dr,5027733953,188 church lane,York,TS21 4XX,(8217) 0511692,family medicine,R0007166,2
4336,Elena,Evans,,5559774058,176 park ave,York,TS28 8XX,(9931) 4216101,cardiovascular medicine,R0004998,4
4339,John,Evans,,6504037826,299 Station Road,Leeds,TS28 5XX,11041546211,general practice,R0001299,1
4340,Priya,Smith,,0553021022,158 High Street,Durham,TS28 4XX,26487828315,gp,R0007318,1
4343,Priya,Davies,,5997560277,105 High Street,York,TS10 6XX,63943593252,cardiology,R0005584,1
4344,John,Jones,,3872460713,119 Station Road,Middlesbrough,TS19 3XX,63690037696,cardiovascular medicine,R0005480,1
4345,Mohammed,Patel,,6281033629,209 Church Lane,Durham,TS23 8XX,52546259691,cardiovascular medicine,R0002315,2
4348,Grace,Sharma,,6659729902,292 Park Avenue,Newcastle,TS21 5XX,30854912829,paediatrics,R0001084,2
4349,James,Khan,,3460800722,229 Park Avenue,Durham,TS11 3XX,68342508521,orthopedics,R0007078,1
4351,Chen,Taylor,,3808370768,31 High Street,Middlesbrough,TS22 6XX,97586142014,paediatrics,R0005677,2
4352,Amara,Patel, Dr,3604628866,223 station road,Newcastle,TS15 1XX,(3755) 6328476,cardiovascular medicine,R0005081,4
4354,Mohammed,Thomas,,5124985776,272 Victoria Road,Newcastle,TS2 3XX,08092039398,pediatrics,R0007152,2
4355,David,Roberts,,6182657727,30 Church Lane,Leeds,TS4 5XX,44671295496,gp,R0002268,2
4356,David,Evans,,8703971442,64 Victoria Road,Durham,TS3 2XX,57795100561,family medicine,R0005285,1
4357,Priya,Thomas,,8158652382,95 High St,Leeds,TS11 1XX,(5592) 2841545,ortho surgery,R0007371,2
4358,Mohammed,Williams,,4543848998,97 Church Lane,York,TS20 5XX,(8542) 8642571,paediatrics,R0005911,2
4359,Grace,Brown,,5030279367,74 Park Avenue,Middlesbrough,TS9 6XX,26884235798,general practice,R0003447,1
4361,Sarah,Smith,,9360865148,51 Park Ave,Leeds,TS4 7XX,90119756318,cardiovascular medicine,R0006905,2
4362,Lucy,Wilson,,6812771052,234 high street,York,TS8 8XX,(8092) 1134936,cardiovascular medicine,R0005003,2
4366,Wei,Sharma,,7799229864,58 Station Road,Middlesbrough,TS27 5XX,03739385846,family medicine,R0005542,1
4367,Aisha,Smith, Jr,8200755800,267 Victoria Road,Durham,TS23 5XX,15911346191,paediatrics,R0001144,2
4368,Chen,Evans,,1808741002,264 Church Lane,Leeds,TS18 1XX,71409431220,family medicine,R0005057,1
4369,David,Evans,,9865975430,55 Park Avenue,Durham,TS2 4XX,39804861402,pediatrics,R0006438,1
4370,Elena,Davies,,9575493075,199 High Street,Leeds,TS23 6XX,57922736590,paediatrics,R0004639,1
4371,Chen,Roberts,,6757020157,292 Victoria Road,Middlesbrough,TS19 6XX,03613410805,family medicine,R0003789,1
4378,David,Ahmed,,1810740629,199 Victoria Road,York,TS14 4XX,69601634452,pediatrics,R0001966,2
4379,Fatima,Roberts,,8987389786,179 High Street,Newcastle,TS10 5XX,68002451988,orthopaedics,R0005948,1
4381,Wei,Davies,,4287227228,121 Park Avenue,Newcastle,TS7 1XX,28744403863,paediatrics,R0004366,2
4384,Wei,Jones,,4923075042,26 Church Lane,Leeds,TS23 1XX,57097246578,family medicine,R0001903,2
4385,Amara,Khan,,7306073084,239 High Street,York,TS9 6XX,73431259707,pediatrics,R0006807,1
4386,Elena,Taylor,,5629611499,133 Station Road,York,TS10 7XX,74394804500,cardiovascular medicine,R0003917,1
4387,Grace,Roberts,,0499572805,91 Church Lane,Middlesbrough,TS17 8XX,61575134142,general practice,R0003618,1
4389,Sarah,Sharma,,7810618133,101 Church Lane,Newcastle,TS17 3XX,65998121581,ortho surgery,R0004600,2
4390,Sarah,Khan,,0506437577,128 High Street,Leeds,TS17 8XX,11991461336,cardiovascular medicine,R0000142,2
4393,Grace,Evans,,6063662114,207 Church Lane,Middlesbrough,TS22 2XX,86726685749,gp,R0003674,1
4394,Grace,Ali,,2664870208,298 church lane,York,TS6 8XX,74277773880,cardiology,R0005831,1
4396,Aisha,Sharma, Dr,5528185327,27 High St,Durham,TS9 2XX,(2706) 5223234,gp,R0003808,1
4398,Lucy,Williams, MD,7559131588,124 Station Rd,Leeds,TS12 7XX,7979 265 1918,paediatrics,R0002258,2
4400,Sarah,Roberts, MD,9275778959,106 church lane,Middlesbrough,TS11 6XX,08828739545,general practice,R0003939,2
4404,Rajesh,Brown,,6754999088,121 Victoria Road,Durham,TS11 6XX,58377818290,general practice,R0000948,1
4408,Chen,Nguyen,,3538436032,265 Station Road,York,TS2 7XX,43198434926,ortho surgery,R0001600,3
4411,James,Williams,,3062338046,298 Victoria Road,York,TS5 3XX,28626071075,family medicine,R0007245,2
4413,John,Davies,,2386623265,250 Church Lane,Durham,TS25 8XX,34497925544,paediatrics,R0004900,1
4414,Priay,Nguyen,,1985080472,240 High Street,Newcastle,TS25 1XX,1509 422 2715,gp,R0006472,2
4415,J.,Wilson, Dr,2145068059,295 Victoria Rd,York,TS21 3XX,6174 784 2738,family medicine,R0007049,2
4416,O.,Jones, Jr,1230814220,61 high street,Newcastle,TS24 8XX,5042 014 4562,cardiology,R0001071,2
4418,Omar,Ahmed,,8547266220,144 High Street,Middlesbrough,TS18 1XX,51762726647,ortho surgery,R0002295,1
4419,John,Brown, Dr,8749297136,106 Church Lane,Leeds,TS5 3XX,91591144429,paediatrics,R0004772,1
4420,Wei,Khan,,0371391957,63 Station Road,Leeds,TS12 2XX,38056115291,cardiology,R0001089,1
4421,Grace,Khan,,1539335966,170 Victoria Road,Newcastle,TS16 3XX,15634458454,cardiology,R0002940,2
4422,Garce,Wilson,,1525360581,234 High Street,Newcastle,TS14 5XX,(5428) 2233426,general practice,R0006347,2
4423,James,Thomas,,5088302603,51 Station Road,Durham,TS6 7XX,31297523493,ortho surgery,R0004384,1
4424,Elena,Davies,,4960813429,151 Victoria Road,Middlesbrough,TS10 3XX,65605227104,paediatrics,R0000929,2
4426,Omar,Thomas,,6120416497,253 Station Road,Leeds,TS13 1XX,70844067429,orthopaedics,R0004816,2
4427,Lucy,Brown,,6547598852,225 Park Avenue,Leeds,TS6 8XX,22518854403,paediatrics,R0006883,2
4428,Rajesh,Ahmed,,8337900945,98 Victoria Road,Leeds,TS14 7XX,76378968875,pediatrics,R0003247,2
4429,Grcae,Patel,,3455156333,79 Station Road,Durham,TS11 2XX,05485407319,orthopaedics,R0006816,2
4430,James,Williams, MD,2913660592,29 Victoria Road,Newcastle,TS10 4XX,95448160017,cardiology,R0005563,2
4431,Omar,Williams,,3653369878,283 High Street,Newcastle,TS12 3XX,87036113337,cardiovascular medicine,R0006645,2
4433,Chen,Evans,,1512737424,274 Park Avenue,Newcastle,TS27 8XX,83243799448,cardiovascular medicine,R0006991,1
4434,David,Roberts,,7006979081,26 Victoria Road,Newcastle,TS15 5XX,45822985298,orthopedics,R0001698,2
4435,David,Khan,,1802247519,57 Park Avenue,Durham,TS22 8XX,82586242493,cardiology,R0007060,2
4436,James,Sharma,,7996989320,36 Victoria Road,Middlesbrough,TS25 5XX,45049334902,general practice,R0007460,3
4438,Rajesh,Nguyen,,2578541558,59 Church Lane,Durham,TS13 4XX,04239615472,paediatrics,R0003830,2
4440,John,Smith,,0520817939,91 High Street,Durham,TS27 8XX,24644410935,orthopaedics,R0006826,2
4441,Omar,Wilson,,3264490299,139 Station Road,Newcastle,TS7 1XX,35017669283,cardiovascular medicine,R0000985,1
4442,Amara,Khan,,3161439732,10 Park Avenue,Durham,TS17 1XX,06480179700,ortho surgery,R0001820,4
4443,Amara,Nguyen,,9942088508,235 Station Road,York,TS20 2XX,00994443536,pediatrics,R0000585,2
4444,Chen,Davies,,6650055784,112 High Street,Durham,TS5 4XX,88950814369,paediatrics,R0007157,1
4445,Chne,Patel, MD,4544833138,51 station road,Middlesbrough,TS3 8XX,1288 525 8374,cardiology,R0006480,2
4446,Elena,Jones,,1100480827,51 Victoria Road,York,TS2 1XX,65353051340,cardiovascular medicine,R0006832,1
4448,John,Taylor,,5529546742,222 Church Lane,Durham,TS8 2XX,13743670917,cardiology,R0007084,2
4449,Priya,Evans,,0599312330,247 Church Lane,York,TS4 1XX,02419572304,gp,R0005952,1
4454,Amara,Smith,,9165425534,78 Victoria Road,York,TS17 4XX,85924908842,paediatrics,R0007149,1
4455,Mohammed,Ahmed,,7657195206,193 Church Lane,Durham,TS1 2XX,69579249722,cardiology,R0006849,1
4456,Fatima,Williams,,6395147554,40 Park Avenue,Durham,TS6 7XX,20900693772,paediatrics,R0006321,2
4457,Grace,Khan,,9495165882,135 Park Avenue,York,TS14 4XX,66882498402,ortho surgery,R0003864,1
4458,L.,Nguyen, Jr,7775346658,224 High St,Durham,TS16 5XX,51838868125,ortho surgery,R0006227,1
4459,David,Patel,,5491266398,26 Park Avenue,Durham,TS16 4XX,58014516024,cardiology,R0002399,2
4460,James,Thomas,,2703054260,285 Park Avenue,Middlesbrough,TS4 3XX,58736847447,paediatrics,R0005413,1
4461,Wei,Nguyen,,7223564872,215 Station Road,Newcastle,TS22 8XX,00527740323,cardiovascular medicine,R0003710,2
4462,James,Brown,,0351490028,233 Church Lane,Durham,TS1 6XX,07182130153,cardiology,R0000246,1
4463,Elena,Patel,,6991738678,263 Victoria Road,Middlesbrough,TS21 2XX,96128628702,cardiovascular medicine,R0001594,1
4469,Rajesh,Williams, Dr,2842655271,125 Victoria Road,York,TS12 4XX,4641 521 8351,family medicine,R0000670,4
4471,Aisha,Wilson,,2649254816,201 Victoria Road,Leeds,TS15 3XX,(4932) 5470978,cardiovascular medicine,R0001911,2
4477,David,Evans,,8099531271,162 Victoria Road,Middlesbrough,TS22 7XX,24570213644,cardiology,R0003013,1
4478,Cehn,Davies,,8960943406,111 High St,Durham,TS25 4XX,3680 430 0575,gp,R0002308,2
4479,David,Patel,,5792200723,278 Church Lane,Middlesbrough,TS23 5XX,42575741170,pediatrics,R0004482,1
4480,John,Roberts,,5061169336,219 Station Road,Middlesbrough,TS7 7XX,63936192455,paediatrics,R0003690,2
4483,Mhoammed,Khan,,7770832586,89 park ave,Newcastle,TS28 5XX,0600 630 4369,pediatrics,R0003200,1
4484,Sarah,Smith,,2046389364,105 Station Road,Leeds,TS16 2XX,68359748052,pediatrics,R0002266,2
4486,David,Jones,,4443182043,94 Park Avenue,Leeds,TS26 3XX,20133230406,orthopedics,R0005696,1
4488,G.,Brown, MD,7133444330,294 High St,Leeds,TS22 7XX,0224 159 0874,cardiology,R0004922,1
4489,Elena,Ali,,1664002101,43 High Street,Newcastle,TS19 1XX,61400144367,ortho surgery,R0000257,2
4490,P.,Brown, Dr,6724882236,195 park ave,Durham,TS17 8XX,15258894640,paediatrics,R0002925,2
4491,Grcae,Ahmed, MD,1846703646,102 Station Road,Leeds,TS24 7XX,1594 903 9728,pediatrics,R0002822,1
4493,Aisha,Wilson,,3867258352,224 High Street,Durham,TS13 2XX,11430499559,paediatrics,R0003524,2
4494,Priya,Sharma,,3635950484,266 Victoria Road,Newcastle,TS8 4XX,11343714872,pediatrics,R0002284,2
4495,David,Davies,,1584020531,142 Park Avenue,Middlesbrough,TS10 8XX,02352909501,pediatrics,R0000484,2
4497,Eelna,Davies,,9575493075,289 Victoria Road,York,TS27 7XX,38071826100,paediatrics,R0004640,1
4498,Grace,Nguyen,,7266181779,162 Park Avenue,Middlesbrough,TS29 4XX,48267577507,ortho surgery,R0002555,1
4499,Rajesh,Thomas, MD,9644483130,167 high st,Middlesbrough,TS23 6XX,64719591464,cardiology,R0000008,2
4500,Rajesh,Brown,,2890988446,196 Park Avenue,Newcastle,TS8 8XX,36860805627,family medicine,R0003657,2
4505,Fatiam,Smith,,4885201257,60 Church Ln,Newcastle,TS5 4XX,6099 772 1215,orthopaedics,R0002273,4
4506,Priya,Patel,,1467021176,43 Station Road,Leeds,TS27 5XX,29126508263,paediatrics,R0001010,2
4508,Sarah,Khan,,4131640045,1 High Street,Leeds,TS18 4XX,13198321792,orthopaedics,R0001067,1
4510,Omar,Ali,,3224221920,19 Station Road,York,TS4 4XX,96383020430,pediatrics,R0003968,3
4511,Mhoammed,Ahmed, MD,1379207731,229 Station Road,York,TS4 4XX,31017333028,cardiovascular medicine,R0005325,2
4513,Grace,Wilson,,4116992559,22 Victoria Road,Middlesbrough,TS20 7XX,23930980470,orthopaedics,R0007192,1
4514,Fatima,Sharma, Jr,6966230507,173 Victoria Rd,Newcastle,TS5 6XX,4078 490 8665,gp,R0003049,3
4515,A.,Sharma, MD,7734366603,12 Victoria Road,Leeds,TS6 2XX,(0705) 3087899,orthopedics,R0000782,2
4517,Elena,Evans,,9811185155,241 Church Lane,Durham,TS5 4XX,79259625045,cardiology,R0001748,2
4520,Lucy,Wilson,,4774983422,47 Station Road,Middlesbrough,TS22 1XX,24376047214,family medicine,R0006986,2
4523,Priya,Khan,,5369723107,213 Park Avenue,Middlesbrough,TS21 4XX,87242958551,ortho surgery,R0002608,1
4526,John,Williams,,2824285119,148 Victoria Road,Durham,TS3 6XX,69446174182,gp,R0001726,2
4527,John,Evans,,9416477434,271 Park Avenue,Durham,TS15 5XX,(9217) 9643405,paediatrics,R0000611,4
4528,Chen,Jones,,6895364677,148 Station Road,Durham,TS16 8XX,68997513475,cardiology,R0000343,2
4529,Priya,Smith,,9683584580,158 Church Lane,Durham,TS25 7XX,10172796142,orthopaedics,R0005848,2
4530,Priya,Williams, Dr,4473571427,190 High St,Leeds,TS18 5XX,0904 053 6690,paediatrics,R0003751,2
4531,D.,Brown, Jr,7282583009,292 Park Avenue,Leeds,TS23 4XX,2751 693 7105,pediatrics,R0006550,1
4535,J.,Ali, Dr,0681756043,110 High Street,Leeds,TS27 2XX,02209078617,orthopaedics,R0001537,1
4537,Fatima,Ali,,7708663852,59 Station Road,Leeds,TS28 7XX,57832930722,gp,R0003648,2
4538,James,Ali, MD,0785530664,230 Park Avenue,Leeds,TS13 3XX,87257034529,general practice,R0005970,2
4539,S.,Sharma, MD,0338216797,272 Station Road,Durham,TS27 7XX,(5213) 5947747,pediatrics,R0004634,2
4540,Lucy,Ahmed,,9479098971,266 Station Road,Middlesbrough,TS18 4XX,47809375421,paediatrics,R0001517,1
4541,Lcuy,Thomas,,1021091521,66 Station Road,Leeds,TS14 5XX,97013525709,orthopedics,R0006604,3
4542,Grace,Taylor,,3167608970,35 Church Lane,Leeds,TS19 7XX,88901877246,paediatrics,R0004271,2
4544,Omar,Thomas, MD,8545052910,89 Victoria Road,Middlesbrough,TS16 4XX,24716826996,family medicine,R0002091,2
4549,John,Davies,,5429511180,185 Victoria Road,Newcastle,TS5 1XX,96990071884,pediatrics,R0004745,2
4551,Luyc,Khan, Dr,3125756316,109 Victoria Rd,Durham,TS4 8XX,1579 594 0190,orthopedics,R0005365,4
4552,Daivd,Evans, Jr,3138576661,222 high street,Middlesbrough,TS5 6XX,4384 761 3273,pediatrics,R0005014,3
4553,Wei,Patel,,9249217327,101 Station Road,Middlesbrough,TS24 8XX,91486233667,orthopedics,R0004479,1
4554,Aisha,Simth, MD,3737793302,283 Station Road,York,TS13 7XX,(7704) 7247784,ortho surgery,R0000371,2
4555,Rajesh,Evans,,9514255553,161 High Street,Newcastle,TS12 2XX,90374836444,ortho surgery,R0001937,2
4556,Wei,Brown,,9997273392,4 Victoria Road,Newcastle,TS12 3XX,89928366435,orthopedics,R0006124,1
4557,Grace,Ahmed,,2819446871,151 Park Avenue,Durham,TS19 4XX,10785809232,family medicine,R0006478,1
4558,Rajesh,Evans,,8157309877,132 Station Road,Durham,TS29 3XX,48260900472,cardiovascular medicine,R0003667,4
4561,James,Williams,,6922619953,182 Church Lane,York,TS25 6XX,46513259765,pediatrics,R0004260,1
4562,James,Evans,,8443888090,11 station road,Leeds,TS20 3XX,(5818) 4541103,ortho surgery,R0004667,2
4563,Jonh,Patel,,5578004522,152 high st,Newcastle,TS16 7XX,4240 373 9025,pediatrics,R0006764,2
4565,John,Williams, Dr,9029760151,8 park avenue,Leeds,TS15 6XX,09822868569,cardiovascular medicine,R0007379,3
4566,Chen,Davies, Jr,8048028931,91 High St,Middlesbrough,TS11 5XX,8501 818 7155,paediatrics,R0005163,2
4567,Mohammed,Wilson,,7995600925,84 Station Road,Middlesbrough,TS24 4XX,13447468926,paediatrics,R0005195,2
4568,Luyc,Nguyen,,1021461353,283 Church Ln,York,TS28 3XX,08547918658,cardiovascular medicine,R0001170,3
4569,Amara,Williams, MD,9864845735,37 Station Rd,Middlesbrough,TS24 8XX,40386291441,cardiovascular medicine,R0004878,2
4570,Priya,Ali,,5740662726,145 park ave,Middlesbrough,TS9 2XX,72640872878,pediatrics,R0001423,2
4572,Omar,Wilson,,9800997756,236 Station Rd,Durham,TS5 5XX,(0236) 4477222,paediatrics,R0006608,3
4573,Fatima,Davies,,3512984367,265 High Street,Durham,TS2 1XX,46394654243,orthopedics,R0004920,1
4575,Grace,Roberts, MD,0175209042,150 station road,Durham,TS15 1XX,09247822437,paediatrics,R0002298,2
4576,Grace,Davies,,4174240553,256 Park Avenue,York,TS11 6XX,15160804642,orthopedics,R0002643,1
4577,Grace,Roberts,,7061074871,214 Station Road,Newcastle,TS16 2XX,76858724425,cardiovascular medicine,R0006501,2
4578,Amara,Williams,,8347986116,219 Church Lane,Middlesbrough,TS21 8XX,08337219316,orthopedics,R0000839,2
4579,Amara,Brown,,9987531934,12 High Street,Leeds,TS19 4XX,52084326539,ortho surgery,R0000581,2
4580,Chne,Nguyen,,8543702142,91 high st,Leeds,TS25 5XX,(8993) 8993259,general practice,R0000205,2
4582,James,Sharma,,1282885536,135 victoria road,Newcastle,TS6 6XX,14058875607,cardiovascular medicine,R0002015,2
4583,Rajesh,Sharma,,6237279731,121 Church Lane,York,TS8 3XX,91239322933,pediatrics,R0003253,1
4584,Wei,Brown,,3944646449,44 Park Avenue,Middlesbrough,TS1 4XX,35583692993,paediatrics,R0004624,1
4588,R.,Ahmed, Jr,0286836170,247 Victoria Rd,Newcastle,TS19 5XX,7014 125 2397,pediatrics,R0006631,2
4589,Amara,Patel,,4681890990,27 High Street,Durham,TS13 3XX,43920888907,pediatrics,R0001973,2
4590,Fatima,Jones,,7641563253,118 Church Lane,Leeds,TS9 6XX,44631805220,gp,R0000162,1
4592,Omar,Smith,,6414153888,246 Park Avenue,York,TS19 6XX,52802030273,orthopedics,R0006742,1
4593,Chen,Roberts,,4554125202,280 Victoria Road,Newcastle,TS2 3XX,84266637239,general practice,R0004764,2
4594,Aisha,Taylor,,5449296968,278 Church Lane,York,TS8 2XX,03996357098,gp,R0000874,2
4595,Rajesh,Patel,,2785977902,16 Church Lane,Durham,TS29 1XX,22699774615,general practice,R0001431,2
4597,Priya,Jones,,5813204636,243 Station Road,York,TS28 2XX,01859393858,cardiovascular medicine,R0004677,1
4598,Mohammed,Williams,,,31 park ave,Middlesbrough,TS18 2XX,49845771249,paediatrics,R0004762,1
4599,Amara,Jones,,1565600285,279 Station Road,Durham,TS13 2XX,56931831509,paediatrics,R0002855,2
4600,Fatima,Sharma,,5912515187,290 High Street,York,TS7 5XX,59159127129,family medicine,R0001860,3
4603,R.,Williams, Jr,6896522174,62 Station Rd,York,TS26 3XX,43240037540,orthopedics,R0006890,2
4605,John,Khan,,0259601201,273 High Street,Durham,TS20 7XX,19311303690,cardiovascular medicine,R0003331,1
4606,Fatima,Patel,,2432628809,248 Church Lane,York,TS16 7XX,11077083056,general practice,R0006135,1
4607,Elena,Evans,,0643448896,51 Church Lane,Leeds,TS17 5XX,84604361115,orthopaedics,R0006403,3
4608,Priya,Nguyen,,2638246133,254 victoria rd,Newcastle,TS29 7XX,7219 141 4348,cardiovascular medicine,R0006980,2
4610,Elena,Ali,,8550208912,96 Station Road,Newcastle,TS12 1XX,51680960218,ortho surgery,R0002003,2
4611,Amara,Brown,,0879798472,196 Park Avenue,Durham,TS13 6XX,26439072211,pediatrics,R0000544,2
4612,Wei,Ali,,3057222898,149 Station Road,Newcastle,TS9 7XX,97916063947,pediatrics,R0001448,2
4613,David,Smith,,7792467226,217 Station Road,Newcastle,TS9 1XX,67928952568,cardiology,R0005189,2
4614,Priya,Davies,,7572232202,70 Church Lane,Leeds,TS13 8XX,08051480544,paediatrics,R0002609,2
4615,D.,Taylor, Dr,9812193805,245 Church Lane,Leeds,TS17 5XX,(0237) 6854531,gp,R0001900,1
4616,Mohammed,Brown,,2909515782,149 Church Lane,Durham,TS23 3XX,04248823299,pediatrics,R0005909,1
4619,Elena,Taylor,,3951054659,214 Park Avenue,Leeds,TS25 2XX,74473305917,paediatrics,R0007254,1
4620,R.,Williams,,9127472650,244 station rd,Leeds,TS18 4XX,4197 626 2423,cardiology,R0002097,2
4621,Elena,Nguyen,,8637497550,282 Park Avenue,Newcastle,TS14 4XX,35589215826,general practice,R0006707,1
4622,Rajesh,Ahmed,,2733370377,37 Park Avenue,Newcastle,TS6 1XX,12399011804,pediatrics,R0006740,2
4623,M.,Nguyen, MD,6112029269,243 Station Rd,Durham,TS14 3XX,96489783326,orthopaedics,R0000837,2
4625,James,Sharma,,0603780331,85 Station Road,York,TS24 3XX,33817277271,pediatrics,R0006365,1
4626,Chen,Brown,,0923493559,234 Victoria Road,Durham,TS4 3XX,68746364688,ortho surgery,R0002171,1
4628,Chen,Smith,,1898439601,2 Victoria Road,Durham,TS3 8XX,59960483326,general practice,R0006389,1
4629,John,Sharma,,6744375501,97 High Street,Newcastle,TS25 1XX,07536213871,orthopaedics,R0000397,2
4630,Sarah,Thomas,,5797886333,157 Park Avenue,Newcastle,TS11 5XX,46843244198,cardiology,R0002010,1
4631,Lucy,Patel,,6835446236,275 High Street,York,TS22 1XX,28568732632,orthopedics,R0007209,1
4633,Priya,Thomas,,2563449917,17 Park Avenue,Newcastle,TS18 4XX,76470933213,cardiology,R0005277,2
4634,Lcuy,Jones,,9857396697,145 Park Avenue,Newcastle,TS3 2XX,4015 186 4724,general practice,R0005963,2
4635,J.,Thomas, Dr,8106582788,194 Victoria Road,Durham,TS17 4XX,6521 868 3958,general practice,R0004256,1
4637,Lucy,Williams,,5706408282,284 Church Ln,Leeds,TS26 8XX,7872 953 1726,ortho surgery,R0001020,2
4638,Grace,Davies,,2752130700,174 High Street,Leeds,TS1 6XX,18504195831,cardiology,R0001325,2
4641,Fatima,Wilson,,2611805874,25 Station Road,Middlesbrough,TS4 5XX,53201293151,cardiology,R0002810,1
4643,Omar,Taylor,,3346931919,107 High Street,Leeds,TS29 2XX,16106979569,family medicine,R0001650,2
4644,Lucy,Wilson,,0010500274,199 High Street,York,TS14 2XX,84057181172,cardiovascular medicine,R0006963,1
4646,Grace,Ali,,9830088374,298 High Street,Durham,TS3 2XX,40375029995,orthopaedics,R0002528,1
4649,Fatima,Jones,,5765272479,209 High Street,Newcastle,TS21 2XX,01132138984,paediatrics,R0005766,2
4650,Rajesh,Williams,,7530873297,167 High Street,Middlesbrough,TS16 7XX,00615387104,ortho surgery,R0004722,1
4651,Sarah,Taylor,,2416275822,152 Station Road,Durham,TS4 6XX,86145347833,general practice,R0000866,2
4652,Lucy,Patel,,1872873076,41 Church Lane,Leeds,TS11 3XX,82460565646,gp,R0002973,2
4653,Wei,Sharma,,2670620452,217 Station Road,Newcastle,TS11 8XX,83574431037,cardiology,R0000541,1
4656,Lucy,Davies,,1049909030,165 Church Lane,Durham,TS3 8XX,28025098139,gp,R0005914,1
4658,Omar,Wilson,,6268545406,83 Church Lane,Middlesbrough,TS26 3XX,76538014021,ortho surgery,R0005385,1
4659,Elena,Roberts,,6805626719,245 Victoria Road,Leeds,TS6 2XX,00366561913,paediatrics,R0002962,2
4660,Priya,Thomas,,3543340665,151 Victoria Road,York,TS12 5XX,77569676993,paediatrics,R0004154,2
4661,Grace,Sharma,,1038371803,257 High Street,Durham,TS6 1XX,30329546111,paediatrics,R0003257,3
4662,Amara,Roberts,,5438074347,172 Station Road,Leeds,TS29 4XX,83943782938,orthopaedics,R0004862,1
4663,Grace,Jones,,8094500995,285 Station Road,Leeds,TS21 5XX,46591296829,orthopaedics,R0007408,3
4664,Rajesh,Jones,,2329072539,147 Victoria Road,Leeds,TS1 2XX,78004870922,family medicine,R0002583,1
4667,Grace,Roberts, Jr,,264 church ln,Newcastle,TS9 5XX,96580977236,cardiology,R0006503,1
4668,Grace,Brown,,6612799286,275 Church Lane,Middlesbrough,TS20 1XX,53038727349,paediatrics,R0005154,2
4669,Priya,Roberts,,7728618241,264 Station Road,Durham,TS27 4XX,61250304224,orthopedics,R0003585,2
4671,Aisha,Roberts,,2532196729,282 Station Road,Middlesbrough,TS18 8XX,79524492244,cardiovascular medicine,R0004902,2
4672,Priya,Thomas,,4161887596,82 High Street,Middlesbrough,TS20 6XX,36341962652,orthopedics,R0006385,2
4673,Lucy,Ali,,2595779319,219 church lane,Middlesbrough,TS19 7XX,(7390) 8123407,orthopedics,R0002628,4
4675,A.,Evans,,2736163532,277 Station Road,Newcastle,TS12 6XX,6690 599 4033,cardiovascular medicine,R0004774,2
4676,John,Ali,,7341123981,87 Station Road,Middlesbrough,TS2 3XX,91635888409,gp,R0001080,1
4678,M.,Roberts, Jr,5853372598,20 Station Road,Leeds,TS19 5XX,70509872746,general practice,R0002087,3
4679,J.,Wilson, Jr,8799654604,122 Station Rd,York,TS27 4XX,5436 281 2704,family medicine,R0002453,2
4680,Lucy,Roberts, Dr,8693705294,277 Station Road,York,TS3 2XX,46506080058,orthopedics,R0002024,4
4682,C.,Ali,,5666597039,44 Church Lane,Leeds,TS26 5XX,5413 493 1494,cardiovascular medicine,R0000227,2
4688,Fatima,Evans,,4667807755,257 Park Avenue,York,TS13 7XX,72831822241,orthopedics,R0000697,1
4689,Rajesh,Jones,,1316892454,230 Church Lane,Leeds,TS4 4XX,00585086328,family medicine,R0001124,1
4690,Mohammed,Davies,,9581383997,177 Victoria Road,Durham,TS15 1XX,(5281) 0701388,cardiology,R0003895,1
4691,Elena,Wilson,,1928080634,22 High Street,Durham,TS19 3XX,45650534332,pediatrics,R0001778,1
4693,Wei,Ahmed,,8864521410,62 Park Avenue,Newcastle,TS22 8XX,46241645804,orthopaedics,R0002633,2
4694,Elena,Thomas,,6207848879,86 Victoria Road,Leeds,TS27 5XX,32682489488,pediatrics,R0003489,1
4696,James,Williams,,3663683313,128 Station Road,Durham,TS4 5XX,72065581145,paediatrics,R0002256,1
4698,J.,Jones, MD,9043233818,260 Church Lane,York,TS4 1XX,00534776486,orthopedics,R0007418,1
4699,Aisha,Nguyen,,9547083022,141 High Street,Durham,TS3 7XX,47311672398,pediatrics,R0000313,2
4700,W.,Taylor, Jr,3408294606,77 Park Ave,Durham,TS23 1XX,44457526516,paediatrics,R0002650,3
4701,Aisha,Nguyen, Dr,5065825866,27 Victoria Road,York,TS6 8XX,1577 741 0396,pediatrics,R0002283,3
4702,Grace,Evans,,5786411117,72 Park Avenue,Durham,TS15 5XX,20869734302,cardiology,R0005367,1
4703,Raejsh,Ali,,4937167696,66 church ln,Durham,TS11 2XX,(9997) 2235270,family medicine,R0002548,2
4707,Sarah,Patel,,0473756243,13 Church Lane,Newcastle,TS4 7XX,90462137483,orthopaedics,R0003966,2
4710,Lucy,Smith,,4123285324,8 Station Road,Newcastle,TS7 6XX,42415750503,orthopaedics,R0002519,2
4711,Grcae,Thomas,,2448944030,194 church lane,Leeds,TS8 8XX,76632847508,gp,R0004813,2
4713,Aisha,Evans,,9258366896,63 Church Lane,Newcastle,TS20 3XX,65256951952,cardiovascular medicine,R0000448,2
4714,Aisah,Ahmed, Dr,9238848831,246 park avenue,Newcastle,TS17 4XX,22735633767,cardiology,R0005008,2
4715,Chen,Smith,,4953035054,53 Station Road,Newcastle,TS26 6XX,54030346327,cardiology,R0001283,2
4716,Jaems,Jones,,,297 Church Ln,Durham,TS20 8XX,3076 639 4057,ortho surgery,R0003727,1
4718,Wei,Khan,,3779553268,134 Victoria Road,Leeds,TS15 7XX,(2828) 8729786,general practice,R0006044,2
4720,Sarah,Ahmed,,2390037822,18 Church Lane,Newcastle,TS6 8XX,82660420475,pediatrics,R0002459,2
4721,Rajesh,Davies, Dr,8383957878,28 victoria road,Middlesbrough,TS4 1XX,(4960) 8889293,gp,R0000023,2
4722,Priya,Patel,,3297787500,279 Victoria Road,York,TS28 1XX,62364197361,family medicine,R0002066,2
4723,Wei,Williams,,7991295801,269 Station Road,Middlesbrough,TS26 7XX,30127859970,gp,R0001652,2
4727,Aisha,Davies,,6159027029,159 High Street,York,TS10 4XX,2270 128 3056,cardiovascular medicine,R0001378,3
4728,Grace,Wilson,,6534774774,101 Victoria Road,Middlesbrough,TS22 5XX,91001578724,cardiology,R0005520,3
4729,Priya,Sharma,,5485538776,205 Park Avenue,Durham,TS7 5XX,13225448317,pediatrics,R0002467,2
4730,Sraah,Ali,,8344303522,172 Church Lane,Middlesbrough,TS22 6XX,91717281860,gp,R0003755,2
4732,Fatima,Ahmed,,3787783037,169 Victoria Road,York,TS23 1XX,66574567234,orthopedics,R0000460,2
4734,Aisha,Brown,,3777603686,6 Station Road,Newcastle,TS16 2XX,38450630948,gp,R0004081,2
4735,Chen,Wilson,,6782013251,274 Church Lane,Durham,TS3 3XX,50673058288,pediatrics,R0001485,2
4737,Omar,Smith,,3284020495,134 Victoria Road,Durham,TS26 3XX,92462210592,family medicine,R0000282,1
4738,Jonh,Jones,,4118231307,88 Church Ln,Newcastle,TS4 8XX,(1945) 0775454,paediatrics,R0004558,1
4739,Rajseh,Thomas,,1002192662,51 high st,Middlesbrough,TS26 4XX,(0641) 1730719,gp,R0004309,2
4740,Rajesh,Patel,,1725744994,269 Station Road,Middlesbrough,TS6 5XX,95970350038,paediatrics,R0003536,2
4742,James,Taylor,,4201755151,292 Station Road,Newcastle,TS13 1XX,51066271551,cardiovascular medicine,R0002580,2
4744,W.,Williams,,9286465576,109 High Street,Newcastle,TS29 1XX,06885493855,paediatrics,R0006768,3
4745,John,Jones,,1614020240,210 High Street,Durham,TS9 4XX,80037932459,orthopedics,R0006004,1
4747,A.,Brown,,2060809538,209 Park Ave,Newcastle,TS16 1XX,99000694820,cardiology,R0004351,1
4748,Chen,Smith, Dr,2345723102,283 Park Ave,Leeds,TS7 3XX,99599670107,gp,R0006094,2
4749,Grace,Wilson,,1715594538,62 Station Road,Middlesbrough,TS15 8XX,99141620054,paediatrics,R0007447,3
4750,Aisha,Sharma,,9507402554,239 Church Lane,Durham,TS22 5XX,68135295010,cardiology,R0007067,2
4752,Priya,Roberts,,8815635292,13 Station Road,Durham,TS7 8XX,69598818380,general practice,R0003468,1
4753,Chen,Patel,,8760744616,65 Church Lane,York,TS28 3XX,38599211086,orthopaedics,R0006330,2
4754,Mohammed,Taylro, Dr,6011300514,212 Station Rd,Newcastle,TS4 4XX,47193075693,orthopedics,R0002991,2
4756,Lucy,Nguyen,,4442587036,94 Church Lane,Durham,TS22 3XX,41743798185,cardiology,R0002544,1
4757,Sarah,Patel, Jr,1474153986,169 Park Ave,York,TS19 6XX,(9789) 2187103,pediatrics,R0006244,2
4760,Fatima,Taylor, MD,6159725583,83 Victoria Rd,Middlesbrough,TS20 5XX,6757 725 3618,gp,R0003988,1
4763,Elena,Evans,,8822917021,19 Church Lane,Middlesbrough,TS18 4XX,67553691076,cardiovascular medicine,R0004775,2
4764,Elena,Jones, Dr,3625308525,219 station rd,Middlesbrough,TS4 3XX,(5157) 8569079,ortho surgery,R0003246,4
4766,James,Ali, Dr,1692550698,227 Victoria Road,York,TS21 2XX,(2927) 8609291,gp,R0004084,2
4767,Amara,Shrama,,3718223701,12 Park Ave,Durham,TS9 7XX,79796128298,pediatrics,R0002837,1
4768,Amara,Williams,,0840319483,232 Station Road,Newcastle,TS29 8XX,9684 080 6537,cardiology,R0003697,1
4770,Mohammed,Smith,,4863999565,266 Church Lane,York,TS2 2XX,54496098183,cardiology,R0004039,2
4771,Lucy,Nguyen,,1903105654,115 Park Avenue,York,TS16 4XX,26834824234,paediatrics,R0002230,1
4772,Elena,Wilson,,5995974568,184 High Street,Durham,TS28 8XX,05435906267,ortho surgery,R0006654,2
4775,Aisha,Williams,,3187016812,35 Church Lane,Middlesbrough,TS9 1XX,47424511197,pediatrics,R0000521,2
4776,Grace,Brown,,0220299626,273 Station Road,Middlesbrough,TS8 7XX,85830671146,cardiology,R0007244,1
4778,James,Smith,,8673515054,151 Station Road,Durham,TS18 2XX,01866583481,cardiovascular medicine,R0006033,2
4779,Elena,Nguyen,,2658222321,256 Church Lane,Leeds,TS5 2XX,11909723060,gp,R0005654,2
4780,James,Roberts,,0512680129,87 High Street,Middlesbrough,TS12 3XX,05616072218,cardiovascular medicine,R0000780,1
4781,Wei,Patel,,6441168251,212 Victoria Road,York,TS8 1XX,18867221353,general practice,R0005866,1
4782,Rajesh,Sharma,,5123508286,136 Station Road,York,TS9 4XX,89404656154,orthopedics,R0005074,2
4783,Sarah,Khan,,3897625151,270 High Street,Newcastle,TS26 6XX,62575238297,paediatrics,R0000651,1
4784,Priya,Wilson,,7941475869,260 Park Avenue,Middlesbrough,TS2 5XX,94066064105,cardiology,R0005586,2
4785,Amara,Evans,,0445944833,49 Victoria Rd,York,TS26 4XX,82415697666,cardiovascular medicine,R0002196,1
4786,James,Smith,,4403259691,38 Station Road,Durham,TS9 7XX,42858416164,cardiovascular medicine,R0000367,2
4787,Aisha,Ahmed,,7689863339,33 Church Lane,Middlesbrough,TS3 5XX,06065653051,paediatrics,R0004912,2
4788,Chen,Brown,,2423079008,222 Victoria Road,Middlesbrough,TS19 4XX,75226215676,pediatrics,R0004213,2
4789,Priya,Taylor,,4407276536,236 Victoria Road,Newcastle,TS27 2XX,53998137731,general practice,R0000377,1
4790,Fatima,Khan,,8411911866,208 high street,Leeds,TS23 5XX,0600 235 5833,paediatrics,R0006590,2
4791,Lucy,Evans,,4077173787,105 Victoria Road,Middlesbrough,TS10 1XX,13031187452,family medicine,R0002215,2
4793,Amara,Taylor,,4139071122,76 Station Rd,Newcastle,TS10 7XX,(1123) 1151180,ortho surgery,R0001613,1
4796,Grace,Brown,,6736557355,26 High Street,Leeds,TS3 2XX,49975237993,cardiology,R0000962,1
4797,Fatima,Thomas,,6142000247,233 Station Road,York,TS14 6XX,51455498601,orthopaedics,R0006755,3
4799,Amara,Roberts,,2660123872,239 Church Lane,Middlesbrough,TS27 6XX,26025625110,cardiovascular medicine,R0005711,2
4800,Raejsh,Evans, Jr,3037699202,231 Victoria Rd,Newcastle,TS3 2XX,5697 206 5955,paediatrics,R0000360,3
4801,Chen,Roberts,,8807959059,290 Church Lane,York,TS9 7XX,93446479325,cardiovascular medicine,R0003839,1
4802,David,Evasn, MD,3138576661,258 High St,Middlesbrough,TS15 1XX,(3331) 4275574,paediatrics,R0005012,1
4804,Mohammed,Ahmed,,8511438886,198 Church Lane,Newcastle,TS15 6XX,25385567918,orthopedics,R0006967,2
4808,John,Thomas,,2469023878,225 Park Avenue,York,TS12 5XX,11013499725,orthopaedics,R0003423,1
4809,Oamr,Roberts, MD,8105198287,101 Church Lane,Durham,TS4 4XX,20017050213,ortho surgery,R0002037,1
4810,Aisha,Nguyen,,2619048784,280 High Street,Middlesbrough,TS5 1XX,40147609533,ortho surgery,R0000771,2
4811,Elena,Roberts,,6043800367,32 Victoria Road,Newcastle,TS6 4XX,95773449116,family medicine,R0006896,1
4814,Grace,Thomas,,5151677571,146 High Street,Middlesbrough,TS14 8XX,65023014337,pediatrics,R0006858,1
4817,Chen,Davies,,7056173164,234 Church Lane,York,TS19 4XX,88412727641,cardiovascular medicine,R0001674,1
4819,Lucy,Patel,,4937780800,232 High Street,Durham,TS5 6XX,26639206025,gp,R0004918,2
4820,John,Taylor,,1561362215,163 High Street,Newcastle,TS6 1XX,93151464976,paediatrics,R0004844,2
4821,C.,Roberts,,8284179801,292 high st,Newcastle,TS16 7XX,15356508951,family medicine,R0004328,2
4822,Elena,Patel,,1268260009,292 Church Lane,Newcastle,TS1 1XX,81156246430,cardiology,R0000147,1
4829,John,Davies,,2527246090,37 Victoria Road,Durham,TS15 4XX,37358665000,orthopedics,R0004182,2
4830,Amara,Williams,,7020818415,213 Station Road,York,TS29 6XX,00764722479,orthopedics,R0003575,2
4831,Wei,Brown,,7311203080,38 High Street,Middlesbrough,TS9 7XX,59649113985,ortho surgery,R0003271,1
4832,David,Khan,,5285298312,117 Station Road,York,TS24 8XX,78119627178,pediatrics,R0001030,2
4833,Grace,Brown,,6342362739,247 High Street,Leeds,TS9 5XX,50555577168,pediatrics,R0004907,1
4836,O.,Khan, Jr,4176431963,138 Church Lane,Durham,TS21 4XX,36650469535,family medicine,R0000079,2
4837,Wei,Jones,,8658055945,290 Victoria Road,Leeds,TS3 4XX,64720786334,pediatrics,R0002246,2
4838,Lucy,Nguyen,,3564885698,46 Station Road,Newcastle,TS15 8XX,59174165016,gp,R0005547,2
4839,Elena,Ahmed,,5098071441,245 Park Avenue,Durham,TS16 5XX,(8480) 2879192,cardiovascular medicine,R0006852,1
4842,Elena,Ahmed,,9856974639,269 High Street,Leeds,TS11 2XX,57856507059,ortho surgery,R0000788,1
4843,Aisha,Thomas,,3409432072,55 High Street,Newcastle,TS16 1XX,25298859357,paediatrics,R0002279,2
4844,Rajesh,Patel,,2561315463,249 Victoria Road,Middlesbrough,TS8 1XX,82078820217,orthopaedics,R0004094,2
4845,James,Ahmed,,6206373662,22 Park Avenue,Newcastle,TS24 3XX,22189809800,cardiology,R0003896,2
4846,Elena,Brown, Dr,6734701118,95 Station Rd,Newcastle,TS26 4XX,02648316957,general practice,R0004881,4
4848,Elena,Williams,,7223424821,112 Park Avenue,Leeds,TS21 8XX,55610148683,gp,R0003630,2
4850,Omar,Nguyen,,4849243708,43 High Street,Leeds,TS18 2XX,49805506562,pediatrics,R0000423,2
4851,Amara,Wilson,,2223003035,20 High Street,Durham,TS19 5XX,68013689544,cardiology,R0000392,1
4853,Mohammed,Davies,,9018799081,246 Victoria Road,Durham,TS29 8XX,25975717841,pediatrics,R0007081,1
4855,Wei,Taylor,,2737032624,72 Station Road,Durham,TS11 6XX,07611392442,pediatrics,R0002671,2
4856,Fatima,Khan,,8218395751,210 High Street,Durham,TS21 8XX,42936557036,orthopaedics,R0007396,3
4857,Wei,Khan,,8988780080,159 Station Road,York,TS16 3XX,83770926609,general practice,R0005061,1
4858,Priya,Smith,,1594247069,182 Victoria Road,Middlesbrough,TS29 1XX,43676795552,pediatrics,R0003493,1
4860,A.,Williams,,,132 Station Road,Middlesbrough,TS1 2XX,1997 950 7516,orthopedics,R0005405,1
4861,Lucy,Thomas,,6843441244,20 Station Road,Middlesbrough,TS9 4XX,24339874811,cardiovascular medicine,R0005058,1
4863,Rajesh,Sharma,,0725148641,214 Station Rd,Newcastle,TS28 3XX,6742 343 4131,cardiology,R0003836,2
4865,Grace,Khan,,1294286299,80 Park Avenue,Leeds,TS11 3XX,90216071318,orthopaedics,R0005803,3
4866,Amara,Davies,,6862887159,277 Station Road,Newcastle,TS14 5XX,92987003039,cardiovascular medicine,R0007140,2
4868,Elena,Roberts, Jr,7760479725,239 park avenue,Newcastle,TS4 8XX,48754252422,cardiology,R0005821,2
4871,Amara,Nguyen,,7956496151,247 Park Avenue,Durham,TS24 2XX,43495495458,orthopaedics,R0002442,1
4872,Mohammed,Wilson,,0226748924,198 High Street,Leeds,TS22 7XX,74258974074,general practice,R0005417,1
4873,James,Shrama, Jr,1681331519,292 Station Road,Leeds,TS20 8XX,1290 289 7511,family medicine,R0006886,2
4874,Grace,Wilson,,0296355796,132 High Street,Newcastle,TS4 4XX,25960326339,paediatrics,R0005834,3
4875,John,Wilson,,1418798271,81 Victoria Road,Durham,TS20 8XX,88109240688,orthopaedics,R0000463,2
4877,David,Taylor,,3511367621,251 Park Avenue,Durham,TS14 4XX,96339401012,family medicine,R0006495,2
4878,David,Evans,,3710031657,203 Station Road,Newcastle,TS25 7XX,86019296563,orthopedics,R0006720,2
4879,Amara,Ahmed,,8378798399,72 High Street,Newcastle,TS29 7XX,98102068805,cardiovascular medicine,R0007191,1
4881,Grace,Davies,,1292838502,162 Victoria Road,Leeds,TS7 2XX,68988958610,pediatrics,R0002008,2
4882,Elena,Brown,,3446852169,133 Station Road,Middlesbrough,TS3 3XX,97739449726,pediatrics,R0003084,1
4886,Lucy,Wilson,,5897980059,243 Station Road,Newcastle,TS25 2XX,42062564003,general practice,R0002293,1
4888,Priya,Jones,,2098305413,245 Victoria Road,Middlesbrough,TS26 1XX,40646987375,gp,R0004604,2
4889,Wei,Taylor,,0412184099,61 High Street,Middlesbrough,TS5 3XX,47989096197,paediatrics,R0003716,1
4890,Lucy,Nguyen,,7775346658,195 High Street,Durham,TS16 1XX,00798086326,orthopedics,R0006226,1
4891,Chen,Wilson,,2288035277,83 Victoria Road,Durham,TS25 3XX,23863722092,paediatrics,R0001764,1
4892,P.,Evans,,9424916034,115 Station Road,Middlesbrough,TS23 6XX,4406 238 6625,cardiology,R0001550,2
4895,Rajesh,Davise,,2988660114,225 Church Ln,Middlesbrough,TS22 5XX,59507805412,ortho surgery,R0002045,2
4897,Elena,Brown,,5239896521,98 Church Lane,York,TS23 1XX,81339708607,cardiology,R0001508,1
4898,Aisha,Roberts,,4397294645,225 Church Lane,Middlesbrough,TS17 2XX,02817058313,ortho surgery,R0007288,3
4899,Sarah,Davies, Dr,8618942699,245 high street,Middlesbrough,TS16 7XX,0622 821 9895,general practice,R0004518,2
4900,Lucy,Willimas,,5975623790,289 church lane,Durham,TS14 7XX,(6373) 4294951,paediatrics,R0004220,2
4902,Rajesh,Taylor,,5101161311,179 Park Avenue,Leeds,TS24 6XX,20916585018,orthopaedics,R0005485,1
4903,Rajesh,Thomas,,7908872742,168 Station Road,York,TS22 2XX,23492905832,paediatrics,R0003292,1
4904,Mohammed,Ahmed,,7527628862,70 Station Road,York,TS6 3XX,11714408966,general practice,R0000818,2
4905,John,Smith,,9527902107,85 High Street,Leeds,TS24 5XX,60907648809,orthopedics,R0001403,2
4906,Fatima,Patel,,0821644418,57 High Street,York,TS8 6XX,53521966995,cardiovascular medicine,R0001381,2
4907,A.,Patel, Dr,4242624967,279 Park Avenue,Newcastle,TS26 7XX,(3685) 1526875,family medicine,R0002149,2
4908,Wei,Wilson,,6639248044,216 High St,York,TS16 6XX,91218590701,paediatrics,R0001638,1
4910,Lucy,Ali,,1698284457,243 High Street,York,TS24 5XX,20575965051,cardiovascular medicine,R0000399,1
4911,David,Nugyen, MD,6987526750,129 Victoria Road,Newcastle,TS11 4XX,1923 426 9851,orthopedics,R0000881,3
4912,Mohammed,Davies,,6097226284,200 High Street,Durham,TS28 3XX,97735268681,orthopaedics,R0003565,1
4913,James,Jones, Dr,3543475474,287 Park Ave,Durham,TS22 3XX,(5240) 1397682,pediatrics,R0006705,2
4914,Grace,Roberts,,5104480804,173 Church Lane,York,TS2 7XX,17589844667,orthopaedics,R0001179,1
4916,Aisha,Nguyen,,9732625621,250 High Street,Durham,TS4 7XX,07622558750,ortho surgery,R0005113,1
4920,Lucy,Williams,,6924882535,15 Station Road,Middlesbrough,TS27 6XX,41046273051,pediatrics,R0000689,1
4923,Wei,Ali,,7081886688,202 Park Avenue,Middlesbrough,TS20 2XX,01490001580,paediatrics,R0001953,2
4926,Amara,Brown, Jr,2060809548,126 Church Lane,Middlesbrough,TS15 4XX,(9503) 3210733,cardiovascular medicine,R0004350,2
4927,James,Nguyen, MD,2717044966,155 Victoria Road,Newcastle,TS6 4XX,07705893438,ortho surgery,R0006517,4
4928,David,Ahmed, Jr,5448208073,83 Victoria Road,Middlesbrough,TS5 4XX,4769 620 2977,general practice,R0001885,2
4930,Fatima,Nguyen,,8015974220,278 Park Avenue,Durham,TS15 7XX,77018512964,family medicine,R0006633,2
4932,Chen,Roberts,,9190288280,108 Station Road,Middlesbrough,TS15 8XX,65163615479,ortho surgery,R0003035,2
4935,Sarah,Patel,,3289300345,65 Station Road,Leeds,TS9 5XX,60466556353,orthopaedics,R0000542,2
4936,Chen,Davies,,3690016564,72 Victoria Road,York,TS14 4XX,29004647326,pediatrics,R0003724,1
4940,Chen,Taylor,,6263416144,96 Station Road,Leeds,TS4 6XX,92112321703,cardiovascular medicine,R0006136,1
4941,Amara,Patel,,3798259425,202 Church Lane,Leeds,TS10 8XX,98482316768,cardiology,R0005143,2
4942,Chen,Khan,,9788416682,35 Victoria Road,Newcastle,TS22 3XX,21843141834,paediatrics,R0002964,1
4943,Fatima,Khan,,8003542641,268 Victoria Road,Leeds,TS21 3XX,72208766048,pediatrics,R0002529,1
4944,James,Smith,,0623811020,211 Park Avenue,Durham,TS6 5XX,30462790128,pediatrics,R0001048,1
4945,G.,Roberts,,2041454551,35 Park Ave,Durham,TS5 4XX,2375 950 7039,general practice,R0001961,4
4946,Lucy,Evans,,0808048200,206 Station Road,Leeds,TS7 4XX,35238773837,cardiovascular medicine,R0002530,1
4947,Chen,Wislon,,3441225450,231 Victoria Rd,Newcastle,TS23 6XX,4113 235 4916,orthopedics,R0005517,4
4948,John,Nguyen, Dr,3296744372,173 Victoria Rd,Middlesbrough,TS14 3XX,6697 228 4086,cardiovascular medicine,R0000238,2
4950,Priya,Smith, Jr,9227659092,289 park ave,Leeds,TS9 3XX,(5816) 8790345,cardiovascular medicine,R0001134,3
4952,Sarah,Jones,,6881416267,18 Park Avenue,Middlesbrough,TS29 4XX,66598663407,cardiology,R0004258,2
4954,Mohammed,Sharma,,0355486579,73 Station Road,Newcastle,TS11 8XX,46734329800,gp,R0005631,1
4955,Omar,Nguyen,,3508168786,248 Victoria Road,Durham,TS19 1XX,60344760308,general practice,R0005781,3
4957,David,Khan,,0161047058,138 Victoria Road,Newcastle,TS27 6XX,75791356872,ortho surgery,R0005936,2
4959,James,Nguyen, Dr,3070531333,162 Station Road,Middlesbrough,TS4 8XX,3917 752 2261,general practice,R0007343,3
4961,Omar,Roberts,,3972435174,258 Park Avenue,Durham,TS20 7XX,65568432167,orthopedics,R0003136,3
4962,Sarah,Brwon, Jr,0539217461,225 Victoria Road,Middlesbrough,TS12 2XX,7245 272 9690,paediatrics,R0006696,2
4963,Elena,Taylor,,9682960818,107 Station Road,Durham,TS22 1XX,98425701629,cardiovascular medicine,R0004072,2
4964,Elena,Roberts, MD,5016053255,203 Church Lane,Middlesbrough,TS20 1XX,44568577426,pediatrics,R0006450,2
4967,Mohammed,Wilson,,3198338433,234 church ln,York,TS2 4XX,4234 395 5290,pediatrics,R0000594,2
4968,Mohammed,Tayolr,,0750403864,178 Church Lane,York,TS3 2XX,(8919) 0582994,pediatrics,R0002726,2
4969,John,Jones,,2409272817,146 Park Avenue,Durham,TS2 2XX,83886130084,cardiovascular medicine,R0004137,1
4970,Elena,Ali,,4010338819,160 Church Lane,Leeds,TS12 4XX,18002103318,paediatrics,R0000558,3
4971,Sarah,Williams,,5448847648,254 Park Avenue,Middlesbrough,TS11 3XX,96036467086,pediatrics,R0005876,1
4972,Mohammed,Thomas,,3706827021,45 High Street,York,TS26 1XX,30561210332,paediatrics,R0005270,2
4974,Mohammed,Willimas,,2000161340,85 Church Lane,Newcastle,TS1 3XX,(0285) 3898535,paediatrics,R0004438,2
4975,Priya,Taylor,,,88 Station Road,Leeds,TS27 5XX,(2966) 0236029,orthopedics,R0005192,1
4976,Lucy,Ali,,5502082387,108 Park Avenue,Middlesbrough,TS17 5XX,37923380874,family medicine,R0000405,1
4978,Elena,Khan,,3355882951,135 Station Road,Durham,TS24 3XX,11165468715,cardiovascular medicine,R0000261,1
4979,David,Thomas,,6223352986,167 Park Avenue,Leeds,TS17 1XX,15097684808,general practice,R0005021,2
4980,John,Thomas,,1996176370,91 Station Road,Middlesbrough,TS20 6XX,94921918320,cardiology,R0006844,1
4984,Rajesh,Patel,,7848385549,9 Park Avenue,York,TS24 4XX,84825654092,general practice,R0002496,1
4985,Priya,Wilson,,7147918350,50 Church Lane,Leeds,TS7 7XX,12275413849,general practice,R0005036,2
4986,Fatima,Taylor,,9870873589,133 Church Lane,Middlesbrough,TS18 6XX,08285300738,cardiology,R0000340,1
4987,Sarah,Evans,,3319159691,116 Church Lane,Newcastle,TS2 8XX,16828560003,general practice,R0005227,1
4989,Mohammed,Sharma, Dr,0455238157,10 victoria rd,York,TS12 6XX,4723 274 7078,ortho surgery,R0004578,3
4992,Priya,Ahmed,,7445386904,31 Victoria Road,Durham,TS23 4XX,37443178046,orthopedics,R0002784,2
4995,Elena,Nguyen,,0715845095,18 Church Lane,Middlesbrough,TS4 7XX,98496054663,cardiology,R0006660,2
4996,Wei,Roberts,,4737340235,274 Station Road,Durham,TS21 4XX,13118716558,general practice,R0006951,1
4998,Omar,Khan,,1911529159,131 Park Avenue,Middlesbrough,TS6 2XX,92032149296,cardiology,R0001766,1
5000,Rajesh,Dvaies, Dr,2808680828,89 station road,Durham,TS29 7XX,02193552340,paediatrics,R0004038,2
5001,Aisha,Wilson,,9778805119,271 Park Avenue,Durham,TS28 6XX,53323002413,ortho surgery,R0005926,3
5002,John,Taylor, MD,,220 Park Ave,Leeds,TS18 1XX,83035698229,cardiology,R0006079,1
5003,Aisha,Khan,,2218884321,148 Station Road,Durham,TS3 8XX,37535428516,general practice,R0007015,3
5005,Lucy,Taylor,,9547765683,237 Church Lane,Durham,TS21 7XX,70170675513,pediatrics,R0007420,3
5007,Rajesh,Smiht, MD,1278653028,249 Park Avenue,Durham,TS27 3XX,67789687309,pediatrics,R0004726,2
5010,Elena,Davies,,0399471933,167 High Street,Leeds,TS13 8XX,38986569901,paediatrics,R0006928,2
5011,David,Taylor, Dr,9405316632,22 church ln,Newcastle,TS2 3XX,(7730) 1548436,gp,R0002562,1
5012,G.,Patel,,6991938544,194 Church Lane,Newcastle,TS8 1XX,6770 805 9895,orthopedics,R0005239,1
5013,David,Williams,,7666027208,235 Park Avenue,Leeds,TS28 1XX,66420784337,pediatrics,R0006879,1
5015,John,Brown,,2985333506,179 Church Lane,Middlesbrough,TS8 3XX,99769733644,gp,R0003083,1
5016,John,Smith,,5562509923,215 Victoria Road,Leeds,TS20 8XX,96786309602,pediatrics,R0006913,2
5017,Omar,Evans,,0914822034,258 Church Lane,Middlesbrough,TS6 1XX,26015585975,orthopaedics,R0002101,2
5018,Elena,Ali,,9116448997,48 Victoria Road,Durham,TS26 5XX,08934566388,ortho surgery,R0000631,2
5019,R.,Evans, Jr,8574948983,180 station rd,Durham,TS27 5XX,7484 658 7812,pediatrics,R0002494,2
5020,Aisha,Sharma,,3851574671,286 Victoria Road,Middlesbrough,TS4 3XX,06539285692,orthopedics,R0002665,2
5021,Rajesh,Davies,,3903094097,18 Church Lane,York,TS23 3XX,28268020610,cardiovascular medicine,R0005427,2
5022,Lucy,Khan,,2983410000,180 Station Road,Durham,TS19 6XX,66334758366,orthopaedics,R0004406,1
5023,Aisha,Jones,,7241641717,167 Church Lane,Newcastle,TS6 5XX,74230854502,orthopedics,R0005809,2
5024,Ftaima,Brown,,7738945461,49 Church Lane,York,TS28 7XX,(5570) 5487708,general practice,R0005318,2
5025,Grace,Wilson,,4612148042,11 Victoria Road,Durham,TS7 3XX,50068718282,orthopaedics,R0002333,2
5027,Grace,Roberts,,0490572805,113 Station Rd,Leeds,TS19 4XX,03042835148,family medicine,R0003619,1
5028,A.,Taylor, Jr,2645545435,149 Park Ave,Newcastle,TS3 2XX,(1082) 2386189,family medicine,R0003886,3
5031,Priya,Patel,,1889894042,269 Station Road,Durham,TS5 3XX,30775074298,cardiology,R0001492,3
5032,Sarah,Davies, MD,8328194737,37 Station Road,York,TS23 1XX,1941 895 1689,paediatrics,R0002402,2
5033,Lucy,Thomas,,7036534789,31 Park Avenue,Leeds,TS27 5XX,73557052175,cardiology,R0003874,1
5034,A.,Ali, MD,,200 station road,Newcastle,TS22 8XX,67436384461,cardiology,R0001232,1
5035,F.,Sharma,,,279 Park Ave,York,TS16 4XX,3593 413 7784,cardiology,R0002661,1
5036,A.,Roberts, MD,3654540447,23 Park Ave,York,TS12 6XX,9822 466 7580,orthopaedics,R0002818,3
5037,Mohammed,Smith,,1857306441,96 Station Road,York,TS13 5XX,75544634687,cardiovascular medicine,R0006855,2
5038,James,Ahmed,,2988485692,69 Church Ln,York,TS28 7XX,(1119) 6855047,cardiovascular medicine,R0005956,4
5039,Wei,Taylor,,0210483617,90 Park Avenue,York,TS8 5XX,67138887022,general practice,R0004153,1
5042,R.,Sharma,,8699986247,179 Church Lane,Middlesbrough,TS22 6XX,22789670451,pediatrics,R0006418,3
5044,Lucy,Khan,,9654477592,295 Church Lane,York,TS5 4XX,86711430577,general practice,R0001735,1
5046,Wei,Thomas, Jr,0023875182,231 Park Ave,Newcastle,TS8 5XX,7532 605 8215,general practice,R0005719,2
5047,Priya,Patel,,3708698777,154 High Street,Durham,TS6 2XX,99909091107,cardiovascular medicine,R0005140,1
5048,John,Simth, Dr,8257265127,239 High St,Leeds,TS15 4XX,(4909) 7969077,paediatrics,R0002476,2
5049,David,Taylor,,9405316632,68 Church Lane,York,TS29 1XX,17963286441,gp,R0002561,2
5050,Aisha,Evans,,2746205914,100 Park Avenue,Newcastle,TS6 7XX,91539709365,family medicine,R0007009,1
5051,Aisha,Evans,,3607028651,48 Park Avenue,York,TS19 7XX,95684875939,paediatrics,R0007126,2
5052,Wei,Evans,,5356128099,77 Station Road,Leeds,TS6 5XX,27398450054,cardiology,R0000706,2
5054,E.,Evans,,0643448896,94 high st,York,TS8 3XX,6788 973 2278,ortho surgery,R0006406,1
5057,Aisha,Evans,,8742852219,54 Park Avenue,Leeds,TS7 7XX,77094716042,orthopaedics,R0004448,1
5058,Aisha,Jones,,9565878497,190 Station Road,Leeds,TS24 1XX,8759 291 7263,paediatrics,R0004838,3
5059,Mohammed,Talyor, MD,8712132103,299 station rd,Leeds,TS9 3XX,19287143436,gp,R0007020,2
5060,John,Roberts,,4069500580,60 Park Avenue,Durham,TS2 2XX,05190671270,cardiology,R0001190,1
5061,Amara,Taylor,,4990836944,217 Park Avenue,Leeds,TS8 5XX,26201213425,pediatrics,R0002601,1
5062,Elena,Ahmed, MD,3649830539,272 Victoria Rd,Leeds,TS12 7XX,(7576) 8479914,gp,R0001128,4
5063,Mohammed,Roberts,,9826755435,201 Victoria Road,Leeds,TS2 1XX,52490124611,cardiology,R0001241,1
5065,Amara,Nguyen, Jr,9986162828,118 Victoria Rd,York,TS10 7XX,6133 035 6173,ortho surgery,R0006189,1
5066,Priya,Roberts,,1608066549,166 Church Lane,Middlesbrough,TS10 5XX,43126812832,cardiovascular medicine,R0005623,1
5067,A.,Roberts, Jr,5093642354,213 High St,Leeds,TS13 6XX,41583642891,family medicine,R0003352,2
5069,Mohamemd,Patel, Jr,3478919516,178 High Street,York,TS25 8XX,21519312378,ortho surgery,R0001577,3
5070,John,Smith,,6771579877,280 Station Road,York,TS2 1XX,29238010579,gp,R0003905,2
5071,Sarah,Evans,,5869061345,44 Station Road,Middlesbrough,TS5 2XX,68388213198,cardiology,R0003729,1
5072,Jamse,Ahmed, Jr,1350946274,147 Church Lane,Leeds,TS6 4XX,(3553) 1223727,paediatrics,R0004359,2
5076,Chen,Williams,,9033612628,136 Victoria Road,Leeds,TS17 3XX,36212923612,cardiology,R0000438,3
5077,Chen,Evans,,3675797548,211 Victoria Road,Leeds,TS1 7XX,29096308107,ortho surgery,R0001100,1
5078,Chen,Roberts,,7076818771,170 Victoria Road,Middlesbrough,TS7 2XX,2699 191 7183,cardiology,R0002638,2
5079,James,Patel,,1862794772,108 Victoria Road,Newcastle,TS21 8XX,47653304154,pediatrics,R0005284,1
5080,O.,Sharma,,3122232637,131 Park Ave,Durham,TS17 8XX,29218805525,cardiovascular medicine,R0000650,3
5081,Priya,Roberts,,8766369231,119 Victoria Road,York,TS18 3XX,08837561612,family medicine,R0001546,1
5083,James,Brown,,1335961138,209 Church Lane,Leeds,TS8 2XX,41481017000,cardiovascular medicine,R0005722,3
5084,Aisha,Taylor,,4061687563,103 Park Avenue,Durham,TS6 3XX,74298745958,cardiovascular medicine,R0002851,2
5085,Fatima,Williams,,6965600549,292 Church Lane,Newcastle,TS20 3XX,80647022599,orthopaedics,R0003503,2
5087,Amara,Patel,,7743091856,269 Park Avenue,Newcastle,TS1 8XX,09280459106,cardiology,R0000627,4
5088,Lcuy,Brown,,2883056694,279 Victoria Rd,Newcastle,TS2 5XX,(1007) 8496036,family medicine,R0004769,2
5091,Lucy,Patel,,1101560906,33 Victoria Road,York,TS15 1XX,28307600106,general practice,R0000480,4
5092,Elena,Sharma, MD,3693275494,66 Station Road,Leeds,TS27 6XX,09960088845,general practice,R0001584,1
5093,Grace,Thomas,,5545808063,83 High Street,Middlesbrough,TS8 1XX,13247033252,pediatrics,R0004676,1
5095,Elena,Khan,,9018433530,255 Victoria Road,Newcastle,TS6 5XX,40361323647,cardiovascular medicine,R0003040,1
5096,Sarah,Patel,,4103449959,80 Victoria Road,Middlesbrough,TS16 3XX,06562842221,paediatrics,R0005009,2
5097,Amara,Patel,,3582726117,49 Station Road,Newcastle,TS9 2XX,13424630706,cardiology,R0005768,2
5098,J.,Roberts, MD,6082930348,201 church lane,Middlesbrough,TS2 5XX,05886351710,general practice,R0003274,2
5099,Elena,Ali,,2349076285,277 Church Ln,Leeds,TS13 7XX,98369607540,cardiology,R0003684,2
5102,Rajesh,Ali, MD,5052253316,11 park ave,Newcastle,TS13 1XX,(2975) 8206810,orthopedics,R0004956,3
5103,Sarah,Thomas,,2947074812,113 Victoria Road,York,TS17 5XX,39502947002,cardiovascular medicine,R0003225,1
5104,Grace,Smith,,9124250436,218 Church Lane,Durham,TS5 8XX,33518291836,paediatrics,R0001072,1
5105,Omar,Ahmed,,6392587503,129 Church Lane,Newcastle,TS25 4XX,31411953438,orthopaedics,R0004814,2
5106,Wei,Smith,,3031602254,228 Park Avenue,Durham,TS12 1XX,93596538143,general practice,R0002631,1
5107,Amara,Nguyen,,6904706206,165 Church Lane,York,TS10 6XX,66760192439,cardiovascular medicine,R0001659,2
5108,Elena,Nguyen,,2523918833,174 High Street,Durham,TS20 8XX,23633194765,general practice,R0002425,2
5111,Priya,Nguyen,,8074831780,50 Victoria Road,Leeds,TS25 5XX,09319354723,gp,R0005697,2
5112,Omar,Nguyen,,7238266100,275 Park Avenue,Leeds,TS7 8XX,50344780260,orthopaedics,R0003097,1
5113,James,Jones,,7246344992,27 Station Road,York,TS6 5XX,54481757576,paediatrics,R0003976,1
5114,Sarah,Thomas,,7667156626,62 Church Lane,Durham,TS8 8XX,30223603143,pediatrics,R0006718,1
5115,A.,Ahmed,,6462111841,7 Station Rd,Durham,TS11 7XX,00770625709,pediatrics,R0007122,3
5116,Grace,Patel,,6213808913,52 Park Avenue,York,TS7 5XX,20196891532,cardiology,R0005328,1
5118,Sarah,Wilson,,1673272139,153 Church Lane,Leeds,TS15 3XX,64544439287,family medicine,R0001407,2
5119,Fatima,Ahmed,,5040809063,45 High Street,Leeds,TS2 6XX,83414958710,family medicine,R0001845,1
5121,Aisha,Nguyen,,9717335369,156 Station Road,Leeds,TS29 1XX,83971520668,gp,R0003956,2
5122,Aisha,Ahmed,,2538737095,23 Park Avenue,Durham,TS10 6XX,36019712504,orthopedics,R0001475,1
5124,Amara,Evans, Jr,3199213349,142 Church Ln,Durham,TS2 2XX,4052 114 3331,pediatrics,R0005706,2
5125,Amara,Nguyen,,5545004554,269 Station Road,Durham,TS18 1XX,47729646821,family medicine,R0000443,2
5127,Sarah,Patel, Jr,7933612871,252 Park Avenue,Newcastle,TS7 2XX,(9954) 2051499,cardiology,R0003656,3
5128,E.,Davies,,1284400632,264 Park Avenue,Durham,TS10 1XX,(3332) 9804384,ortho surgery,R0003179,1
5129,Lucy,Sharma,,6164970872,259 Station Road,Middlesbrough,TS9 8XX,95339179878,orthopedics,R0001286,1
5130,Elena,Thomas,,1007318308,255 Park Avenue,Durham,TS2 2XX,77982544582,paediatrics,R0005556,1
5131,David,Patel,,4993063800,60 Park Avenue,Durham,TS19 5XX,86185176218,paediatrics,R0004445,1
5133,Aisha,Thomas,,4653957411,245 Church Ln,Durham,TS13 3XX,13363255419,ortho surgery,R0002137,1
5134,Priya,Sharma,,0681350220,236 Park Avenue,Durham,TS3 2XX,09550099510,paediatrics,R0002636,1
5135,Lucy,Williams,,7312303910,168 Station Road,Newcastle,TS20 5XX,70287422081,paediatrics,R0004016,1
5136,Omar,Evans,,8716599599,140 Station Road,Leeds,TS25 6XX,49069838208,paediatrics,R0007248,2
5138,Lucy,Nguyen,,8717579427,170 Station Road,York,TS21 8XX,77538326943,pediatrics,R0005452,2
5139,Rajesh,Roberts,,1425116049,152 Victoria Road,Middlesbrough,TS27 3XX,15434021945,pediatrics,R0001691,2
5140,J.,Evans, MD,8734531584,99 Park Ave,Durham,TS27 5XX,69115894173,paediatrics,R0005532,2
5141,Mohammed,Smith,,1692704739,62 High Street,Middlesbrough,TS15 4XX,02704308132,orthopedics,R0005973,2
5143,Wei,Roberts,,2805441034,78 Park Avenue,York,TS8 3XX,64945018345,general practice,R0000372,1
5146,Omar,Patel,,0347536676,264 High Street,Newcastle,TS10 7XX,66374201643,paediatrics,R0007106,2
5147,Amara,Roberts,,7728845079,99 Church Lane,York,TS15 1XX,67994956697,cardiology,R0000139,2
5148,David,Ali,,8133468508,263 Station Road,Leeds,TS25 7XX,89114933995,orthopaedics,R0004885,3
5149,Elena,Williams,,2649806607,159 Church Lane,Newcastle,TS15 4XX,67745983613,family medicine,R0004418,3
5150,Rajesh,Nguyen,,9381341023,262 Church Lane,York,TS3 6XX,28855305083,orthopaedics,R0006988,1
5153,Mohammed,Ahmed,,4006580336,113 Church Lane,York,TS27 1XX,82052774713,general practice,R0003187,2
5155,Rajesh,Smith,,0354011082,78 Park Avenue,York,TS29 8XX,69431565232,gp,R0004431,1
5157,John,Khan, MD,0946210304,16 Station Rd,York,TS18 3XX,40399495184,paediatrics,R0000407,2
5158,Amara,Jones,,3576987624,239 High Street,Leeds,TS27 4XX,16982452229,gp,R0000020,1
5160,Aisha,Smith,,4728641503,203 Station Road,Middlesbrough,TS3 8XX,40358414616,orthopaedics,R0004986,2
5161,Grcae,Nguyen, Dr,6920966236,256 Church Ln,Middlesbrough,TS9 4XX,83451528234,cardiology,R0002412,3
5163,Rajesh,Nguyen,,0460012816,17 Station Road,York,TS27 7XX,00387681799,ortho surgery,R0002389,2
5164,Priya,Roberts,,6577207723,69 Park Avenue,Middlesbrough,TS20 2XX,81949761526,pediatrics,R0006026,2
5165,Priya,Evans,,9048784371,94 Station Road,Durham,TS20 1XX,53590947437,ortho surgery,R0000041,2
5167,Elena,Roberts,,1575980577,22 Church Lane,York,TS10 3XX,08721589245,orthopaedics,R0003371,1
5168,Priya,Williams,,1550874119,60 Station Road,Newcastle,TS20 5XX,88291736840,ortho surgery,R0003022,2
5169,Wei,Davies,,4049041946,136 Victoria Road,Middlesbrough,TS15 1XX,75421901339,gp,R0003365,2
5171,Amara,Jones,,3616115712,54 Victoria Road,Newcastle,TS17 4XX,3652 019 4447,cardiovascular medicine,R0000012,2
5173,Wei,Williams,,9309094221,234 Victoria Rd,Newcastle,TS22 2XX,5706 278 3240,cardiovascular medicine,R0004590,4
5174,Lucy,Jones,,8117714475,254 Park Avenue,Middlesbrough,TS29 5XX,64262253863,pediatrics,R0001947,1
5176,Lucy,Thomas,,6675875595,249 High Street,Newcastle,TS1 2XX,30215823669,cardiovascular medicine,R0002862,2
5177,Grace,Khan, Dr,,176 Park Avenue,York,TS3 5XX,29238695121,orthopedics,R0003865,1
5178,Lucy,Wilson,,4215174302,187 High Street,Durham,TS15 7XX,59711827672,cardiology,R0001026,1
5179,Amara,Jones,,6181825894,190 Station Road,Durham,TS29 3XX,(3825) 3555430,general practice,R0003849,2
5180,Fatima,Khan,,1449890896,34 Victoria Road,Newcastle,TS20 4XX,33254215030,pediatrics,R0002989,1
5181,Rajesh,Wilson,,1464711338,292 Victoria Road,York,TS15 3XX,57795306859,general practice,R0000961,1
5182,David,Thomas,,3644755473,145 High Street,York,TS10 8XX,92442096414,cardiology,R0002889,2
5183,G.,Sharma,,1331492759,86 Church Lane,Middlesbrough,TS12 1XX,2596 362 0786,orthopedics,R0003016,2
5184,Lucy,Davies, MD,2278986141,230 Church Lane,Durham,TS20 2XX,6369 219 4224,ortho surgery,R0003339,2
5185,Omar,Patel,,8509888806,104 Church Lane,Newcastle,TS9 5XX,24161566134,gp,R0006053,2
5186,David,Ngyuen, Jr,0677579712,80 Station Road,Leeds,TS11 2XX,6176 902 8450,pediatrics,R0000736,2
5187,Aisha,Ahmed, MD,4840176815,94 Station Rd,Newcastle,TS24 2XX,77342316569,paediatrics,R0004400,2
5189,G.,Taylor, Dr,6681610737,146 Victoria Road,Middlesbrough,TS14 1XX,89893286320,orthopaedics,R0002876,2
5190,Priya,Williams,,1009121011,156 High Street,York,TS11 2XX,24418335269,cardiovascular medicine,R0003986,1
5191,James,Patel,,8601464866,175 Station Road,Durham,TS26 1XX,78473183733,cardiovascular medicine,R0000916,1
5192,O.,Sharma, Dr,5667025783,37 Victoria Road,York,TS21 8XX,(6291) 1003763,cardiovascular medicine,R0006264,2
5194,Wei,Williams,,4404218170,183 High Street,Newcastle,TS7 1XX,42655020908,paediatrics,R0004087,3
5195,Grace,Wilson,,9093256473,81 High Street,York,TS15 4XX,78424757190,paediatrics,R0006930,2
5196,Wei,Borwn, Dr,6412030766,69 Victoria Rd,York,TS16 5XX,24242230619,general practice,R0005862,2
5198,Fatima,Williams,,0965279623,72 Victoria Road,Middlesbrough,TS7 1XX,64195296180,cardiovascular medicine,R0001624,1
5200,Mohammed,Smith,,7588380464,56 Park Avenue,Newcastle,TS13 3XX,58982254695,cardiology,R0000820,2
5201,Chen,Evans,,5172175156,215 Church Lane,Durham,TS15 3XX,22837356479,paediatrics,R0001367,1
5203,James,Taylor,,6013170340,132 Station Rd,Middlesbrough,TS2 5XX,(2379) 0721202,gp,R0006745,2
5205,Mohammed,Evans, Jr,4425243871,96 Victoria Rd,Durham,TS11 5XX,10473399406,gp,R0001001,2
5206,Elena,Smith, Dr,,146 Victoria Rd,Newcastle,TS6 2XX,4738 271 6718,cardiology,R0005572,1
5207,Grace,Williams,,6751934520,193 Victoria Road,Durham,TS6 5XX,79908165954,family medicine,R0004113,2
5208,Wei,Wilson,,6639248044,177 Park Avenue,Durham,TS24 3XX,40834670734,pediatrics,R0001637,1
5209,Lucy,Williams,,6885396768,174 Church Lane,York,TS24 5XX,27313089297,paediatrics,R0001667,1
5212,Omar,Patel,,8196846317,43 High Street,York,TS3 5XX,81732925019,cardiology,R0005707,2
5214,Lucy,Wilsno,,9582291786,74 Church Lane,Newcastle,TS13 4XX,1304 246 9540,general practice,R0005858,1
5215,Grace,Khan,,1675463223,103 Station Road,Middlesbrough,TS16 4XX,19510042947,pediatrics,R0003229,2
5219,Fatima,Jones,,3494420793,244 Station Road,Durham,TS29 4XX,92920412466,orthopaedics,R0005863,1
5221,James,Williams,,8331420505,183 High Street,Leeds,TS3 2XX,33904598669,cardiology,R0006137,1
5222,James,Smith,,7299898393,235 Church Lane,Middlesbrough,TS28 5XX,93358572778,orthopedics,R0000702,2
5223,Omar,Taylor, MD,5318556687,77 Park Avenue,Middlesbrough,TS12 5XX,11663354825,paediatrics,R0005105,1
5225,Mohammed,Williams,,4185658843,101 Victoria Road,York,TS23 2XX,32459198428,general practice,R0003291,1
5226,Mohammed,Nguyen,,0957702863,42 Church Lane,York,TS3 8XX,28264865381,cardiovascular medicine,R0003673,1
5227,Fatima,Evans,,4209131203,169 Victoria Road,Leeds,TS28 6XX,86958090172,pediatrics,R0002407,2
5229,Omar,Williams,,6728748067,139 Park Avenue,York,TS16 6XX,24752909712,pediatrics,R0001328,2
5230,Aisha,Williams,,8171197067,288 Station Road,Newcastle,TS23 3XX,43787379391,paediatrics,R0006983,2
5232,Wei,Sharma,,8949229653,136 Park Avenue,Newcastle,TS8 7XX,33382484190,gp,R0004908,2
5233,Lucy,Evans,,1309532613,265 High Street,Durham,TS23 6XX,94687487843,gp,R0004439,2
5234,Fatima,Jones,,2368271193,233 Victoria Road,Leeds,TS16 1XX,09475639175,paediatrics,R0006270,1
5235,Rajesh,Jones,,2871714061,163 Station Road,Middlesbrough,TS6 1XX,58375207040,cardiovascular medicine,R0000986,1
5236,Aisha,Sharma,,6459398096,41 Station Road,York,TS4 8XX,99780929769,general practice,R0005957,1
5237,Amara,Evans,,3135661964,10 Victoria Road,Middlesbrough,TS10 4XX,91754454575,family medicine,R0006808,2
5238,John,Evans,,8764476047,228 Park Avenue,Middlesbrough,TS13 7XX,71917850110,general practice,R0006993,2
5240,Priya,Jones,,0991863160,136 High Street,Middlesbrough,TS4 1XX,38229405548,gp,R0004048,2
5242,Chen,Patel, MD,5672868680,279 station rd,York,TS9 2XX,(7956) 6468121,orthopaedics,R0002474,2
5244,Mohammed,Brown,,4854613561,174 Station Road,York,TS1 5XX,89627600984,orthopedics,R0003873,1
5245,Lucy,Roberts,,1078706398,65 Park Avenue,York,TS10 7XX,11050518406,paediatrics,R0001199,2
5246,Rajesh,Nguyen,,8123989406,5 Victoria Road,Leeds,TS7 5XX,28486447248,cardiovascular medicine,R0004180,2
5247,David,Sharma,,3545228498,252 Park Avenue,York,TS25 1XX,47110454048,cardiology,R0001518,1
5248,S.,Roberts,,2613854075,69 Victoria Road,Newcastle,TS25 7XX,(8776) 1219226,general practice,R0006225,2
5249,Amara,Davies,,4983197744,94 High Street,York,TS16 2XX,66802482990,pediatrics,R0001798,2
5250,Omar,Ali,,1091481634,8 Victoria Road,Durham,TS10 8XX,50326807996,orthopedics,R0001013,2
5252,James,Evans,,9676352256,56 Victoria Road,Leeds,TS9 2XX,97397435019,general practice,R0001364,1
5253,Amara,Jones,,5380083522,121 Church Lane,Middlesbrough,TS18 2XX,73044022772,ortho surgery,R0005770,1
5255,John,Roberts,,0194313021,96 High Street,Newcastle,TS23 8XX,22251293729,ortho surgery,R0000889,3
5256,Rajesh,Brown,,4319889699,289 Station Road,York,TS3 6XX,17846974902,general practice,R0002792,2
5257,Sarah,Smith,,9268312043,298 Church Lane,Durham,TS25 4XX,32619583964,cardiovascular medicine,R0006302,1
5258,C.,Brown, Dr,3369930440,216 Victoria Rd,Middlesbrough,TS17 3XX,76902383579,pediatrics,R0004404,3
5259,Fatima,Taylor,,8206236320,50 High Street,Middlesbrough,TS28 3XX,93411279723,orthopedics,R0007144,1
5261,Fatima,Khan,,7397499156,100 Station Road,Newcastle,TS20 7XX,19994902671,orthopedics,R0003249,1
5262,Sarah,Wilson,,6062073465,168 Park Avenue,Newcastle,TS19 1XX,24431119393,orthopedics,R0001206,2
5263,Lucy,Sharma,,2497268399,237 Station Road,Durham,TS7 6XX,06355905164,orthopedics,R0003867,2
5265,Chen,Williams,,7455463134,184 Victoria Road,Durham,TS11 2XX,29457510922,family medicine,R0004065,1
5266,R.,Nguyen,,0307340620,269 High St,York,TS29 5XX,(8686) 1080716,orthopaedics,R0006424,1
5268,Chen,Thomas,,2045045911,51 Church Lane,Leeds,TS27 7XX,23682268246,cardiology,R0002288,3
5269,Aisha,Nguyen,,8820842484,117 Park Avenue,York,TS14 8XX,94871878795,general practice,R0002740,1
5270,Fatima,Evans,,4486642596,9 Park Avenue,Middlesbrough,TS29 2XX,94987968105,ortho surgery,R0000275,2
5271,Priya,Nguyen,,3371432134,2 Park Avenue,Middlesbrough,TS23 2XX,63865089159,paediatrics,R0004584,3
5273,John,Patel,,6502325611,249 Park Avenue,York,TS8 3XX,08853239083,cardiology,R0001226,4
5274,John,Thomas,,3136120411,40 High Street,Durham,TS15 8XX,32295365171,cardiology,R0001008,1
5276,Rajesh,Jones,,1325417040,213 Victoria Road,Leeds,TS3 2XX,57131235167,paediatrics,R0003827,2
5277,Rajesh,Davies,,3768057425,115 Church Lane,York,TS29 4XX,20152132509,gp,R0002531,2
5278,Fatima,Khan,,7934953613,279 Victoria Road,Middlesbrough,TS17 6XX,53988095635,cardiovascular medicine,R0004293,2
5279,Elena,Davies,,1825361058,51 Park Avenue,Durham,TS13 2XX,49773566862,pediatrics,R0001056,3
5282,Rajesh,Sharma,,4694375345,248 High Street,Middlesbrough,TS20 2XX,57239071940,gp,R0001042,2
5284,Sarah,Roberts,,1574470867,240 Church Lane,Leeds,TS17 6XX,98019350147,cardiovascular medicine,R0000968,1
5286,Rjaesh,Jones,,8547055894,296 Victoria Rd,York,TS12 5XX,45299728564,general practice,R0006822,2
5287,S.,Ahmed,,5789467962,127 Station Road,Leeds,TS6 3XX,47211144334,ortho surgery,R0001941,2
5288,Grace,Evans,,0411749193,233 Park Avenue,Newcastle,TS5 3XX,38907477682,general practice,R0005381,2
5290,Mohammed,Davies,,2462087132,224 Victoria Road,Newcastle,TS21 4XX,0207 069 3684,pediatrics,R0000621,3
5291,Mohammed,Taylor, Jr,2516019134,276 Church Lane,Durham,TS3 3XX,40078699971,general practice,R0005447,2
5292,G.,Roberts,,8939258965,3 Church Ln,Newcastle,TS26 2XX,1880 450 6927,orthopedics,R0001744,3
5293,A.,Davies,,0523987559,229 Park Avenue,York,TS3 8XX,83299427695,cardiovascular medicine,R0001391,2
5294,Lucy,Jones,,6250835322,268 Church Lane,Durham,TS25 3XX,01468453377,paediatrics,R0006109,2
5296,Fatima,Ali,,9967027996,20 High Street,Newcastle,TS10 1XX,7136 991 1830,cardiovascular medicine,R0001656,4
5297,Sarah,Wilson,,5337646245,164 Station Road,Middlesbrough,TS16 8XX,49878471350,ortho surgery,R0001335,5
5301,Elena,Davies,,1284400632,53 High Street,Durham,TS28 3XX,27577715486,ortho surgery,R0003178,1
5302,Grace,Khan,,5420340863,164 High Street,Durham,TS1 4XX,22732317423,ortho surgery,R0003192,2
5304,Jaems,Taylor,,7918018796,226 victoria road,York,TS15 7XX,9520 751 0933,ortho surgery,R0000576,2
5305,Sarah,Roberts,,7626967981,157 Victoria Road,Durham,TS21 2XX,49914602561,family medicine,R0002357,4
5306,Grace,Wilson,,4993847578,167 Church Lane,Durham,TS15 7XX,17543730941,pediatrics,R0001280,1
5308,Rajesh,Jones, Dr,6374202668,217 Station Rd,Newcastle,TS22 3XX,25741740155,family medicine,R0004958,2
5309,James,Khan,,6952541357,31 Park Avenue,Middlesbrough,TS1 8XX,43621594646,paediatrics,R0006209,1
5311,Saarh,Ali,,8946175084,34 victoria road,Newcastle,TS13 1XX,1223 961 7006,ortho surgery,R0002640,2
5312,Rajesh,Smith,,4262460770,153 High Street,Newcastle,TS9 7XX,43261431356,orthopedics,R0000267,3
5314,Priya,Ahmed,,0531240462,255 Station Road,York,TS16 5XX,87382723082,general practice,R0005555,1
5315,James,Sharma,,3536866185,214 Victoria Road,Durham,TS8 3XX,7924 680 1857,family medicine,R0003082,2
5316,Rajesh,Patel,,8202533073,85 Victoria Road,York,TS21 3XX,06697608176,paediatrics,R0003466,1
5320,Wei,Wilson,,6298009147,278 Station Road,Newcastle,TS20 7XX,91219512857,orthopaedics,R0007109,2
5322,Omar,Wilson,,3032441410,57 Victoria Road,Newcastle,TS29 1XX,(6849) 9180119,cardiovascular medicine,R0004354,4
5323,Aisha,Patel,,5955736295,110 Church Lane,Newcastle,TS15 4XX,29678791413,cardiovascular medicine,R0007367,1
5324,Amara,Thomas,,5460383959,31 Park Avenue,York,TS27 3XX,37819431056,general practice,R0002113,1
5325,Priya,Wilson,,7505971991,191 Victoria Road,York,TS18 4XX,79799027500,orthopaedics,R0000027,1
5327,James,Wilson,,3355949665,260 Station Road,York,TS16 1XX,98661591932,ortho surgery,R0003927,3
5329,Omar,Smith,,3032862681,147 Church Lane,York,TS27 3XX,65338824148,ortho surgery,R0003215,2
5331,Fatima,Taylor,,3598238194,32 Church Lane,Newcastle,TS6 2XX,87415702325,cardiovascular medicine,R0003817,3
5333,John,Taylor, Dr,6751582053,217 Victoria Road,Durham,TS23 4XX,2672 694 2445,pediatrics,R0005559,2
5334,Sarah,Ahmed,,4995960870,157 High Street,Newcastle,TS10 3XX,58550813585,paediatrics,R0007365,1
5335,Wei,Brown,,3951769493,230 Church Lane,Leeds,TS10 5XX,59364892530,ortho surgery,R0004599,1
5336,Amara,Williams,,0380851353,255 High Street,Durham,TS20 1XX,22677973169,ortho surgery,R0000013,1
5337,Mohammed,Ahmed,,3068497902,292 Station Road,York,TS28 4XX,24437032008,pediatrics,R0006442,1
5338,Mohammed,Thomas,,9927142288,75 High Street,Leeds,TS1 7XX,(2551) 3118346,paediatrics,R0004477,2
5339,Sarah,Evans,,5932079638,209 Station Road,Durham,TS18 7XX,93017318617,paediatrics,R0001522,4
5340,Mohammed,Williams,,5823344914,254 Station Road,York,TS23 8XX,42901985399,cardiovascular medicine,R0002364,2
5341,Rajesh,Brown,,4535763910,105 Station Road,York,TS24 5XX,53036812173,gp,R0004648,1
5343,Wei,Sharma,,3213556111,123 Park Avenue,Durham,TS15 5XX,63792433323,orthopedics,R0004005,1
5344,Wei,Thomas,,3856843782,24 Victoria Road,Newcastle,TS6 7XX,08883950893,general practice,R0002339,2
5345,Amara,Khan,,5729670737,126 Victoria Road,Leeds,TS8 1XX,67413491362,ortho surgery,R0000373,2
5346,David,Taylor,,0209412666,251 Victoria Road,Newcastle,TS13 6XX,10234944509,cardiology,R0005464,2
5347,Elena,Brown,,6928981274,261 Church Lane,Middlesbrough,TS5 4XX,79069382528,general practice,R0006453,1
5349,Mohammed,Roberts,,3432507017,8 High Street,Leeds,TS22 3XX,39536592743,pediatrics,R0007181,2
5351,Elena,Sharma,,4392140788,261 Victoria Road,York,TS21 4XX,81193363747,general practice,R0002147,1
5352,Fatima,Williams,,4388134827,29 High Street,Newcastle,TS10 3XX,76594541361,ortho surgery,R0003591,2
5353,Aisha,Davies,,0437777247,60 Station Road,York,TS24 6XX,33617077624,family medicine,R0005929,2
5354,Sarah,Evans, Dr,7124575060,290 High Street,Durham,TS14 3XX,7373 421 2546,orthopaedics,R0006814,2
5355,Priya,Ali,,2743043280,119 Station Road,Middlesbrough,TS18 5XX,90786990019,cardiology,R0006311,1
5356,Elena,Taylor,,6069193042,234 Church Lane,Middlesbrough,TS20 3XX,72037980930,orthopedics,R0003623,1
5357,Priay,Sharma,,4844145564,18 high st,Middlesbrough,TS5 5XX,(8830) 6063867,pediatrics,R0000530,2
5358,Mohammde,Taylor, MD,7441777074,74 Park Avenue,Durham,TS2 6XX,(8560) 7934510,cardiology,R0003715,2
5359,Aisha,Ali,,2501446337,89 Victoria Road,Durham,TS7 4XX,52181110216,gp,R0004730,3
5360,John,Williams,,9203832811,167 Victoria Road,Leeds,TS1 4XX,77026663808,ortho surgery,R0001268,2
5362,Priya,Patel,,2846901956,78 Station Road,Newcastle,TS19 3XX,60227709842,pediatrics,R0001394,1
5363,Grace,Evans,,6468007041,249 Station Road,Middlesbrough,TS13 1XX,87670528608,family medicine,R0004850,2
5364,Omar,Evans,,7910297431,215 Station Road,Newcastle,TS28 8XX,75157475916,pediatrics,R0004008,2
5366,Rajesh,Williams,,1746325297,294 Victoria Road,Leeds,TS1 1XX,88652756056,gp,R0001797,1
5367,David,Ahmed,,6130968704,172 Victoria Road,York,TS18 8XX,77739805258,ortho surgery,R0002978,2
5368,Lucy,Tyalor, Dr,5888179088,24 Victoria Road,Leeds,TS6 6XX,(6721) 9589428,family medicine,R0001443,4
5369,Chen,Patel,,7508019385,150 Church Lane,Leeds,TS4 1XX,00928354881,pediatrics,R0005609,1
5370,James,Khan,,1646452084,129 Victoria Road,Leeds,TS9 4XX,61111317104,orthopedics,R0007307,1
5372,Elena,Wilson,,6669632845,226 Victoria Road,Leeds,TS7 1XX,06522607944,cardiovascular medicine,R0001272,2
5376,Fatima,Smith,,0751596889,278 Church Lane,Newcastle,TS14 3XX,58342318890,orthopedics,R0005553,1
5378,Amara,Jones,,2511232030,155 Park Avenue,Leeds,TS1 5XX,34641551766,paediatrics,R0006638,1
5379,Grace,Williams,,6541801455,280 Victoria Road,Newcastle,TS21 8XX,58050764494,gp,R0006891,1
5380,Grace,Roberts,,1454430890,274 Church Lane,York,TS23 8XX,47982840783,cardiology,R0000401,3
5381,Fatima,Ali,,4978914004,31 Park Avenue,Newcastle,TS4 1XX,19641310454,paediatrics,R0002071,1
5382,Lucy,Khan,,3912768725,62 High Street,Middlesbrough,TS23 3XX,49655931908,paediatrics,R0007128,1
5383,Grace,Williams,,8551682502,154 High Street,Durham,TS29 1XX,75759012701,cardiovascular medicine,R0001977,1
5384,Priya,Patel,,7893096279,221 Station Road,Durham,TS23 5XX,62999703495,family medicine,R0000158,1
5386,Sarah,Brown,,8370264560,38 Park Avenue,Newcastle,TS23 3XX,39799412282,orthopaedics,R0000902,1
5387,Sarah,Ali,,6181513699,98 Victoria Road,Leeds,TS3 8XX,92060094163,family medicine,R0000352,1
5388,Grace,Wilson, Dr,2019685159,119 Park Avenue,Leeds,TS19 6XX,24958615569,pediatrics,R0005327,2
5389,Rjaesh,Nguyen,,6996113331,16 High St,York,TS17 3XX,34110303326,paediatrics,R0004539,3
5390,John,Evans,,6334799310,36 Victoria Road,Newcastle,TS16 1XX,47777069452,cardiovascular medicine,R0004129,2
5391,James,Thomas, MD,0932975876,47 Station Rd,Newcastle,TS21 8XX,95399166792,ortho surgery,R0000755,2
5392,Sarah,Brown,,4509092403,168 Victoria Road,Durham,TS19 3XX,97263164086,cardiovascular medicine,R0002970,2
5394,John,Patel,,3497952455,38 Victoria Road,Newcastle,TS3 7XX,25984099315,ortho surgery,R0002921,2
5395,A.,Davies,,1140169519,127 church ln,Durham,TS6 5XX,0629 061 6496,general practice,R0000312,2
5398,Grace,Ahmed,,4397870243,238 Victoria Road,York,TS7 5XX,31997382881,orthopedics,R0001988,2
5399,John,Brown, Jr,7590570830,281 Station Rd,Newcastle,TS28 2XX,(3805) 5339367,cardiology,R0003666,2
5400,Lucy,Nguyen,,4251864575,254 Victoria Road,Newcastle,TS28 5XX,73048151417,cardiovascular medicine,R0000305,2
5401,Wei,Nguyen,,5316567067,46 Station Road,Leeds,TS18 4XX,90186801888,cardiovascular medicine,R0002335,1
5402,Omar,Nguyen,,3923928898,267 Victoria Road,Leeds,TS17 5XX,23800478681,general practice,R0004790,1
5403,Omar,Williams,,1554466163,129 Victoria Road,York,TS7 2XX,97251888414,paediatrics,R0002356,1
5404,David,Jones,,9899257819,267 Park Avenue,York,TS22 3XX,31335423578,orthopedics,R0003702,1
5405,Lucy,Sharma,,4840125438,171 Church Lane,York,TS8 4XX,69800820697,orthopedics,R0003804,1
5406,John,Roberts,,3180110529,6 Station Rd,Middlesbrough,TS24 8XX,4102 782 9897,pediatrics,R0001928,3
5408,Sarah,Thomas, Jr,1177290125,140 Church Lane,Leeds,TS7 5XX,4808 846 7850,cardiology,R0003428,3
5409,Sarah,Khan,,7263588079,38 Park Avenue,Middlesbrough,TS20 6XX,64564773674,ortho surgery,R0000748,2
5410,Priya,Roberts,,6794849620,16 Victoria Road,Leeds,TS26 2XX,41154233272,orthopaedics,R0003638,1
5411,Rajesh,Sharma,,1687364954,197 Victoria Road,Middlesbrough,TS8 2XX,66790232021,ortho surgery,R0005456,1
5412,David,Roberts,,2385636494,294 High Street,Durham,TS28 8XX,19386936617,cardiology,R0001266,1
5413,Mohammed,Talyor,,7945303168,213 church lane,Newcastle,TS11 6XX,1736 167 9145,paediatrics,R0005939,2
5414,Wei,Nguyen,,2199133193,284 Victoria Road,Middlesbrough,TS12 5XX,(1543) 3320569,orthopaedics,R0006637,2
5416,Omar,Brown,,4527476695,10 station rd,Durham,TS21 4XX,39206078729,gp,R0002135,2
5417,Rajesh,Sharma, Jr,5506219601,78 High Street,York,TS20 6XX,0218 172 8335,paediatrics,R0005067,2
5418,Grace,Smith,,9523500494,243 Victoria Road,Durham,TS25 2XX,98802566902,cardiology,R0004109,1
5419,O.,Patel, MD,4267329883,43 High St,Durham,TS7 2XX,71823666563,orthopedics,R0004970,2
5420,John,Patel,,8121014021,278 Park Avenue,Durham,TS7 7XX,01492926353,pediatrics,R0004904,2
5421,John,Wilson,,8577017127,14 Station Road,Middlesbrough,TS1 4XX,67967233092,family medicine,R0000514,1
5422,Sarah,Wilson,,1877367655,284 Church Lane,York,TS27 2XX,58219730473,cardiovascular medicine,R0006710,2
5425,Sraah,Thomas, MD,3240432233,128 Victoria Rd,Middlesbrough,TS28 4XX,21572344947,paediatrics,R0007472,3
5427,James,Brown,,0752351339,25 high st,Middlesbrough,TS26 6XX,(3076) 9095573,paediatrics,R0006507,4
5429,Sarah,Williams,,3727582414,81 Park Avenue,York,TS6 6XX,55037302621,paediatrics,R0006104,1
5430,Lucy,Ali, MD,1418520788,298 Victoria Rd,Newcastle,TS23 7XX,94781631118,family medicine,R0000459,2
5431,John,Taylor,,5938230356,108 Church Lane,Leeds,TS7 8XX,33968347974,paediatrics,R0002053,2
5432,Priya,Wilson,,2304145923,26 Victoria Road,Newcastle,TS12 3XX,77761203827,pediatrics,R0002429,2
5434,James,Smith, MD,0697953826,54 high st,Durham,TS8 2XX,(7964) 7974545,orthopedics,R0006412,2
5435,Amara,Davies,,7025530967,299 Church Ln,York,TS13 4XX,(6976) 0593531,paediatrics,R0001108,2
5437,Omar,Brown,,7121808897,295 Church Lane,Newcastle,TS29 8XX,77684582715,orthopedics,R0001713,1
5439,Elena,Smith,,8702973731,78 Church Lane,Leeds,TS29 5XX,28879536198,pediatrics,R0006040,1
5440,John,Taylor,,7326765066,290 Church Lane,Leeds,TS29 4XX,27456311954,cardiology,R0000714,2
5441,Rajesh,Roberts,,0788177076,88 Victoria Road,Middlesbrough,TS29 5XX,23793961580,pediatrics,R0000552,1
5442,Grace,Nguyen,,6532584140,29 Victoria Road,York,TS7 5XX,55598229605,pediatrics,R0001439,1
5443,Omar,Nguyen,,4387237596,222 Victoria Road,Leeds,TS23 2XX,74581254540,gp,R0002270,1
5445,James,Thomas,,1098408989,23 High Street,Newcastle,TS14 3XX,69739218714,orthopedics,R0007162,1
5446,Lucy,Taylor,,9555895500,67 Park Avenue,Leeds,TS13 6XX,23075151722,ortho surgery,R0001924,2
5447,Chen,Ali,,6662800688,134 Park Avenue,Leeds,TS11 4XX,24139712226,gp,R0000634,1
5448,Rajesh,Smith,,4525628490,279 Station Road,Durham,TS26 2XX,91434977294,cardiovascular medicine,R0000315,2
5449,Fatima,Roberts,,1198222477,41 Victoria Road,Newcastle,TS3 6XX,58788806940,cardiology,R0007046,1
5450,David,Jones,,1068287725,162 Church Lane,York,TS22 5XX,57266173662,cardiovascular medicine,R0005423,3
5451,Lucy,Ngyuen,,2176351772,151 Church Ln,Leeds,TS1 2XX,9410 393 9477,cardiovascular medicine,R0000429,3
5452,James,Jones,,8066123452,233 Station Road,Durham,TS26 6XX,95039628330,general practice,R0006583,2
5453,Priya,Smith,,9554465166,262 High Street,Leeds,TS23 5XX,10549592415,orthopedics,R0000105,1
5454,Elena,Khan, Dr,,297 Park Avenue,Newcastle,TS6 1XX,0641 340 5060,cardiology,R0003041,1
5455,Rajesh,Davies,,1844752418,84 Station Road,Leeds,TS6 3XX,10637252295,orthopedics,R0004237,2
5456,David,Roberts,,6224054158,246 Victoria Road,York,TS3 7XX,57022767331,cardiology,R0002168,2
5457,Priya,Evans,,3163952962,2 High Street,York,TS22 7XX,14960964762,paediatrics,R0001709,2
5459,John,Taylor,,4718636933,257 Victoria Road,Leeds,TS25 8XX,50020764815,family medicine,R0002241,1
5460,Fatima,Patel,,6407851355,224 Church Lane,Leeds,TS24 1XX,94806994386,paediatrics,R0003173,2
5462,Mohammed,Patle,,2828061397,90 church ln,Durham,TS20 7XX,5509 521 6788,family medicine,R0001951,3
5463,Wei,Wilson,,0354868532,110 Park Avenue,Newcastle,TS29 2XX,46937813489,general practice,R0004044,1
5466,Grace,Ali, Jr,4975186719,237 Station Road,York,TS7 2XX,15645669190,cardiology,R0004337,1
5468,Rajesh,Taylor,,3516128739,258 Church Lane,Middlesbrough,TS28 3XX,31214552029,pediatrics,R0006429,2
5469,Sarah,Khan,,0500384316,65 Station Road,Newcastle,TS5 7XX,63397057366,pediatrics,R0002720,2
5470,Mohammed,Jones, Jr,0153397196,78 church lane,Leeds,TS24 4XX,74670172730,pediatrics,R0005206,2
5471,John,Davies,,7066195746,201 Victoria Road,Middlesbrough,TS21 7XX,58383510735,cardiology,R0006841,2
5472,Omar,Davies,,3354345263,196 Station Road,York,TS3 5XX,79255768813,orthopaedics,R0000591,2
5473,R.,Jones,,7303779955,220 park avenue,York,TS21 7XX,(3717) 8238651,general practice,R0005629,1
5474,Chen,Ali,,2804476313,264 Station Rd,Durham,TS3 4XX,(6672) 5049864,orthopaedics,R0002937,2
5477,John,Patel,,2982086706,172 Station Road,York,TS23 4XX,77238751088,cardiovascular medicine,R0006324,2
5478,Rajesh,Ahemd,,1233475817,240 Station Road,Newcastle,TS10 2XX,(5830) 2495722,cardiology,R0006266,1
5479,David,Ahmed,,8807215035,48 Station Road,York,TS14 7XX,10527059038,paediatrics,R0000213,2
5480,Chen,Taylor,,0079294059,152 Station Road,Newcastle,TS19 4XX,64083570735,cardiology,R0000778,1
5483,John,Jones,,4323031500,113 Church Lane,Leeds,TS26 3XX,32871211284,orthopaedics,R0002043,1
5486,Amara,Wilson, MD,,170 High St,Middlesbrough,TS18 5XX,(8176) 6650831,pediatrics,R0001567,1
5487,Eelna,Williams, Dr,8032219343,72 Victoria Road,Leeds,TS10 3XX,30602227593,pediatrics,R0000166,2
5488,Grace,Ali,,2882242177,140 Park Ave,Durham,TS6 5XX,5981 597 4604,orthopedics,R0004703,3
5489,Elnea,Ahmed, Dr,7582346859,115 Church Ln,York,TS21 2XX,13043695966,general practice,R0003567,2
5490,Grace,Ali,,3532704741,123 High Street,Leeds,TS24 3XX,38594567549,general practice,R0007074,1
5491,Chen,Davies,,6593443606,261 Victoria Road,Leeds,TS7 7XX,28694891242,orthopedics,R0007133,2
5492,Rajesh,Taylor,,4600432321,67 Station Road,Newcastle,TS4 8XX,61724007549,gp,R0005439,1
5493,Fatima,Thomas,,5507334043,148 Station Road,Leeds,TS1 8XX,28848218669,cardiology,R0002013,1
5494,Lucy,Nguyen, Dr,5561726377,25 Station Rd,Durham,TS15 3XX,5909 856 3158,ortho surgery,R0000274,2
5495,Wei,Sharma, Dr,6480317226,4 High Street,Newcastle,TS1 3XX,50095033052,pediatrics,R0003861,2
5496,Priya,Nguyen,,6220732994,104 Church Lane,Newcastle,TS18 3XX,71545708325,ortho surgery,R0004166,2
5497,Wei,Evans,,3007442284,60 Victoria Road,York,TS4 4XX,80253687380,paediatrics,R0005987,1
5498,David,Taylor,,9036215140,232 High Street,Durham,TS6 1XX,05556678208,general practice,R0003788,1
5499,C.,Taylor,,2629865100,247 High Street,York,TS9 3XX,1790 784 5862,paediatrics,R0005184,2
5500,Omar,Williams,,9197263712,230 Station Road,Middlesbrough,TS10 5XX,65129214038,general practice,R0000393,2
5501,Grace,Ahmed,,0374523100,94 Park Avenue,Middlesbrough,TS17 8XX,65148387210,general practice,R0000583,2
5502,S.,Patel, Dr,3812141883,87 High St,York,TS1 1XX,4046 396 1992,orthopaedics,R0007382,3
5503,Aisha,Taylor,,4564294996,5 Station Road,Newcastle,TS20 7XX,96858690239,family medicine,R0007477,3
5504,James,Jones, MD,,164 Victoria Road,Durham,TS21 3XX,40296249482,pediatrics,R0006956,1
5505,David,Khan,,3682399554,2 Victoria Road,York,TS12 4XX,82044054630,orthopedics,R0006191,2
5508,Fatima,Ali,,7495424019,139 High Street,York,TS3 5XX,94107138588,family medicine,R0001763,1
5509,Elena,Smith,,4769355007,293 Station Road,Durham,TS28 2XX,72713440808,cardiology,R0001875,1
5510,Rajesh,Smith,,4959729707,280 high st,Newcastle,TS27 2XX,83412124469,paediatrics,R0005357,2
5511,Chen,Ali,,9289568779,256 Victoria Road,Newcastle,TS27 5XX,55366283486,pediatrics,R0003964,2
5513,Sarah,Brown,,6100139959,280 High Street,York,TS13 1XX,54744240532,family medicine,R0002252,2
5515,Amara,Brwon,,6601349860,153 High St,York,TS18 6XX,18450852330,orthopedics,R0000527,3
5517,A.,Wilson,,6152867760,161 station road,Newcastle,TS21 8XX,(0160) 0369947,pediatrics,R0004475,2
5519,James,Wilson,,8432329939,114 park ave,Middlesbrough,TS18 7XX,3842 714 7721,orthopaedics,R0000693,4
5520,Rajesh,Taylor,,4062763712,249 Park Avenue,Durham,TS26 1XX,72313251573,ortho surgery,R0007088,4
5521,Amara,Thomas,,3811778098,236 Church Lane,York,TS5 6XX,76251589733,ortho surgery,R0004443,2
5522,Mohammed,Sharma,,4403803636,243 Station Road,Middlesbrough,TS27 7XX,20476759189,gp,R0003632,4
5523,Aisha,Evans,,1036385984,71 Victoria Road,York,TS1 3XX,(4981) 0557284,paediatrics,R0001051,2
5524,Grace,Taylor,,1741695135,85 Victoria Road,Newcastle,TS28 7XX,56776180449,cardiology,R0000589,2
5525,Aisha,Smith,,9389667213,124 Church Lane,Durham,TS8 5XX,00988356276,pediatrics,R0000519,2
5526,Amara,Roberts, Jr,9235704126,66 high st,Newcastle,TS3 7XX,(4543) 6300220,cardiovascular medicine,R0003381,2
5527,Elena,Ali,,6836339830,295 Church Lane,Newcastle,TS28 4XX,58121583852,gp,R0003676,1
5529,O.,Roberts,,4444911334,136 Victoria Road,York,TS8 3XX,10278692679,orthopedics,R0005180,2
5530,Lucy,Davies, Dr,0403767605,144 Church Lane,York,TS7 6XX,(6400) 3597421,pediatrics,R0001608,3
5531,Grace,Wilson,,7115937900,157 Park Avenue,Newcastle,TS20 8XX,05760193111,orthopaedics,R0003608,2
5533,L.,Ahmed,,8795588910,59 High Street,Durham,TS23 7XX,37716239277,gp,R0007503,3
5534,Lucy,Brown,,5451855844,203 Church Lane,Newcastle,TS8 2XX,17078616401,paediatrics,R0001808,2
5536,Grace,Davies,,6027457076,291 Church Lane,York,TS3 2XX,28121202773,cardiovascular medicine,R0000790,3
5537,Oamr,Williams, MD,4182731015,84 High St,Middlesbrough,TS28 5XX,(0152) 2749638,paediatrics,R0007096,2
5539,Priya,Khan,,1080289131,282 High Street,Newcastle,TS10 5XX,12359264734,family medicine,R0001979,2
5540,Grace,Williams,,6112654612,182 Park Avenue,Newcastle,TS1 3XX,88205623652,gp,R0003232,2
5541,Rajesh,Nguyen,,3314641451,290 Church Lane,Leeds,TS18 1XX,83414305230,orthopaedics,R0003598,2
5544,John,Williams,,4424618675,258 Station Road,Durham,TS27 2XX,39881198334,general practice,R0005573,2
5545,Rajesh,Wilson,,0578445646,171 Park Avenue,Durham,TS19 8XX,79266354030,cardiovascular medicine,R0005505,2
5546,Fatima,Thomas,,8478551514,267 Station Road,Durham,TS18 8XX,68275877589,general practice,R0006973,1
5548,Aisha,Roberts,,8970247781,298 Church Ln,Durham,TS12 3XX,68440209872,ortho surgery,R0004025,4
5552,Mohammed,Brown,,0229426289,267 High Street,York,TS8 7XX,14341126996,cardiology,R0005784,2
5553,Elena,Nguyen,,1743363602,144 Church Lane,Leeds,TS4 2XX,59695017684,gp,R0003453,1
5559,Rajesh,Ali,,6260574292,194 Victoria Road,Middlesbrough,TS14 5XX,(7226) 9670087,cardiovascular medicine,R0005069,1
5560,Mohammed,Khna,,7770832588,225 High St,Newcastle,TS23 8XX,9500 606 1821,paediatrics,R0003199,3
5561,Omar,Patel,,8509888806,150 Victoria Rd,Leeds,TS13 4XX,94414089575,gp,R0006055,1
5562,David,Williams,,9575028577,70 Church Lane,York,TS7 2XX,12694686226,orthopedics,R0001098,1
5564,Omar,Nguyen,,1800388608,263 Station Road,Durham,TS9 5XX,09099163332,cardiovascular medicine,R0002843,2
5567,Aisha,Roberts,,4027787702,82 Station Road,Durham,TS14 2XX,83087993972,paediatrics,R0005817,2
5568,Priya,Sharma,,1913200520,66 Station Road,Leeds,TS13 8XX,3770 545 1419,pediatrics,R0000516,2
5569,Aisha,Smith,,8966970740,52 Station Road,York,TS3 8XX,27279692137,orthopedics,R0006924,2
5570,Mohammed,Nguyen, Jr,7092926686,51 high street,Newcastle,TS12 8XX,09297917797,cardiovascular medicine,R0004834,2
5571,James,Nguyen,,3089940200,212 High Street,York,TS23 5XX,26248182621,family medicine,R0001453,1
5572,Priya,Ahmed,,3661662840,218 Park Avenue,York,TS11 4XX,93685842412,cardiology,R0003552,2
5573,G.,Wilson, MD,7115937900,159 Church Lane,Newcastle,TS10 6XX,(9475) 7425307,ortho surgery,R0003609,1
5574,Elena,Thomas,,4270998894,267 High Street,York,TS13 7XX,88884626507,ortho surgery,R0004665,1
5575,David,Smith,,0626764573,66 Church Lane,Leeds,TS6 1XX,01760779905,ortho surgery,R0002505,2
5576,Wei,Ali,,2746790313,34 Station Road,Newcastle,TS21 1XX,47782892668,cardiology,R0002992,3
5578,Aisha,Davies,,5387045399,182 Station Road,Middlesbrough,TS15 6XX,26700558144,family medicine,R0007111,1
5579,Priya,Evans,,4048999699,102 Park Avenue,York,TS29 4XX,11501254559,cardiology,R0000905,2
5580,Fatima,Smith, Dr,5441577975,39 Church Lane,Leeds,TS18 2XX,(9817) 1704674,ortho surgery,R0000029,2
5581,Priya,Joens,,,111 Church Ln,Newcastle,TS6 4XX,(2543) 7224241,pediatrics,R0006444,1
5582,Elena,Smith,,0751268828,45 Church Lane,Leeds,TS17 1XX,44510395565,cardiology,R0002507,1
5583,Lucy,Evans,,2389847092,41 Victoria Road,Middlesbrough,TS27 5XX,56491620661,paediatrics,R0002428,1
5585,Wei,Roberts,,0441989811,183 Victoria Road,Leeds,TS19 2XX,78193399603,cardiology,R0005346,1
5586,Aisha,Ahmed,,4268300661,196 High Street,Durham,TS12 4XX,27700561164,pediatrics,R0000762,1
5587,James,Patel,,4657825017,297 Victoria Road,York,TS22 8XX,07693684291,paediatrics,R0003747,1
5588,Fatima,Davies,,2514332094,82 Park Avenue,Newcastle,TS2 4XX,36965247563,family medicine,R0004811,1
5589,Amara,Khan,,8463578269,218 Park Avenue,Middlesbrough,TS6 2XX,17955744530,orthopaedics,R0000284,1
5590,Sarah,Taylor,,5496055038,42 Station Road,York,TS7 1XX,37968664048,family medicine,R0000686,1
5591,John,Evans,,0458477480,165 High Street,Durham,TS8 3XX,65939996801,general practice,R0006936,1
5592,Mohammed,Nguyen,,4087389992,241 Church Lane,Middlesbrough,TS20 4XX,8933 053 9845,pediatrics,R0002355,4
5593,Amara,Jones,,1555321011,274 High Street,Leeds,TS16 2XX,56445332665,cardiovascular medicine,R0006036,2
5594,Aisha,Khan,,8739020474,237 Station Road,Middlesbrough,TS10 1XX,57784256761,general practice,R0006452,1
5595,A.,Jones,,,264 high st,Middlesbrough,TS14 5XX,3118 339 1995,general practice,R0000021,1
5596,Wei,Brown,,2119168740,284 church ln,Leeds,TS26 8XX,(2188) 9743089,paediatrics,R0002754,3
5597,Lucy,Patel, Jr,8502671696,95 Park Ave,Middlesbrough,TS19 6XX,1389 175 5584,family medicine,R0000886,2
5598,Priya,Williams,,0307198677,4 Victoria Road,York,TS19 4XX,63196727509,gp,R0000917,1
5599,Grace,Roberts,,1016068175,234 Victoria Road,Leeds,TS7 1XX,7804 779 7999,cardiology,R0001041,2
5600,Wei,Williams,,6907297060,126 Station Road,Durham,TS25 5XX,87151086088,cardiovascular medicine,R0006289,2
5601,Grace,Brown,,9032814899,36 Park Avenue,Middlesbrough,TS3 4XX,45063193249,paediatrics,R0001264,2
5602,Aisha,Sharma,,2488744958,296 Victoria Road,Durham,TS26 6XX,42019842122,gp,R0004579,1
5604,Grace,Davies,,9527406303,258 Park Avenue,Newcastle,TS27 3XX,83094887308,orthopedics,R0006978,1
5605,Lucy,Ali,,4409004016,114 Park Avenue,Leeds,TS24 5XX,27581233875,cardiovascular medicine,R0000277,1
5607,Omar,Jones,,3828665085,243 High Street,Newcastle,TS9 3XX,62036470220,family medicine,R0002083,2
5608,Chen,Williams,,3824235720,63 Park Avenue,York,TS20 4XX,76774356553,cardiology,R0001244,3
5609,Lucy,Ahmed,,7574284034,107 Station Road,Newcastle,TS15 3XX,66499470444,paediatrics,R0002381,2
5610,Mohammed,Evans,,7603338059,265 Victoria Road,Durham,TS29 4XX,65008136559,gp,R0000571,2
5611,Lucy,Williams,,6678808266,9 High Street,Leeds,TS27 2XX,20168528335,general practice,R0001434,2
5612,John,Patel,,8498541964,50 High Street,Newcastle,TS2 6XX,26084491656,orthopaedics,R0003902,1
5614,Wei,Thomas,,6276883903,167 Park Avenue,York,TS7 2XX,78657291539,orthopedics,R0001247,1
5615,O.,Jones,,0846344522,103 Station Road,Durham,TS16 8XX,72112762620,paediatrics,R0005627,2
5616,James,Davies,,9834328048,291 Park Avenue,Durham,TS14 7XX,36002433040,paediatrics,R0004680,2
5617,John,Khan,,0926374404,45 Park Avenue,Durham,TS26 5XX,96712554940,orthopaedics,R0003526,1
5618,Aisha,Evans,,3975895142,96 Park Avenue,Middlesbrough,TS14 4XX,36528416367,family medicine,R0002513,2
5619,James,Thomas,,6900246864,239 High Street,Leeds,TS12 7XX,80936631286,orthopaedics,R0005444,2
5620,Mohammed,Amhed, Dr,9677747353,285 Church Ln,Durham,TS20 6XX,0777 504 6555,gp,R0001007,1
5621,Aisha,Brown,,7963980250,193 Station Road,Durham,TS13 6XX,41923834457,orthopedics,R0007319,2
5622,Rajesh,Roberts,,8289535840,273 High Street,Durham,TS19 2XX,63420959134,general practice,R0004543,1
5623,Rajesh,Sharam,,2707199085,180 High St,Leeds,TS18 2XX,(5341) 1998597,orthopaedics,R0005648,3
5624,John,Khan,,4417252402,54 High Street,Durham,TS18 2XX,03405424994,paediatrics,R0006504,1
5627,Grace,Ahmed,,6148035457,78 Park Avenue,Newcastle,TS19 3XX,60855003048,family medicine,R0005922,2
5628,Chen,Sharma,,3182830454,10 Victoria Road,York,TS23 3XX,14547900250,orthopedics,R0001689,2
5629,Amara,Williams,,0096802314,242 Victoria Road,Durham,TS8 7XX,24787324834,family medicine,R0006481,2
5630,Sarha,Ahmed,,9818952342,19 park ave,Durham,TS5 1XX,1325 433 7032,cardiology,R0005344,2
5632,Mohammed,Roberts,,8735280757,61 Church Lane,Middlesbrough,TS22 6XX,43342220921,orthopedics,R0000294,1
5633,Wei,Roberts, Jr,3954145920,271 station rd,Leeds,TS28 2XX,91840678165,cardiology,R0001548,2
5634,Fatima,Taylor,,2296110270,40 Station Road,Middlesbrough,TS19 7XX,59673860082,family medicine,R0002011,2
5635,Grace,Wilson,,9552872770,287 High Street,York,TS19 6XX,38421874201,cardiology,R0000588,1
5637,Sarah,Williams,,3953837639,97 Park Avenue,Newcastle,TS1 3XX,36811636050,ortho surgery,R0002403,1
5638,Sarah,Khan,,7895116897,42 Victoria Road,York,TS6 4XX,06330947564,paediatrics,R0002127,3
5639,John,Sharma,,8694560671,283 Victoria Road,York,TS13 2XX,81952672801,cardiovascular medicine,R0003997,2
5642,Wei,Evans,,7751211744,25 High Street,Durham,TS25 1XX,91978150410,cardiovascular medicine,R0003508,1
5643,Sarah,Patel,,1395134580,296 High Street,Durham,TS4 6XX,33171051126,gp,R0002719,1
5644,David,Ahmed, Dr,4143534947,78 church ln,Durham,TS22 5XX,27039934321,ortho surgery,R0004522,4
5645,Fatima,Sharma,,2370942295,201 Church Lane,York,TS13 2XX,11067463782,family medicine,R0005149,2
5646,Mohammed,Sharma,,3718180920,100 Victoria Road,Middlesbrough,TS18 6XX,38805618659,cardiovascular medicine,R0006835,4
5647,James,Khan,,5812016011,134 Victoria Road,Newcastle,TS24 2XX,88665362568,cardiovascular medicine,R0006843,1
5648,Grace,Evans,,2895350500,119 Church Lane,York,TS29 5XX,98394512525,cardiology,R0000555,2
5649,Priya,Smith,,7053931199,234 High Street,Leeds,TS1 7XX,87532754379,orthopedics,R0004480,4
5650,Omar,Smith,,1761021288,92 Station Road,Leeds,TS24 4XX,27488795501,cardiology,R0002469,1
5651,Grace,Ahmed,,6066561471,78 High Street,Durham,TS16 2XX,38338243428,cardiology,R0003737,2
5652,Priya,Davies,,5812481919,64 Park Avenue,Middlesbrough,TS29 1XX,37332154855,pediatrics,R0004286,1
5653,Wei,Nguyen,,7529968781,186 High Street,Leeds,TS6 6XX,86477060807,pediatrics,R0006408,2
5655,John,Williams, Jr,1119686529,19 Victoria Rd,York,TS4 7XX,3278 606 9626,cardiology,R0001717,2
5656,Chen,Taylor,,0376033038,195 High Street,York,TS20 6XX,35768219745,cardiovascular medicine,R0002604,2
5658,Fatima,Nguyen,,5951590308,181 Church Lane,Durham,TS29 7XX,49499276715,pediatrics,R0001703,2
5659,Aisha,Thomas,,4653957411,186 Victoria Road,York,TS15 1XX,72532180038,ortho surgery,R0002136,3
5660,Jmaes,Williams,,6308071725,177 Park Avenue,Middlesbrough,TS2 8XX,2456 841 9932,pediatrics,R0007051,4
5661,S.,Jones, Dr,7567229163,229 High St,Newcastle,TS25 2XX,77592083194,gp,R0002384,2
5662,Aisha,Ahmed,,5280128825,30 Church Lane,York,TS1 4XX,40632782905,paediatrics,R0004310,2
5663,James,Jones,,0989185269,124 Church Lane,Middlesbrough,TS25 2XX,16778813737,pediatrics,R0001285,1
5664,Priya,Thomas,,1789600741,257 Station Road,Durham,TS3 7XX,76514158893,cardiovascular medicine,R0006393,1
5665,Chen,Ali,,6306442043,178 Church Lane,Middlesbrough,TS23 5XX,50431999310,cardiovascular medicine,R0006706,1
5666,David,Rboerts, MD,3625019754,250 Church Lane,Durham,TS10 3XX,75448508202,paediatrics,R0003931,2
5668,David,Thomas,,7645541540,131 Victoria Road,Durham,TS4 2XX,58481588260,orthopedics,R0001590,2
5669,Fatima,Sharma,,3231317739,287 Victoria Road,Durham,TS6 4XX,00169064649,pediatrics,R0007047,1
5672,Grace,Evans,,3416621365,117 High Street,York,TS21 2XX,48309002762,pediatrics,R0002396,1
5677,Priya,Patel,,5470952769,220 Church Lane,Durham,TS26 7XX,63102461780,gp,R0005993,1
5678,Priay,Thomas, MD,7633078365,50 Station Road,York,TS6 3XX,(3073) 5443891,paediatrics,R0007283,2
5679,Omar,Smith,,3184957886,50 Park Avenue,Newcastle,TS20 5XX,52588447907,orthopaedics,R0004036,1
5680,John,Sharma,,5332436341,244 Station Road,Leeds,TS28 4XX,03711334072,ortho surgery,R0000795,1
5681,Grace,Thomas, MD,3944193189,168 Station Rd,York,TS27 6XX,(4519) 5034983,ortho surgery,R0003021,2
5682,Chen,Ahmed,,9019255937,15 Park Avenue,Durham,TS16 1XX,25416475311,orthopaedics,R0001712,2
5684,Fatima,Ahemd,,0060028474,225 High St,Leeds,TS3 7XX,1395 457 2685,pediatrics,R0000037,3
5685,Omar,Taylor,,6137934291,106 Victoria Road,Durham,TS28 2XX,11223272282,family medicine,R0004549,1
5686,Priya,Smith,,8150927676,60 Church Lane,Durham,TS24 4XX,99791569180,cardiology,R0000912,2
5687,Omar,Ahmed,,8523156048,289 Park Avenue,Durham,TS9 6XX,26827065950,family medicine,R0005296,2
5689,David,Roberts,,8105833746,141 Victoria Road,Middlesbrough,TS2 2XX,57160193423,family medicine,R0005370,1
5693,Elena,Kahn, Dr,7059317694,61 Station Road,Leeds,TS5 5XX,9677 270 4616,pediatrics,R0006128,2
5694,Wei,Thomas,,6652923901,176 Park Avenue,Leeds,TS17 5XX,86457314911,gp,R0001418,1
5695,Elena,Brown,,8162423551,65 High Street,Leeds,TS27 3XX,54304993529,cardiovascular medicine,R0001558,3
5697,Chen,Wilson,,2666163451,160 Station Road,Newcastle,TS27 1XX,(6069) 5428936,pediatrics,R0005583,2
5698,L.,Brown, Dr,,81 Church Lane,Leeds,TS5 6XX,7920 374 2018,family medicine,R0005982,1
5699,Rajesh,Thomas,,8600772964,36 Park Avenue,Middlesbrough,TS22 2XX,06001994346,family medicine,R0004264,2
5700,Amara,Nguyen,,7673487507,52 Station Road,Leeds,TS20 4XX,50159749284,cardiology,R0001352,3
5701,James,Brown,,3876407623,249 Park Avenue,Middlesbrough,TS23 5XX,15120836085,pediatrics,R0007023,4
5702,Lucy,Davies,,5625895322,295 Station Road,York,TS13 8XX,69902068962,orthopaedics,R0007113,2
5703,Rajesh,Brown,,3125775753,169 Station Rd,York,TS9 7XX,10401302538,family medicine,R0000988,2
5704,Rajesh,Thomas,,9004088495,162 Church Lane,Durham,TS16 6XX,25891050648,cardiology,R0002682,1
5705,Fatima,Khan,,7269734338,193 Park Avenue,York,TS8 5XX,67085375399,cardiovascular medicine,R0005047,1
5706,David,Jones,,3429880473,247 high street,Durham,TS24 5XX,1819 063 5872,orthopaedics,R0001642,3
5707,James,Evans,,4480903155,276 Park Avenue,Durham,TS22 8XX,41126099175,orthopaedics,R0001289,2
5708,Priya,Sharma, MD,2231407611,19 High St,Middlesbrough,TS18 1XX,0594 288 8309,family medicine,R0003680,3
5709,James,Jones,,7997172851,289 Victoria Road,Newcastle,TS15 7XX,02123435238,paediatrics,R0001379,2
5710,Lucy,Ali,,8582883061,195 High Street,Newcastle,TS17 6XX,89913702531,gp,R0001932,2
5711,John,Nguyen,,1938541799,54 Station Road,Durham,TS23 8XX,96214626857,pediatrics,R0004675,1
5712,James,Roberts,,4025688513,204 Park Avenue,Leeds,TS14 1XX,68960941020,cardiovascular medicine,R0006315,1
5713,David,Khan,,9124347547,280 Park Avenue,Durham,TS14 5XX,24108824950,family medicine,R0003158,2
5714,Amara,Khna,,4054346830,271 Church Lane,Newcastle,TS12 1XX,94327163328,ortho surgery,R0002031,2
5718,James,Thomas,,8106582788,146 High Street,Durham,TS11 5XX,69431736286,family medicine,R0004255,1
5719,Chen,Patel,,8826177309,166 church ln,Newcastle,TS20 7XX,7134 405 1769,cardiovascular medicine,R0000004,4
5721,Rajesh,Wilson,,9416627038,272 Park Avenue,Durham,TS19 2XX,92792606406,ortho surgery,R0000848,3
5723,Amara,Khan,,2716571308,28 Victoria Road,York,TS16 2XX,87151563471,pediatrics,R0002465,2
5726,G.,Davies,,3257870920,257 Church Ln,York,TS4 2XX,(2476) 0168031,gp,R0001915,4
5727,Aisha,Sharma,,1259160586,80 Victoria Road,Newcastle,TS21 1XX,41719698805,paediatrics,R0005139,1
5728,Oamr,Ahmed, MD,8861182755,25 Park Ave,Leeds,TS14 6XX,7911 808 0495,ortho surgery,R0007066,2
5733,Wei,Davies,,3442936199,71 High Street,Durham,TS18 2XX,77867775706,pediatrics,R0001795,2
5734,Priya,Jones,,9915256099,96 Victoria Road,York,TS21 8XX,11831263399,orthopaedics,R0003844,2
5735,Amara,Evans,,0760445669,220 Park Avenue,Leeds,TS29 4XX,84377107144,cardiology,R0002552,2
5736,Mohammed,Khan, Jr,5540171283,291 Station Road,Newcastle,TS24 6XX,(1258) 5733651,paediatrics,R0002801,2
5737,Lucy,Ali,,1838913235,260 Church Lane,Durham,TS20 2XX,07116213589,cardiovascular medicine,R0000935,2
5740,Omar,Khan,,6877793301,159 Church Lane,Middlesbrough,TS22 3XX,39055949635,pediatrics,R0004321,1
5741,Wei,Brown,,2114550017,213 Park Avenue,York,TS1 1XX,38155922641,orthopaedics,R0003399,3
5743,Chen,Thomas,,3935281948,248 Church Lane,Middlesbrough,TS4 8XX,61354051366,pediatrics,R0003563,2
5744,Lucy,Brown,,4439712026,69 Victoria Road,York,TS3 1XX,42512523203,general practice,R0000883,2
5745,Amaar,Nguyen, Jr,0758382411,293 park ave,Leeds,TS25 8XX,18764602488,family medicine,R0005430,2
5746,Sarah,Smith, Dr,9390159470,270 station road,York,TS7 2XX,6202 758 0598,paediatrics,R0005704,2
5748,Omar,Brown,,1289159014,82 High Street,York,TS20 3XX,98751295472,cardiology,R0004866,3
5749,Rajesh,Sharma, Jr,,204 Victoria Rd,Middlesbrough,TS21 3XX,5377 631 6390,ortho surgery,R0001868,1
5750,Priya,Thomas,,9675325983,203 High Street,Newcastle,TS1 2XX,58029020737,cardiology,R0005181,1
5752,Omra,Ahmed,,9697570279,92 Church Lane,York,TS1 6XX,(9691) 5738180,orthopedics,R0003416,2
5753,Chen,Davies,,9079895942,225 Victoria Road,Durham,TS20 4XX,93643611641,cardiovascular medicine,R0005420,2
5754,Omar,Smith,,3294264131,289 Park Avenue,Newcastle,TS24 4XX,40307916547,gp,R0001462,2
5755,Elena,Sharma,,4283484004,108 Park Avenue,Newcastle,TS4 5XX,24430052300,general practice,R0000806,1
5756,Mohammed,Khan,,6426577180,29 High Street,Middlesbrough,TS22 1XX,87732372831,orthopaedics,R0006118,1
5758,Mohammed,Nguyen,,6945035314,284 Victoria Road,Newcastle,TS11 2XX,06695205276,cardiovascular medicine,R0004068,2
5759,Fatima,Ali, MD,3841440417,65 Church Lane,Leeds,TS1 5XX,74917432406,family medicine,R0002110,4
5760,Jonh,Khan,,9773095419,189 Church Lane,Leeds,TS9 3XX,(5848) 6480130,orthopaedics,R0006831,2
5762,Lucy,Nguyen,,9420612223,237 Station Road,York,TS28 6XX,61118197831,general practice,R0002234,2
5763,G.,Jones, Jr,7371324516,14 Victoria Rd,Middlesbrough,TS3 8XX,69771538005,orthopedics,R0000964,2
5765,Grace,Roberts,,0464041070,227 Station Road,Newcastle,TS28 1XX,43660429206,cardiovascular medicine,R0002632,1
5766,Aisha,Smith, MD,0655055833,217 High Street,York,TS19 3XX,79156013131,cardiology,R0000705,2
5767,Priya,Khan,,3818072942,47 Station Road,Newcastle,TS12 3XX,75640005578,pediatrics,R0000430,2
5770,Mohammed,Evans,,5719211340,86 Park Avenue,Durham,TS23 1XX,02452355567,paediatrics,R0002033,2
5771,Aisha,Thomas,,7406053513,18 Station Road,Leeds,TS19 4XX,31267027279,cardiovascular medicine,R0006298,2
5774,Amara,Brown,,0856556410,120 Church Lane,Middlesbrough,TS14 5XX,51693156357,orthopaedics,R0002050,1
5775,Lucy,Brown,,4933031257,256 Victoria Road,Leeds,TS15 1XX,23983115953,gp,R0003760,2
5776,Omar,Nguyen,,8742366447,212 Church Lane,Middlesbrough,TS5 3XX,37440098049,paediatrics,R0002622,3
5777,Sarah,Wilson,,1461472023,229 High Street,Newcastle,TS21 5XX,47663007800,cardiology,R0004483,2
5778,Wei,Sharma,,5681160825,106 High Street,Middlesbrough,TS26 6XX,(9891) 7621384,gp,R0004436,2
5779,Omar,Taylor,,2446734199,81 High Street,Middlesbrough,TS9 1XX,45519686350,orthopaedics,R0006724,2
5780,Lucy,Davies,,1458562070,245 Church Lane,York,TS19 5XX,60430920177,cardiology,R0005814,2
5782,Aisha,Thomas,,7756593704,3 High Street,Middlesbrough,TS28 3XX,77859477531,cardiology,R0002424,1
5783,E.,Nguyen,,9904744346,220 High Street,Durham,TS22 2XX,75345266346,orthopedics,R0001261,3
5784,Amara,Khan,,6616258923,180 High Street,Newcastle,TS10 7XX,94645281698,ortho surgery,R0001770,3
5785,Fatima,Thomas,,5419034844,182 Victoria Road,Leeds,TS22 1XX,57279011929,family medicine,R0003511,1
5786,Omar,Williams,,4473032770,24 Park Avenue,Middlesbrough,TS18 4XX,(3437) 9845475,pediatrics,R0000272,2
5787,Wei,Nguyen,,7183892310,164 Church Ln,Durham,TS17 8XX,(1282) 3425784,cardiovascular medicine,R0004793,2
5788,John,Thomas,,1349518701,128 Victoria Road,Middlesbrough,TS28 4XX,2157 234 4947,orthopedics,R0007469,3
5789,Chen,Jones,,4475793819,95 High Street,Newcastle,TS12 8XX,14902033621,orthopedics,R0000241,4
5790,Fatmia,Jones, Dr,1611551452,25 Station Rd,Newcastle,TS6 8XX,(7083) 3535451,family medicine,R0007273,4
5791,Aisha,Roberts,,0186126770,120 Station Road,York,TS17 8XX,72105156753,paediatrics,R0004575,4
5792,Lucy,Ahmed,,5480043575,81 Station Road,Leeds,TS22 2XX,55774334262,paediatrics,R0000091,2
5793,Grace,Patel,,9241642552,229 Church Lane,Durham,TS25 8XX,68277687555,family medicine,R0006916,2
5795,Chen,Brown,,0469608768,107 Park Avenue,Leeds,TS13 5XX,46715054292,cardiology,R0000813,1
5797,Rajesh,Williasm, MD,5583858404,297 Station Rd,Middlesbrough,TS16 1XX,58689986638,cardiology,R0007266,3
5798,Omar,Wilson,,7373791713,62 Station Road,Middlesbrough,TS15 8XX,99141620054,cardiovascular medicine,R0007444,3
5799,Priya,Williams,,4512774951,119 High Street,Leeds,TS9 2XX,79558353986,cardiovascular medicine,R0006091,2
5800,Chen,Simth,,4414243175,76 Victoria Road,Newcastle,TS8 3XX,93059263341,pediatrics,R0001805,2
5801,P.,Williams,,1324923839,63 park avenue,Newcastle,TS24 6XX,7780 143 6291,ortho surgery,R0006379,2
5803,Grace,Wilson, MD,0926518099,177 Church Lane,Newcastle,TS25 8XX,79781449447,gp,R0002462,2
5804,Amara,Brown, Dr,0879798472,259 Park Avenue,Durham,TS16 8XX,43757683046,paediatrics,R0000545,1
5806,Chen,Thomas,,3812352923,211 Park Avenue,York,TS12 8XX,41772831172,orthopaedics,R0000737,2
5807,David,Sharma,,9697710052,35 Victoria Road,Middlesbrough,TS28 6XX,10333511692,paediatrics,R0000310,1
5808,David,Davies,,2619176106,183 High Street,Durham,TS20 6XX,94598447548,cardiovascular medicine,R0003520,2
5809,Rajesh,Khan,,2324879830,276 High Street,Durham,TS10 6XX,48592751231,cardiovascular medicine,R0001130,2
5810,Elena,Jones,,9462390453,104 Church Lane,Newcastle,TS11 3XX,24846814932,orthopedics,R0005545,2
5812,Amaar,Sharma, MD,2694940836,203 Church Lane,Durham,TS23 8XX,92062375586,orthopedics,R0004112,2
5815,Rajehs,Nguyen, Jr,0307340620,149 Victoria Road,York,TS7 3XX,7462 102 9000,orthopedics,R0006423,3
5816,Amara,Brown,,7602944775,146 Victoria Rd,York,TS26 4XX,2158 475 8763,general practice,R0003588,2
5817,James,Ahmed,,5454253484,44 Victoria Road,Middlesbrough,TS19 6XX,05708362131,orthopedics,R0003958,2
5818,David,Davies,,9414829563,183 Victoria Rd,Middlesbrough,TS9 4XX,(4412) 0535575,paediatrics,R0000039,2
5819,Mohammed,Khan,,5462542281,157 Park Avenue,Leeds,TS25 7XX,92738278544,pediatrics,R0004459,1
5821,John,Wilson,,5798383217,199 Church Lane,Newcastle,TS25 5XX,21930380649,orthopaedics,R0002983,1
5822,Grace,Taylor,,7692735436,177 Victoria Road,York,TS6 4XX,15649206903,cardiovascular medicine,R0005289,2
5824,Fatima,Ali,,7604652529,256 High Street,Leeds,TS1 2XX,39614115418,gp,R0005216,2
5825,Mohammed,Wilson,,9124170034,168 Park Avenue,Middlesbrough,TS23 2XX,95707450699,gp,R0002667,1
5827,David,Taylor,,5719252380,30 Church Lane,York,TS17 4XX,39243788003,cardiology,R0001181,3
5828,Omar,Taylor,,1277224016,138 Station Rd,Durham,TS17 3XX,(8455) 2350105,cardiovascular medicine,R0006811,2
5829,Aisha,Khan,,0595960475,173 High Street,Middlesbrough,TS20 4XX,53360437742,cardiology,R0000614,1
5830,Sarah,Jones,,3679663758,186 High Street,Durham,TS8 3XX,06294742686,ortho surgery,R0007366,1
5831,Aisha,Sharma,,3585800420,184 Station Road,Leeds,TS27 7XX,39824943964,ortho surgery,R0001466,1
5833,Mohammed,Williams,,7405710680,120 Park Avenue,Durham,TS5 3XX,56518455523,orthopedics,R0003042,1
5834,Fatima,Jnoes,,1353333485,42 Church Ln,Durham,TS16 8XX,52572258356,orthopedics,R0000932,4
5835,Omar,Smith,,4989906547,199 Victoria Road,York,TS19 4XX,69828551430,gp,R0002418,2
5836,G.,Nguyen, Jr,7481107321,211 Park Ave,York,TS28 6XX,5183 807 7070,ortho surgery,R0005086,2
5837,Elena,Jones, MD,5195867080,56 High St,Durham,TS19 5XX,(6648) 2421330,cardiology,R0006772,1
5838,Grace,Davies,,9837892345,210 Church Lane,Newcastle,TS21 4XX,20399860500,pediatrics,R0006080,2
5839,Lcuy,Wilson,,4310326415,65 Park Avenue,York,TS19 8XX,(5368) 6416756,orthopedics,R0004823,2
5841,Aisha,Williams,,2692836229,203 Station Road,Middlesbrough,TS23 2XX,18319262567,family medicine,R0001520,2
5843,D.,Evans,,,221 High St,Durham,TS22 8XX,5965 510 0816,cardiology,R0004232,1
5847,Chen,Davies,,4138264373,172 Station Road,York,TS22 7XX,66722466173,gp,R0000389,2
5849,Sarah,Nguyen,,6396212916,24 Victoria Road,Durham,TS24 4XX,32055812043,cardiology,R0007308,2
5851,Wei,Jones,,9259603322,130 Church Lane,Leeds,TS9 4XX,32495596234,cardiology,R0000400,1
5855,Sarah,Nguyen,,4261859808,182 High Street,Durham,TS11 3XX,82901328945,family medicine,R0003359,1
5857,Elena,Ali,,6829279936,180 Park Avenue,York,TS15 1XX,09037087430,paediatrics,R0005656,3
5858,Rajesh,Thomas,,6005842927,131 High Street,Durham,TS14 8XX,52574889543,family medicine,R0007196,1
5859,James,Jones, MD,0822557848,6 park ave,Middlesbrough,TS12 8XX,(0882) 1755873,pediatrics,R0007394,3
5860,John,Ahmed,,4017803304,143 Victoria Road,Durham,TS27 4XX,79571995133,paediatrics,R0003642,1
5861,James,Jones,,8071404913,69 Station Road,Durham,TS24 3XX,18185786336,orthopaedics,R0003725,2
5862,Mohammed,Davies,,0440247700,253 High Street,Leeds,TS20 3XX,87012866226,pediatrics,R0006868,2
5863,Sarah,Taylor,,8193717869,169 High Street,Newcastle,TS17 2XX,64777832528,ortho surgery,R0005208,1
5864,James,Nguyen,,2845821181,153 Park Avenue,York,TS3 2XX,84535097699,orthopaedics,R0005319,1
5865,Chen,Patel,,2897054819,100 Victoria Road,Newcastle,TS29 6XX,11880594928,pediatrics,R0007279,1
5866,John,Sharma,,0574865528,169 High Street,Middlesbrough,TS23 1XX,51612532001,pediatrics,R0002420,2
5867,David,Williams,,5233908922,97 Station Road,Newcastle,TS5 1XX,12654179352,paediatrics,R0005604,1
5868,Sarah,Evans,,4170803224,245 Park Avenue,Leeds,TS15 8XX,47302190811,paediatrics,R0001750,1
5869,Aisha,Brown,,0578431265,164 High Street,Newcastle,TS28 1XX,6952 618 2255,gp,R0007253,2
5870,Aisha,Taylor,,0377184735,98 Park Avenue,Durham,TS20 8XX,75302283094,gp,R0006143,2
5871,Rajesh,Wilson,,8658937270,296 Station Road,Durham,TS24 4XX,74080880966,pediatrics,R0004062,1
5872,Priya,Jones,,0755844841,78 Church Lane,Newcastle,TS16 3XX,68427193370,orthopedics,R0000339,2
5873,Grace,Ahmed, Jr,8105847985,11 park avenue,York,TS20 5XX,54679615300,cardiology,R0000216,2
5874,Jmaes,Khan,,4637620292,189 Park Avenue,Durham,TS29 8XX,8344 618 6200,orthopaedics,R0003664,2
5875,Aisha,Nguyen,,6399035575,224 High Street,Middlesbrough,TS23 6XX,64236513858,orthopaedics,R0001340,2
5876,Lucy,Roberts,,6722973105,268 Station Road,York,TS24 4XX,78680676661,family medicine,R0006862,1
5877,James,Jones,,8535378590,133 Victoria Road,York,TS28 5XX,06492064959,cardiovascular medicine,R0007260,2
5878,Mohammed,Davies,,9581383997,142 Park Avenue,Leeds,TS25 8XX,83190727519,cardiovascular medicine,R0003893,2
5879,Omar,Taylor, Dr,3745826888,55 Station Rd,Durham,TS17 1XX,52566754932,family medicine,R0003641,2
5880,E.,Taylor, Dr,4998619110,210 victoria road,York,TS7 1XX,47956892959,pediatrics,R0000330,3
5881,James,Nguyen,,1665613654,89 Station Road,Durham,TS1 6XX,88541873362,family medicine,R0005900,3
5882,Rajesh,Ali,,6367729922,220 Station Road,Leeds,TS6 2XX,79052251084,general practice,R0003003,2
5883,Aisha,Sharma,,6362932077,108 Church Lane,Middlesbrough,TS15 5XX,70299344573,general practice,R0007163,2
5884,James,Brown, Dr,5442199471,115 high street,York,TS21 6XX,3863 421 0409,gp,R0003116,2
5885,James,Brown,,5189067672,76 High Street,Leeds,TS23 2XX,60042426046,gp,R0007255,2
5886,Grace,Smith,,9998341871,87 Victoria Road,Middlesbrough,TS23 2XX,78911081343,cardiology,R0002322,1
5887,Fatima,Brown,,2165672468,132 High Street,Leeds,TS6 3XX,91777101807,pediatrics,R0004197,2
5888,Mohammed,Wilson,,2643024587,218 Church Lane,York,TS14 8XX,83535487109,family medicine,R0003548,2
5889,Mohammed,Jones, Jr,3277132814,125 Station Rd,Leeds,TS28 5XX,38714443890,general practice,R0001459,2
5890,Fatima,Brown,,7203518005,106 Church Lane,Leeds,TS8 1XX,63139282123,pediatrics,R0000170,2
5891,Mohammed,Thomas,,4222601836,239 Station Road,Middlesbrough,TS13 2XX,78860881498,cardiology,R0004203,1
5892,Grace,Williams,,2303455857,229 Church Lane,Leeds,TS21 8XX,55270749144,paediatrics,R0006284,2
5893,O.,Nguyen,,1373295776,268 park ave,Newcastle,TS15 7XX,00343801601,cardiovascular medicine,R0003570,2
5894,Aisha,Taylor,,0910466941,91 Church Lane,Newcastle,TS1 3XX,62411770543,paediatrics,R0004226,1
5895,James,Wilson,,1795960339,235 Victoria Road,Durham,TS17 1XX,74281638619,orthopedics,R0005157,2
5896,Fatima,Khan,,5928657631,63 Station Road,Durham,TS28 8XX,87052482701,orthopaedics,R0006121,1
5897,Elena,Nguyen, MD,7951426796,6 Park Ave,Leeds,TS6 3XX,59611883208,cardiovascular medicine,R0007101,4
5898,Rjaesh,Wilson, Dr,2340706446,164 Church Lane,Durham,TS4 2XX,48832951288,cardiology,R0000939,2
5900,Elena,Nguyen,,7677663458,290 Park Avenue,Newcastle,TS20 4XX,56822206960,orthopaedics,R0001239,2
5902,Amara,Nguyen,,8276681850,226 Station Road,Middlesbrough,TS10 2XX,60084079335,general practice,R0005135,2
5903,Lucy,Nguyen,,3423830971,234 Church Ln,Durham,TS3 2XX,(6730) 7752860,pediatrics,R0006272,2
5904,David,Thomas,,1849771578,285 Station Road,York,TS6 4XX,40961866943,family medicine,R0002119,2
5908,Wei,Sharma,,6093462599,154 Station Road,Newcastle,TS4 8XX,43060705494,orthopedics,R0004460,2
5909,Mohammed,Evans,,8419805851,261 Victoria Road,Leeds,TS1 1XX,44610200631,general practice,R0003919,2
5910,Lucy,Williams, MD,,288 Station Rd,Newcastle,TS2 6XX,3244 698 8451,general practice,R0001762,1
5911,Amara,Evans,,6549004035,121 Church Lane,Leeds,TS9 5XX,97512426382,pediatrics,R0000750,1
5912,Elena,Patel, MD,8104528296,266 High St,York,TS3 7XX,64665332744,general practice,R0001784,3
5914,Wei,Smith,,5011649612,109 Station Road,York,TS3 4XX,31830763313,general practice,R0004500,2
5915,Elena,Wilson,,8428672027,292 Station Road,Durham,TS13 3XX,20395787744,cardiology,R0004852,2
5916,John,Khan,,5558920614,265 Victoria Road,Durham,TS28 1XX,73039491642,orthopaedics,R0002711,1
5917,Mohammed,Jones,,6321859304,145 Station Road,York,TS15 5XX,71905573704,cardiology,R0006060,4
5918,Wei,Williams, Dr,4947407353,286 Park Ave,Newcastle,TS29 8XX,8213 579 4489,orthopedics,R0004193,1
5920,C.,Davies, Jr,8005939879,23 Park Avenue,Durham,TS29 3XX,15719849284,paediatrics,R0006681,2
5922,F.,Jones,,9923151356,92 church lane,Leeds,TS23 6XX,7483 822 5572,gp,R0000188,3
5923,Chen,Thomas, MD,9808464789,14 Church Lane,Leeds,TS18 4XX,(2704) 6969828,ortho surgery,R0001137,2
5924,Lucy,Patel,,7001746217,4 Victoria Road,Newcastle,TS2 8XX,51156042963,orthopaedics,R0002058,2
5926,Grace,Ahmed,,6480179526,230 Station Road,Leeds,TS13 1XX,95106087957,cardiovascular medicine,R0007177,2
5927,Elena,Patel, Jr,,241 Church Ln,Newcastle,TS6 5XX,(9356) 1828617,cardiology,R0000148,1
5928,Wei,Davies,,1571447575,271 station road,York,TS27 4XX,7600 514 4473,cardiology,R0004125,2
5929,Aisha,Smith,,3807584059,201 Church Lane,Middlesbrough,TS3 4XX,72399858493,cardiovascular medicine,R0004888,2
5930,Mohammed,Thoams, Jr,6371780762,98 Station Road,Leeds,TS8 3XX,(7285) 5904389,cardiovascular medicine,R0006076,2
5931,Aisha,Jones,,8825793484,6 Park Avenue,Middlesbrough,TS20 3XX,39755862560,orthopedics,R0003363,1
5932,Jaems,Sharma,,2905925149,45 park ave,Durham,TS28 7XX,(7856) 5400429,orthopedics,R0004788,1
5933,Priya,Davies,,4919079149,20 Victoria Road,Leeds,TS5 3XX,42044382805,gp,R0002866,2
5936,Amara,Evans,,0893915949,191 Station Road,Leeds,TS19 1XX,27135750543,cardiology,R0007086,2
5937,Omar,Jones, Dr,6586953590,183 High Street,Middlesbrough,TS8 5XX,4590 935 1524,general practice,R0006208,3
5938,C.,Thomas,,8391316382,295 Station Road,Middlesbrough,TS6 7XX,2218 491 4727,ortho surgery,R0005694,3
5939,Amara,Roberts,,7303457821,253 Park Avenue,Durham,TS18 5XX,74271003451,cardiology,R0003628,2
5941,Grace,Ahmed,,6932494971,33 Park Ave,Newcastle,TS21 2XX,(8606) 8988102,cardiology,R0004797,1
5942,Amara,Roberts,,6517329339,61 Station Rd,Durham,TS25 6XX,(7344) 1539681,orthopaedics,R0003028,1
5943,Wei,Wilson,,4822514564,153 High Street,Leeds,TS3 8XX,53304072110,cardiology,R0002969,1
5944,Rajesh,Ahmed,,2035928400,116 Park Avenue,York,TS16 7XX,00741725027,general practice,R0007242,2
5946,Mohammed,Taylor,,7128236205,99 High St,Leeds,TS20 6XX,98040807019,pediatrics,R0002954,2
5947,Amara,Ali,,9696091327,47 High Street,Durham,TS26 7XX,38365001994,paediatrics,R0000454,3
5948,Chen,Nguyen,,6727557964,109 Station Road,Leeds,TS18 3XX,05908880272,cardiovascular medicine,R0006274,2
5949,John,Khan, Dr,9430195990,76 station road,Leeds,TS12 8XX,(3976) 8824590,general practice,R0000609,1
5950,David,Nguyen,,7586642296,134 High Street,Leeds,TS28 2XX,53784030231,general practice,R0004263,1
5951,James,Nguyen,,9788819208,160 Park Avenue,York,TS4 3XX,67726120835,orthopedics,R0004825,2
5953,David,Brown,,,159 Station Rd,York,TS10 7XX,(2941) 1798182,pediatrics,R0002074,1
5954,John,Brown,,6700695622,64 Station Road,Newcastle,TS23 3XX,08227125199,cardiovascular medicine,R0004052,1
5955,G.,Wilson, MD,1895500209,94 Victoria Road,Newcastle,TS2 7XX,89689270774,cardiovascular medicine,R0006099,1
5956,Fatima,Roberts,,3100392466,85 Station Road,Middlesbrough,TS5 2XX,04669268070,family medicine,R0001621,2
5959,Mohammed,Brown,,5263816311,158 Park Avenue,Newcastle,TS1 2XX,77504478094,cardiovascular medicine,R0005796,1
5960,S.,Jones,,3744259894,141 Park Ave,Leeds,TS26 6XX,1850 909 7786,family medicine,R0006578,1
5961,Rajesh,Nguyen,,1985752723,221 Church Lane,Newcastle,TS12 4XX,01008880025,pediatrics,R0000040,1
5962,A.,Wilson,,0221601962,240 station rd,Middlesbrough,TS25 3XX,69579445672,paediatrics,R0005475,1
5963,Grace,Jones,,4518710021,97 High Street,York,TS16 1XX,54217127690,cardiology,R0002089,1
5965,Amara,Ali, Jr,3216571313,165 Victoria Road,Newcastle,TS15 1XX,91149734026,pediatrics,R0002176,2
5966,Rajehs,Khan, MD,0241183557,116 Station Rd,Leeds,TS6 7XX,6164 041 2871,family medicine,R0000073,3
5967,Omar,Sharma,,5876122695,189 Church Lane,Newcastle,TS15 6XX,6853 702 1980,ortho surgery,R0006007,4
5968,J.,Patel,,6245302460,127 Victoria Road,Newcastle,TS19 3XX,17154606144,family medicine,R0007404,3
5969,Mohammed,Taylor, MD,4361627948,150 station rd,Newcastle,TS16 5XX,16751668922,paediatrics,R0002658,3
5970,E.,Davies,,5689474159,52 Church Ln,York,TS22 7XX,(0041) 9765407,gp,R0003181,2
5972,Amara,Evans,,5353977749,225 Station Road,York,TS3 3XX,54964467255,orthopedics,R0000441,2
5973,M.,Ali, Dr,6479044733,167 park avenue,Newcastle,TS5 5XX,71698193426,pediatrics,R0002052,2
5974,Wei,Patel, MD,6236233371,78 station rd,Durham,TS28 1XX,82579620757,orthopedics,R0002542,2
5976,Rajesh,Patel, MD,9996721639,71 Park Avenue,Leeds,TS6 2XX,88662284698,ortho surgery,R0006898,4
5977,David,Smith,,2290419539,105 Park Ave,Middlesbrough,TS21 6XX,(5073) 1441266,general practice,R0003431,2
5978,Mohammed,Davies,,8896461851,111 Church Lane,Leeds,TS11 1XX,03392398000,family medicine,R0001303,2
5979,Fatima,Khan,,3413288066,34 Station Road,York,TS23 4XX,03232191776,gp,R0000236,1
5980,Amara,Ahmed,,5751308595,297 Victoria Road,Newcastle,TS9 5XX,23941937012,ortho surgery,R0006255,1
5981,David,Brown,,0899514611,116 Victoria Road,Middlesbrough,TS18 2XX,06178519371,orthopedics,R0002599,1
5982,James,Sharma,,9531854796,207 Church Lane,Durham,TS25 3XX,65225123133,cardiology,R0004615,2
5983,Sarah,Wlison,,4393815106,11 Park Avenue,York,TS14 3XX,71496820857,cardiology,R0002574,3
5984,Fatima,Smith,,7771780006,120 Church Lane,Durham,TS17 7XX,(6873) 8386208,pediatrics,R0003280,1
5985,David,Smith,,3713248835,129 Victoria Road,Newcastle,TS18 2XX,32620817984,paediatrics,R0003186,1
5986,Priya,Smith,,3838918654,98 Victoria Road,Middlesbrough,TS1 1XX,86501887877,ortho surgery,R0003953,1
5987,C.,Smith,,4602670694,271 Station Road,Durham,TS8 7XX,28524690345,paediatrics,R0005681,5
5988,Wei,Williams,,5598895875,231 Victoria Road,Middlesbrough,TS12 3XX,53497833546,cardiology,R0004831,1
5991,Mohammed,Williams,,7745580509,160 Station Road,Middlesbrough,TS24 6XX,93269936876,cardiology,R0002679,1
5992,Aisha,Patel,,0244290557,177 Church Lane,Middlesbrough,TS10 2XX,49334186732,cardiology,R0002760,2
5993,David,Nguyen,,0070561119,290 Station Road,Durham,TS25 7XX,29392159708,paediatrics,R0004687,2
5995,Fatima,Jones,,2536997970,19 Victoria Road,York,TS1 5XX,25604012740,cardiovascular medicine,R0001386,2
5997,Mohammed,Wilson,,9283605769,229 Victoria Road,York,TS13 1XX,71872234722,cardiology,R0006789,2
5999,Priya,Nguyen,,3117222315,205 Church Lane,Middlesbrough,TS20 8XX,83540538537,general practice,R0006460,2
6000,Grace,Smith,,4400665421,267 Park Avenue,Leeds,TS21 3XX,46766587007,orthopaedics,R0007238,2
6001,S.,Thomas, Jr,0575121969,45 high st,Leeds,TS11 7XX,(0849) 3884836,general practice,R0005001,2
6002,Elena,Davies,,0353226520,260 Station Road,Durham,TS25 7XX,92718946262,cardiovascular medicine,R0005853,1
6003,Wei,Nguyen,,3891731258,149 Park Avenue,Leeds,TS9 3XX,75000954710,cardiology,R0001278,2
6004,Fatima,Roberts,,8502059620,104 High Street,Leeds,TS28 1XX,33869816060,orthopaedics,R0006697,1
6006,Grace,Khan, MD,9883712103,154 Victoria Rd,Newcastle,TS22 2XX,0255 112 4240,orthopedics,R0001556,2
6007,Grace,Sharma, MD,4542527910,263 High St,York,TS5 5XX,3974 550 5810,cardiology,R0006786,3
6008,Aisha,Nguyen,,1904969565,219 Victoria Road,Middlesbrough,TS12 6XX,49516340848,pediatrics,R0003189,2
6009,Rajesh,Smith,,1947836848,4 High Street,Newcastle,TS12 5XX,28201166112,pediatrics,R0004566,1
6012,Sarah,Brown,,7836411800,227 Station Road,Newcastle,TS21 5XX,61153563881,pediatrics,R0004841,1
6013,Chen,Thomas,,1594534519,124 Victoria Road,Middlesbrough,TS5 6XX,46070173286,cardiology,R0003593,2
6014,James,Ali,,9892821279,194 Park Avenue,Leeds,TS18 5XX,53138403456,cardiology,R0001919,2
6016,Omar,Patel,,7352914830,16 Station Road,Leeds,TS3 8XX,88538871866,ortho surgery,R0004176,2
6017,John,Davies,,4714977866,96 Church Lane,Newcastle,TS21 5XX,18331210027,gp,R0001307,2
6018,J.,Smith, MD,4611632823,32 Park Avenue,Middlesbrough,TS14 6XX,0197 343 9720,pediatrics,R0005666,3
6019,Rajesh,Davies,,5434227883,76 Station Road,Middlesbrough,TS8 5XX,27042404782,pediatrics,R0000914,2
6021,Amara,Williams, Dr,0840319483,38 Victoria Road,Newcastle,TS20 4XX,95105275422,cardiovascular medicine,R0003696,3
6023,O.,Jones, Dr,9511558533,266 Church Lane,Leeds,TS22 2XX,8219 363 9140,general practice,R0003157,3
6024,Amara,Eavns,,,237 Church Ln,Durham,TS26 6XX,31103731042,cardiology,R0002198,1
6027,Aisha,Evasn, Jr,3413614247,201 Victoria Road,York,TS24 6XX,97563676157,cardiology,R0000944,2
6029,Priya,Brown,,7458189293,170 Park Avenue,Durham,TS28 1XX,58000457491,paediatrics,R0005004,2
6030,Wei,Evans,,9234019957,152 High Street,Middlesbrough,TS26 1XX,79735649098,cardiology,R0004277,2
6031,Fatima,Taylor,,5192673128,12 Victoria Road,Newcastle,TS7 5XX,17476943511,orthopaedics,R0000163,2
6032,Elena,Ali,,4628542739,247 High Street,Newcastle,TS9 1XX,33796612664,gp,R0005619,1
6033,Chen,Jones,,5920306762,46 High Street,Leeds,TS27 3XX,99722134703,pediatrics,R0004547,1
6034,Grace,Thomas,,5982788577,96 Victoria Road,Leeds,TS5 7XX,69004686735,general practice,R0003983,1
6036,M.,Thomas, Jr,5124985776,185 park avenue,Durham,TS7 4XX,(3479) 9638512,paediatrics,R0007153,1
6038,Fatima,Smith,,7029129025,99 Station Road,York,TS26 4XX,43350174782,cardiology,R0005207,1
6039,Sarah,Thomas,,8976825913,238 Park Avenue,Middlesbrough,TS24 4XX,69962673775,orthopedics,R0006823,1
6040,Omar,Evans,,6544882572,76 High Street,Middlesbrough,TS5 5XX,47864887652,orthopedics,R0005383,2
6041,Fatima,Williams,,4345783804,204 Park Avenue,Newcastle,TS21 4XX,54079438371,general practice,R0006256,2
6042,Amara,Smith,,4704737566,147 Station Rd,Newcastle,TS18 1XX,9601 008 8390,gp,R0006962,2
6043,Fatima,Sharma,,6181380842,82 Victoria Road,Newcastle,TS25 5XX,17787346732,paediatrics,R0003300,1
6044,Rajesh,Evans, MD,9569173106,8 Church Ln,Middlesbrough,TS26 6XX,(6512) 6903113,cardiovascular medicine,R0003310,1
6045,Rajesh,Taylor,,4200067404,115 Victoria Road,Leeds,TS15 5XX,34447500490,cardiology,R0000326,2
6046,Amara,Thomas,,3248258068,214 Station Road,Middlesbrough,TS23 3XX,74534083209,paediatrics,R0005885,3
6049,David,Davies,,7059437165,37 Station Road,Durham,TS8 6XX,52957698146,orthopedics,R0007029,2
6050,Amara,Patel, MD,8884600049,257 High St,York,TS22 4XX,0984 886 8671,ortho surgery,R0004409,4
6051,Rajseh,Nguyen, Dr,9403530936,273 victoria road,York,TS21 1XX,(6890) 2092546,cardiovascular medicine,R0000833,2
6052,Grace,Williams,,8758345109,150 high street,Middlesbrough,TS3 5XX,(2289) 8309591,general practice,R0003080,2
6053,Priya,Brown, Dr,7862282065,165 Park Ave,York,TS18 3XX,41653527566,paediatrics,R0003463,2
6055,Fatima,Smith,,6505503754,251 Church Lane,York,TS3 1XX,63718787011,cardiology,R0006582,4
6056,Rajesh,Smith,,3496834489,61 Victoria Road,Durham,TS15 5XX,92383253893,family medicine,R0000053,2
6057,C.,Williams, Jr,7455463134,192 Victoria Road,Durham,TS13 7XX,06965511193,family medicine,R0004066,2
6058,Grace,Patel,,9543691201,266 high st,Leeds,TS14 7XX,5208 172 6890,orthopedics,R0003452,2
6060,Elena,Sharma,,3948240200,119 High Street,Middlesbrough,TS10 6XX,16349422186,cardiology,R0001481,1
6061,David,Ahmed, Dr,8063353565,247 Church Lane,Leeds,TS2 3XX,5305 589 5074,paediatrics,R0004874,2
6062,Sarah,Ali,,5048597886,294 Station Road,Durham,TS8 6XX,67329368231,orthopedics,R0004895,1
6063,Wei,Simth, Jr,6564381713,205 High St,Middlesbrough,TS19 5XX,98762755622,paediatrics,R0004150,1
6064,Elena,Khan,,1690005388,247 Church Lane,Middlesbrough,TS17 3XX,87933485393,ortho surgery,R0003335,1
6066,Wei,Nguyen,,9749723917,27 High Street,Durham,TS10 1XX,01992315857,ortho surgery,R0004926,1
6067,James,Ali,,4070327360,273 Park Avenue,Durham,TS9 8XX,46192600192,cardiovascular medicine,R0000945,2
6068,Chen,Khan, MD,6499098959,69 Station Rd,Middlesbrough,TS14 2XX,(9640) 1607032,pediatrics,R0005798,2
6069,Rajesh,Smith,,2756790426,144 Station Road,Middlesbrough,TS26 5XX,12749006387,cardiology,R0003293,1
6071,John,Nguyen, Dr,1312950879,67 Church Ln,York,TS1 1XX,31036827094,general practice,R0007264,2
6072,Priya,Dvaies, MD,0981345909,97 Park Avenue,York,TS10 7XX,(0188) 4933122,general practice,R0005084,2
6073,David,Ali,,2436580133,160 Church Lane,Newcastle,TS28 4XX,56559463491,gp,R0006354,4
6075,Wei,Jones,,4076250249,26 Park Avenue,York,TS29 8XX,53367389522,cardiology,R0005489,2
6076,E.,Williams, MD,,44 Victoria Road,Leeds,TS26 7XX,(4540) 5220408,cardiovascular medicine,R0000768,1
6077,David,Evans,,0254230868,99 Station Road,Newcastle,TS9 3XX,93164878616,paediatrics,R0007052,1
6078,Lucy,Jones,,1041753241,241 Church Lane,Durham,TS14 4XX,(8315) 1817448,paediatrics,R0003497,3
6079,Omar,Ahmed,,5627018614,79 High Street,Durham,TS22 3XX,32322487292,paediatrics,R0000285,1
6080,M.,Jones,,6023708339,278 Victoria Road,Leeds,TS26 7XX,09201953627,pediatrics,R0007416,3
6081,Fatima,Khan,,8271429152,255 Park Avenue,York,TS15 7XX,66320562205,cardiovascular medicine,R0004524,2
6082,Wei,Jones, Dr,9760919594,257 Station Rd,Middlesbrough,TS15 5XX,2341 439 2677,cardiology,R0006675,2
6083,Amara,Williams,,7514405989,33 Victoria Road,Newcastle,TS3 4XX,58377520416,cardiology,R0002330,3
6084,Sarah,Sharma,,4235117831,107 Church Lane,Middlesbrough,TS26 1XX,53472994328,ortho surgery,R0002717,2
6085,R.,Jones, MD,2269916706,144 Church Ln,Middlesbrough,TS23 8XX,52459767631,orthopaedics,R0002080,4
6086,Amara,Sharma,,1635902579,298 Victoria Road,York,TS17 4XX,17873824249,pediatrics,R0003386,4
6087,Amara,Ali,,6340350957,123 Station Road,Newcastle,TS11 8XX,56291048985,cardiovascular medicine,R0000721,2
6088,Amara,Evans, Jr,2688040638,84 high street,Newcastle,TS10 8XX,(1239) 7857668,paediatrics,R0000952,2
6089,Mohammed,Wilson,,5584430337,51 Park Avenue,Leeds,TS6 6XX,62046259780,paediatrics,R0006558,2
6091,Aisha,Davies,,6586077999,62 High Street,Durham,TS28 8XX,59808651924,pediatrics,R0000989,1
6092,Elena,Thomas, MD,4883744204,55 Park Avenue,Newcastle,TS12 2XX,4296 934 0133,family medicine,R0003210,4
6095,James,Smith,,6789073924,257 Station Road,Durham,TS27 5XX,33662399370,cardiovascular medicine,R0004421,2
6096,Fatima,Davies,,4763229107,124 Station Road,Durham,TS2 7XX,50300064961,paediatrics,R0005479,1
6097,James,Taylor,,3668440925,38 Victoria Road,Durham,TS19 2XX,71654772341,pediatrics,R0001724,2
6098,Sarah,Roberts,,5718957428,4 High Street,Leeds,TS2 3XX,87885956427,cardiovascular medicine,R0005182,1
6099,Aisha,Sharma, Jr,0840860209,194 high street,Durham,TS15 5XX,8810 165 0257,paediatrics,R0000342,2
6100,Amara,Evans,,0185851151,249 Victoria Road,Leeds,TS21 3XX,72528552170,pediatrics,R0003700,2
6101,S.,Nguyen,,7000249899,181 high st,Newcastle,TS27 6XX,94772741178,pediatrics,R0004244,3
6102,Elena,Ali,,4664920762,90 Victoria Road,Middlesbrough,TS8 2XX,17768061967,cardiovascular medicine,R0000687,2
6103,Elena,Davies,,6662387780,124 High Street,Middlesbrough,TS15 6XX,(9679) 1662404,cardiovascular medicine,R0003433,2
6104,Mohammed,Taylor, MD,4554767309,13 Victoria Road,Leeds,TS21 3XX,7135 626 4381,orthopaedics,R0005204,2
6105,G.,Ali, Jr,5828163474,84 victoria rd,York,TS15 3XX,(6274) 5507971,paediatrics,R0004945,2
6106,Chen,Kahn,,7167110761,259 victoria road,Middlesbrough,TS13 8XX,44616960601,orthopaedics,R0000966,1
6109,Elena,Davies,,9872558001,188 Park Ave,Leeds,TS24 8XX,(2365) 6300944,general practice,R0002203,1
6111,Grace,Evans,,5759047061,34 Park Avenue,Newcastle,TS8 2XX,63717873734,ortho surgery,R0004756,2
6112,Omar,Roberts,,6875920977,147 Station Road,York,TS18 6XX,23246233280,paediatrics,R0005097,2
6113,Amara,Khan,,3263009284,218 Park Avenue,York,TS13 6XX,13155807658,cardiovascular medicine,R0006611,1
6115,R.,Thomas,,7492998504,163 Church Lane,Leeds,TS2 8XX,60186121607,cardiovascular medicine,R0005281,4
6116,Mohamemd,Sharma, Jr,1313414791,159 Park Ave,Durham,TS3 2XX,0293 850 1854,cardiovascular medicine,R0005976,2
6117,Aisha,Davies,,8462791526,121 Church Lane,York,TS12 5XX,22046628488,general practice,R0003571,2
6118,Lucy,Sharma,,8237271174,298 Victoria Road,Middlesbrough,TS21 2XX,44833493506,pediatrics,R0004805,1
6119,John,Thomsa,,7987569463,63 Victoria Road,Newcastle,TS3 2XX,(8661) 8738685,orthopaedics,R0005300,2
6120,Fatima,Wilson,,0994517523,146 High Street,Durham,TS2 5XX,80178026552,family medicine,R0001990,2
6121,Elena,Thomas,,5298628711,132 Station Road,Durham,TS26 2XX,06404098489,cardiology,R0004120,1
6122,J.,Roberts, MD,7425560076,207 Park Avenue,York,TS24 3XX,(5990) 1956006,orthopaedics,R0004760,2
6123,Rajesh,Smith,,8345212007,36 Victoria Road,York,TS10 4XX,82924246306,gp,R0006153,1
6124,Aisha,Roberts,,1088236647,96 Station Road,Leeds,TS14 2XX,87535326166,general practice,R0005297,2
6125,Chen,Sharma,,3615743122,145 Victoria Road,Middlesbrough,TS25 3XX,57491645485,cardiovascular medicine,R0006560,2
6127,Mohammed,Wilson,,7478338276,22 Station Road,Middlesbrough,TS18 6XX,26504241907,cardiology,R0007108,1
6128,Priya,Ahmed,,7796608779,164 Victoria Road,York,TS19 8XX,01368321305,paediatrics,R0005033,2
6129,Grace,Eavns,,6225149683,97 park ave,Durham,TS6 2XX,4679 169 1981,ortho surgery,R0003601,2
6130,Amara,Williams,,5336252076,188 Church Lane,York,TS23 6XX,78614643420,gp,R0006847,2
6132,David,Davies,,2968971124,285 Station Road,Middlesbrough,TS4 5XX,09232362558,gp,R0006182,2
6133,John,Sharma,,3835195763,172 Station Rd,Durham,TS25 2XX,(8811) 6836932,cardiovascular medicine,R0000386,2
6134,C.,Sharma,,7827342317,149 High Street,Durham,TS21 8XX,(5127) 2876052,ortho surgery,R0006552,3
6135,Aisha,Patel,,8938669337,34 Church Lane,York,TS25 8XX,10707308967,cardiology,R0006850,1
6137,Wei,Khan, MD,2059778567,63 High Street,Leeds,TS7 5XX,51181888782,pediatrics,R0006997,4
6139,Mohammed,Ali,,5837565972,288 Park Avenue,Leeds,TS21 4XX,22448671100,orthopedics,R0004211,2
6141,Rajesh,Davies,,7483516268,197 Victoria Road,Newcastle,TS4 2XX,93028307130,paediatrics,R0000201,1
6142,S.,Khan, Jr,6732168546,94 victoria road,Newcastle,TS6 4XX,86891652614,family medicine,R0001334,3
6143,Omar,Roberts,,2405719899,56 High Street,York,TS13 1XX,90635424752,cardiology,R0003502,1
6144,Omar,Jones,,4770005907,165 park ave,Newcastle,TS8 1XX,42735481083,family medicine,R0002708,1
6145,Rajesh,Thomas,,1898436944,22 Victoria Road,Newcastle,TS15 8XX,96387306135,paediatrics,R0006030,1
6146,Amara,Khan,,0496452041,264 Victoria Road,Leeds,TS7 4XX,36092680450,paediatrics,R0005031,2
6147,David,Taylor,,1142321915,32 Victoria Road,Leeds,TS10 5XX,06176331090,orthopedics,R0004661,2
6148,Omar,Taylor, MD,8765023171,296 Station Rd,Durham,TS16 5XX,8466 155 1124,cardiovascular medicine,R0004022,2
6153,Chen,Ali,,6950850079,110 Park Avenue,York,TS9 4XX,32152127545,paediatrics,R0001204,2
6156,Mohammed,Ahmed,,2758825649,99 High Street,Newcastle,TS29 3XX,20128783285,pediatrics,R0003476,1
6158,Wei,Ahmed,,7107418413,172 Church Lane,Leeds,TS28 6XX,03310162419,cardiovascular medicine,R0002860,2
6159,John,Patel,,1264219794,164 Victoria Road,Durham,TS16 4XX,54649843762,gp,R0001791,2
6160,Chen,Davies,,0166998859,31 High Street,York,TS3 7XX,79170049138,cardiovascular medicine,R0005525,3
6162,Amara,Patel,,6486804812,125 Park Avenue,Middlesbrough,TS28 8XX,97992184040,orthopaedics,R0003368,1
6163,Grace,Davies,,7749017425,242 High Street,Middlesbrough,TS2 8XX,39530156815,pediatrics,R0003367,1
6164,Aisha,Williams,,1822875827,33 Park Avenue,York,TS11 1XX,58018854095,cardiology,R0003533,2
6165,James,Ali,,6474354587,243 Park Ave,Middlesbrough,TS15 1XX,(7623) 9654580,pediatrics,R0006586,1
6166,Priya,Khan,,3794556605,45 Station Road,Newcastle,TS27 3XX,52018312641,pediatrics,R0005107,3
6167,Rajesh,Ahmde,,8432023976,27 High Street,Durham,TS3 6XX,44370724611,family medicine,R0006025,2
6169,Aisha,Ahmed,,9607073126,277 Victoria Road,York,TS5 8XX,74593016976,cardiovascular medicine,R0000604,2
6170,John,Thmoas,,3808558082,92 Victoria Rd,Durham,TS10 1XX,11068779604,cardiology,R0003057,2
6172,Sarah,Williams,,1729586262,139 High Street,Leeds,TS8 2XX,09549248632,general practice,R0000126,1
6173,Chen,Ali, MD,3614048034,244 park ave,Durham,TS18 8XX,17817581957,general practice,R0007359,1
6174,Priya,Davies,,8978370986,96 Victoria Road,York,TS10 5XX,09506597204,paediatrics,R0003875,2
6175,Lucy,Wilson,,1769657616,243 Station Road,Middlesbrough,TS9 7XX,60365760859,pediatrics,R0002935,1
6177,Aisha,Wilson, Jr,6541848212,299 Park Ave,York,TS20 2XX,3653 332 7160,gp,R0004450,3
6178,Wei,Taylor, Jr,6137237328,170 Church Lane,Middlesbrough,TS3 2XX,06897710334,cardiovascular medicine,R0003531,1
6180,David,Roberts,,5581765072,213 Victoria Road,Durham,TS11 4XX,04096280510,pediatrics,R0000826,2
6181,Grace,Ahmed,,1649909994,234 Station Road,Durham,TS26 4XX,92808976481,orthopedics,R0001639,1
6183,Fatima,Smith,,7771780006,275 Station Road,Newcastle,TS28 1XX,77018019792,paediatrics,R0003279,2
6184,Priya,Sharma,,1724638676,36 Victoria Road,Middlesbrough,TS25 5XX,45049334902,general practice,R0007456,2
6185,Lucy,Wilson, Jr,3455352958,193 Station Rd,Leeds,TS9 5XX,65858037375,gp,R0002187,3
6186,Sarah,Khan,,0084093863,238 Victoria Road,Leeds,TS28 1XX,29007353497,general practice,R0006912,1
6187,Amara,Evans,,2916207569,21 Church Lane,Newcastle,TS15 3XX,33859271209,orthopedics,R0002443,1
6189,Elena,Nguyen,,3452651105,124 Victoria Road,Newcastle,TS20 8XX,96386829483,gp,R0002349,1
6190,Sarha,Evans, MD,8209573222,219 Church Ln,Middlesbrough,TS25 5XX,9535 187 1552,orthopaedics,R0000346,2
6191,David,Roberts,,0051725065,148 High Street,Leeds,TS2 1XX,64827668777,family medicine,R0000814,1
6193,Sarah,Jones,,8607785993,157 High Street,Newcastle,TS19 8XX,03037138354,cardiology,R0004806,2
6194,D.,Roberts,,9956776937,274 Victoria Rd,Leeds,TS1 8XX,0772 158 0869,cardiovascular medicine,R0003205,1
6195,W.,Sharma, Dr,5034891998,159 Park Ave,Leeds,TS4 2XX,(9978) 5174568,cardiovascular medicine,R0006340,2
6196,Elena,Wlison, MD,4913785469,265 victoria rd,Leeds,TS11 8XX,2697 612 2098,cardiovascular medicine,R0007189,3
6197,James,Smith,,2494852426,4 Church Lane,Middlesbrough,TS20 5XX,07046666543,cardiovascular medicine,R0005960,2
6198,Omar,Patel,,6431615870,89 Victoria Road,Durham,TS25 1XX,97898489969,family medicine,R0003325,1
6199,Mohammed,Williams,,7298652646,234 High Street,Leeds,TS4 4XX,71882177615,pediatrics,R0004105,4
6200,Lucy,Khan,,1388922280,288 Church Lane,Middlesbrough,TS24 3XX,64276867717,pediatrics,R0006714,2
6202,Rjaesh,Evans, MD,2576067136,299 High Street,Durham,TS25 5XX,4079 850 2201,gp,R0001835,3
6203,Sarah,Evans,,2104132474,143 Church Lane,Middlesbrough,TS4 8XX,60500366711,orthopaedics,R0000793,1
6206,James,Nguyen,,6346224271,159 Victoria Road,Leeds,TS17 2XX,37215134566,cardiovascular medicine,R0000094,1
6207,Mohammed,Brown,,9597253258,47 Park Avenue,Leeds,TS8 7XX,64807446280,orthopaedics,R0004222,4
6208,Rajesh,Davies,,8552908322,175 Park Avenue,Leeds,TS4 4XX,98364301899,paediatrics,R0003756,1
6209,Chen,Evans,,1238638397,117 Park Avenue,Middlesbrough,TS5 8XX,72833347193,paediatrics,R0002891,1
6210,Amaar,Williams, MD,3254649494,127 Park Ave,York,TS3 6XX,7450 879 5229,gp,R0002372,2
6211,Omar,Wilson,,0697469511,92 Station Road,Newcastle,TS14 6XX,96195414236,orthopedics,R0006475,1
6212,Aisha,Smith,,4096519049,13 Station Road,Durham,TS2 5XX,65597610055,family medicine,R0006213,4
6213,S.,Williams,,1574627792,237 station road,York,TS3 7XX,46235568760,gp,R0006652,2
6214,James,Evans,,1402957206,152 Station Road,Middlesbrough,TS15 4XX,15490474293,ortho surgery,R0003227,2
6217,Omar,Smith,,5472338227,262 high st,Leeds,TS12 8XX,37229011151,cardiology,R0006690,2
6218,David,Evans,,2353036441,291 Park Avenue,York,TS1 6XX,30355594768,gp,R0006028,1
6219,E.,Smith, Jr,7785913472,81 Station Road,Middlesbrough,TS28 4XX,02545088230,pediatrics,R0002854,2
6221,Lucy,Brown,,0412566380,82 Station Road,Leeds,TS2 5XX,06876265441,gp,R0002912,1
6222,Elena,Patel,,7206310110,288 Station Road,Newcastle,TS12 1XX,86954503428,gp,R0001864,2
6223,Rajesh,Nguyen,,9666030149,279 Victoria Road,Leeds,TS11 8XX,95035796455,family medicine,R0005753,2
6224,David,Khan,,7986999090,60 Station Road,Leeds,TS25 1XX,94090327260,orthopedics,R0004612,1
6225,Amara,Davies,,1453828045,243 Station Road,York,TS27 4XX,59907898078,family medicine,R0001857,1
6226,James,Brown,,0772776011,88 Victoria Road,Leeds,TS16 4XX,91719524740,orthopedics,R0002644,2
6227,Sarha,Jones, Dr,,268 Victoria Rd,Middlesbrough,TS26 8XX,68412869870,cardiology,R0002243,1
6228,Omar,Thomas,,6244294856,44 Victoria Road,Middlesbrough,TS17 4XX,12166786366,cardiovascular medicine,R0005374,2
6229,Rajesh,Smith,,7815796393,299 Park Avenue,Newcastle,TS16 6XX,86464600417,general practice,R0002336,1
6230,Priya,Smith,,2411355790,238 Park Avenue,Middlesbrough,TS11 3XX,72838951743,cardiology,R0000950,1
6232,Mohammed,Khan, MD,8331558775,235 Victoria Road,Newcastle,TS24 3XX,(2097) 9741073,paediatrics,R0001121,4
6235,Lucy,Patel,,7506775310,79 Station Road,Durham,TS2 8XX,52919234929,family medicine,R0000418,2
6236,Rajesh,Taylor,,3167689860,73 Station Road,York,TS21 7XX,63767563322,family medicine,R0000922,1
6237,John,Khan,,9192425015,156 Park Avenue,Newcastle,TS25 8XX,77399510465,cardiovascular medicine,R0001253,2
6238,Amara,Williams,,1209938491,15 Station Road,Durham,TS7 7XX,44470778975,family medicine,R0000477,1
6239,Omar,Roberts,,8185198287,204 Church Lane,Middlesbrough,TS22 8XX,10223996220,ortho surgery,R0002035,2
6240,Aisha,Tohmas, MD,5189796445,158 High St,Durham,TS2 7XX,(7837) 2832041,orthopaedics,R0006907,2
6241,G.,Khan, MD,0213219204,130 Park Avenue,Newcastle,TS11 6XX,1075 023 0350,paediatrics,R0005789,2
6242,Amara,Ahmed,,5476460227,48 Church Lane,Middlesbrough,TS18 6XX,86924141363,orthopaedics,R0005741,4
6243,Wei,Ahmed,,7902991290,173 Station Road,Newcastle,TS12 7XX,52467461377,ortho surgery,R0005566,2
6244,Elena,Roberts,,9891325965,239 Station Road,Durham,TS16 5XX,93376338813,cardiology,R0001202,1
6246,Lucy,Roberts,,7483995972,110 Church Lane,Leeds,TS26 8XX,60822009056,cardiovascular medicine,R0005765,1
6247,Chen,Brown,,4222172620,41 Church Lane,Newcastle,TS5 5XX,56461018369,orthopedics,R0007222,1
6249,Rajesh,Sharma,,3384196373,258 Church Lane,Middlesbrough,TS8 3XX,7774 352 5693,cardiology,R0003111,2
6250,Priya,Smith,,3691689209,155 Victoria Road,Leeds,TS4 5XX,25194126717,gp,R0004017,2
6251,Amara,Evans,,7916373087,76 Station Road,Newcastle,TS12 4XX,24905110277,ortho surgery,R0002151,1
6252,Jmaes,Smith,,0824097582,286 Church Ln,Newcastle,TS15 3XX,(6909) 4095210,orthopaedics,R0003688,2
6253,John,Taylor,,8330798039,24 church lane,Leeds,TS6 8XX,69784943933,ortho surgery,R0004917,2
6254,Chen,Ali,,3738946812,204 Park Avenue,Middlesbrough,TS24 3XX,38576558905,gp,R0001997,1
6255,Elena,Davies,,0657941425,116 Station Road,Middlesbrough,TS17 3XX,10986365094,orthopaedics,R0004032,2
6256,David,Khan,,7526157318,258 High Street,Leeds,TS2 3XX,05108039446,cardiovascular medicine,R0007351,4
6257,David,Ali,,3271035405,273 park ave,Leeds,TS17 3XX,07491078993,ortho surgery,R0003053,3
6258,O.,Williams, Dr,6593293288,125 high street,Newcastle,TS19 3XX,5211 158 4047,ortho surgery,R0001249,2
6259,Elena,Davies,,5868918904,257 Station Road,Newcastle,TS11 2XX,07035019438,general practice,R0002191,3
6260,O.,Khan, Dr,2921565412,90 High St,Newcastle,TS8 6XX,26003232641,orthopaedics,R0002713,2
6262,Wei,Khan,,8793991814,61 High Street,York,TS1 7XX,48457935308,cardiovascular medicine,R0002189,2
6263,James,Sharma,,0176526177,94 High Street,Durham,TS28 5XX,98090284629,cardiology,R0004670,2
6264,Amara,Wilson,,8445249629,260 Park Avenue,Newcastle,TS23 1XX,00441077763,cardiovascular medicine,R0005141,2
6265,Sarah,Williams,,3377327052,87 Church Lane,York,TS3 3XX,57906603113,orthopedics,R0005984,1
6266,David,Smith,,5151211774,160 Victoria Road,Newcastle,TS4 2XX,75355550715,paediatrics,R0003762,1
6268,M.,Ali, Jr,4386596377,73 Park Avenue,Middlesbrough,TS6 5XX,(7786) 0579651,paediatrics,R0004710,3
6269,Rjaesh,Nguyen,,1807000856,78 High Street,Newcastle,TS24 4XX,8120 184 6873,gp,R0001317,4
6270,David,Davies,,6532237810,275 Church Lane,Durham,TS17 7XX,77501737306,paediatrics,R0001863,1
6271,Aisha,Wilson,,3707265245,202 Park Avenue,York,TS2 1XX,68401970276,pediatrics,R0002341,3
6272,Grace,Smith,,7274735985,55 Victoria Road,Middlesbrough,TS21 6XX,23466769850,orthopaedics,R0002448,2
6274,John,Wilson,,6608560763,3 Victoria Road,Durham,TS27 7XX,29717481234,family medicine,R0001065,1
6275,P.,Smith,,,131 Park Ave,York,TS13 7XX,50222417736,orthopedics,R0005868,1
6276,Elnea,Jones,,5239702660,174 High Street,Durham,TS20 5XX,1044 140 2422,general practice,R0007442,3
6277,Rajseh,Khan, MD,6024045937,67 station road,Newcastle,TS28 7XX,29324133947,paediatrics,R0004228,2
6278,Chen,Evans,,7981079786,37 Church Lane,Middlesbrough,TS20 3XX,28647749044,cardiology,R0002620,2
6279,John,Sharma,,5093076607,276 Park Avenue,Durham,TS24 2XX,29542670592,pediatrics,R0000077,1
6280,Omar,Nguyen,,6482134667,87 Station Road,Durham,TS2 8XX,49811941696,cardiology,R0002898,1
6281,E.,Sharma, Jr,6516095892,188 Victoria Road,York,TS21 1XX,2222 490 7883,cardiology,R0006149,3
6282,Sarah,Roberts,,8283245626,31 High Street,Middlesbrough,TS8 8XX,70085732155,paediatrics,R0004819,2
6283,Wei,Williams,,7549792828,297 Church Lane,York,TS4 8XX,25193775126,paediatrics,R0001314,2
6285,John,Khan, Dr,1356618721,129 Station Rd,Newcastle,TS29 4XX,03499655502,orthopaedics,R0006555,4
6286,P.,Smith, Jr,2586174372,241 Park Avenue,Middlesbrough,TS12 5XX,69288312676,paediatrics,R0000873,2
6287,Grace,Khan,,7846876412,251 Church Lane,Durham,TS10 4XX,23606097934,pediatrics,R0003850,1
6288,James,Jones,,4677051580,185 Victoria Road,Newcastle,TS28 1XX,62001420343,cardiovascular medicine,R0005468,1
6289,John,Nguyen,,4716406203,152 Park Avenue,Middlesbrough,TS28 2XX,20214979401,pediatrics,R0005950,2
6290,Aisha,Smith,,7593923433,219 High St,Leeds,TS7 3XX,(1910) 1037668,pediatrics,R0007175,2
6291,Grace,Roberts,,9271150098,85 Park Ave,Leeds,TS3 2XX,48589702357,cardiovascular medicine,R0002966,2
6292,Omar,Taylor,,0647711493,201 Church Lane,Durham,TS24 7XX,98147517139,gp,R0003390,2
6293,James,Thomas,,4867540394,273 Station Road,Newcastle,TS1 6XX,66089665393,cardiovascular medicine,R0005414,2
6294,Wei,Roberts,,7918352060,246 Church Lane,Middlesbrough,TS27 4XX,19613579804,pediatrics,R0002560,1
6295,Aisha,Khan,,5399625516,275 High Street,Middlesbrough,TS19 7XX,06992941154,orthopedics,R0007345,1
6296,Wei,Thomas,,3890268812,131 High Street,Leeds,TS18 4XX,73552027713,gp,R0002635,1
6297,Jonh,Ahmed, Dr,2388456910,100 Park Avenue,Durham,TS2 5XX,4007 755 0083,family medicine,R0005256,1
6298,Wei,Taylor,,6137237328,72 Victoria Road,Newcastle,TS13 1XX,47901211425,cardiovascular medicine,R0003528,3
6299,Mohammed,Ahmed,,0205456389,110 High Street,Newcastle,TS6 2XX,50314892544,paediatrics,R0000375,1
6300,Amara,Roberts, Dr,4863519396,93 Station Road,York,TS4 5XX,06112089972,cardiology,R0001909,2
6301,David,Wilson,,7277792703,132 Park Avenue,Newcastle,TS4 6XX,35884842939,ortho surgery,R0004428,3
6302,James,Taylor,,0001290948,230 Church Lane,Durham,TS23 6XX,89029754672,gp,R0006494,1
6303,A.,Nguyen, Jr,5123935782,264 Church Lane,Newcastle,TS28 5XX,7569 778 0865,ortho surgery,R0006566,4
6304,Ftaima,Ali,,3543393143,246 Victoria Road,Durham,TS15 7XX,(4266) 2103783,paediatrics,R0004028,2
6307,Sarah,Brown,,9943225982,166 Victoria Rd,York,TS20 3XX,84729465529,orthopaedics,R0003678,2
6308,James,Sharma, Dr,1225757562,186 Station Rd,Middlesbrough,TS16 2XX,(6784) 9479595,cardiology,R0003491,2
6312,James,Patel,,1040859008,105 Station Road,Durham,TS6 1XX,45102199043,orthopedics,R0001992,3
6313,J.,Jones,,1495569666,174 High Street,Durham,TS20 5XX,10441402422,ortho surgery,R0007440,3
6314,Sarah,Roberts,,4076739465,137 Church Lane,Leeds,TS14 2XX,27785216852,cardiovascular medicine,R0006525,3
6315,Mohammed,Ahmed,,4208958395,239 Victoria Road,Durham,TS27 5XX,89730468765,gp,R0002375,2
6316,Grace,Smith,,2359108597,232 Station Road,Leeds,TS3 6XX,30198795267,general practice,R0006870,1
6317,Mohammed,Khan, MD,6231713407,244 Park Ave,York,TS6 1XX,(0677) 8302775,pediatrics,R0001343,2
6318,John,Williams,,7689817346,236 Park Avenue,York,TS29 2XX,(0084) 4645019,cardiology,R0000321,2
6319,Wei,Patel,,5657389042,245 Park Avenue,York,TS9 3XX,31169591957,general practice,R0001618,2
6320,Lucy,Thomas,,7423944431,233 Station Road,Leeds,TS6 1XX,90159616572,orthopaedics,R0003712,2
6321,Amara,Ahmed,,1310509117,183 Church Ln,Middlesbrough,TS11 7XX,6573 243 7479,ortho surgery,R0006867,1
6322,Mohammed,Williams,,5782880309,118 Church Lane,Leeds,TS26 6XX,98922035567,paediatrics,R0002060,1
6323,Omar,Smith, Jr,8617165031,222 Victoria Road,Newcastle,TS29 4XX,39341810888,paediatrics,R0002220,2
6324,Lucy,Sharma,,2246197137,255 Church Lane,York,TS2 4XX,67452767698,gp,R0001673,1
6325,Sarah,Davies,,6183665390,90 Station Road,Middlesbrough,TS18 5XX,49757969583,family medicine,R0006038,2
6326,Elena,Tyalor, Jr,2890730902,20 High Street,York,TS3 7XX,33094771856,pediatrics,R0000260,1
6327,Elena,Williams,,5253605542,298 Park Avenue,Leeds,TS9 2XX,44433696956,pediatrics,R0006625,3
6331,Priya,Thomas,,8908784646,137 Park Avenue,Leeds,TS10 8XX,80077290155,cardiology,R0003744,1
6332,Grace,Brown,,9450934687,22 Park Avenue,Middlesbrough,TS3 7XX,96933176290,ortho surgery,R0002026,1
6333,Mohammed,Roberts, Jr,0822792970,19 Church Ln,Leeds,TS3 8XX,88676018637,general practice,R0004235,2
6334,Amara,Nguyen,,9121387236,34 Church Lane,York,TS13 8XX,57937822167,ortho surgery,R0001916,2
6335,Omar,Patel,,4458533626,145 Station Road,Middlesbrough,TS16 3XX,33129374089,cardiology,R0001828,1
6336,Priya,Ahmed,,3838987540,124 High Street,Leeds,TS20 1XX,99008111711,family medicine,R0001573,1
6338,Omar,Jones,,1729635324,249 Church Lane,Durham,TS11 2XX,11526680894,paediatrics,R0004749,1
6339,Mohammed,Jones,,4020202860,31 Park Avenue,Newcastle,TS17 3XX,99744288244,ortho surgery,R0006232,3
6341,Priya,Robetrs,,0759516622,2 Church Ln,York,TS8 6XX,81741291075,ortho surgery,R0004655,2
6342,John,Williams,,5553058736,161 High Street,Durham,TS11 5XX,04073940943,gp,R0006282,2
6343,Priya,Patel,,3949199006,33 Station Road,Durham,TS20 1XX,88495726976,family medicine,R0004208,1
6344,Daivd,Davies,,6688980478,296 station rd,Newcastle,TS21 5XX,(3552) 5581602,cardiovascular medicine,R0004628,2
6346,Priya,Sharma,,6616175138,65 Church Lane,Durham,TS22 1XX,93745381828,orthopedics,R0000723,1
6347,James,Wilson,,,273 high st,Leeds,TS21 7XX,76162830342,paediatrics,R0006732,1
6348,Fatima,Sharma,,7966515967,86 Victoria Road,Leeds,TS10 8XX,47613317991,pediatrics,R0001141,1
6350,Mohammed,Williams,,3929958023,264 Station Road,Middlesbrough,TS1 4XX,29271990085,ortho surgery,R0005763,2
6351,Amara,Wilson,,3202318136,235 High Street,Durham,TS20 6XX,79599987941,orthopaedics,R0006691,1
6352,Grace,Brown,,7730495109,145 High Street,Middlesbrough,TS21 1XX,51912233646,paediatrics,R0005554,1
6353,Priya,Davies,,3987092784,218 Station Rd,Leeds,TS10 1XX,3494 013 3349,pediatrics,R0007117,3
6354,Aisha,Sharma,,7047840574,113 Victoria Road,Leeds,TS24 7XX,40378427913,cardiovascular medicine,R0002762,1
6355,Fatmia,Ali,,4380482340,140 High Street,Leeds,TS27 2XX,(7473) 8378461,paediatrics,R0000847,3
6356,Fatima,Taylor,,7643024493,257 Church Lane,Middlesbrough,TS3 4XX,(3680) 1503706,cardiovascular medicine,R0004290,2
6357,John,Patel,,5692675281,184 Park Avenue,Newcastle,TS5 5XX,47927908017,gp,R0005560,2
6358,Mohammed,Wilson,,5026337784,102 victoria rd,Durham,TS26 3XX,(5680) 3457368,cardiovascular medicine,R0005044,4
6359,Aisha,Williams,,6222871577,205 Victoria Road,Durham,TS27 7XX,51940402779,pediatrics,R0006116,2
6361,Amara,Thomas,,5089583278,292 Station Road,Leeds,TS7 5XX,67107745153,cardiovascular medicine,R0005725,1
6362,Mohammed,Roberts,,8622857384,4 Park Avenue,Newcastle,TS11 7XX,64847089986,paediatrics,R0002928,1
6363,David,Williams,,3518771781,60 Park Avenue,Leeds,TS23 4XX,81322331758,gp,R0000117,1
6364,Chen,Thomas,,1714707264,68 High Street,Durham,TS8 8XX,81636526299,general practice,R0000645,1
6365,Fatima,Ahmed,,7829300332,122 Church Lane,York,TS7 2XX,03660879324,cardiovascular medicine,R0005966,1
6368,Priya,Jones,,1477668747,268 High Street,Middlesbrough,TS14 4XX,83296962371,orthopedics,R0005851,2
6370,Grace,Wliliams, Jr,7545501244,141 park ave,Durham,TS14 7XX,5075 655 0573,orthopaedics,R0000006,2
6371,David,Wilson,,,87 High Street,Newcastle,TS12 5XX,98079132238,cardiology,R0005342,1
6373,Grace,Jones,,9086684756,95 Church Lane,Newcastle,TS10 6XX,1072 066 6480,orthopedics,R0002598,4
6374,Aisha,Wilson,,3099276952,222 Station Road,Durham,TS6 6XX,8152 413 1363,general practice,R0004325,4
6376,David,Roberts,,8389071768,160 Church Lane,Leeds,TS21 3XX,01831007185,orthopedics,R0002590,2
6378,Jonh,Ahmed,,4668528915,26 Church Ln,Durham,TS2 2XX,(1866) 3105739,orthopedics,R0006533,4
6379,M.,Evans, Dr,0047856667,240 High St,York,TS25 4XX,16355696907,cardiovascular medicine,R0001161,2
6380,Fatima,Sharma,,3304052632,186 High Street,Leeds,TS3 2XX,46417469099,paediatrics,R0002870,1
6382,Amara,Smith,,2878638447,224 Victoria Road,Durham,TS13 6XX,33992213587,family medicine,R0006860,2
6383,Sarah,Sharma,,3146469172,142 High St,Leeds,TS12 8XX,(3793) 1944735,paediatrics,R0002398,2
6384,Lucy,Wilson,,0896707855,214 Victoria Road,Durham,TS1 2XX,56216366271,family medicine,R0003516,3
6386,David,Taylor, Jr,9405316632,101 Victoria Rd,Middlesbrough,TS28 7XX,29727442629,general practice,R0002563,1
6387,David,Thomas,,4996577196,272 Park Avenue,Middlesbrough,TS21 2XX,18227395467,paediatrics,R0005622,1
6388,Priya,Davies,,0475899668,288 Station Road,Leeds,TS10 6XX,31775879213,paediatrics,R0001605,1
6389,Wei,Davies, MD,9643314543,293 Victoria Rd,Leeds,TS24 7XX,72970164565,family medicine,R0007234,4
6391,Amara,Evans, MD,1637378003,242 Church Ln,Newcastle,TS13 7XX,77936792729,ortho surgery,R0002710,2
6392,Lucy,Taylor, Dr,0885096913,179 Station Rd,Durham,TS10 8XX,4367 309 4167,family medicine,R0006596,3
6393,James,Wilson,,3771679739,40 Station Road,Newcastle,TS11 8XX,75219858738,cardiovascular medicine,R0001311,2
6394,Jmaes,Ali, Jr,3151899361,104 High St,York,TS22 1XX,94608546800,cardiovascular medicine,R0003450,3
6395,James,Khan,,5296297602,96 park ave,York,TS25 6XX,(0897) 7176115,orthopaedics,R0003813,4
6396,D.,Khan, Dr,1975161730,291 Victoria Rd,Newcastle,TS21 7XX,48149565100,ortho surgery,R0006086,2
6398,Lcuy,Taylor,,6051991557,180 Church Lane,Newcastle,TS11 2XX,79520710123,paediatrics,R0002362,1
6400,Wei,Jones,,6748335369,151 church lane,Newcastle,TS10 3XX,(7350) 7573449,paediatrics,R0003514,1
6401,Lucy,Williams,,1434731161,249 Station Road,Newcastle,TS3 6XX,09786497055,general practice,R0001759,3
6402,O.,Williams,,4576447083,169 Church Ln,Middlesbrough,TS11 4XX,78991477089,cardiovascular medicine,R0005403,2
6403,D.,Ahmed,,3346602246,145 Victoria Road,Durham,TS3 6XX,(2703) 5254034,paediatrics,R0005641,3
6404,Mohammed,Robrets,,9082543928,239 victoria road,Durham,TS22 7XX,(6135) 4792819,cardiology,R0005636,3
6405,Aisha,Ali,,0878560522,177 High Street,York,TS22 1XX,79967076481,ortho surgery,R0006985,1
6406,John,Brown,,6698513329,178 Church Lane,Newcastle,TS4 6XX,57353616470,general practice,R0002472,1
6407,Cehn,Nguyen,,1422916708,147 Station Rd,Durham,TS15 6XX,(8569) 9794756,cardiovascular medicine,R0004007,1
6408,John,Taylor, Jr,9838916059,268 Victoria Rd,York,TS18 7XX,06371477793,orthopaedics,R0004717,3
6409,Fatima,Wislon, MD,7711135640,80 Station Rd,York,TS24 5XX,(0320) 4347526,cardiology,R0006177,1
6411,Wei,Khan,,6537176198,71 Park Avenue,Durham,TS5 8XX,18460307231,orthopedics,R0004206,1
6412,Lucy,Thomas,,4370667939,117 Park Avenue,Leeds,TS18 2XX,13187820649,orthopedics,R0006370,2
6413,Jonh,Thomas,,3805739496,22 Station Rd,Newcastle,TS1 2XX,(7936) 6790195,family medicine,R0002159,2
6415,Chen,Taylor,,5219644392,33 Victoria Road,Middlesbrough,TS4 2XX,34139201492,orthopaedics,R0006777,1
6416,Fatima,Ali,,1241621299,48 Church Lane,York,TS24 2XX,66727681682,gp,R0000232,1
6417,Chen,Davies, MD,3164139216,231 high street,Newcastle,TS25 8XX,92234876863,gp,R0000067,2
6418,Mohammed,Ahmed,,0851890873,218 High St,Durham,TS23 4XX,(3383) 3300407,general practice,R0001604,2
6419,Elena,Khan,,0744225257,287 Station Road,York,TS28 7XX,13253255547,pediatrics,R0006166,2
6420,Amaar,Roberts, Dr,2638247610,160 Victoria Road,Middlesbrough,TS18 1XX,39850603476,paediatrics,R0003283,1
6421,James,Khan,,3787836118,13 Church Lane,Durham,TS28 5XX,16824671060,pediatrics,R0003595,3
6422,Grace,Evans,,9781861174,261 Station Road,Middlesbrough,TS12 3XX,29166007534,cardiology,R0006288,1
6423,James,Khan,,3028474517,113 Station Road,Leeds,TS8 6XX,65308659029,cardiology,R0004631,2
6424,David,Taylor,,7856761914,123 Park Avenue,York,TS8 8XX,02970790441,orthopedics,R0000125,1
6425,John,Roberts,,3361642860,102 Victoria Road,York,TS1 5XX,38628132268,orthopaedics,R0006228,2
6426,Chen,Nguyen,,7961576414,180 Station Road,Durham,TS11 8XX,(9823) 1043379,paediatrics,R0005351,2
6427,Aisha,Nguyen,,6610394833,45 Victoria Road,York,TS22 6XX,76843530355,cardiology,R0001296,1
6428,Omar,Roberts,,4485327751,177 High Street,Leeds,TS1 4XX,43928168852,cardiology,R0001975,2
6429,C.,Taylor, Jr,5219644392,136 Victoria Road,York,TS8 4XX,8929 362 3688,orthopaedics,R0006778,1
6430,Aisha,Brown,,5626208700,238 High Street,Newcastle,TS23 8XX,98480160239,cardiology,R0006726,2
6431,Chen,Ali,,8509699746,171 Park Avenue,Newcastle,TS7 5XX,52490569230,family medicine,R0002075,2
6433,David,Ahmed,,1336718908,214 Victoria Road,Durham,TS29 8XX,39127827748,cardiovascular medicine,R0005749,2
6434,David,Taylor,,4628878726,299 Church Lane,Durham,TS28 1XX,19243821038,cardiovascular medicine,R0007082,2
6435,Rajesh,Khan,,0991454852,233 Park Avenue,Newcastle,TS3 7XX,79904009209,family medicine,R0003086,1
6436,Sarah,Patel,,3224206675,225 Church Lane,Middlesbrough,TS1 1XX,54896288072,cardiology,R0006512,2
6437,Lucy,Williams,,0579101519,247 Station Road,Newcastle,TS10 2XX,02776035921,ortho surgery,R0003345,2
6438,Amara,Davies,,1151984721,30 Church Lane,Durham,TS10 2XX,94427240296,orthopedics,R0006701,2
6439,Rajesh,Smith,,2187898212,45 Victoria Rd,Leeds,TS21 3XX,56849640979,family medicine,R0005871,4
6440,W.,Brown,,7866826786,202 High Street,Middlesbrough,TS18 3XX,3473 540 6527,orthopedics,R0002798,2
6441,Grace,Ngueyn,,1607091468,4 Station Road,Newcastle,TS1 4XX,9254 375 7594,pediatrics,R0000919,3
6442,Elena,Smith,,9131685898,257 High Street,Leeds,TS9 6XX,(8361) 5731479,paediatrics,R0001647,3
6443,David,Ahmed,,0572508774,103 Church Lane,Durham,TS11 4XX,33692203730,orthopedics,R0005122,1
6444,Lucy,Khan,,1233118683,224 Victoria Road,Middlesbrough,TS23 2XX,59075397898,paediatrics,R0005125,2
6445,Mohammed,Davies,,1612724425,221 Station Road,York,TS24 7XX,26757405945,cardiovascular medicine,R0004978,1
6446,Fatima,Davies,,4157210916,18 Church Lane,York,TS19 2XX,15456947629,gp,R0006280,4
6447,J.,Brown, Jr,0114290431,59 Park Avenue,Durham,TS2 5XX,(4023) 5447108,orthopedics,R0004623,4
6448,Chen,Paetl, MD,6188284970,128 Station Rd,York,TS7 2XX,98421930346,orthopaedics,R0000365,4
6449,Chen,Khan,,0633090690,73 Church Lane,Newcastle,TS4 4XX,(0304) 4495169,pediatrics,R0003288,2
6450,John,Thoams, Dr,2901903120,86 station rd,Leeds,TS5 6XX,04363481457,general practice,R0002126,2
6451,Lucy,Ahmed,,6343952086,154 Church Lane,Leeds,TS9 5XX,55691674357,orthopaedics,R0004123,1
6452,Omar,Davies,,3402463011,244 Park Ave,Newcastle,TS24 4XX,19473357049,ortho surgery,R0004570,2
6453,Omar,Ali,,5724437831,180 Victoria Road,Newcastle,TS28 3XX,77789401880,cardiology,R0000525,1
6454,Chen,Smith,,9726073277,256 Station Road,Middlesbrough,TS22 8XX,84513773927,cardiovascular medicine,R0004821,1
6455,James,Ahmed,,2757648499,85 church ln,Durham,TS8 7XX,6927 411 5314,cardiovascular medicine,R0000057,4
6456,Oamr,Smith,,7452848153,240 Victoria Rd,York,TS21 1XX,(6132) 0525717,gp,R0000639,2
6458,Priya,Patel,,4751767683,188 High Street,York,TS29 1XX,97053673400,paediatrics,R0002766,2
6459,John,Patel,,2980581985,235 Park Avenue,Middlesbrough,TS9 1XX,58330144211,paediatrics,R0005811,1
6460,Amara,Jones, Dr,9587734467,236 High Street,Leeds,TS2 5XX,62708667397,paediatrics,R0001277,2
6461,Rajesh,Khan,,4598982040,106 Park Ave,Durham,TS22 1XX,04467384640,paediatrics,R0007028,2
6463,Rajesh,Patel,,5732517940,205 Station Road,Middlesbrough,TS14 3XX,78494193879,paediatrics,R0002055,1
6464,Wei,Ali,,6440917696,74 Victoria Road,York,TS16 5XX,96975262704,paediatrics,R0005375,2
6465,Priya,Khan, Dr,4106921199,23 station rd,York,TS17 4XX,(7584) 7256252,ortho surgery,R0005146,2
6467,Moahmmed,Patel,,9877961700,45 Park Ave,York,TS24 4XX,67482245333,pediatrics,R0003644,1
6468,Chne,Roberts,,2513228783,239 Station Road,Newcastle,TS2 6XX,6392 333 3494,gp,R0004144,2
6469,Rajesh,Jones,,1082124981,264 Church Lane,Newcastle,TS23 4XX,27427889672,general practice,R0002877,2
6470,Wei,Wilson,,3644556081,123 Station Road,Durham,TS1 4XX,67862307019,general practice,R0004201,2
6471,Wei,Sharma, Jr,4114368218,46 Victoria Road,Middlesbrough,TS24 7XX,(2941) 8113851,orthopedics,R0005175,1
6472,Luyc,Brown, Jr,1414206715,125 church lane,Middlesbrough,TS18 3XX,8615 172 4685,pediatrics,R0002287,2
6473,L.,Sharma, Dr,7695360960,90 High St,Middlesbrough,TS20 6XX,(1544) 6891951,pediatrics,R0002262,2
6474,Dvaid,Nguyen, Dr,2390812142,200 Station Rd,Middlesbrough,TS29 6XX,70671919924,orthopaedics,R0005241,2
6475,Chen,Smith,,3731164271,206 Park Avenue,Newcastle,TS3 4XX,37376777982,family medicine,R0006677,2
6476,O.,Ahmed, Dr,8547666220,124 Victoria Rd,Middlesbrough,TS14 8XX,90115305387,orthopaedics,R0002296,1
6477,Wei,Ali,,8200563755,218 High Street,Leeds,TS8 4XX,(2312) 8590478,cardiovascular medicine,R0005934,4
6478,Aisha,Jones, Dr,3520628744,65 Victoria Road,Middlesbrough,TS11 1XX,(1919) 7671137,orthopaedics,R0001754,2
6479,Fatima,Roberts,,2187430176,241 Victoria Road,Middlesbrough,TS25 5XX,19337475825,pediatrics,R0005197,2
6481,Lcuy,Roberts, Jr,1869426441,19 Church Lane,York,TS23 7XX,92030956719,paediatrics,R0006522,2
6482,Fatima,Roberts,,9060089189,39 Church Lane,Middlesbrough,TS22 5XX,38624352640,pediatrics,R0003117,1
6483,Grace,Wilson,,0047159855,242 High Street,Middlesbrough,TS10 7XX,07200605953,paediatrics,R0002393,1
6484,Sarah,Nguyen,,9655323666,4 Park Avenue,Middlesbrough,TS19 8XX,65274241973,ortho surgery,R0000523,1
6485,Rajesh,Sharma,,4990011664,228 Park Avenue,Leeds,TS8 7XX,57386178861,gp,R0006375,2
6486,Priya,Ali,,5199857949,19 Victoria Road,Durham,TS27 4XX,29468186829,general practice,R0005523,2
6487,Elena,Davies,,6066150413,267 Victoria Road,Newcastle,TS28 8XX,58921361634,cardiology,R0003899,2
6488,Sarah,Williams,,4553614951,168 Park Avenue,Newcastle,TS10 2XX,27662004093,cardiovascular medicine,R0006989,2
6489,F.,Brown,,5172920512,184 Church Lane,Middlesbrough,TS7 7XX,2243 942 7064,cardiology,R0004700,2
6490,Grace,Taylor,,2023167515,54 Park Avenue,Durham,TS11 1XX,42746224788,pediatrics,R0005585,1
6491,James,Smith,,0998012764,66 Park Avenue,Newcastle,TS3 3XX,5340 218 7992,general practice,R0006623,2
6492,Mohammed,Brown,,4916995312,190 Park Avenue,Middlesbrough,TS21 8XX,48975521759,ortho surgery,R0003122,1
6493,Aisha,Wilson,,3953370716,125 Park Avenue,York,TS6 5XX,82918372664,paediatrics,R0004156,1
6494,G.,Sharma,,3842867379,101 High St,Middlesbrough,TS17 6XX,(0519) 7927314,gp,R0001970,3
6496,Fatima,Roebrts,,2422992201,222 Victoria Road,Middlesbrough,TS1 7XX,77106514890,pediatrics,R0004189,2
6497,James,Smith,,0794878715,57 Church Lane,Durham,TS24 1XX,68148018179,orthopaedics,R0000665,2
6498,Fatima,Thomas,,8476447280,23 Station Road,Newcastle,TS19 3XX,04850742577,orthopedics,R0006499,2
6501,Amara,Wilson, Dr,8231791238,5 Church Lane,Leeds,TS10 5XX,(3184) 2771007,pediatrics,R0000281,2
6502,John,Khan,,0941819342,128 High Street,York,TS11 4XX,46038953473,ortho surgery,R0001718,2
6503,James,Ali,,1247768617,198 Station Road,York,TS18 4XX,32293472120,orthopaedics,R0002946,2
6504,Wei,Smith,,3002468279,76 Park Avenue,Leeds,TS10 5XX,86416651489,orthopaedics,R0004455,1
6505,Lucy,Taylor,,5295540732,71 Park Avenue,Middlesbrough,TS20 4XX,70728304027,paediatrics,R0000899,3
6506,Sarha,Davies, Jr,2460189522,204 Victoria Rd,Durham,TS13 4XX,74672749238,general practice,R0006032,2
6507,John,Thomas,,3765563140,8 Station Road,York,TS1 7XX,33973283044,orthopaedics,R0007268,2
6508,Aisha,Ahmed,,2119532590,152 Park Avenue,Middlesbrough,TS12 7XX,74833289366,orthopaedics,R0006087,4
6509,Rajesh,Ahmed,,4787843059,17 Victoria Road,Middlesbrough,TS6 8XX,35544859014,ortho surgery,R0006574,3
6510,Mohammed,Taylor,,4505022686,286 church lane,York,TS15 2XX,9921 160 1610,paediatrics,R0000761,2
6511,Amara,Roberts,,8378174995,271 Park Avenue,Durham,TS9 3XX,73113560291,orthopedics,R0006253,2
6512,Fatima,Ahmed,,5672972643,267 Victoria Rd,Leeds,TS25 6XX,8761 963 2131,cardiology,R0001907,2
6513,Lucy,Wilson,,1022917332,90 Park Avenue,Durham,TS15 8XX,87556516270,cardiology,R0004041,2
6515,David,Smith,,2112678358,158 Church Lane,Middlesbrough,TS15 1XX,32976993550,orthopedics,R0004138,1
6516,Eelna,Khan,,0442886756,252 Station Rd,Middlesbrough,TS18 1XX,15335802320,general practice,R0003819,2
6517,Aisah,Wilson,,8762226315,173 High St,York,TS21 3XX,(5217) 2864444,general practice,R0006269,1
6518,Wei,Ali,,0539291044,92 Park Avenue,York,TS16 3XX,85304408726,cardiology,R0004300,1
6519,Sarah,Brown,,8962068362,211 Church Lane,Middlesbrough,TS24 7XX,70547709503,cardiovascular medicine,R0005568,2
6521,James,Khan,,3415479148,235 High Street,Newcastle,TS12 7XX,69185775485,ortho surgery,R0002592,2
6522,Elena,Taylor,,5314356759,218 Victoria Road,Durham,TS28 8XX,81612756383,cardiovascular medicine,R0004164,1
6523,Wei,Sharma,,0388834871,103 Victoria Road,Middlesbrough,TS8 5XX,67723798964,paediatrics,R0003029,3
6524,David,Sharam,,5786503558,88 High St,Newcastle,TS16 4XX,(5754) 8256546,cardiology,R0005972,2
6525,Wei,Evans,,5813688431,275 Church Lane,Newcastle,TS7 8XX,21747915242,pediatrics,R0003579,2
6526,John,Ahmed,,5163789972,243 Station Road,Newcastle,TS28 3XX,69893559958,cardiology,R0002832,1
6527,Wei,Patel,,7707664408,39 Park Avenue,Durham,TS28 7XX,23231616912,orthopedics,R0005448,2
6528,Elena,Jonse, MD,2502208455,107 station rd,Leeds,TS3 7XX,(7678) 0698252,cardiovascular medicine,R0003473,3
6529,Cehn,Brown, Dr,0022069326,114 Church Lane,Durham,TS26 8XX,2405 374 6456,gp,R0006328,2
6530,John,Brown,,8364597447,12 Station Road,Middlesbrough,TS14 1XX,14772417278,paediatrics,R0000136,2
6531,Amara,Wilson,,1304125408,2 Church Lane,Leeds,TS9 1XX,87086602563,paediatrics,R0004892,1
6532,John,Williams,,4612245046,58 Victoria Road,York,TS19 7XX,75597247546,cardiology,R0002179,2
6533,S.,Khan, Jr,7895116897,285 High St,Durham,TS14 7XX,32265553928,pediatrics,R0002128,1
6534,A.,Brown, MD,,117 Victoria Road,Leeds,TS4 6XX,(2345) 7601620,gp,R0003177,1
6535,Amara,Khan,,9142473719,29 Park Avenue,Newcastle,TS7 6XX,52747017417,general practice,R0004854,1
6536,A.,Wilson,,0729910239,202 High Street,Leeds,TS6 7XX,65832787029,general practice,R0004638,2
6537,Fatima,Evans,,1758556513,110 Victoria Road,Leeds,TS13 2XX,47719667686,gp,R0005114,2
6538,David,Jones,,6163778881,285 Station Road,Leeds,TS21 5XX,46591296829,orthopaedics,R0007411,3
6539,S.,Thomas, Dr,8995508503,273 Victoria Road,Leeds,TS9 3XX,(1525) 4650033,cardiology,R0004262,2
6540,A.,Brown, Jr,0902469584,237 Victoria Road,Middlesbrough,TS12 2XX,2876 099 6404,pediatrics,R0004345,2
6541,Sarah,Thomas,,7097340919,177 Park Avenue,Newcastle,TS11 8XX,43394465531,gp,R0001330,2
6542,Chen,Jones,,4558502676,113 Park Ave,Leeds,TS3 8XX,57918363183,paediatrics,R0002018,2
6543,Wei,Khan,,9605458433,44 Park Avenue,Middlesbrough,TS19 7XX,94488439494,family medicine,R0004541,2
6545,Wei,Daives,,1774497615,19 High Street,Leeds,TS21 4XX,(9908) 8139005,pediatrics,R0001359,2
6547,Fatima,Ahmed,,3660487890,41 Station Road,York,TS15 7XX,77167750178,gp,R0001329,1
6548,Mohammed,Jones,,4080195881,6 Park Avenue,Middlesbrough,TS12 8XX,08821755873,orthopedics,R0007390,3
6549,Rajesh,Sharma,,8340114237,227 Park Avenue,Durham,TS24 2XX,68335714272,orthopaedics,R0002150,1
6550,Sarah,Ali,,8245262394,38 Victoria Road,Durham,TS10 1XX,13774370416,cardiovascular medicine,R0004528,4
6551,Aisha,Ahmed,,4473797978,156 High Street,Leeds,TS8 7XX,29616329773,cardiovascular medicine,R0002121,2
6552,A.,Evans,,3291043533,225 Park Avenue,Durham,TS1 2XX,88934115012,cardiovascular medicine,R0004674,4
6553,Chen,Sharma,,2100799528,13 Victoria Road,York,TS7 7XX,35813271133,paediatrics,R0003981,1
6554,David,Davies,,4679673101,11 Victoria Road,Middlesbrough,TS15 5XX,60840189739,pediatrics,R0001252,1
6555,Wei,Sharma,,7039376775,144 Victoria Road,Leeds,TS9 5XX,76957108427,family medicine,R0003277,2
6557,Wei,Jones,,0694697273,154 Victoria Road,Newcastle,TS2 8XX,24710455927,general practice,R0002813,2
6558,Chen,Davies,,0819094121,122 Church Lane,Leeds,TS24 8XX,20067915104,pediatrics,R0004720,2
6560,Grace,Roberts,,2143176674,143 Church Lane,Leeds,TS22 8XX,84085738805,pediatrics,R0001848,1
6562,Fatima,Roberts,,2036708542,86 Victoria Road,Middlesbrough,TS14 4XX,52937629466,orthopaedics,R0003037,2
6563,Amara,Davies,,2818817953,213 Victoria Road,York,TS4 2XX,64271240399,paediatrics,R0000387,2
6564,Lucy,Davies,,5422700376,186 Church Lane,York,TS4 3XX,07722384746,cardiovascular medicine,R0000234,2
6565,Rajesh,Patel,,1685174032,221 Victoria Road,Newcastle,TS4 5XX,04170922890,orthopedics,R0001076,4
6568,Amara,Thomas,,0175837506,18 Victoria Road,Leeds,TS24 2XX,93695442057,pediatrics,R0003962,2
6569,Aisha,Ali,,9398852295,80 Victoria Road,York,TS16 1XX,45115274414,orthopaedics,R0000770,1
6570,Graec,Smith,,4746374793,8 station rd,Newcastle,TS20 8XX,3317 882 4410,ortho surgery,R0002166,3
6571,Wei,Evans,,7359516138,272 Park Avenue,Durham,TS8 1XX,82935737248,orthopedics,R0004532,2
6572,Lucy,Khan,,3002208566,277 Victoria Road,Middlesbrough,TS10 3XX,55752595510,pediatrics,R0000672,3
6573,Grace,Smith, Dr,0569728481,110 high street,Middlesbrough,TS29 1XX,9718 115 2216,orthopaedics,R0000250,2
6574,Priya,Khan,,5574349281,90 Park Avenue,Middlesbrough,TS26 3XX,26407081950,cardiology,R0006296,2
6575,Rajesh,Brown,,6269670976,77 High Street,York,TS20 5XX,10473698670,orthopedics,R0001574,1
6576,Sarah,Roberts,,3341818524,223 Park Avenue,Newcastle,TS10 8XX,59467848120,orthopaedics,R0006237,2
6577,Grace,Roberts, Dr,7392260737,256 Park Ave,Middlesbrough,TS10 8XX,95467030518,ortho surgery,R0003418,3
6578,Aisha,Sharma,,8373697152,7 Station Road,Newcastle,TS29 8XX,84557088954,cardiology,R0002081,1
6580,Wei,Evans,,1773803758,227 Church Lane,Durham,TS22 8XX,17047697978,paediatrics,R0006941,1
6581,Omar,Nguyen,,4796034690,219 Church Lane,Newcastle,TS11 8XX,13663854945,ortho surgery,R0007172,2
6582,Chen,Brown,,7422290485,262 High Street,Leeds,TS19 1XX,76273323809,paediatrics,R0004544,1
6583,Aisha,Taylor,,8354945255,99 Victoria Road,York,TS12 5XX,72838363217,cardiology,R0005564,2
6584,Jonh,Taylor, Jr,,58 Victoria Rd,Leeds,TS21 6XX,26758536984,cardiovascular medicine,R0000716,1
6585,Chen,Williams,,3140127889,280 High Street,Leeds,TS16 7XX,05127273912,orthopaedics,R0006692,1
6586,A.,Davies, Dr,7945784334,99 High St,Newcastle,TS14 1XX,9598 866 1005,cardiology,R0007002,2
6587,Lucy,Wilson, Jr,0978733240,70 Park Avenue,Durham,TS29 5XX,9247 774 0836,pediatrics,R0002047,4
6588,Lucy,Khan,,2917721182,107 Victoria Road,York,TS17 6XX,49867702414,paediatrics,R0005995,3
6589,James,Thomas,,0737764841,51 Park Avenue,York,TS1 5XX,09133240991,pediatrics,R0005264,1
6590,Wei,Jones,,6183346761,75 Victoria Road,York,TS25 6XX,0587 785 2096,cardiovascular medicine,R0004179,2
6591,D.,Sharma, Jr,7493966788,95 Park Avenue,York,TS13 4XX,9447 831 6174,pediatrics,R0004810,2
6592,Priya,Evans,,2115546887,229 Church Lane,Leeds,TS22 6XX,87157938239,general practice,R0002722,3
6593,J.,Patel,,1512631935,72 park avenue,Middlesbrough,TS8 7XX,12822983969,cardiology,R0006783,2
6594,Sarah,Ali,,7612265377,29 Park Avenue,Middlesbrough,TS18 2XX,29472921315,pediatrics,R0001460,1
6595,Chen,Davies,,0717904686,8 Church Lane,Newcastle,TS28 2XX,20417550356,cardiovascular medicine,R0005989,1
6596,Fatima,Nguyen,,3074035825,81 High Street,Leeds,TS8 5XX,61072606945,pediatrics,R0001668,1
6597,Rjaesh,Thomas,,1737608237,298 Victoria Rd,Newcastle,TS14 3XX,8262 258 2706,cardiovascular medicine,R0002757,2
6598,Rajesh,Jones,,5817806462,104 Station Road,Leeds,TS5 4XX,87150063711,gp,R0001999,2
6599,David,Patel,,4293834636,231 High Street,York,TS11 2XX,41893338010,paediatrics,R0004571,1
6600,Fatima,Patel,,3436432387,189 Church Lane,York,TS9 5XX,81570559370,family medicine,R0004613,2
6601,Grace,Roberts,,,230 Church Lane,Middlesbrough,TS15 6XX,6531 425 7550,cardiology,R0000404,1
6602,Priya,Davies, Jr,4177023708,42 Station Rd,Middlesbrough,TS26 1XX,1954 666 0528,orthopaedics,R0000383,3
6603,James,Ali,,7067204116,248 Park Avenue,Newcastle,TS4 1XX,76344787543,cardiovascular medicine,R0006738,2
6604,Grace,Roberts,,8549682269,276 Park Avenue,York,TS1 2XX,22763934551,pediatrics,R0002152,1
6606,Lucy,Thomas, Dr,7123576787,76 Station Rd,York,TS13 6XX,6635 239 1785,gp,R0006875,2
6608,Elena,Smith,,2674871350,218 Station Road,Durham,TS25 2XX,54889972286,ortho surgery,R0004783,3
6609,L.,Brown,,2349311970,12 Church Ln,Leeds,TS16 5XX,(5467) 1654259,orthopaedics,R0003926,3
6610,J.,Sharma, Jr,2232850411,260 Park Ave,York,TS6 6XX,43062736610,cardiology,R0005337,3
6611,Rajesh,Patel,,6301021824,198 Park Avenue,Middlesbrough,TS11 2XX,58540945551,pediatrics,R0004157,2
6612,Sarah,Davies,,7412063657,134 Church Lane,Leeds,TS19 8XX,61297672919,orthopedics,R0004947,2
6613,John,Jones,,9520747698,160 park avenue,Middlesbrough,TS21 1XX,(1088) 3331381,orthopaedics,R0005899,2
6614,Grace,Williams,,8397260101,159 Park Avenue,Newcastle,TS20 4XX,41467946161,gp,R0006801,1
6615,Rajesh,Patel,,6635358016,202 Park Avenue,Durham,TS17 6XX,40930683498,gp,R0006157,2
6616,Elena,Wilson,,8250077363,63 Station Road,York,TS10 7XX,43572946941,paediatrics,R0000222,2
6619,Mohammed,Evans,,4326099998,198 Victoria Road,York,TS6 1XX,0711 811 4206,orthopedics,R0004470,2
6620,John,Roberts,,1763191968,34 station road,Middlesbrough,TS20 3XX,5437 566 6372,pediatrics,R0001825,2
6621,Fatima,Ahmed,,6859705446,37 Park Avenue,York,TS4 1XX,27188567048,ortho surgery,R0007104,1
6622,Amara,Patel,,9781119786,283 Station Road,Leeds,TS3 2XX,64581798126,pediatrics,R0005123,2
6623,Fatima,Thomas,,3230513907,67 Station Road,Middlesbrough,TS16 3XX,68776249556,paediatrics,R0004971,2
6624,John,Khan, Jr,9283095201,217 High Street,Newcastle,TS6 2XX,8826 553 7879,orthopaedics,R0000798,4
6625,Grace,Taylor, Jr,3099039365,175 park avenue,Newcastle,TS12 7XX,4207 682 7015,cardiovascular medicine,R0002872,2
6626,Amara,Williams, MD,7927277472,210 High Street,Middlesbrough,TS13 8XX,1472 738 5514,gp,R0000010,2
6627,Omar,Jones,,6901590047,288 Park Avenue,Middlesbrough,TS13 4XX,40404709574,cardiovascular medicine,R0006593,1
6628,Priya,Patel, Dr,6568955990,238 church lane,Newcastle,TS2 8XX,71643678418,family medicine,R0001945,2
6629,Mohammed,Evans,,8674529297,142 Victoria Rd,Durham,TS11 3XX,(1918) 6191151,cardiology,R0001839,4
6630,A.,Ahmed,,3751460051,286 Park Ave,Newcastle,TS6 6XX,6551 922 1208,gp,R0004804,1
6631,Mohammed,Thomas, Jr,6834195542,5 Church Lane,York,TS25 3XX,02419739319,family medicine,R0000256,2
6632,Fatima,Davies,,1448663701,197 Church Lane,York,TS9 2XX,50245080498,cardiovascular medicine,R0005713,1
6633,David,Wilson, MD,1476177486,10 Victoria Rd,Durham,TS29 7XX,31659902563,paediatrics,R0004486,2
6634,John,Smith,,5929489879,174 High Street,Leeds,TS29 4XX,73209042562,pediatrics,R0006762,1
6635,John,Williams,,1567173202,90 Church Lane,Middlesbrough,TS10 5XX,08376721125,paediatrics,R0001581,2
6636,Chen,Williams,,3061604453,210 High Street,Durham,TS27 3XX,41137670023,family medicine,R0002955,2
6637,David,Wilson,,9197647239,258 Station Road,Durham,TS27 5XX,28851441416,cardiology,R0000923,2
6638,W.,Patel, MD,3903580777,129 Park Ave,Middlesbrough,TS1 7XX,84388316831,family medicine,R0006649,4
6639,John,Ali,,1605163188,259 High Street,Leeds,TS2 6XX,82474777743,orthopaedics,R0002508,2
6640,Elena,Taylor,,8796703595,220 Park Avenue,Middlesbrough,TS23 8XX,37286558216,cardiovascular medicine,R0006130,2
6641,Elena,Patel,,5072323481,118 High Street,Leeds,TS22 7XX,86264659798,pediatrics,R0005024,1
6642,Elena,Smith, Dr,8605271561,15 High Street,Newcastle,TS4 8XX,(2769) 4844880,pediatrics,R0005321,2
6643,Wei,Sharma,,6118952719,41 High Street,York,TS11 7XX,97120120282,gp,R0006041,2
6644,Fatima,Patel,,5277931220,104 Church Lane,Durham,TS11 3XX,51726675100,pediatrics,R0003775,2
6645,M.,Nguyen,,,136 Park Ave,Newcastle,TS10 2XX,(0267) 8607416,cardiovascular medicine,R0004835,1
6646,David,Thomas,,3053668579,294 Victoria Road,Durham,TS19 6XX,86697550473,cardiovascular medicine,R0006486,4
6647,C.,Roberts,,7202597467,17 Park Avenue,Middlesbrough,TS16 8XX,63570150475,paediatrics,R0004965,2
6648,Mohammed,Taylor,,6060391042,62 Station Rd,York,TS5 1XX,(9848) 9312986,pediatrics,R0002780,2
6650,J.,Wilson, Jr,5807468327,79 Park Ave,Middlesbrough,TS8 7XX,5972 297 5643,gp,R0002746,2
6651,Rajesh,Wilson,,3020643657,17 Church Lane,Durham,TS23 3XX,96910449360,ortho surgery,R0006746,2
6652,Priya,Roberts,,0992824824,172 Station Road,Leeds,TS13 1XX,51234009950,cardiovascular medicine,R0006853,2
6653,Sarah,Thomas,,6122630363,8 Victoria Road,Durham,TS8 6XX,89026045016,pediatrics,R0005466,2
6654,Elnea,Roberts, Jr,9612154821,267 Park Avenue,Middlesbrough,TS27 1XX,(4958) 4775190,orthopedics,R0001146,2
6655,Sarah,Wilson,,5911574146,43 Church Lane,Middlesbrough,TS2 8XX,30422666847,cardiology,R0005127,2
6656,Omar,Ali,,1517118187,236 Church Lane,Middlesbrough,TS9 2XX,32130982180,ortho surgery,R0004466,3
6658,Rajesh,Evans,,2161355744,127 High Street,Durham,TS7 7XX,69833987960,orthopaedics,R0003019,1
6659,R.,Ahmed,,1006487113,144 Victoria Rd,Middlesbrough,TS6 1XX,4964 135 2792,paediatrics,R0000358,2
6660,Wei,Khan,,6052008965,3 Station Road,Newcastle,TS15 6XX,74348763350,cardiology,R0005062,2
6661,Aisha,Ali,,9092263941,13 Station Road,Durham,TS17 3XX,26205837496,paediatrics,R0002829,3
6662,Priya,Sharma,,7551754616,145 Station Road,Middlesbrough,TS7 3XX,42721240013,gp,R0002783,1
6663,Amara,Nugyen,,7673487507,297 High St,Leeds,TS10 6XX,09698822216,cardiology,R0001353,1
6664,S.,Thomas,,5437360612,253 Park Ave,Durham,TS4 1XX,11235704069,cardiology,R0005132,2
6665,David,Davies,,6982665713,170 Victoria Road,Newcastle,TS2 4XX,21056537693,cardiology,R0000470,1
6666,Aisha,Sharma,,0779566750,7 High Street,Newcastle,TS2 1XX,89415035816,cardiology,R0002702,2
6667,David,Patel,,3650303979,151 High Street,Durham,TS9 4XX,98694091298,pediatrics,R0003329,2
6669,Fatima,Evans,,2655033888,31 Church Lane,Leeds,TS15 7XX,66468648978,orthopedics,R0001395,2
6670,Priya,Williams,,9248832537,249 Park Avenue,York,TS12 1XX,69867827172,cardiovascular medicine,R0003584,1
6671,R.,Taylor,,7032064229,280 Church Ln,Middlesbrough,TS8 3XX,8347 091 9649,ortho surgery,R0006734,3
6672,L.,Roberts, MD,7136819110,208 Park Avenue,Durham,TS26 6XX,0238 798 8467,paediatrics,R0005263,2
6673,John,Davies,,6408367988,149 Station Road,Durham,TS13 4XX,79513299516,cardiovascular medicine,R0005645,1
6674,John,Williams, Jr,3495805035,262 Victoria Rd,Leeds,TS8 7XX,57906094416,cardiology,R0003377,2
6675,J.,Taylor,,8941769509,128 park ave,Newcastle,TS4 4XX,42810291513,gp,R0001257,2
6676,Amara,Nguyen,,9986162828,214 Victoria Road,York,TS29 4XX,49611565010,ortho surgery,R0006188,2
6677,Wei,Jones,,6748335369,153 Station Road,York,TS10 5XX,64096770807,paediatrics,R0003512,2
6678,Mohammed,Brown,,9911973507,14 Victoria Road,Leeds,TS3 8XX,43069696758,cardiovascular medicine,R0005650,2
6679,Wei,Brown,,3206273280,74 High Street,Durham,TS2 8XX,43363005159,paediatrics,R0005777,2
6680,Mohammed,Jones,,9608164076,262 Victoria Road,Durham,TS22 8XX,95036113939,gp,R0001250,2
6682,Jhon,Khan, MD,9630064631,44 Victoria Road,York,TS27 2XX,62270549099,cardiology,R0005349,2
6683,O.,Roberts,,0915530712,285 Church Lane,York,TS27 1XX,97333229512,orthopaedics,R0007389,3
6684,E.,Nguyen, Dr,9810578723,145 Victoria Road,Durham,TS29 2XX,(2649) 0695104,orthopaedics,R0004299,2
6685,Amara,Roberts,,2638247610,77 Victoria Road,Durham,TS5 6XX,24663858532,pediatrics,R0003282,2
6686,Wei,Roberts,,5760770273,233 High Street,Newcastle,TS16 4XX,53159961230,pediatrics,R0002933,1
6687,O.,Khan,,9453342964,242 High St,Middlesbrough,TS13 3XX,(1709) 4336929,orthopaedics,R0004175,1
6688,James,Nugyen, Jr,8153686239,19 high street,Durham,TS15 4XX,01461584740,ortho surgery,R0005269,2
6690,Aisha,Jones,,5476015588,244 High Street,York,TS12 4XX,08199814068,orthopaedics,R0001852,1
6691,Omar,Sharma, Jr,0123496686,187 High St,Durham,TS18 7XX,(6504) 2067028,ortho surgery,R0006317,3
6692,Lucy,Thomas,,4714034636,185 High Street,Leeds,TS3 3XX,21406086355,ortho surgery,R0007018,1
6693,Omar,Thomas,,0484349565,181 High Street,Middlesbrough,TS29 5XX,17279683858,paediatrics,R0007298,1
6694,Luyc,Nguyen, Dr,0386364854,241 Park Avenue,Middlesbrough,TS23 2XX,(0001) 0391688,orthopedics,R0002106,2
6695,Fatima,Williams,,6989042973,71 Church Lane,Durham,TS15 4XX,0438 870 8349,family medicine,R0000133,2
6697,Amara,Taylor,,2848455668,12 Station Road,Durham,TS24 7XX,44750775554,paediatrics,R0005027,2
6698,Grace,Thomas,,0189192996,224 High Street,Durham,TS3 3XX,60370306025,general practice,R0000927,2
6699,Aisha,Jones,,7083315391,161 Church Lane,Newcastle,TS24 7XX,58285325072,orthopaedics,R0000822,2
6700,Sarah,Davies,,3713975607,141 High Street,Durham,TS8 7XX,65166145295,orthopedics,R0006817,2
6701,G.,Wilson, MD,8768075725,123 Station Road,Middlesbrough,TS17 1XX,0587 014 4021,pediatrics,R0001532,2
6702,James,Ali,,0882357127,267 Victoria Road,Middlesbrough,TS26 7XX,82611047112,general practice,R0001214,1
6703,S.,Brown, Jr,5174820393,71 Park Avenue,Newcastle,TS9 6XX,2326 822 8457,family medicine,R0000504,2
6704,S.,Khan,,3990031810,215 station rd,York,TS5 3XX,5982 202 6530,family medicine,R0004284,3
6705,Mohammed,Ali,,3158538541,225 Park Avenue,Middlesbrough,TS22 7XX,55920928138,cardiology,R0006490,2
6706,Priya,Williams,,2686477057,224 Park Avenue,Leeds,TS5 3XX,39680715386,pediatrics,R0001995,2
6707,Omar,Davies,,1357507800,32 High Street,Newcastle,TS28 4XX,49208985908,cardiovascular medicine,R0006530,1
6708,John,Patel, Jr,,164 Park Avenue,Durham,TS17 7XX,5149 839 0576,cardiovascular medicine,R0003072,1
6710,Chen,Smith,,0967234249,166 Park Avenue,Newcastle,TS15 7XX,46789177704,cardiovascular medicine,R0001383,2
6711,Sarah,Evans,,7820089285,103 High St,Leeds,TS8 7XX,11732895885,cardiovascular medicine,R0000893,3
6712,Mohammed,Taylor,,2954210369,180 Park Avenue,Middlesbrough,TS3 5XX,50516902775,ortho surgery,R0004923,2
6713,A.,Ali,,9696091327,227 Station Road,Leeds,TS9 7XX,(3710) 3621744,paediatrics,R0000455,1
6714,Jmaes,Khan,,0223519073,159 Station Rd,Leeds,TS23 6XX,(7086) 1575650,paediatrics,R0006620,2
6715,Sarah,Patel,,2166753201,27 Church Lane,Newcastle,TS11 5XX,28029472814,family medicine,R0005779,1
6716,E.,Khan,,2400781037,181 Park Avenue,York,TS8 4XX,39997376728,gp,R0007482,3
6717,Rajesh,Davies,,2475043113,5 Victoria Road,Newcastle,TS5 5XX,74071120958,pediatrics,R0003709,1
6719,Amara,Ali,,9219551681,112 Station Road,York,TS14 2XX,62251849303,orthopaedics,R0004848,2
6720,Grace,Taylor,,3472076163,212 Victoria Road,Durham,TS14 8XX,72668092501,gp,R0004747,2
6721,Sarah,Williams, MD,1520732186,152 Station Rd,Newcastle,TS29 5XX,0816 086 8388,pediatrics,R0004268,1
6722,Priya,Patel,,6916015654,207 Station Road,Durham,TS10 6XX,35938055925,pediatrics,R0003523,2
6723,Wei,Ahmed,,4823362462,294 Station Road,Middlesbrough,TS5 8XX,81518773385,family medicine,R0004133,2
6724,Amara,Nguyen,,4058231712,156 High Street,Leeds,TS26 4XX,17310315462,cardiology,R0003602,1
6725,Priya,Ali,,9934393591,276 High Street,Leeds,TS27 2XX,56533209885,cardiology,R0007330,2
6726,Fatima,Brown,,3961113027,6 Victoria Road,Durham,TS15 6XX,90973441220,paediatrics,R0000713,1
6727,John,Davies,,0680777973,65 High Street,Newcastle,TS22 4XX,55022644581,cardiology,R0004184,4
6728,A.,Nguyen, MD,3995271358,226 Victoria Road,Newcastle,TS15 1XX,7845 818 5616,ortho surgery,R0002213,4
6729,Jhon,Ali, MD,0202115150,231 Park Ave,Durham,TS24 3XX,3488 592 5106,gp,R0005303,3
6730,David,Wilson,,2426909605,201 High Street,Newcastle,TS9 1XX,85685750992,cardiovascular medicine,R0002922,2
6732,Grace,Evans,,0955825042,190 High Street,Durham,TS4 8XX,20436655761,cardiology,R0001810,1
6733,Rajesh,Ahmde,,9810907783,84 Station Rd,Leeds,TS5 2XX,2945 619 4522,orthopaedics,R0003487,4
6735,James,Taylor,,9993022075,129 Park Avenue,Middlesbrough,TS21 1XX,78234551356,family medicine,R0001826,2
6738,Omar,Smith, Dr,8383118066,126 Station Rd,Durham,TS11 7XX,37448040017,gp,R0004313,2
6739,G.,Sharma,,7720548328,48 Park Ave,Durham,TS28 7XX,(8740) 6796551,ortho surgery,R0000511,2
6741,D.,Evans,,8216531887,72 Church Lane,Leeds,TS12 1XX,24409254487,orthopaedics,R0000500,2
6742,David,Wilson,,9637718485,66 High Street,Leeds,TS2 2XX,00326581289,cardiovascular medicine,R0006804,1
6743,J.,Evans, Jr,9933773008,52 Station Rd,Durham,TS24 8XX,46198337470,cardiovascular medicine,R0001856,3
6744,Grace,Sharma,,4171816392,174 Victoria Road,Newcastle,TS14 4XX,34413890726,family medicine,R0001388,2
6745,Sarah,Taylor,,0597627999,154 Station Road,Leeds,TS2 8XX,45460341561,gp,R0005615,1
6746,Aisha,Taylor,,8445589751,256 Station Road,Middlesbrough,TS2 6XX,20201467370,general practice,R0003719,1
6748,Aisha,Ahmed,,9800151128,153 Station Road,Durham,TS11 3XX,15588153643,pediatrics,R0005541,1
6749,Wei,Jones,,8198966875,101 Church Lane,Newcastle,TS10 5XX,06102685621,general practice,R0003236,1
6750,Lucy,Thomas,,0181007750,19 Church Lane,York,TS8 2XX,06612298009,cardiology,R0006172,2
6751,Elena,Jones,,6077256879,3 High St,Durham,TS23 2XX,(2098) 1248888,cardiovascular medicine,R0001541,2
6752,Sarah,Ali,,2452414043,92 Station Road,Middlesbrough,TS29 1XX,11934700169,family medicine,R0001215,3
6753,James,Brown,,3167861080,172 Station Road,Leeds,TS6 6XX,78442088914,family medicine,R0002680,2
6755,Aisha,Patel,,3081830472,178 Church Lane,Leeds,TS19 2XX,49121400276,cardiovascular medicine,R0005513,2
6756,Amara,Ali,,8530000431,219 Victoria Road,Newcastle,TS20 8XX,(5426) 9900012,cardiovascular medicine,R0006314,3
6757,Elena,Thomas,,0417571403,146 Victoria Road,Durham,TS3 3XX,81734862024,general practice,R0001191,1
6758,Amara,Taylor,,6333294371,176 Victoria Road,Middlesbrough,TS1 3XX,04912144193,general practice,R0005772,1
6759,Jaems,Wilson, Jr,1755791610,85 high street,Leeds,TS15 2XX,29104656147,cardiovascular medicine,R0005294,2
6760,Mohammed,Thomas, MD,5098047710,191 Victoria Rd,Newcastle,TS22 6XX,(6463) 0323414,orthopaedics,R0001543,2
6761,James,Jones,,5303677263,187 Park Avenue,Middlesbrough,TS12 3XX,62256489655,cardiology,R0003301,1
6762,Priya,Thomas,,2859438370,261 Park Avenue,Newcastle,TS9 8XX,01336817859,pediatrics,R0003323,2
6763,Rajesh,Wilson,,7324643050,190 Church Lane,Durham,TS14 5XX,22881237070,cardiovascular medicine,R0002539,2
6764,Rajesh,Evans,,0847255146,224 Victoria Road,Newcastle,TS12 6XX,18894377256,family medicine,R0000953,1
6765,James,Wilson,,5659122612,291 Station Road,Leeds,TS21 2XX,91605042127,pediatrics,R0006731,1
6766,Wei,Thomas,,9185811054,152 Victoria Road,York,TS27 3XX,08085522274,general practice,R0004846,2
6767,Lucy,Nguyen,,4282273629,26 Station Road,Newcastle,TS22 4XX,69699899056,pediatrics,R0004330,3
6768,Wei,Brown,,9991404573,79 High Street,York,TS13 5XX,06479271947,cardiovascular medicine,R0000731,2
6769,M.,Ahmed,,8118545290,200 High Street,Durham,TS26 4XX,39748839608,cardiology,R0007494,3
6770,S.,Jones, Jr,5409215904,299 Victoria Rd,Newcastle,TS5 5XX,8667 406 6893,cardiology,R0001158,5
6772,John,Smith,,7949675695,184 Church Lane,Middlesbrough,TS15 7XX,67185408635,paediatrics,R0003294,2
6773,Chen,Ali,,4503200712,214 Park Ave,Middlesbrough,TS17 2XX,3684 588 0064,ortho surgery,R0006542,3
6774,Chen,Davies,,8857665237,71 Park Avenue,York,TS4 2XX,81202828872,ortho surgery,R0002982,1
6775,Chen,Smith,,5191153827,219 Station Road,York,TS29 5XX,19943750302,orthopedics,R0005304,3
6776,David,Wilson,,7165123537,109 Station Road,York,TS6 2XX,52366769945,cardiology,R0005159,3
6777,Fatima,Davies,,0333319054,184 Park Avenue,Newcastle,TS19 7XX,29061286682,orthopaedics,R0002156,2
6778,Omar,Wilson,,9261519429,22 High Street,Durham,TS15 6XX,28444231443,cardiovascular medicine,R0001061,3
6779,John,Brown,,3770371546,112 Park Avenue,York,TS12 7XX,34436684739,gp,R0002615,2
6780,John,Ali, MD,7551348861,195 Victoria Road,York,TS13 7XX,6800 189 9323,cardiology,R0001168,2
6781,Priya,Evans,,0623101423,97 High Street,Middlesbrough,TS22 7XX,79717276896,paediatrics,R0003222,3
6782,James,Khan,,7806800222,252 Park Avenue,Leeds,TS16 3XX,39322985555,cardiovascular medicine,R0003636,2
6783,C.,Brown, Jr,8941197182,6 High Street,Durham,TS16 1XX,(5739) 3366931,paediatrics,R0005589,2
6784,Amara,Davies,,1345448885,168 Church Lane,York,TS26 6XX,88953923975,orthopaedics,R0002938,1
6785,Chen,Williams,,2725103154,147 Church Lane,Newcastle,TS25 4XX,12789908712,cardiovascular medicine,R0004491,1
6786,Rajesh,Thomas,,2419718969,187 High Street,Leeds,TS19 5XX,79281448481,cardiovascular medicine,R0003140,2
6787,Grace,Davies,,6923818268,189 Victoria Road,Durham,TS7 3XX,76259055821,pediatrics,R0004979,2
6789,James,Thomas,,7528926708,119 High Street,Leeds,TS14 3XX,39175838524,ortho surgery,R0007432,3
6790,Sarah,Patel,,2415579198,248 High Street,Durham,TS8 1XX,60160703215,cardiology,R0003577,2
6791,David,Roberts,,1785209001,220 High Street,Leeds,TS7 4XX,83118090009,general practice,R0004946,1
6792,Mohammed,Thomas,,3561170840,221 Park Avenue,Newcastle,TS2 8XX,46219623736,cardiology,R0002781,2
6793,O.,Sharma, Dr,0489182419,43 Park Avenue,Durham,TS22 7XX,1204 406 0778,pediatrics,R0000718,2
6794,Aisha,Taylor,,7026402768,166 Station Road,Newcastle,TS27 3XX,29349281234,cardiology,R0001818,2
6795,Amara,Davies,,8737356500,115 High Street,Middlesbrough,TS22 2XX,23180120213,pediatrics,R0002501,2
6796,Fatima,Davies,,6543178932,69 Park Avenue,Durham,TS11 3XX,44675613271,ortho surgery,R0004360,2
6797,Priay,Evans,,6776821311,294 High Street,York,TS24 1XX,(6941) 6214037,paediatrics,R0004172,4
6798,Rajesh,Williams, MD,9408834708,60 High St,Middlesbrough,TS10 6XX,7137 334 6898,pediatrics,R0006588,2
6799,John,Williams,,7619064676,156 Park Ave,Newcastle,TS21 7XX,42265029771,cardiology,R0000396,2
6801,Sarah,Smith,,0082789941,80 Victoria Road,Durham,TS14 8XX,43394473186,orthopedics,R0006319,2
6802,John,Khan,,7975759145,50 Park Avenue,Leeds,TS7 3XX,96860789534,ortho surgery,R0007250,2
6804,J.,Evans, MD,9676352256,50 Victoria Road,Middlesbrough,TS8 1XX,92601859188,general practice,R0001365,1
6806,Priya,Williams,,4066542455,75 Church Lane,Leeds,TS16 4XX,56433808065,ortho surgery,R0005998,2
6807,Mohammed,Thomsa,,0108679375,299 Church Ln,Durham,TS14 1XX,05575134956,gp,R0000598,4
6808,Rajesh,Smith,,5044006351,108 Station Road,Leeds,TS20 4XX,98918075847,cardiology,R0006205,1
6809,Elena,Ahmed,,4716753913,186 Church Lane,Leeds,TS19 7XX,53658602338,cardiology,R0003952,1
6810,Chen,Nguyen,,8174951065,229 Station Road,Leeds,TS23 1XX,11547143791,cardiology,R0005391,2
6811,Grace,Davies,,6982661227,247 Church Lane,York,TS17 2XX,43808979417,pediatrics,R0005916,2
6812,David,Jones,,7315921442,270 Park Avenue,Middlesbrough,TS13 2XX,85666686134,gp,R0004967,2
6813,Aisha,Brown,,9987462277,64 Station Road,Newcastle,TS20 8XX,45612965005,pediatrics,R0002914,2
6815,Amara,Khan, Jr,,196 Church Ln,Newcastle,TS23 1XX,12598408506,cardiovascular medicine,R0002326,1
6816,Fatima,Smith,,7675273295,224 Victoria Road,Leeds,TS27 8XX,63555377061,gp,R0005643,2
6817,Priya,Ahmed,,9373968640,87 Station Road,Leeds,TS25 5XX,59863159491,orthopedics,R0003766,1
6818,Priya,Ahmed,,1948741432,244 Station Road,Leeds,TS25 8XX,12046253027,gp,R0003440,2
6819,Aihsa,Williams,,3032670164,253 victoria road,Durham,TS22 8XX,(4610) 2226371,cardiology,R0003852,2
6821,Chen,Smith, MD,9842099982,61 Park Ave,Newcastle,TS23 3XX,5369 053 6442,paediatrics,R0006806,2
6822,David,Evans,,2539208512,79 High St,York,TS5 2XX,(1346) 7875732,paediatrics,R0006881,2
6823,Omar,Ahmed,,1182318374,70 Victoria Road,York,TS26 6XX,44667024501,family medicine,R0002142,2
6824,D.,Brown,,5822104161,80 Victoria Road,Leeds,TS10 8XX,47857021980,paediatrics,R0006922,3
6825,Sarah,Wilson,,3649734513,211 Station Road,Middlesbrough,TS8 7XX,85666258051,orthopedics,R0005073,1
6827,John,Ali,,0403752014,220 Victoria Road,Leeds,TS6 3XX,(6280) 3243532,ortho surgery,R0004078,4
6828,Priya,Brown,,9253743554,138 Station Road,Middlesbrough,TS21 3XX,63874370003,pediatrics,R0001122,1
6829,Elena,Ali,,0716023036,217 High Street,Durham,TS14 7XX,64815244536,orthopedics,R0002786,1
6830,Rajesh,Nguyen, Dr,1419676998,131 Station Road,Newcastle,TS8 3XX,0893 785 4604,cardiovascular medicine,R0006336,2
6831,Sarah,Thomas,,3566187765,282 Station Road,York,TS9 8XX,00775508820,paediatrics,R0002967,1
6832,Fatima,Thomas,,5826873443,100 High Street,Middlesbrough,TS19 2XX,77439026847,general practice,R0002503,2
6833,Chen,Davies,,0717904686,41 Station Road,Middlesbrough,TS16 4XX,95951061461,cardiology,R0005988,1
6834,David,Evans,,8719012785,272 Station Road,York,TS20 2XX,22475020352,orthopedics,R0003464,2
6835,Mohammed,Patel,,3799509129,204 Church Lane,Middlesbrough,TS15 1XX,39285675094,orthopaedics,R0000674,2
6836,Sarah,Evans,,0748859974,230 Victoria Road,Newcastle,TS12 3XX,39105935189,family medicine,R0002808,1
6837,David,Khan,,7361378272,272 Park Avenue,York,TS21 3XX,07050511994,orthopaedics,R0003347,2
6838,Jhon,Ali, MD,0374740448,115 High St,Middlesbrough,TS5 5XX,9688 662 9789,pediatrics,R0000727,3
6839,A.,Patel,,3180414474,37 Victoria Rd,Middlesbrough,TS2 1XX,3102 980 9243,cardiology,R0000413,2
6840,Elean,Ali, MD,0206004792,2 Church Lane,Newcastle,TS22 8XX,0063 774 9830,orthopaedics,R0003145,3
6841,Lucy,Brown,,5022385947,72 High Street,Newcastle,TS18 1XX,64085650373,gp,R0001515,2
6842,David,Roberts,,8324266685,38 Park Avenue,York,TS7 4XX,60412736534,gp,R0005745,2
6843,John,Nguyen,,0327474970,181 Victoria Road,Newcastle,TS2 4XX,98450563384,orthopaedics,R0000825,2
6844,Amara,Sharma,,1869196516,2 Church Lane,Durham,TS5 6XX,00417422457,orthopaedics,R0003266,2
6846,James,Ahmed,,2877444158,14 Station Road,Middlesbrough,TS17 4XX,78939132963,pediatrics,R0000615,2
6847,Rajesh,Ahmed,,0594290454,149 Victoria Road,York,TS29 1XX,75227660590,orthopaedics,R0000113,3
6848,Wei,Brown,,9171176583,295 Church Lane,Durham,TS22 3XX,64583697952,paediatrics,R0000417,1
6849,Grace,Simth, Dr,2310235883,233 station road,Leeds,TS18 1XX,19551699125,orthopedics,R0003069,1
6850,Rajesh,Wilson,,8527528826,279 victoria rd,Durham,TS6 7XX,06507288560,cardiovascular medicine,R0001626,2
6851,Chen,Jones, Jr,5433674022,86 Station Rd,Durham,TS19 8XX,6299 717 5740,cardiovascular medicine,R0006749,4
6852,P.,Williams,,0390480821,55 Station Road,Leeds,TS11 6XX,60791585850,paediatrics,R0007431,3
6854,Fatima,Wilson,,8336053957,98 Victoria Road,Middlesbrough,TS19 6XX,41409011216,pediatrics,R0002896,1
6855,Wei,Willaims, MD,8730041327,291 park avenue,Newcastle,TS10 7XX,01786006008,pediatrics,R0007005,3
6856,Mohammed,Evans,,3055204782,133 Church Lane,Newcastle,TS10 4XX,64834573232,pediatrics,R0002082,1
6857,Sarah,Smith,,1753938301,178 Station Road,Middlesbrough,TS5 4XX,92292869552,cardiovascular medicine,R0000753,1
6858,David,Evans,,8081000386,185 Church Lane,Newcastle,TS15 1XX,05233390127,general practice,R0002545,2
6860,Rajesh,Patel, MD,0853215494,26 church lane,Newcastle,TS28 4XX,2324 140 9089,paediatrics,R0003375,3
6863,Elena,Ahmed,,3671552728,103 Church Lane,Leeds,TS20 5XX,56286298175,paediatrics,R0002444,1
6864,Wei,Smith,,4260028525,174 Park Avenue,York,TS6 3XX,87381100303,cardiology,R0004379,2
6865,John,Williams,,4629894397,99 Park Avenue,Middlesbrough,TS26 5XX,78100690143,cardiology,R0001066,3
6866,James,Ali,,1338699715,177 Church Lane,Leeds,TS2 1XX,37192600516,cardiology,R0003910,4
6867,Omar,Davies,,8823658946,92 Victoria Road,York,TS7 7XX,16129264163,gp,R0005286,3
6868,Fatima,Smith,,5242507210,123 Victoria Road,Durham,TS14 3XX,64979850925,paediatrics,R0005536,1
6869,John,Thomas,,6381607961,231 High Street,Durham,TS14 1XX,67639390091,cardiology,R0005387,1
6870,Lucy,Khan, MD,8554917066,36 Victoria Rd,Durham,TS16 6XX,49038617467,general practice,R0005732,2
6871,Fatima,Eavns, Jr,9922718138,269 High Street,Middlesbrough,TS23 7XX,74763714814,orthopaedics,R0003501,3
6872,David,Jones,,7541126009,156 Station Road,Middlesbrough,TS28 4XX,04039743567,orthopaedics,R0002736,3
6874,Amraa,Wilson,,4605859434,44 Station Road,Leeds,TS14 3XX,02098283359,paediatrics,R0004000,2
6875,Sarah,Williams,,1626849193,79 Station Road,Newcastle,TS14 6XX,84343429576,orthopaedics,R0001568,1
6876,John,Taylor,,7243527888,238 Park Avenue,Durham,TS21 8XX,01468018306,gp,R0002427,1
6877,Rajesh,Nguyen,,2673574672,235 Park Avenue,York,TS7 7XX,06278636203,orthopaedics,R0003745,2
6878,John,Smith, MD,7624129004,92 Church Ln,Durham,TS3 5XX,45199532713,paediatrics,R0006834,2
6879,W.,Roberts, Dr,,51 High St,Durham,TS19 3XX,9070 829 8003,gp,R0006952,1
6880,Aisha,Thomas,,3696911037,74 Victoria Road,York,TS13 8XX,55026647608,paediatrics,R0001687,1
6881,Wei,Wilson,,3828617741,157 Church Lane,Durham,TS4 3XX,75927429652,paediatrics,R0000851,1
6882,S.,Brown,,4941400626,140 high st,Leeds,TS17 5XX,55334471573,gp,R0003547,2
6883,Amara,Ahmed,,8633149100,98 Church Lane,Newcastle,TS19 5XX,(6494) 8944627,cardiology,R0006304,2
6884,Sarah,Roberts,,5033293552,186 Church Lane,Leeds,TS1 4XX,51763536160,general practice,R0000895,1
6885,O.,Brown,,5831637471,241 Church Ln,York,TS17 7XX,(4938) 1499136,paediatrics,R0004593,2
6886,Lucy,Davies,,7439633640,105 high street,York,TS6 7XX,3878 656 5931,orthopaedics,R0006402,2
6888,Wei,Taylor,,5086080545,46 Victoria Road,Newcastle,TS9 5XX,97842589675,cardiology,R0000336,2
6890,Chen,Brown,,8342015089,203 Station Road,Leeds,TS6 4XX,93734494689,cardiovascular medicine,R0003087,2
6891,John,Taylor,,1546883754,67 Station Road,York,TS10 8XX,44039676493,orthopaedics,R0004610,2
6892,Aisha,Nguyen,,9467245344,132 High Street,Durham,TS27 7XX,94028150311,cardiology,R0001347,2
6893,Omar,Ali,,1091481634,208 Victoria Rd,Durham,TS29 3XX,(7413) 2911555,orthopaedics,R0001015,1
6894,Omar,Jones,,4107118728,46 Victoria Road,York,TS14 6XX,18175142953,cardiology,R0002815,2
6895,Chen,Wilson,,4135330982,171 High Street,Newcastle,TS25 8XX,57725279002,orthopedics,R0001631,3
6896,James,Patel,,9513482174,51 High Street,York,TS13 2XX,20805083903,pediatrics,R0002489,2
6897,Jaems,Brown,,4367533473,122 High Street,Leeds,TS15 2XX,(6825) 9370600,cardiology,R0003731,3
6898,Priya,Brown,,9417432744,203 Park Avenue,Leeds,TS20 2XX,5453 194 7948,general practice,R0003252,2
6899,Aamra,Williams,,4288766264,202 Victoria Rd,Middlesbrough,TS3 1XX,28353116644,paediatrics,R0006947,3
6900,Rajesh,Wilson,,7779622712,219 Victoria Road,Leeds,TS22 6XX,32305413106,orthopaedics,R0005877,2
6902,Sarah,Jones,,3186139832,28 Park Avenue,Durham,TS15 5XX,56630626777,orthopaedics,R0005879,2
6903,Amara,Brown,,5818201092,208 Park Avenue,Middlesbrough,TS16 4XX,69672103502,family medicine,R0002070,1
6904,E.,Jones,,7298862679,193 High St,Newcastle,TS24 7XX,(2161) 1995657,cardiology,R0004453,2
6905,Amara,Sharma,,3791309473,226 Church Lane,Newcastle,TS3 1XX,86886336076,orthopedics,R0007320,2
6906,Chen,Ali,,8855851069,85 Victoria Road,Leeds,TS18 5XX,46611226271,family medicine,R0005407,2
6908,James,Nguyen,,7801637041,257 Park Avenue,Durham,TS17 5XX,02629033192,general practice,R0004647,4
6909,Lucy,Evans,,3354771942,263 Church Lane,Durham,TS11 6XX,62527231333,general practice,R0006484,1
6910,Fatima,Khan,,1952687468,147 Station Road,Durham,TS29 3XX,80320653828,family medicine,R0002479,4
6912,Aisha,Davies,,5724073072,157 Station Road,Middlesbrough,TS18 3XX,53737404241,paediatrics,R0002265,1
6913,David,Khan,,5591720494,106 High Street,Leeds,TS21 3XX,22063336875,ortho surgery,R0002957,3
6914,Grace,Ali,,4976389175,280 Station Road,Leeds,TS7 2XX,27201839334,cardiology,R0005322,2
6916,Elena,Roberts,,3151009037,225 Victoria Road,Middlesbrough,TS26 8XX,96511888651,pediatrics,R0003058,2
6917,James,Jones, Jr,4659927788,212 park ave,Durham,TS14 3XX,(9287) 6378585,cardiovascular medicine,R0005054,2
6918,Priya,Smith,,5932299641,13 Victoria Road,Middlesbrough,TS5 6XX,11502617060,gp,R0001049,3
6919,Omar,Davies,,5348188023,282 Victoria Road,York,TS23 5XX,06689581651,paediatrics,R0002140,2
6920,Omar,Taylor,,5318556687,210 Victoria Road,Durham,TS28 1XX,71404348311,paediatrics,R0005104,1
6922,Wei,Khan,,3669338157,108 Church Lane,Newcastle,TS10 1XX,15553494781,cardiology,R0005186,3
6923,Omar,Jones,,8552878525,23 Park Avenue,Middlesbrough,TS29 4XX,17603130082,gp,R0007080,1
6924,Mohammed,Brown,,0212427426,155 Victoria Road,York,TS29 3XX,44975309175,cardiovascular medicine,R0004045,1
6925,Fatima,Thomas, Dr,4106561458,28 High St,Durham,TS20 5XX,0166 673 2965,pediatrics,R0003357,2
6926,Grace,Thomas,,0776581328,90 High Street,Middlesbrough,TS27 4XX,72797268822,pediatrics,R0002743,2
6927,Wei,Taylor,,4345879520,122 Station Road,Leeds,TS14 5XX,43860517250,paediatrics,R0005091,2
6928,Priya,Sharma,,9900695564,23 Park Avenue,Middlesbrough,TS2 1XX,25250412607,general practice,R0003506,2
6929,Omar,Smith,,7934146270,214 Park Avenue,York,TS7 3XX,26651284439,pediatrics,R0001679,2
6930,Omar,Williams, MD,0027371935,169 Park Avenue,Middlesbrough,TS21 2XX,5333 442 2496,cardiovascular medicine,R0004250,2
6931,Omar,Ahmed, MD,0936861297,281 Park Avenue,York,TS28 6XX,79986221832,orthopedics,R0003148,2
6932,Grace,Wilson,,6336131498,42 Park Avenue,Durham,TS11 6XX,85161310764,pediatrics,R0002294,1
6933,Rajesh,Thomas,,3253036726,175 Station Road,Middlesbrough,TS27 1XX,81453274701,cardiovascular medicine,R0006932,2
6934,David,Davies,,2476189435,272 Victoria Road,York,TS1 1XX,87711323521,orthopaedics,R0000579,2
6935,Aisha,Patel, Dr,7558001490,64 Church Ln,York,TS6 3XX,2159 466 8898,cardiovascular medicine,R0001471,2
6936,David,Nguyen,,6348358188,204 Church Lane,Leeds,TS5 7XX,35050589857,cardiology,R0004799,4
6937,David,Brown,,4467958608,220 Church Lane,York,TS25 7XX,95443237262,cardiovascular medicine,R0004070,2
6938,Wei,Davies,,1536790278,291 Station Road,Middlesbrough,TS3 1XX,09909654249,ortho surgery,R0005308,1
6940,Elena,Patel,,9114428096,276 Station Road,York,TS3 8XX,79098563598,orthopaedics,R0004991,2
6942,Lucy,Davies,,0976099830,102 Park Avenue,York,TS8 3XX,68595530236,pediatrics,R0003671,2
6944,G.,Patel,,6991938544,98 High Street,Durham,TS12 3XX,5307 888 0615,orthopaedics,R0005237,3
6945,Priya,Ali,,6297753912,72 Station Road,Durham,TS25 7XX,25599398279,general practice,R0005214,2
6946,Aisha,Taylor, Jr,0676507931,27 Station Road,Durham,TS19 8XX,4825 623 8566,gp,R0002849,2
6947,Aisha,Evans,,4740888699,104 Park Avenue,Durham,TS20 3XX,26776730914,ortho surgery,R0005807,3
6948,Lucy,Evans,,5425084389,134 Victoria Road,Newcastle,TS14 7XX,76227006497,pediatrics,R0004729,1
6950,Priya,Davies,,4384439326,27 Church Lane,Newcastle,TS15 5XX,80676240186,orthopedics,R0001664,1
6951,David,Khan,,9322164286,71 Church Lane,York,TS20 2XX,82058733528,cardiology,R0001012,1
6953,John,Brown,,4219756429,222 Victoria Road,Leeds,TS24 4XX,71418326937,gp,R0001149,2
6954,Fatima,Brown,,4249459870,205 Victoria Road,Middlesbrough,TS2 3XX,41596988160,gp,R0002838,2
6955,Fatima,Roberts,,4987389786,11 Church Lane,York,TS27 1XX,6919 941 7130,ortho surgery,R0005949,1
6956,John,Thomas,,3507445257,128 Station Road,Middlesbrough,TS12 2XX,36172872510,ortho surgery,R0000116,1
6957,Omra,Evans, MD,0021537179,259 High St,Durham,TS15 1XX,2783 128 5407,cardiovascular medicine,R0000741,2
6958,A.,Jones, Jr,8417825064,88 Victoria Rd,York,TS8 6XX,3463 219 3827,family medicine,R0007205,4
6959,Rajesh,Ali, Dr,1321984379,102 High St,Middlesbrough,TS21 6XX,(7530) 4105975,family medicine,R0006070,1
6960,Sarah,Brown,,4967083026,92 High Street,Durham,TS5 7XX,18714003277,pediatrics,R0005177,2
6961,Fatima,Taylor,,4439775759,20 High Street,Durham,TS14 3XX,69242852921,cardiology,R0003675,1
6962,Lucy,Evans, Dr,0771236423,3 Victoria Rd,Leeds,TS23 3XX,98217254410,family medicine,R0005907,4
6963,Priya,Thomas,,4696427570,61 High Street,Middlesbrough,TS20 5XX,33699460903,cardiovascular medicine,R0000830,1
6964,Grace,Williams,,8392570934,132 Park Avenue,Durham,TS1 7XX,69464889573,cardiology,R0000119,1
6965,Wei,Davies,,0124211882,10 Park Avenue,Durham,TS8 5XX,0357 317 7112,orthopedics,R0004753,4
6968,James,Jones,,9043233818,278 Victoria Road,Leeds,TS26 7XX,09201953627,orthopaedics,R0007417,2
6969,Lucy,Davies,,5588030362,43 High Street,York,TS16 6XX,0276 888 5949,orthopaedics,R0000636,2
6970,Elena,Brown,,3597928430,157 Victoria Road,Middlesbrough,TS15 8XX,61952285328,pediatrics,R0004465,1
6971,Wei,Ali,,7620693159,91 Church Lane,Leeds,TS28 2XX,32183747059,gp,R0004362,3
6972,James,Ali, MD,6484942126,87 high street,York,TS4 8XX,1734 089 9959,pediatrics,R0006799,2
6973,A.,Davies,,4914169192,40 Victoria Rd,Middlesbrough,TS2 5XX,8084 790 1155,cardiology,R0006966,2
6974,L.,Taylor, Dr,,107 Victoria Rd,Newcastle,TS19 2XX,42240209815,gp,R0004142,1
6975,Omar,Roberts,,3644721481,124 Station Road,Durham,TS14 5XX,58844248564,paediatrics,R0000991,2
6976,Aihsa,Taylor, Dr,5449296968,161 Church Ln,York,TS15 5XX,(9864) 4052879,family medicine,R0000876,1
6977,G.,Ali, Jr,5858303386,205 Park Ave,Middlesbrough,TS20 6XX,92607874404,family medicine,R0004870,2
6978,E.,Evans, MD,8344707240,156 Victoria Road,Middlesbrough,TS7 6XX,32503153610,pediatrics,R0005314,3
6979,Chen,Patel,,5115252427,61 Victoria Road,Middlesbrough,TS13 8XX,99090248475,orthopaedics,R0005219,4
6981,Rajesh,Ali,,3980342802,253 Station Road,York,TS21 1XX,64608527431,cardiology,R0003050,2
6982,James,Kahn,,6482203095,208 Park Avenue,Durham,TS1 5XX,48142370073,orthopedics,R0005691,2
6983,James,Sharma,,5890723897,11 High Street,Middlesbrough,TS29 2XX,25168348807,general practice,R0003124,1
6984,Priya,Khan,,0248586034,37 Church Lane,Durham,TS18 7XX,03919331523,ortho surgery,R0006407,1
6985,Fatima,Sharma,,6893929156,116 High Street,York,TS9 7XX,41000432345,cardiology,R0002660,1
6986,Amara,Williams, Jr,7178151660,247 Victoria Road,Leeds,TS14 3XX,9793 552 9894,paediatrics,R0002492,2
6987,James,Ali,,4459575406,141 Church Lane,Newcastle,TS5 7XX,61587260140,cardiovascular medicine,R0005173,1
6988,John,Nguyen,,5737580928,200 Station Road,Durham,TS10 7XX,73199132217,pediatrics,R0003854,2
6989,Grace,Ali,,5221577698,80 Station Road,Newcastle,TS2 6XX,50387571164,general practice,R0004932,2
6990,James,Sharma,,9901980449,105 Park Avenue,Durham,TS1 6XX,84424319217,general practice,R0004777,1
6991,John,Nguyen,,3944323132,45 High Street,Leeds,TS2 2XX,70360700180,pediatrics,R0001714,2
6992,Rajesh,Patel, Dr,5265098957,49 victoria rd,Leeds,TS25 8XX,3946 007 2740,cardiovascular medicine,R0006448,2
6993,Grace,Evans,,3308396089,15 Park Avenue,Newcastle,TS23 5XX,14237831860,pediatrics,R0006712,2
6994,Sarah,Davies,,2984234533,76 Church Lane,Middlesbrough,TS2 4XX,75045766049,ortho surgery,R0006456,2
6995,Fatima,Kahn,,2884225382,58 Station Rd,York,TS9 4XX,2841 184 3393,paediatrics,R0006292,3
6997,Chen,Roberts,,7621207246,96 Park Ave,York,TS22 1XX,(2776) 9905930,orthopaedics,R0003263,2
6998,Amara,Jones,,1571567170,64 Station Road,Leeds,TS25 2XX,79930271637,family medicine,R0000573,2
6999,Priya,Davies,,2091353126,280 High Street,Middlesbrough,TS9 8XX,16352940239,orthopedics,R0003769,1
7000,Sarah,Davies,,4924612776,265 High Street,Leeds,TS27 8XX,45060058945,cardiovascular medicine,R0003735,2
7001,F.,Smith,,8363948904,203 Park Avenue,Newcastle,TS21 6XX,31908038222,general practice,R0004146,2
7002,Priya,Thomas,,1678207491,196 Church Lane,Middlesbrough,TS15 1XX,76044644858,cardiovascular medicine,R0000852,2
7003,Chen,Nguyen,,9219620780,38 Church Lane,York,TS14 3XX,33991752173,general practice,R0001982,3
7005,Omar,Williams,,4434397383,195 Station Road,Durham,TS6 2XX,52831541015,family medicine,R0005918,2
7006,Rajesh,Nguyen,,4565048216,1 Park Avenue,Durham,TS21 3XX,58166291851,cardiology,R0004929,2
7007,Chen,Smith,,9520819926,92 Church Lane,York,TS3 4XX,45341356163,cardiology,R0005210,2
7008,Elena,Ali, Dr,2483033675,190 church ln,York,TS5 2XX,68509378911,cardiovascular medicine,R0001166,2
7009,A.,Davies, MD,8953577413,111 Church Lane,Durham,TS18 8XX,63743076034,family medicine,R0006614,2
7010,Grace,Jones,,7170462666,134 Station Road,Durham,TS22 3XX,79877827139,cardiology,R0000486,6
7011,John,Nguyen,,9305865497,155 Victoria Road,Middlesbrough,TS9 1XX,50898058407,family medicine,R0005543,3
7012,Grace,Thomas,,7233145224,34 High Street,York,TS11 6XX,73350112525,cardiovascular medicine,R0002700,2
7013,M.,Thomas,,8645331432,106 Station Rd,Durham,TS23 7XX,8938 489 7336,family medicine,R0004495,2
7014,R.,Davies, MD,1032524641,295 Church Ln,Newcastle,TS23 2XX,88695910445,pediatrics,R0006656,3
7015,John,Taylor,,0660982684,163 High Street,York,TS11 7XX,09333067218,paediatrics,R0003847,1
7016,James,Roberts,,5424619780,74 Victoria Road,Newcastle,TS11 5XX,58295031844,pediatrics,R0002366,3
7017,Rajesh,Wilson,,1224324187,247 Victoria Road,Leeds,TS18 7XX,39115368373,pediatrics,R0004115,2
7018,James,Roberts, Jr,1708294547,27 Station Road,York,TS8 7XX,(8567) 4296054,cardiovascular medicine,R0004781,2
7019,Omar,Nguyen,,0988920658,80 Church Lane,Middlesbrough,TS16 4XX,87871812108,pediatrics,R0004131,2
7020,John,Daives, Jr,9098288106,11 Station Road,Newcastle,TS20 8XX,(4909) 1719236,family medicine,R0002950,1
7021,Priya,Nguyen,,2795034035,183 Park Avenue,Middlesbrough,TS18 6XX,04086569626,gp,R0005624,2
7022,Aisha,Roberts,,7021930773,104 Victoria Road,Newcastle,TS17 1XX,80483395997,orthopedics,R0006971,2
7023,Sarah,Nguyen, MD,9655323666,212 Victoria Road,Newcastle,TS18 2XX,(7376) 0000209,ortho surgery,R0000524,1
7024,Elena,Thomas, Dr,5150621734,201 High St,Newcastle,TS3 6XX,(6178) 1173350,paediatrics,R0002455,1
7025,Elena,Kahn,,2947281186,247 Victoria Road,York,TS22 5XX,0399 482 3700,orthopaedics,R0005016,2
7026,John,Roberts,,3305489721,39 Church Lane,Durham,TS1 4XX,02302697394,orthopaedics,R0001841,2
7027,Rajesh,Williams,,8802506093,258 Church Lane,Newcastle,TS17 5XX,96446206653,cardiology,R0005985,2
7028,Aisha,Jones,,1591443624,232 Victoria Road,Leeds,TS1 8XX,27750964877,orthopedics,R0000537,1
7029,Lucy,Sharma,,7607111505,244 Park Avenue,York,TS8 3XX,73665307340,ortho surgery,R0002806,1
7032,Priya,Ali,,1914525584,105 Victoria Rd,Durham,TS24 6XX,16736666663,pediatrics,R0004343,3
7033,Amara,Brown,,4555965922,186 High Street,Leeds,TS3 2XX,66698314992,general practice,R0003175,2
7034,Sarah,Evans,,7970840514,58 Church Lane,Middlesbrough,TS25 5XX,94582919652,paediatrics,R0000783,2
7036,Fatima,Patel, Dr,4425248722,194 high st,Leeds,TS1 2XX,98574690317,paediatrics,R0001410,2
7037,A.,Brown, Jr,7469868179,187 Victoria Rd,Leeds,TS13 6XX,(0628) 6306560,family medicine,R0002537,3
7038,Elena,Ali,,1327459570,7 Station Road,Newcastle,TS25 6XX,31872564912,orthopedics,R0000152,4
7039,Rajesh,Williams,,4780772032,233 High St,Leeds,TS6 8XX,0538 453 8653,paediatrics,R0003010,2
7041,S.,Evans, MD,,187 victoria road,Newcastle,TS17 8XX,3241 050 0421,cardiovascular medicine,R0002901,1
7042,Garce,Williams, Jr,9156382221,55 Station Rd,Leeds,TS11 6XX,(6079) 1585850,pediatrics,R0007427,3
7043,Grace,Jones,,7954817739,118 Church Lane,Leeds,TS8 6XX,99917824065,general practice,R0004721,1
7044,James,Brown,,9987656255,185 High Street,Leeds,TS10 6XX,32756335398,gp,R0003862,2
7045,Aisha,Khan,,8028353809,153 Station Road,York,TS8 7XX,71265536916,gp,R0002732,2
7046,Lucy,Khan, Dr,5887373359,63 Station Rd,Newcastle,TS26 3XX,2041 988 2642,orthopedics,R0001893,4
7047,Rajesh,Patel,,4973583643,290 High Street,Newcastle,TS16 5XX,06286431709,cardiology,R0005441,3
7048,Wei,Smith,,3189995342,108 Victoria Road,York,TS12 6XX,33200492633,pediatrics,R0000569,2
7049,David,Thomas,,1100410660,78 Church Lane,Leeds,TS28 6XX,9624 970 2745,pediatrics,R0006709,2
7051,James,Nguyen,,5930616016,144 Park Avenue,Middlesbrough,TS6 7XX,02950837633,cardiovascular medicine,R0001816,2
7052,Jaems,Williams, MD,7393609673,177 Station Rd,York,TS8 1XX,67655957403,cardiovascular medicine,R0002065,2
7053,David,Thomas,,1239682802,192 Church Lane,Middlesbrough,TS25 7XX,53065761171,paediatrics,R0000127,2
7054,Sarah,Williams,,7591945075,20 Park Avenue,Newcastle,TS7 8XX,(4370) 6925759,cardiology,R0003395,2
7055,Priya,Roberts,,6120731153,285 Victoria Road,Newcastle,TS6 7XX,04526599873,gp,R0003326,2
7057,Sarah,Sharma, MD,1208798896,125 Victoria Road,Newcastle,TS16 7XX,5312 789 8126,ortho surgery,R0006101,4
7059,Elena,Smith,,0178419211,51 Station Road,Durham,TS12 4XX,39664586808,ortho surgery,R0000978,3
7060,Priya,Brown,,1037947266,138 Station Rd,York,TS20 3XX,6250 458 3005,family medicine,R0002301,2
7062,Wei,Ali,,6649411672,180 Park Avenue,Newcastle,TS16 8XX,14531432348,orthopaedics,R0001138,2
7063,Omar,Khan,,9183442816,237 Station Road,Newcastle,TS15 8XX,47637316377,paediatrics,R0005088,2
7064,A.,Khan,,7380225415,152 victoria rd,Middlesbrough,TS8 4XX,7122 606 4388,orthopedics,R0000701,3
7065,Chen,Sharma,,4745267348,264 Station Road,Leeds,TS21 5XX,68933196580,gp,R0007363,2
7066,Fatima,Smith,,9190545480,121 Victoria Road,Durham,TS23 2XX,03378470706,family medicine,R0000605,2
7067,Chen,Sharma,,1926892049,212 Church Lane,Newcastle,TS25 5XX,89674937998,cardiology,R0004276,1
7068,Rajesh,Davies,,0609853767,193 Church Lane,Leeds,TS3 3XX,54529383462,pediatrics,R0000301,2
7069,Omar,Patel,,6692707144,166 Victoria Road,Durham,TS15 3XX,93841808799,cardiovascular medicine,R0006639,3
7070,Grace,Williams,,8722132321,252 Park Avenue,Leeds,TS3 6XX,24821705841,cardiovascular medicine,R0003420,2
7071,Amara,Nguyen,,5725152428,297 Park Avenue,Durham,TS21 1XX,33176997841,ortho surgery,R0007223,2
7072,Aisha,Nguyen,,1615375464,3 High Street,York,TS23 4XX,10273934760,orthopedics,R0001060,1
7073,Rajesh,Ali,,4048691965,159 High Street,Middlesbrough,TS8 6XX,56672839705,cardiovascular medicine,R0007280,2
7074,Priya,Taylor,,2485146812,240 Station Road,Middlesbrough,TS12 6XX,67349644283,paediatrics,R0007347,4
7075,David,Williams,,5208858998,29 High Street,Durham,TS27 2XX,03885918892,family medicine,R0002565,2
7076,J.,Evans,,3105462392,251 Church Lane,Newcastle,TS1 2XX,12277026998,paediatrics,R0007491,3
7077,Chen,Ali,,3922563771,29 Victoria Road,Middlesbrough,TS16 4XX,41309142139,cardiology,R0001068,2
7078,Rajesh,Khan,,1761550383,102 Park Avenue,Durham,TS1 8XX,96180546185,pediatrics,R0002524,1
7079,Dvaid,Brown, Jr,2429643923,206 Station Road,York,TS18 1XX,(5946) 6964083,family medicine,R0002205,2
7080,Aisha,Smith,,5584928592,205 Station Road,York,TS17 2XX,64156096278,paediatrics,R0001243,1
7081,Priya,Evans,,7320992010,266 Victoria Road,Newcastle,TS5 6XX,13578012397,general practice,R0000016,1
7082,Fatima,Smith, Dr,4255530778,198 Park Ave,Leeds,TS20 8XX,05695877057,cardiology,R0003120,3
7084,Omar,Khan,,9272129555,67 Church Ln,Durham,TS9 1XX,8386 872 1129,cardiology,R0004643,3
7086,D.,Roberts, Dr,,217 Church Ln,Durham,TS2 1XX,3459 743 7287,general practice,R0000815,1
7087,Grace,Smith,,2310235883,177 Church Lane,Middlesbrough,TS25 2XX,06344685687,orthopedics,R0003067,2
7088,Mohammed,Patel,,9695463788,261 Station Rd,York,TS22 1XX,(6463) 1119315,ortho surgery,R0007168,2
7089,Sarah,Ahmed, MD,4148177714,83 Victoria Road,Leeds,TS15 7XX,5315 423 9670,orthopaedics,R0005599,4
7090,S.,Brown,,9070469207,158 Victoria Road,York,TS2 5XX,34039095592,cardiovascular medicine,R0000960,2
7091,John,Roberts,,2055036012,12 Church Lane,York,TS2 3XX,64651216359,pediatrics,R0007021,2
7092,David,Ahmed,,5466512135,11 Station Road,York,TS9 6XX,(5708) 7709650,pediatrics,R0006428,3
7093,Rajesh,Thomas,,5280031394,87 Church Lane,Leeds,TS21 4XX,20674389426,orthopaedics,R0004893,1
7094,Mohammed,Nguyen,,2076840042,167 Victoria Road,Middlesbrough,TS26 2XX,12143550111,orthopedics,R0000224,2
7095,David,Davies, Jr,,22 Church Lane,Middlesbrough,TS6 6XX,67466840829,family medicine,R0006170,1
7096,Omar,Khan,,9361164098,236 High Street,Durham,TS5 6XX,77502963948,cardiovascular medicine,R0003353,3
7098,David,Ahmed,,7395778657,209 Church Lane,Newcastle,TS15 6XX,21587386597,orthopedics,R0002485,1
7100,Elena,Ali,,2521108802,129 Church Lane,Middlesbrough,TS11 8XX,35808469638,general practice,R0003436,2
7102,Priya,Taylor,,3669898608,228 Station Road,Leeds,TS28 5XX,53933739468,gp,R0006180,2
7103,Amaar,Patel,,8235286524,252 Station Rd,Newcastle,TS23 1XX,57511755224,cardiovascular medicine,R0001695,3
7104,Rajesh,Nguyen,,3305934321,37 Park Avenue,York,TS25 2XX,2691 512 0766,gp,R0006894,3
7105,Aisha,Patel,,5148551935,16 Victoria Road,Durham,TS22 2XX,45138989918,paediatrics,R0001044,2
7107,John,Patel,,7885599572,268 Park Avenue,Newcastle,TS27 8XX,15540770382,ortho surgery,R0004565,1
7108,Mohammed,Khan,,3631845554,74 Park Avenue,Newcastle,TS27 4XX,30492876570,general practice,R0000954,2
7110,David,Khan,,6339509061,281 Station Road,Newcastle,TS5 8XX,23972740224,cardiovascular medicine,R0002735,1
7111,Omar,Thomas,,0465919446,233 Victoria Road,Middlesbrough,TS22 3XX,64177319383,paediatrics,R0007355,2
7112,Lucy,Sharma,,7923849534,72 Victoria Road,Middlesbrough,TS20 7XX,85393354235,general practice,R0004735,1
7113,W.,Patel,,8855795257,6 Park Avenue,York,TS5 1XX,63914508392,general practice,R0007226,3
7114,Chen,Patel, MD,5705096151,217 Victoria Rd,Middlesbrough,TS18 1XX,19316258622,paediatrics,R0001219,2
7116,David,Wilson,,4936962070,54 High St,Newcastle,TS2 3XX,69863256696,cardiology,R0005511,3
7117,C.,Ahmed,,0122234029,55 Station Road,Middlesbrough,TS26 1XX,60263633301,cardiovascular medicine,R0007136,3
7118,Chen,Khan, MD,8742658502,209 station rd,York,TS11 8XX,26399776550,cardiovascular medicine,R0001527,2
7119,Fatima,Tayolr,,2149725583,63 Station Road,York,TS5 7XX,3846 776 6309,gp,R0003989,3
7120,A.,Patel,,2575780679,127 Victoria Road,Newcastle,TS19 3XX,17154606144,cardiology,R0007407,3
7121,Mohammed,Nguyen,,7787938138,182 High Street,York,TS10 1XX,25661310363,pediatrics,R0001300,2
7122,Rajesh,Wilson,,0308769808,261 High Street,Middlesbrough,TS15 6XX,95503283708,cardiovascular medicine,R0007336,2
7123,Fatima,Ahmed, Dr,6869966619,179 victoria rd,Durham,TS12 3XX,05668565065,orthopedics,R0006945,2
7124,Fatima,Brown,,3699549112,180 Victoria Road,Leeds,TS13 2XX,44801713065,cardiovascular medicine,R0005699,3
7126,Priya,Evans,,1890117268,47 Park Avenue,Newcastle,TS15 8XX,74267139191,family medicine,R0004067,1
7127,Chen,Patel,,6498633440,239 High St,Durham,TS2 4XX,(1430) 2040403,cardiovascular medicine,R0005801,3
7128,M.,Roberts,,5138772690,270 station rd,Middlesbrough,TS4 8XX,2109 472 6865,ortho surgery,R0000957,2
7129,Priya,Nguyen,,5058507864,283 Park Avenue,Leeds,TS6 7XX,47585335911,orthopedics,R0003790,2
7130,Wei,Roberts,,7514929163,206 High Street,Durham,TS14 3XX,24150257369,orthopaedics,R0003234,2
7131,James,Ahmed,,4601393554,298 Victoria Road,Durham,TS13 3XX,29112869740,cardiovascular medicine,R0002869,1
7132,Elena,Khan,,2995494401,101 Church Lane,Leeds,TS2 6XX,60923189909,cardiology,R0003777,3
7133,Mohammed,Nguyen, Dr,5335381349,128 Station Rd,Leeds,TS12 6XX,9065 316 6165,gp,R0004433,2
7134,Fatima,Brown,,6807386058,241 Park Avenue,Durham,TS4 8XX,68896501698,ortho surgery,R0004973,4
7135,Lucy,Taylor,,1538520450,146 Church Lane,Durham,TS25 6XX,12051046116,cardiovascular medicine,R0006015,2
7136,Lucy,Roberts, MD,2576620999,42 High Street,Durham,TS8 3XX,(4255) 9879408,family medicine,R0002961,2
7137,Lucy,Brown,,0476762559,68 Station Road,Leeds,TS7 4XX,64707984773,family medicine,R0005980,2
7138,Mohammed,Khan,,8270661496,10 Victoria Road,York,TS7 4XX,49465338246,cardiology,R0002199,2
7139,Fatima,Brown,,1189718651,138 Victoria Road,York,TS2 2XX,40349059891,cardiovascular medicine,R0000097,2
7140,Priya,Williams,,4089539126,221 Church Lane,Middlesbrough,TS24 4XX,42291388151,paediatrics,R0007291,3
7142,S.,Taylor,,6203561612,78 church lane,Middlesbrough,TS17 1XX,25242511936,cardiology,R0003183,2
7143,Sarah,Khan, Jr,7896412634,208 High Street,York,TS7 1XX,1530 510 1492,family medicine,R0000254,2
7144,Omar,Khan,,2645786195,237 Park Avenue,Durham,TS10 6XX,88909395677,general practice,R0003923,1
7145,Aisha,Jones,,6796289346,233 Victoria Road,York,TS22 7XX,23852520409,ortho surgery,R0004199,2
7146,Rajesh,Khan,,7205170403,123 Victoria Rd,Durham,TS16 2XX,3352 963 1546,cardiology,R0001445,2
7147,O.,Brown,,7540367217,67 station road,Leeds,TS13 5XX,34984335355,paediatrics,R0005539,2
7148,Priya,Williams,,4978910528,138 Church Lane,Middlesbrough,TS7 3XX,03586047359,pediatrics,R0001648,2
7149,Chen,Williams,,3626857716,282 Station Road,Newcastle,TS22 1XX,20359342537,orthopaedics,R0004682,3
7150,Chen,Williams,,4136623557,298 Church Lane,Durham,TS8 2XX,92821307959,cardiovascular medicine,R0004723,2
7151,Lucy,Evans,,2687483993,74 Park Avenue,Newcastle,TS9 6XX,54647921698,orthopaedics,R0003991,1
7152,Lucy,Khan,,2293389087,141 Victoria Road,Middlesbrough,TS2 3XX,84723847619,cardiovascular medicine,R0001696,2
7153,Fatima,Smith,,6168915446,109 Victoria Road,York,TS17 6XX,53865022613,family medicine,R0003191,1
7154,O.,Thomas, Dr,6210866550,103 Station Road,York,TS12 5XX,33108979684,cardiovascular medicine,R0006197,3
7156,Amara,Williams,,8863124879,69 Church Lane,York,TS7 6XX,60495417999,paediatrics,R0004499,1
7157,David,Smith,,1407544880,43 Park Avenue,York,TS23 7XX,76287225364,orthopedics,R0001153,2
7158,Amara,Ali,,8975640156,77 Station Road,Middlesbrough,TS3 3XX,84988929971,general practice,R0002255,1
7159,Davdi,Ali, Jr,2473809130,29 High St,Durham,TS18 6XX,7426 357 5961,ortho surgery,R0006960,2
7160,W.,Nguyen,,6149048939,45 park ave,York,TS23 7XX,2070 737 6006,orthopaedics,R0001683,4
7161,Omar,Sharma,,7941935988,91 Station Road,Durham,TS10 5XX,38792926177,cardiovascular medicine,R0003169,2
7162,M.,Wilson,,8067424896,99 Church Lane,Durham,TS20 7XX,(1032) 6597187,general practice,R0002057,2
7163,Chen,Smith,,4657396055,101 High Street,Leeds,TS6 8XX,05121999209,cardiology,R0007158,2
7164,Fatima,Ali,,9121290598,39 Church Lane,York,TS12 6XX,95493026486,orthopaedics,R0004090,1
7165,Amara,Wilson,,8047746729,278 Park Avenue,Leeds,TS5 4XX,44535486602,cardiovascular medicine,R0007310,3
7166,Grace,Davies,,6704295135,76 Station Road,Durham,TS23 5XX,56260738295,ortho surgery,R0003108,2
7167,C.,Jones,,5920306762,116 High St,Middlesbrough,TS4 3XX,03254681173,pediatrics,R0004548,1
7168,David,Nguyen, MD,3741384764,232 station road,Durham,TS20 3XX,03072329897,orthopedics,R0003723,2
7171,David,Taylor,,7397039749,287 Victoria Road,York,TS20 6XX,81131209226,family medicine,R0007039,2
7173,John,Roberts,,0751358846,148 Church Lane,Durham,TS29 1XX,81941087498,pediatrics,R0004976,2
7175,Omar,Khan, Dr,4251502110,210 High Street,Durham,TS21 8XX,4293 655 7036,orthopaedics,R0007400,3
7176,Aisha,Ali,,0718567628,88 Church Lane,York,TS10 1XX,53639647665,paediatrics,R0000623,1
7177,Aisha,Wilson,,3039419043,43 Church Lane,York,TS13 7XX,06699350898,paediatrics,R0006488,2
7178,Lucy,Thomas,,6878048335,298 Park Avenue,Leeds,TS19 4XX,91039740697,general practice,R0007217,1
7179,Rajesh,Jones,,9062410571,122 High Street,Leeds,TS3 4XX,24638504645,paediatrics,R0005883,2
7180,Elena,Khan, Jr,3356882951,232 Church Ln,Durham,TS4 8XX,(0032) 4235594,cardiology,R0000262,1
7181,Lucy,Patel,,3691578775,191 High Street,Middlesbrough,TS24 3XX,60535374794,cardiovascular medicine,R0005729,2
7182,David,Smith,,0301275730,271 Church Lane,Newcastle,TS19 2XX,00820384959,orthopedics,R0003369,2
7183,Amara,Sharma,,1540582853,136 Victoria Road,Newcastle,TS27 7XX,68888398810,gp,R0004060,2
7184,Sarah,Khan, Dr,8793705494,64 Church Ln,Newcastle,TS11 8XX,1815 413 1275,gp,R0005534,2
7185,Sarah,Taylor,,1710239677,150 Church Lane,Middlesbrough,TS11 6XX,53408222142,family medicine,R0006294,2
7186,Lucy,Patel, MD,3056414865,79 Victoria Rd,Leeds,TS16 3XX,(8738) 2404567,family medicine,R0006065,3
7187,James,Brown,,9005966907,175 Victoria Road,Durham,TS7 8XX,43251925018,ortho surgery,R0006616,2
7188,Omar,Brown,,3652955269,188 Park Avenue,York,TS19 2XX,06107488173,cardiovascular medicine,R0001802,2
7190,Amara,Evans,,7857889184,263 Station Rd,Newcastle,TS27 3XX,6909 889 7245,paediatrics,R0007487,3
7191,Aisha,Davies,,2932894662,66 Church Lane,Middlesbrough,TS26 7XX,16006783953,cardiology,R0002385,2
7192,L.,Thomas,,5364341914,136 Church Ln,Leeds,TS9 3XX,(5472) 8616445,ortho surgery,R0006694,1
7193,James,Khan,,1299594267,150 Church Lane,Durham,TS18 4XX,87089745164,cardiovascular medicine,R0005759,2
7194,Lucy,Khna, Jr,4473758177,57 Victoria Road,York,TS10 5XX,(9162) 7481193,pediatrics,R0001959,3
7195,Fatima,Sharma,,1375142107,228 High St,Middlesbrough,TS26 7XX,5701 370 6092,cardiovascular medicine,R0002976,2
7196,David,Ahmed,,3747429575,119 Station Road,Newcastle,TS11 8XX,40095386661,pediatrics,R0000488,2
7197,Omar,Sharma, Jr,2080830977,112 Church Ln,Durham,TS4 2XX,57546053419,orthopaedics,R0001844,2
7199,Amara,Taylor,,2564744618,3 Park Avenue,Leeds,TS7 7XX,00641374507,general practice,R0002911,1
7200,J.,Smith,,5625277758,44 High St,York,TS2 7XX,04174599432,cardiovascular medicine,R0003219,2
7201,Mohammed,Sharma,,2626579091,217 Church Lane,Leeds,TS19 6XX,8493 235 6823,cardiology,R0000144,4
7202,Omar,Roberts,,4816313658,271 Park Avenue,York,TS9 7XX,31771965977,family medicine,R0005630,1
7203,Lucy,Taylor,,6210558734,74 High Street,Durham,TS4 1XX,59311864916,ortho surgery,R0001986,3
7204,D.,Sharma, MD,0880551583,218 park avenue,Newcastle,TS14 1XX,21362592836,paediatrics,R0001370,3
7205,Mohammed,Wilson,,6965312095,19 Church Ln,Durham,TS19 7XX,0503 319 6854,paediatrics,R0006545,4
7206,J.,Thomas, Jr,1680157959,258 Church Lane,Newcastle,TS4 6XX,25840504146,orthopedics,R0006051,3
7207,James,Sharma,,5213083504,157 Victoria Road,Leeds,TS21 3XX,69118525248,pediatrics,R0007097,2
7208,Chen,Evans,,9500118961,190 Victoria Road,Leeds,TS26 6XX,47696309716,paediatrics,R0002811,1
7209,Chen,Thomas,,3540543155,231 High Street,Durham,TS5 2XX,43903729799,orthopedics,R0000659,1
7210,Rajesh,Wilson,,0997048696,232 Park Avenue,Leeds,TS24 5XX,82206723573,orthopaedics,R0001793,2
7211,Aisha,Smith,,8944965292,165 Station Road,Newcastle,TS15 7XX,96175119149,cardiovascular medicine,R0002511,2
7212,Lucy,Smith,,8055204858,115 Station Road,Durham,TS26 4XX,98541183932,family medicine,R0003397,2
7213,Mohammed,Ali,,9852688079,24 High Street,Durham,TS19 5XX,79605527517,general practice,R0004281,2
7214,Aisha,Jones,,5661714721,221 Park Avenue,Leeds,TS24 8XX,37292873866,orthopaedics,R0001147,2
7215,Lucy,Williams,,4300762150,10 Station Road,Durham,TS6 7XX,81675293219,cardiology,R0003272,1
7216,Jhon,Khan,,9430195990,32 Station Road,Newcastle,TS15 5XX,57986531706,general practice,R0000608,2
7217,Grace,Ali,,5807071852,5 Victoria Road,York,TS27 4XX,40262125379,pediatrics,R0006287,1
7218,Lucy,Jones,,0652966135,25 Station Road,York,TS3 6XX,07395386910,ortho surgery,R0006895,1
7220,Lucy,Jones,,9627821270,220 Station Road,Leeds,TS1 5XX,81898742954,family medicine,R0001930,2
7221,John,Roberts, Jr,1956151492,6 High St,Middlesbrough,TS14 6XX,91614235188,paediatrics,R0007125,3
7222,J.,Nguyen, MD,4648120723,234 Victoria Road,Leeds,TS5 1XX,29592313583,orthopedics,R0000198,3
7223,Mohammed,Davies,,9985673548,246 Church Lane,York,TS16 2XX,28169667119,cardiology,R0002930,2
7224,A.,Khan, Jr,9816300589,267 Park Ave,Newcastle,TS7 2XX,(1171) 4791101,cardiology,R0002327,3
7225,Omra,Khan, Dr,5657333105,213 Victoria Rd,Middlesbrough,TS8 1XX,(2192) 9633098,ortho surgery,R0004390,4
7226,Wei,Wilson, MD,9451559236,248 Victoria Road,Leeds,TS21 8XX,64220141060,gp,R0000766,2
7227,James,Brown,,4004191074,242 Church Lane,Leeds,TS1 6XX,53217095182,general practice,R0004496,2
7228,Grace,Shamra, Dr,5540421477,178 Station Road,York,TS6 3XX,4367 508 4826,cardiovascular medicine,R0004218,2
7229,Elena,Taylor,,3866648603,287 Victoria Road,Leeds,TS28 7XX,97114398790,gp,R0003255,2
7230,Wei,Jones,,4048768768,62 High Street,Newcastle,TS9 6XX,94034995944,gp,R0000202,2
7231,Fatima,Wilson,,3390422109,159 Victoria Road,Durham,TS27 7XX,18808794776,gp,R0003509,2
7232,Rajesh,Smith,,3357181939,256 High Street,Leeds,TS29 2XX,35137446980,family medicine,R0004931,1
7233,Mohammed,Williams,,7787140978,168 Park Avenue,Middlesbrough,TS20 7XX,68534420425,paediatrics,R0006390,3
7234,Rajesh,Thomas,,9571046344,263 Church Lane,Durham,TS1 2XX,88349481855,orthopedics,R0005535,1
7235,Elena,Brown,,6373498539,231 Church Lane,Leeds,TS18 4XX,82049080541,gp,R0001733,2
7236,Elena,Ali,,1169695212,111 Victoria Road,Durham,TS25 2XX,22796787289,gp,R0005790,2
7237,James,Williams,,4510900132,217 Victoria Road,Middlesbrough,TS5 1XX,68153662604,gp,R0002777,1
7238,Amara,Khan,,0069007771,124 Victoria Road,Durham,TS5 1XX,67755613086,cardiovascular medicine,R0001706,3
7239,James,Khan,,2654557494,269 Victoria Road,Durham,TS12 3XX,50353059437,cardiology,R0005171,2
7240,Wei,Sharma,,2022136967,74 Church Lane,Durham,TS26 8XX,05695279334,family medicine,R0005249,2
7241,Rajesh,Ali, Jr,0141273311,262 Victoria Rd,Leeds,TS2 3XX,37309530268,family medicine,R0005758,2
7242,Elean,Jones, Dr,,158 high street,Middlesbrough,TS28 3XX,(9933) 8658263,cardiovascular medicine,R0003474,1
7243,Amara,Brown,,0225609062,213 Victoria Road,York,TS18 2XX,39806864479,cardiovascular medicine,R0006528,2
7244,Priya,Taylor, Dr,6225386787,240 Church Lane,Leeds,TS8 3XX,0897 286 9735,paediatrics,R0005855,2
7245,Priya,Evans,,2076144063,11 Victoria Road,Middlesbrough,TS25 1XX,77421367105,orthopaedics,R0000854,2
7246,Elena,Davies,,2044583026,192 Victoria Road,York,TS8 6XX,28185864613,gp,R0005684,2
7247,Wei,Sharma,,9524098911,29 High Street,Newcastle,TS18 5XX,57972494779,ortho surgery,R0006363,2
7248,Chne,Nguyen,,1089584384,71 Church Ln,York,TS9 3XX,1064 855 9289,ortho surgery,R0004737,2
7249,Priya,Wlison,,8681835268,99 Victoria Rd,Leeds,TS12 8XX,38559890115,orthopedics,R0004097,2
7250,Fatima,Khan,,1546617939,289 Victoria Road,York,TS24 8XX,83654690938,orthopedics,R0002160,3
7251,Fatima,Smith,,1821683741,273 Park Avenue,Newcastle,TS29 1XX,56091295647,general practice,R0000698,1
7252,A.,Taylor,,5842691625,237 Church Lane,Durham,TS21 7XX,70170675513,paediatrics,R0007425,3
7253,Rajesh,Patel,,3247760760,50 Victoria Road,Durham,TS21 4XX,73766711582,paediatrics,R0002999,2
7255,Rajesh,Patel,,8446146659,237 Victoria Road,Middlesbrough,TS3 5XX,85259146306,ortho surgery,R0001635,2
7256,John,Wilson,,5910307310,94 Victoria Road,Leeds,TS14 2XX,77383994581,orthopaedics,R0003456,2
7257,John,Roberts,,5721388010,193 Park Avenue,Newcastle,TS27 2XX,54998237650,family medicine,R0003581,2
7258,Rajesh,Ahmed,,9337640779,90 Church Lane,York,TS7 4XX,05776867466,orthopaedics,R0001291,1
7259,Amara,Williams,,3369791079,216 Church Ln,York,TS15 2XX,9074 878 7650,paediatrics,R0004660,2
7260,James,Ali,,6474354587,299 Park Avenue,York,TS29 6XX,37334625893,paediatrics,R0006585,1
7261,Fatima,Smith,,6230726401,224 High Street,Middlesbrough,TS2 1XX,89305754403,orthopedics,R0005616,1
7262,Elena,Roberts,,2328296351,131 Victoria Road,Newcastle,TS9 2XX,47600272828,cardiovascular medicine,R0001853,1
7263,Wei,Ahmed,,2378040107,150 Church Lane,Leeds,TS14 6XX,24122088520,gp,R0005232,2
7264,David,Williams,,5015340230,61 Church Lane,Middlesbrough,TS28 1XX,15063060663,cardiovascular medicine,R0003763,2
7265,Elnea,Nguyen, Dr,5771912642,261 station road,York,TS10 6XX,38798737432,cardiovascular medicine,R0003304,1
7266,E.,Brown,,4417905297,109 Park Ave,Middlesbrough,TS24 8XX,(9561) 0132418,cardiology,R0007377,2
7267,Wei,Khan,,0174462137,39 High Street,Newcastle,TS1 1XX,3143 562 0037,pediatrics,R0005727,2
7268,D.,Brown,,7559320904,250 Church Lane,Newcastle,TS15 1XX,25707111168,pediatrics,R0003742,4
7269,Aisha,Patel,,3894651476,18 Church Lane,Newcastle,TS6 5XX,10979450103,cardiology,R0003445,2
7270,C.,Ali, MD,3738946812,193 Station Road,Leeds,TS2 6XX,93793806170,general practice,R0001998,1
7271,Graec,Thomas,,4860290139,136 Park Ave,Middlesbrough,TS12 8XX,2547 781 4646,family medicine,R0000662,4
7272,Eelna,Patel,,2335161651,208 Church Ln,Newcastle,TS27 7XX,5743 047 8467,cardiology,R0004779,2
7273,Elena,Ahmed,,5480028179,77 Station Road,Newcastle,TS12 4XX,42410314450,orthopaedics,R0005353,2
7274,Priya,Khan,,3946640953,175 Church Lane,York,TS29 4XX,91219540199,general practice,R0003748,1
7275,Sarah,Evans,,9377638782,105 High Street,Durham,TS1 2XX,21985668374,orthopaedics,R0004413,3
7276,David,Jones,,5348455384,297 Church Lane,Durham,TS24 3XX,06189007791,pediatrics,R0004744,1
7277,Chen,Ahmed, Dr,2422440802,177 station road,Newcastle,TS21 2XX,(7404) 6479251,family medicine,R0005530,2
7278,Sarah,Nguyen,,2159282944,143 Park Avenue,York,TS9 4XX,24563298833,cardiovascular medicine,R0005575,1
7279,Mohammed,Ali,,8066134172,243 Victoria Road,Newcastle,TS19 1XX,01471702587,cardiovascular medicine,R0000708,2
7280,James,Ahmed,,0842413169,146 Church Lane,Middlesbrough,TS3 7XX,32160920736,pediatrics,R0001281,2
7281,F.,Jones, Dr,3494420793,56 Victoria Rd,Durham,TS5 5XX,(7629) 0578039,ortho surgery,R0005864,1
7282,Rajesh,Ali,,6260574292,281 Station Road,Durham,TS8 2XX,17191195772,cardiovascular medicine,R0005068,2
7283,David,Jones, Jr,1187856835,285 Station Road,York,TS7 2XX,3926 561 7713,pediatrics,R0002675,2
7284,John,Sharma,,7015286774,68 High Street,York,TS8 6XX,99779409598,gp,R0006774,3
7285,Mohammed,Ahmed,,8758222882,214 High Street,Newcastle,TS14 6XX,15648552646,cardiovascular medicine,R0004029,2
7286,Priya,Jones, Dr,2243585356,7 Victoria Road,Newcastle,TS9 8XX,(8151) 4025303,pediatrics,R0001306,2
7287,Elena,Brown,,6288734975,3 Park Avenue,Newcastle,TS15 3XX,38437868869,family medicine,R0005495,3
7288,Omar,Khan,,4738179337,34 High Street,Durham,TS22 8XX,92773874314,general practice,R0005504,1
7289,Garce,Khan,,4657274439,56 Victoria Rd,York,TS22 8XX,2372 052 5142,pediatrics,R0002237,3
7290,Jmaes,Jones, Dr,5303677263,42 Victoria Rd,York,TS22 4XX,9079 442 8742,cardiology,R0003302,1
7291,Amara,Wilson,,7064991286,99 High Street,Middlesbrough,TS8 6XX,24835558985,cardiology,R0005592,2
7292,Priya,Williams,,9156769683,1 Church Lane,Durham,TS26 1XX,48135093744,cardiovascular medicine,R0002038,2
7294,Priya,Davies,,4384439326,9 High Street,York,TS17 2XX,70981416349,orthopaedics,R0001663,1
7295,Aisha,Thomas,,9737997270,286 Park Avenue,Leeds,TS5 8XX,76615396812,family medicine,R0005450,1
7297,Wei,Thomas,,1153995455,119 High Street,Leeds,TS14 3XX,39175838524,paediatrics,R0007435,3
7298,A.,Davies, Jr,3337204293,24 park ave,Leeds,TS6 3XX,80907650607,cardiovascular medicine,R0003627,2
7299,Lucy,Williams,,1108712007,82 Station Road,York,TS23 3XX,95153368583,cardiology,R0005739,1
7300,David,Patel,,3929330094,189 Park Avenue,Middlesbrough,TS6 5XX,57645868898,cardiovascular medicine,R0005147,2
7301,C.,Williams, Jr,2006006376,191 Station Road,York,TS3 2XX,71025008825,general practice,R0004891,1
7302,James,Ahmed,,7332465802,246 Station Road,Leeds,TS22 1XX,(2059) 9015226,gp,R0002695,3
7303,Amara,Khan,,7788431189,250 Park Avenue,Newcastle,TS9 7XX,33614447216,orthopedics,R0003060,3
7304,Rajesh,Ali,,1669581070,269 Victoria Road,Middlesbrough,TS20 4XX,66445674307,orthopedics,R0001595,4
7305,James,Davies,,2068027744,77 Church Lane,York,TS10 7XX,64720287556,cardiovascular medicine,R0006700,1
7306,John,Jones,,8972198445,267 Victoria Road,Leeds,TS20 8XX,22172055075,orthopaedics,R0002729,2
7307,Mohammed,Brown,,9751538199,196 Park Avenue,York,TS18 8XX,88147163598,orthopaedics,R0002625,2
7308,Wei,Patel,,4422652379,290 Station Road,Middlesbrough,TS18 4XX,54806951918,family medicine,R0005915,1
7310,James,Sharma,,4631740545,38 Victoria Road,Middlesbrough,TS20 1XX,73706232370,orthopaedics,R0003314,2
7311,Wei,Davies,,7327210089,143 Church Lane,Newcastle,TS21 4XX,74988551615,general practice,R0001721,2
7312,Mohammed,Sharma,,2596632104,108 Victoria Road,Durham,TS29 3XX,66107248011,paediatrics,R0005279,1
7313,Omar,Wilson,,5227267553,208 High Street,Middlesbrough,TS24 2XX,3923 141 6037,orthopedics,R0006669,4
7314,Omar,Wilson,,5362120927,174 Church Lane,Leeds,TS7 7XX,54686488908,pediatrics,R0001059,1
7315,Amaar,Ahmed,,0123639230,247 victoria road,Durham,TS16 7XX,(7482) 6446596,cardiovascular medicine,R0004636,2
7316,Grace,Nguyen, MD,1842981686,286 Church Ln,Middlesbrough,TS15 5XX,(8229) 8546125,pediatrics,R0003242,2
7317,Chen,Brown,,6889057715,295 High Street,Middlesbrough,TS4 8XX,24288681944,pediatrics,R0001678,1
7319,O.,Jones, Dr,7872212528,132 Park Ave,York,TS28 6XX,(7593) 2778211,gp,R0006374,2
7320,Wei,Smith,,7394311325,143 High Street,Newcastle,TS14 3XX,00160919347,orthopedics,R0006628,2
7321,P.,Jones, MD,8941299887,137 Park Ave,Durham,TS19 3XX,62634197144,family medicine,R0001757,3
7322,Sarah,Nguyen,,6330485190,3 High Street,Middlesbrough,TS3 5XX,82686502954,ortho surgery,R0006019,2
7323,Rajesh,Amhed, Dr,3922532056,97 Church Ln,Durham,TS20 6XX,38871954208,cardiovascular medicine,R0004191,2
7324,Elena,Wilson, Dr,6361375042,169 Victoria Road,Newcastle,TS2 3XX,5371 822 3922,cardiovascular medicine,R0005118,3
7325,Sarah,Thomas, Dr,0838285807,24 Station Rd,Leeds,TS2 8XX,6951 341 9955,gp,R0000563,2
7326,Mohammed,Thomas,,1314387845,62 Victoria Road,Durham,TS28 8XX,02700106291,family medicine,R0002790,2
7327,Wei,Smith, Jr,4555023251,178 park ave,Newcastle,TS20 4XX,(4573) 0761606,cardiovascular medicine,R0000863,2
7328,Fatima,Thomas,,9317077621,17 Park Avenue,Leeds,TS12 2XX,38831010667,pediatrics,R0001484,1
7329,Chen,Jones,,9079837677,205 Station Road,Leeds,TS13 6XX,21733977310,gp,R0007035,2
7330,Rajesh,Williams,,5176944364,18 Victoria Road,Middlesbrough,TS4 8XX,93665991468,cardiology,R0005977,3
7331,David,Davies,,0820586420,273 High Street,Middlesbrough,TS10 5XX,05714373709,paediatrics,R0005133,2
7332,Grace,Ahmed,,1424622831,189 Park Avenue,Durham,TS24 7XX,95282288379,ortho surgery,R0000206,2
7333,M.,Williams, Dr,1601666873,36 park avenue,Leeds,TS24 7XX,5468 906 2000,cardiology,R0004488,3
7334,R.,Sharma, Jr,5968127206,63 Victoria Road,Durham,TS15 6XX,34159273547,paediatrics,R0006938,2
7335,Elena,Williams,,3740919153,288 Park Avenue,York,TS11 4XX,92207660789,paediatrics,R0000870,2
7336,Mohammed,Thomas,,1924009788,192 Park Avenue,Durham,TS10 6XX,92957365308,gp,R0004492,2
7337,Chen,Thomas,,2188365144,176 Park Avenue,Leeds,TS8 5XX,62497459778,orthopedics,R0006910,1
7338,Mohammed,Nguyen, MD,6994754769,124 park avenue,Durham,TS27 1XX,73472843349,family medicine,R0000502,2
7339,Fatima,Smith,,9065553534,190 Park Avenue,Durham,TS5 8XX,02333347832,paediatrics,R0001028,2
7340,Grace,Ahmed,,7196689847,148 Church Lane,Middlesbrough,TS29 5XX,76373786470,cardiovascular medicine,R0003840,1
7341,Aisha,Taylor,,3771913955,159 Victoria Road,York,TS18 5XX,13739970797,family medicine,R0002690,1
7342,O.,Roberts, Jr,6628458300,120 Church Lane,York,TS5 5XX,16493789457,pediatrics,R0005581,4
7343,Fatima,Thomsa, Jr,6142000247,35 Victoria Road,York,TS12 5XX,45489360920,ortho surgery,R0006756,1
7344,John,Evans,,6805704830,132 Station Road,York,TS3 4XX,69619683043,pediatrics,R0005056,1
7345,John,Taylor,,6430287409,19 Park Avenue,Middlesbrough,TS7 2XX,99416212207,cardiology,R0001570,2
7346,Rajesh,Wilson,,5437397965,155 Station Road,Durham,TS17 4XX,00279958089,pediatrics,R0002773,2
7347,C.,Thomas,,4593590518,267 Church Lane,York,TS1 1XX,79360162671,general practice,R0005991,2
7348,Sarah,Nguyen,,7634185780,45 Victoria Road,Leeds,TS10 4XX,23636331815,pediatrics,R0002731,1
7349,James,Sharma,,9837436350,80 Victoria Road,Newcastle,TS27 4XX,25432397028,general practice,R0006240,3
7350,Chen,Roberts,,7114667111,209 Church Lane,Durham,TS4 7XX,36708991324,ortho surgery,R0000804,2
7351,Mohammed,Ahmed,,7380198143,136 High Street,Durham,TS13 8XX,36923664076,cardiology,R0005847,1
7352,Mohammed,Patel,,9877961700,278 Church Ln,Leeds,TS17 3XX,89945082289,paediatrics,R0003645,2
7353,Elena,Thomas,,5150621734,270 High Street,Middlesbrough,TS27 5XX,46719632023,pediatrics,R0002454,1
7354,Priya,Thomas,,9306031683,114 Church Lane,York,TS28 6XX,93791495464,cardiology,R0004597,2
7355,Grace,Khan,,1815978399,49 Station Road,Newcastle,TS3 8XX,37277507939,general practice,R0007215,2
7356,John,Williams,,7362096668,105 High St,Newcastle,TS14 5XX,98390122648,orthopaedics,R0003105,2
7357,James,Thomas, MD,7052184636,58 Station Rd,York,TS20 2XX,45424262734,gp,R0007073,2
7358,Sarah,Williams,,7189133007,149 Church Lane,Leeds,TS15 2XX,51182274170,cardiology,R0004875,2
7359,Wei,Wilson,,9091644353,10 Park Avenue,Durham,TS25 5XX,61659717759,cardiology,R0005959,2
7360,Grace,Ali,,0222480866,165 Park Avenue,Middlesbrough,TS22 2XX,56633407046,pediatrics,R0000200,1
7361,Omar,Williams, Jr,4497201107,8 Park Ave,York,TS16 3XX,2034 383 7384,general practice,R0006278,2
7362,Priya,Jones,,4390026380,260 Station Road,Durham,TS18 5XX,40005800653,general practice,R0003099,2
7363,Rajesh,Roberts,,6083131229,187 Station Road,York,TS5 1XX,83926078576,cardiovascular medicine,R0006184,3
7364,J.,Ahmed,,2260279910,171 Victoria Road,Newcastle,TS14 4XX,94122633111,cardiovascular medicine,R0007161,2
7365,Priya,Wilson,,5828449502,89 Church Lane,Leeds,TS5 3XX,50574664968,orthopaedics,R0002278,1
7366,Fatima,Ali,,7620711438,49 Station Road,Durham,TS14 2XX,97742692684,general practice,R0003561,2
7367,Lucy,Thomas, MD,6156245014,274 Victoria Road,Leeds,TS25 2XX,(1942) 7619108,orthopaedics,R0005892,2
7368,Aisha,Wilson, MD,,84 Victoria Road,Newcastle,TS23 7XX,03571765877,paediatrics,R0004474,1
7369,R.,Sharma, Jr,7080503463,22 Victoria Road,York,TS26 3XX,(6036) 3345485,orthopaedics,R0006432,3
7370,David,Shrama, Jr,3861038810,257 station road,Newcastle,TS13 1XX,5606 800 8401,family medicine,R0004514,4
7371,Lucy,Thomas,,0942456454,244 Victoria Road,Middlesbrough,TS21 5XX,43226124641,ortho surgery,R0005794,2
7372,Fatima,Taylor,,7866652276,15 Station Road,Newcastle,TS29 6XX,29248520367,pediatrics,R0000391,1
7373,Grace,Ali,,4362929536,153 Park Avenue,York,TS15 7XX,70764628524,pediatrics,R0006736,2
7374,Sarah,Khan, MD,6275211875,61 High St,York,TS16 8XX,4164 799 5250,general practice,R0005618,2
7375,Mohammed,Williams,,6187723481,160 Victoria Road,Leeds,TS26 1XX,70357531310,ortho surgery,R0005257,2
7376,Grace,Davies, MD,3378955289,109 Station Road,Leeds,TS2 7XX,53926170947,general practice,R0007230,2
7377,Amara,Nguyen,,4229555249,142 High Street,Newcastle,TS8 3XX,06345695170,paediatrics,R0001495,1
7379,Grace,Brown,,,63 Park Ave,York,TS5 4XX,98478628057,orthopedics,R0002027,1
7380,Grcae,Sharma,,9322269548,281 Station Rd,Middlesbrough,TS11 8XX,1492 267 2667,cardiovascular medicine,R0005248,2
7381,Omar,Williasm,,6624336128,261 High Street,York,TS22 4XX,41411360156,cardiovascular medicine,R0005463,2
7382,Rajesh,Jones,,7448425802,173 High Street,Leeds,TS21 6XX,(6200) 1297138,orthopaedics,R0002568,2
7383,Grace,Smith,,1751920905,201 Victoria Road,York,TS17 4XX,15808451612,cardiovascular medicine,R0000063,2
7384,Amara,Tyalor,,2645545435,234 High Street,Middlesbrough,TS2 1XX,46441393380,gp,R0003884,1
7385,Fatima,Thomas,,5349238399,272 High Street,Durham,TS3 8XX,18752248852,family medicine,R0002062,1
7386,Sarah,Evans,,8225809517,36 Church Lane,Leeds,TS9 8XX,5765 624 2808,general practice,R0005276,1
7387,Wei,Roberts,,3030330210,275 Park Avenue,Middlesbrough,TS21 6XX,85432214667,cardiology,R0007208,1
7388,Wei,Williams,,2444499498,146 Victoria Road,Leeds,TS13 3XX,00648608459,paediatrics,R0000492,1
7389,Fatima,Taylor,,4451526853,219 Victoria Road,Durham,TS13 1XX,02275959537,family medicine,R0000379,2
7391,Chen,Ali,,3690572281,174 Station Road,Newcastle,TS18 6XX,53722416973,orthopedics,R0004857,3
7392,Grace,Wilson,,7921906242,204 Victoria Rd,York,TS20 7XX,19754285978,cardiology,R0006360,1
7393,A.,Khan, MD,0377369086,39 Station Rd,Middlesbrough,TS3 4XX,9051 054 9261,pediatrics,R0003993,1
7394,Elena,Taylor,,8026584623,1 Church Lane,Durham,TS25 3XX,62302759241,cardiology,R0004887,1
7396,James,Ahmed,,1918507829,229 Park Avenue,Durham,TS10 1XX,48567308655,cardiovascular medicine,R0000878,2
7397,James,Ahmed,,4988257909,263 Station Road,Middlesbrough,TS18 7XX,10891999259,cardiovascular medicine,R0000337,1
7398,Grace,Khan,,4568904986,123 Station Road,Durham,TS10 6XX,11757113913,gp,R0006863,3
7399,Omar,Wilson,,1898120729,197 Park Avenue,Leeds,TS14 3XX,01591917902,orthopaedics,R0006439,2
7400,Fatima,Thomas,,4878451116,166 Station Road,Leeds,TS18 4XX,15512262024,paediatrics,R0001016,1
7401,John,Williams, Jr,8197259084,26 victoria rd,Leeds,TS21 8XX,3135 649 5699,family medicine,R0001275,2
7402,Priya,Khan,,6997570971,71 Station Road,Newcastle,TS16 8XX,35098873036,paediatrics,R0003797,2
7403,Lucy,Taylor,,9632007741,174 Church Ln,York,TS11 4XX,4110 689 6937,family medicine,R0004552,3
7404,Aisha,Brown,,5067262107,240 Station Road,Middlesbrough,TS28 6XX,27402774950,cardiovascular medicine,R0003342,3
7405,Lucy,Ahmed,,2072149354,204 Park Avenue,Newcastle,TS15 4XX,47723757088,ortho surgery,R0004910,2
7406,Omar,Taylor,,8736143532,270 Station Road,Durham,TS2 5XX,58230174747,general practice,R0006413,2
7407,Wei,Davies,,4888240926,254 Church Lane,Newcastle,TS24 7XX,61904339252,ortho surgery,R0000995,1
7408,Wei,Ali,,3632361190,247 Park Avenue,Leeds,TS10 3XX,37831079052,general practice,R0001981,1
7409,Fatima,Patel,,3167036777,92 High Street,Durham,TS24 5XX,98990380023,orthopaedics,R0004297,1
7410,Aisha,Jones,,0041853041,28 Victoria Rd,Leeds,TS14 1XX,12079927500,cardiology,R0000160,3
7411,Mohammed,Ahmed,,7276121216,276 Church Lane,York,TS3 6XX,77657325513,cardiology,R0005675,1
7412,John,Thomas,,9731620847,207 High Street,Newcastle,TS21 8XX,50357716902,gp,R0006872,2
7414,Grace,Ahmed,,6932494971,212 Park Ave,Newcastle,TS15 3XX,8080 050 7477,cardiovascular medicine,R0004798,2
7415,D.,Ali,,4010334480,273 Victoria Road,Leeds,TS28 2XX,1129 416 5777,ortho surgery,R0001501,2
7416,Aisha,Ali, MD,4086012828,37 Station Rd,York,TS20 3XX,51999601048,orthopaedics,R0003843,2
7417,Lucy,Roberts,,8078648000,188 Park Avenue,Middlesbrough,TS3 5XX,52846764516,gp,R0005225,1
7418,Daivd,Brown,,8405089844,189 Church Ln,Newcastle,TS22 4XX,84724826243,cardiovascular medicine,R0002612,3
7419,A.,Brown,,1803937323,238 Victoria Rd,York,TS26 8XX,72535797488,cardiovascular medicine,R0003461,2
7420,Wei,Smith,,2182614962,155 Park Avenue,York,TS7 8XX,95045972514,orthopaedics,R0001021,2
7421,J.,Patel,,7431142850,153 Victoria Rd,Durham,TS17 1XX,3878 672 8723,cardiology,R0003073,1
7423,Priya,Khan,,1479914400,23 Station Road,Newcastle,TS12 4XX,93691531066,orthopaedics,R0001585,1
7424,Fatima,Ali,,7785359834,184 Station Road,Middlesbrough,TS10 1XX,30378855950,ortho surgery,R0001955,1
7425,Omar,Ali,,3960759421,107 High Street,Durham,TS29 6XX,60045493923,orthopedics,R0003151,2
7426,Mohammed,Brown,,1278805489,91 Station Road,Newcastle,TS10 3XX,56988295794,paediatrics,R0006349,3
7427,F.,Ali, Dr,8922820689,246 victoria road,Middlesbrough,TS23 7XX,6884 042 1165,cardiovascular medicine,R0000034,2
7428,Priya,Ahmed,,0765218632,39 Station Road,Leeds,TS15 3XX,70602979519,ortho surgery,R0004014,1
7429,Oamr,Wilson,,9674658540,127 victoria road,York,TS24 6XX,0642 260 6800,cardiovascular medicine,R0000775,4
7430,Wei,Ahmed,,2664298328,52 Park Avenue,York,TS16 6XX,29519996255,family medicine,R0002556,2
7431,Elena,Ahmed,,1760878663,51 Station Road,Leeds,TS10 3XX,75477932016,ortho surgery,R0001478,2
7432,Omar,Ali,,0753115716,232 High Street,Middlesbrough,TS1 8XX,35156352450,cardiology,R0007099,1
7433,Raejsh,Taylor, Dr,5101161311,25 park ave,Leeds,TS2 1XX,77826296769,orthopaedics,R0005486,1
7434,Rajesh,Thomas,,6186374094,248 Station Road,York,TS2 8XX,33640413403,orthopedics,R0006235,2
7435,Priya,Khan,,8177385585,293 victoria road,Leeds,TS9 2XX,60879907578,orthopaedics,R0001363,2
7436,Rajesh,Sharma,,0099978549,220 Church Lane,Durham,TS1 2XX,84066204705,family medicine,R0007041,1
7438,Chen,Roberts,,1699775102,60 Station Road,Newcastle,TS25 3XX,37687678329,orthopedics,R0002823,2
7439,Wei,Thomas, Dr,4535705069,22 Park Avenue,York,TS28 2XX,72025020271,general practice,R0002041,2
7441,Lucy,Nguyen,,5740706907,261 Victoria Road,Durham,TS21 8XX,70772688871,family medicine,R0002061,1
7442,L.,Taylor,,6051991557,256 church lane,Newcastle,TS11 3XX,7506 288 4897,paediatrics,R0002363,2
7443,Wei,Evans, Jr,1702360237,270 victoria rd,Durham,TS15 3XX,8112 249 6326,family medicine,R0000600,2
7445,Elena,Taylor,,7204994233,99 Station Road,York,TS16 3XX,79714136962,cardiology,R0005393,1
7446,David,Khan, Jr,2972031747,87 Victoria Rd,York,TS23 5XX,6994 580 9605,cardiology,R0006310,4
7447,Elena,Ahmed,,9185539023,48 Church Lane,York,TS27 2XX,54308215167,general practice,R0002888,1
7448,M.,Jones, Dr,1730382803,268 Church Lane,Middlesbrough,TS20 8XX,7814 648 7978,gp,R0006164,4
7449,Aisha,Jones,,5732337339,222 Church Lane,Newcastle,TS21 8XX,19903447626,ortho surgery,R0000646,2
7450,Sarah,Wilson,,6441820109,26 Station Road,Durham,TS14 8XX,62115082918,gp,R0003890,3
7451,Lucy,Roberts,,9623917541,88 Victoria Road,Leeds,TS18 5XX,31167276233,orthopaedics,R0003556,2
7452,Amara,Thomas,,6261179648,113 Station Road,Durham,TS20 1XX,96283061561,cardiovascular medicine,R0003202,2
7453,Fatima,Evans,,1553267317,112 High Street,Middlesbrough,TS10 7XX,73597702193,pediatrics,R0001528,2
7454,David,Brown,,8966497381,162 High Street,Durham,TS20 7XX,14617056818,orthopedics,R0006975,2
7455,Wei,Patel,,0240163780,148 Victoria Road,Durham,TS24 4XX,08501234489,paediatrics,R0001267,1
7456,David,Taylor,,9812193805,9 High Street,York,TS1 2XX,17651239700,family medicine,R0001898,3
7457,J.,Williams, Dr,6490432532,29 church ln,Leeds,TS22 3XX,(4191) 6611195,family medicine,R0004658,2
7458,Amara,Ahmed,,2549399346,122 Church Lane,Durham,TS8 8XX,60262463964,general practice,R0003005,1
7459,John,Davies,,1973413685,123 Station Road,Newcastle,TS16 6XX,73068883903,cardiovascular medicine,R0002734,1
7461,Chen,Nguyen,,7100686270,46 Victoria Road,Newcastle,TS21 8XX,54396190516,cardiology,R0000189,2
7462,Sarah,Ali,,1885326655,82 Victoria Road,Durham,TS22 3XX,04335986745,family medicine,R0001806,1
7463,Rajesh,Khan, Jr,7076052407,102 Church Lane,Leeds,TS26 6XX,6157 961 6039,ortho surgery,R0000975,2
7464,Wei,Patel,,7869638735,243 Church Lane,Middlesbrough,TS9 2XX,25580823101,pediatrics,R0002747,1
7466,Omar,Thomas,,5347102114,50 Victoria Road,Durham,TS8 4XX,43999477719,cardiovascular medicine,R0002558,1
7467,Elena,Sharma,,2962675994,53 Church Lane,Leeds,TS23 8XX,62570565681,paediatrics,R0001081,2
7468,Amara,Nguyen,,9503759808,289 Station Road,Newcastle,TS15 4XX,01555150146,orthopaedics,R0000474,2
7469,Chen,Bronw,,0976090009,179 Victoria Rd,Middlesbrough,TS13 5XX,5200 969 8206,paediatrics,R0002904,4
7470,John,Roberts,,1118976624,73 Victoria Road,Leeds,TS1 2XX,56446273113,orthopedics,R0004842,2
7471,James,Smith,,8512521509,200 Park Avenue,Leeds,TS28 5XX,23763904291,gp,R0006395,3
7472,Rajesh,Brown,,4852972012,54 High Street,Newcastle,TS2 8XX,70402261779,cardiology,R0004118,2
7473,James,Jones,,9809704176,92 Station Road,Durham,TS9 4XX,19188111806,gp,R0003384,2
7474,Mohammed,Davies,,7245662143,200 Station Road,Durham,TS13 8XX,61162930281,orthopaedics,R0004555,1
7475,Priya,Khan,,7294924185,12 high st,Durham,TS26 6XX,8248 667 6127,orthopedics,R0001185,2
7476,Amara,Khan,,9756371744,7 Church Ln,Newcastle,TS15 1XX,(7992) 3286698,general practice,R0006421,2
7477,Sarah,Smith,,9449678114,205 High Street,York,TS16 8XX,19208220516,cardiology,R0005051,2
7479,F.,Patel, Dr,2799791249,147 Park Avenue,Leeds,TS1 5XX,3222 361 4998,cardiology,R0002434,3
7480,Omar,Taylor,,4587688286,207 Church Lane,Newcastle,TS10 8XX,90681842699,orthopaedics,R0006949,1
7481,Grace,Williams,,5526006552,98 High Street,Durham,TS9 3XX,89339351813,paediatrics,R0005610,2
7482,Amara,Khan, Jr,4315801962,220 Station Rd,Middlesbrough,TS25 6XX,(2165) 7291175,cardiology,R0002392,2
7483,Elena,Williams,,9469779627,5 Station Road,Leeds,TS19 3XX,09568667287,cardiology,R0000767,2
7484,Mohammed,Taylor,,9787426391,5 Station Road,Newcastle,TS20 7XX,96858690239,paediatrics,R0007474,3
7485,Rajesh,Smith, Jr,6921285058,266 High St,York,TS7 1XX,4761 153 3475,ortho surgery,R0001686,2
7486,Mohammed,Ahmed, Jr,6575838799,72 Park Ave,Leeds,TS23 6XX,26257137490,pediatrics,R0000131,3
7487,Elena,Brown,,0786588469,212 Station Road,Durham,TS11 1XX,45715668742,gp,R0002918,2
7488,Mohammed,Jones,,8689609172,152 Park Avenue,Newcastle,TS24 3XX,61818127973,orthopedics,R0003171,2
7489,David,Ali,,8055934946,137 Station Road,Durham,TS3 8XX,15007730097,family medicine,R0003442,3
7490,Omar,Taylor,,5003340290,210 Victoria Road,Durham,TS7 7XX,55062307066,orthopaedics,R0006230,2
7492,Mohammed,Jones,,6126395166,167 Church Lane,Newcastle,TS18 7XX,62866070359,cardiology,R0004425,2
7493,Grace,Thomas,,6858764568,113 Park Avenue,Leeds,TS2 8XX,28020308423,orthopedics,R0005334,1
7494,O.,Evans,,9343032417,148 victoria road,Newcastle,TS3 1XX,9853 558 5067,gp,R0000467,2
7495,Rajesh,Ahmed,,1233475817,178 Station Rd,Durham,TS16 1XX,7322 769 1627,cardiology,R0006267,2
7496,Aihsa,Thomas, Jr,2242946715,11 Church Lane,Durham,TS14 1XX,48825673386,cardiology,R0005735,2
7497,Rajesh,Patel,,7979420416,99 Victoria Road,Middlesbrough,TS15 5XX,32720603052,cardiology,R0003092,2
7498,F.,Patel, Dr,3083934417,12 Park Avenue,York,TS23 7XX,(9693) 1091173,cardiology,R0003772,1
7499,Priya,Taylor,,5530289099,257 Victoria Road,Leeds,TS11 2XX,61354322512,orthopedics,R0005191,1
7500,Aisha,Evans,,6884697195,217 High Street,Durham,TS29 7XX,16164904754,paediatrics,R0005226,1
7501,Omar,Brown,,3856771963,133 park avenue,Middlesbrough,TS25 4XX,(0946) 7039559,cardiology,R0005390,2
7502,Lucy,Smtih, Dr,6125254581,274 Park Ave,Leeds,TS1 4XX,31485710378,orthopaedics,R0000860,2
7503,Aisha,Jones,,6958274620,296 High Street,Durham,TS29 2XX,03824492880,cardiovascular medicine,R0007270,2
